id,framework
2,  TensorFlow 
2, PyTorch 
2,  Scikit-learn 
3, PyTorch Lightning 
3, PyTorch 
3,  Scikit-learn 
3, Xgboost 
4, Huggingface 
4,  Scikit-learn 
4, PyTorch 
6, PyTorch 
6,  Scikit-learn 
6,  TensorFlow 
6, Keras 
7,  Scikit-learn 
8, Keras 
8, PyTorch 
8,  Scikit-learn 
8,  TensorFlow 
9, Keras 
10, LightGBM 
10, CatBoost 
10, Tidymodels 
10,  Scikit-learn 
10, Keras 
10,  TensorFlow 
10, Xgboost 
10, PyTorch 
10, PyTorch Lightning 
11,  Scikit-learn 
12, Keras 
12,  TensorFlow 
14, Huggingface 
14, Keras 
14,  TensorFlow 
14, Xgboost 
14, PyTorch 
14,  Scikit-learn 
15,  TensorFlow 
15, Keras 
17, PyTorch 
17,  TensorFlow 
17,  Scikit-learn 
17, Keras 
17, LightGBM 
17, CatBoost 
18, CatBoost 
18,  Scikit-learn 
18, Xgboost 
18, LightGBM 
18, Keras 
19, Xgboost 
20,  TensorFlow 
20, Keras 
20,  Scikit-learn 
21,  Scikit-learn 
21, Xgboost 
24, Xgboost 
24, Keras 
24, CatBoost 
24, LightGBM 
24,  TensorFlow 
24,  Scikit-learn 
25, Keras 
25, Xgboost 
25,  TensorFlow 
25, LightGBM 
25,  Scikit-learn 
26,  TensorFlow 
26, Xgboost 
26,  Scikit-learn 
27,  Scikit-learn 
29, PyTorch 
29, Keras 
29, CatBoost 
29, Xgboost 
29,  Scikit-learn 
29,  TensorFlow 
30, Xgboost 
30,  Scikit-learn 
31, PyTorch 
33, PyTorch 
33,  Scikit-learn 
34,  Scikit-learn 
34,  TensorFlow 
34,Other
34, Keras 
35, Keras 
35,  Scikit-learn 
35, PyTorch Lightning 
35, Caret 
35,  TensorFlow 
35, PyTorch 
36, Huggingface 
36, Xgboost 
36, LightGBM 
36, PyTorch 
36, CatBoost 
36,  Scikit-learn 
39, Keras 
39, PyTorch 
40, LightGBM 
40, Xgboost 
40,  TensorFlow 
40, PyTorch 
40,  Scikit-learn 
41, PyTorch 
41,  Scikit-learn 
42,  Scikit-learn 
42,  TensorFlow 
42, PyTorch 
43, Keras 
43,  TensorFlow 
43,  Scikit-learn 
43, PyTorch 
44,  TensorFlow 
44, PyTorch 
45, Xgboost 
45,  Scikit-learn 
45, Keras 
45, PyTorch 
45,  TensorFlow 
46,  Scikit-learn 
46,  TensorFlow 
49, Keras 
49,  Scikit-learn 
49, PyTorch 
49,  TensorFlow 
52, PyTorch 
53,  Scikit-learn 
53,  TensorFlow 
55, Keras 
55,  TensorFlow 
56,  TensorFlow 
56, PyTorch Lightning 
57, CatBoost 
57,  Scikit-learn 
57, Keras 
57, PyTorch 
57,  TensorFlow 
57, Tidymodels 
57, Fast.ai 
58,  Scikit-learn 
58, Tidymodels 
58, Fast.ai 
58, LightGBM 
58, Keras 
58, Xgboost 
58,  TensorFlow 
58, CatBoost 
58, PyTorch 
58, Huggingface 
60, Tidymodels 
60, Caret 
63,  Scikit-learn 
63,  TensorFlow 
65,  TensorFlow 
65, Xgboost 
65, Keras 
65,  Scikit-learn 
68, PyTorch 
68, Xgboost 
68,  TensorFlow 
68, Keras 
68,  Scikit-learn 
71,  TensorFlow 
73,  Scikit-learn 
77, JAX 
77, PyTorch 
77,  TensorFlow 
78, Keras 
78,  TensorFlow 
81,  TensorFlow 
81, Keras 
81, Xgboost 
81, PyTorch 
81,  Scikit-learn 
82, Xgboost 
82,  Scikit-learn 
82, Fast.ai 
82, PyTorch 
84, PyTorch 
84, Huggingface 
84, Keras 
84, Xgboost 
84, LightGBM 
84,  Scikit-learn 
86,  Scikit-learn 
87, JAX 
87,  TensorFlow 
87, Keras 
87,  Scikit-learn 
88,  Scikit-learn 
88, Xgboost 
89,  TensorFlow 
90,  TensorFlow 
90, Keras 
90,  Scikit-learn 
93,  Scikit-learn 
97, PyTorch 
97,  TensorFlow 
99,  TensorFlow 
99,  Scikit-learn 
100, Keras 
100,  Scikit-learn 
100,  TensorFlow 
102, Keras 
102,  Scikit-learn 
103, PyTorch Lightning 
103,  TensorFlow 
103,  Scikit-learn 
103, Keras 
103, PyTorch 
105, Xgboost 
105,  Scikit-learn 
105,  TensorFlow 
105, Keras 
105, Huggingface 
106,  Scikit-learn 
106,  TensorFlow 
106, Keras 
106, Fast.ai 
107, Caret 
107, LightGBM 
107, Xgboost 
107,  TensorFlow 
107, Keras 
109,  TensorFlow 
109, PyTorch 
109,  Scikit-learn 
109, Keras 
111, Xgboost 
111, Huggingface 
111, CatBoost 
111,  Scikit-learn 
111,  TensorFlow 
111, PyTorch 
111, Keras 
114, Keras 
114,  Scikit-learn 
114,  TensorFlow 
115,  Scikit-learn 
115, Keras 
115, Xgboost 
115, Huggingface 
115, PyTorch Lightning 
121,  Scikit-learn 
123, PyTorch 
123,  TensorFlow 
123,  Scikit-learn 
123, Keras 
124, Keras 
124, PyTorch 
124, LightGBM 
124,  Scikit-learn 
124, Xgboost 
124,  TensorFlow 
127, LightGBM 
127, Xgboost 
127,  Scikit-learn 
128, Tidymodels 
128, Huggingface 
128,  Scikit-learn 
128, Fast.ai 
130,  Scikit-learn 
130, Keras 
130,  TensorFlow 
130, PyTorch 
130, Xgboost 
132, PyTorch 
134, Keras 
134, Huggingface 
134, Fast.ai 
134, Caret 
134, LightGBM 
134,  Scikit-learn 
134, Xgboost 
134,  TensorFlow 
136,  TensorFlow 
136, PyTorch 
136, Keras 
136, Huggingface 
136,  Scikit-learn 
136, Xgboost 
137, Xgboost 
137,  Scikit-learn 
137, Keras 
139, Keras 
139,  TensorFlow 
139, LightGBM 
139,  Scikit-learn 
140, Keras 
140,  Scikit-learn 
141,  Scikit-learn 
142,  Scikit-learn 
142, PyTorch 
142, Keras 
148, Xgboost 
148,  TensorFlow 
148,  Scikit-learn 
148, CatBoost 
148, LightGBM 
148, Keras 
148, Caret 
151, PyTorch 
151,  TensorFlow 
152,  Scikit-learn 
152,  TensorFlow 
153,  TensorFlow 
153, Xgboost 
153, Keras 
153,  Scikit-learn 
153,Other
154,  Scikit-learn 
156, PyTorch 
156, PyTorch Lightning 
156,  TensorFlow 
160,  Scikit-learn 
161, LightGBM 
161,  Scikit-learn 
161, PyTorch 
161, Keras 
161,  TensorFlow 
164,  Scikit-learn 
165,  TensorFlow 
165,  Scikit-learn 
166, CatBoost 
168, Xgboost 
168,  Scikit-learn 
168,  TensorFlow 
168, LightGBM 
168, CatBoost 
170,  Scikit-learn 
171,  Scikit-learn 
175,  Scikit-learn 
177,  Scikit-learn 
177, PyTorch 
177, Keras 
177,  TensorFlow 
178,  Scikit-learn 
178,  TensorFlow 
178, Keras 
181,  TensorFlow 
183, Xgboost 
183,  Scikit-learn 
185, Xgboost 
185, Caret 
186,  Scikit-learn 
188, Xgboost 
188,  Scikit-learn 
189,Other
192, JAX 
192,  Scikit-learn 
192,  TensorFlow 
192, Keras 
193, Xgboost 
193,  Scikit-learn 
194,  TensorFlow 
194,  Scikit-learn 
195,  Scikit-learn 
195,  TensorFlow 
195, Keras 
195, PyTorch 
196, Xgboost 
196,  Scikit-learn 
196, Keras 
196,  TensorFlow 
199, CatBoost 
199, Huggingface 
199, Tidymodels 
199,  TensorFlow 
199, Xgboost 
199, LightGBM 
199, Caret 
201,  Scikit-learn 
201,  TensorFlow 
201,Other
201, Xgboost 
201, PyTorch 
203, Xgboost 
203,  Scikit-learn 
203,  TensorFlow 
204,  Scikit-learn 
206, Xgboost 
206, LightGBM 
206,  Scikit-learn 
207,  TensorFlow 
207,  Scikit-learn 
208,  TensorFlow 
209, LightGBM 
209, PyTorch 
209,  Scikit-learn 
209, Xgboost 
210,Other
211,  Scikit-learn 
211, Tidymodels 
214,  Scikit-learn 
214, Keras 
215,  Scikit-learn 
215, PyTorch 
216,Other
216,  Scikit-learn 
216,  TensorFlow 
220, Keras 
220, LightGBM 
220,  Scikit-learn 
220,  TensorFlow 
222, Xgboost 
222,  Scikit-learn 
222,  TensorFlow 
222, Keras 
223, LightGBM 
223, PyTorch 
223, Keras 
223,Other
223,  TensorFlow 
223, PyTorch Lightning 
223, Xgboost 
223,  Scikit-learn 
226,  Scikit-learn 
226, Keras 
226,  TensorFlow 
229, CatBoost 
229, Xgboost 
229,  Scikit-learn 
229, Keras 
229,  TensorFlow 
232, PyTorch 
232,  Scikit-learn 
232, Keras 
232,  TensorFlow 
234,  Scikit-learn 
234, Keras 
234,  TensorFlow 
236, PyTorch 
236,  Scikit-learn 
236, Xgboost 
237, Keras 
237,  TensorFlow 
237,  Scikit-learn 
238,  TensorFlow 
238, PyTorch 
238, Xgboost 
238, Keras 
239,  Scikit-learn 
239, LightGBM 
239, Xgboost 
240, PyTorch 
240,  TensorFlow 
240, Keras 
240,  Scikit-learn 
241,  Scikit-learn 
241, Huggingface 
241, PyTorch 
243, PyTorch 
243,  TensorFlow 
244,  Scikit-learn 
245, Huggingface 
245,  Scikit-learn 
246,  Scikit-learn 
246, Keras 
246,  TensorFlow 
248,  Scikit-learn 
248, Caret 
249,  Scikit-learn 
251, Xgboost 
251,  Scikit-learn 
253, Keras 
253,  TensorFlow 
253,  Scikit-learn 
254, Keras 
254,  Scikit-learn 
255,  Scikit-learn 
255, Keras 
255,  TensorFlow 
257,  Scikit-learn 
257,  TensorFlow 
257, PyTorch 
257, Keras 
258, CatBoost 
258,  Scikit-learn 
259,  Scikit-learn 
259,  TensorFlow 
259, LightGBM 
259, Xgboost 
259, Keras 
262, Keras 
262,  Scikit-learn 
262, Xgboost 
264, PyTorch 
264,  Scikit-learn 
264,  TensorFlow 
264, Keras 
265, Caret 
267,  Scikit-learn 
267, Caret 
267, Keras 
267, PyTorch Lightning 
267,  TensorFlow 
268,  TensorFlow 
268, LightGBM 
268,  Scikit-learn 
268, Xgboost 
269, Xgboost 
269, Keras 
269,  Scikit-learn 
272, Xgboost 
272,  Scikit-learn 
272,  TensorFlow 
272, PyTorch 
274,  Scikit-learn 
274, Xgboost 
274, Caret 
274, PyTorch 
274,  TensorFlow 
274, Keras 
275, PyTorch 
275,  Scikit-learn 
275, Xgboost 
276, PyTorch Lightning 
276, PyTorch 
276,  TensorFlow 
276,  Scikit-learn 
281,  Scikit-learn 
281, Keras 
281,  TensorFlow 
282,  Scikit-learn 
282,  TensorFlow 
284,  TensorFlow 
284, Xgboost 
284, Keras 
284,  Scikit-learn 
286, Keras 
286, Xgboost 
286,  Scikit-learn 
286,  TensorFlow 
287,  Scikit-learn 
287,  TensorFlow 
289, Keras 
289,  Scikit-learn 
290, Tidymodels 
290, LightGBM 
290, Caret 
290, PyTorch 
290,  TensorFlow 
290,  Scikit-learn 
290, Keras 
292,  Scikit-learn 
292, LightGBM 
292, Xgboost 
292, CatBoost 
292,  TensorFlow 
292, Keras 
294, Tidymodels 
294,  Scikit-learn 
294, CatBoost 
295,  Scikit-learn 
296,  Scikit-learn 
297, PyTorch 
297, Keras 
298, Keras 
298,  TensorFlow 
298,  Scikit-learn 
298, PyTorch 
299, PyTorch 
299, Keras 
299,  Scikit-learn 
301, LightGBM 
301,  Scikit-learn 
301, Xgboost 
301, Keras 
301,  TensorFlow 
302, PyTorch 
302, Keras 
303,  Scikit-learn 
303,  TensorFlow 
303, PyTorch 
303, CatBoost 
303, LightGBM 
303, Fast.ai 
303, Xgboost 
303, Keras 
305,  TensorFlow 
305, Huggingface 
305, Keras 
305,  Scikit-learn 
306, LightGBM 
306, Xgboost 
306,  Scikit-learn 
306, Keras 
306, PyTorch 
306,  TensorFlow 
306, CatBoost 
308,  Scikit-learn 
308, Keras 
308, PyTorch 
308,  TensorFlow 
308, Xgboost 
310,  Scikit-learn 
311, Tidymodels 
311, Xgboost 
314,Other
315, PyTorch 
315,  Scikit-learn 
317,  TensorFlow 
317,  Scikit-learn 
322, JAX 
323,  Scikit-learn 
326,  Scikit-learn 
326, Xgboost 
327, Keras 
329,  TensorFlow 
329,  Scikit-learn 
329, Keras 
331, PyTorch 
331, Keras 
331,  Scikit-learn 
331,  TensorFlow 
333,  Scikit-learn 
335, Caret 
335, Tidymodels 
336,  Scikit-learn 
336, Keras 
336, PyTorch 
336,  TensorFlow 
337,  Scikit-learn 
337, PyTorch 
337, Keras 
337,  TensorFlow 
338,  TensorFlow 
338,  Scikit-learn 
338, Xgboost 
338, CatBoost 
338, Keras 
338, Huggingface 
339, Xgboost 
339, Keras 
339,  TensorFlow 
341, Xgboost 
341,  Scikit-learn 
341, PyTorch Lightning 
341, LightGBM 
342, Keras 
342,  Scikit-learn 
342,  TensorFlow 
343,  Scikit-learn 
344,  Scikit-learn 
344, Keras 
344,  TensorFlow 
344, Caret 
344, Tidymodels 
345, PyTorch 
345,  TensorFlow 
348,  TensorFlow 
348, Keras 
348,  Scikit-learn 
348, Xgboost 
349,  TensorFlow 
349, PyTorch 
349, Fast.ai 
350, PyTorch 
350,  Scikit-learn 
350,  TensorFlow 
350, Xgboost 
351,  Scikit-learn 
352, Keras 
352, Fast.ai 
352,  Scikit-learn 
357,  Scikit-learn 
357,  TensorFlow 
357, Keras 
361, Keras 
361,  Scikit-learn 
362,  TensorFlow 
362,  Scikit-learn 
362, Xgboost 
362, Keras 
363, Xgboost 
363,  Scikit-learn 
365,  Scikit-learn 
365,  TensorFlow 
365, Keras 
365, Xgboost 
367,  Scikit-learn 
367, Keras 
367,  TensorFlow 
367, Xgboost 
368, Huggingface 
368, Keras 
368,  TensorFlow 
368,  Scikit-learn 
369,  TensorFlow 
369,  Scikit-learn 
370, Keras 
370,  Scikit-learn 
370, PyTorch 
370,  TensorFlow 
371, Tidymodels 
371,  TensorFlow 
371, Keras 
372,Other
373,  Scikit-learn 
374,  Scikit-learn 
374, Xgboost 
374, Tidymodels 
376, Tidymodels 
376, PyTorch 
379, PyTorch 
379, Xgboost 
379, Keras 
379, Huggingface 
379,  TensorFlow 
379,  Scikit-learn 
380,  Scikit-learn 
383, Keras 
383, PyTorch 
383, Huggingface 
383,  TensorFlow 
384,  TensorFlow 
384, Keras 
384,  Scikit-learn 
385, LightGBM 
385,  Scikit-learn 
387, PyTorch 
387, CatBoost 
387,  TensorFlow 
387, Xgboost 
387, Keras 
387,  Scikit-learn 
387, LightGBM 
388,  TensorFlow 
389,  TensorFlow 
389, Xgboost 
389, LightGBM 
389,  Scikit-learn 
389, Keras 
389,Other
390,  Scikit-learn 
390,  TensorFlow 
390, PyTorch 
390, Keras 
391,  Scikit-learn 
392,  Scikit-learn 
393, LightGBM 
393,  Scikit-learn 
393,  TensorFlow 
393, Xgboost 
393, Keras 
394, PyTorch 
394, Keras 
394,  Scikit-learn 
394, Caret 
394,  TensorFlow 
394, LightGBM 
394, Xgboost 
395, PyTorch 
395,  TensorFlow 
395, LightGBM 
395, Xgboost 
395,  Scikit-learn 
397,  TensorFlow 
397, Keras 
397, Xgboost 
399,  Scikit-learn 
400, Xgboost 
400,  Scikit-learn 
400,  TensorFlow 
400, Keras 
402,  Scikit-learn 
403, Keras 
403, PyTorch 
403,  TensorFlow 
403,  Scikit-learn 
404, PyTorch 
406, Keras 
406,  Scikit-learn 
407,  Scikit-learn 
407, CatBoost 
407,  TensorFlow 
407, PyTorch 
407, Keras 
407, Xgboost 
407, LightGBM 
408,  TensorFlow 
408,  Scikit-learn 
409, Tidymodels 
411,  Scikit-learn 
411,  TensorFlow 
411, Keras 
411, PyTorch 
414, PyTorch Lightning 
414, PyTorch 
414, Huggingface 
414, CatBoost 
414,  Scikit-learn 
416, Keras 
416, PyTorch 
416,  Scikit-learn 
416,  TensorFlow 
417, PyTorch 
418, Keras 
418,  TensorFlow 
418,  Scikit-learn 
419, Keras 
419,  TensorFlow 
419, Caret 
421,  TensorFlow 
421,  Scikit-learn 
421, Keras 
423,  Scikit-learn 
425,  Scikit-learn 
425, Keras 
425,  TensorFlow 
425, PyTorch 
426, Keras 
426,  Scikit-learn 
426,  TensorFlow 
426, Huggingface 
426, Xgboost 
427,  Scikit-learn 
427, Keras 
428,  Scikit-learn 
429, Xgboost 
429,  TensorFlow 
429, Keras 
429,  Scikit-learn 
430,  Scikit-learn 
431, PyTorch 
431, Fast.ai 
431,  Scikit-learn 
432,  Scikit-learn 
434,  TensorFlow 
434,  Scikit-learn 
440,  TensorFlow 
440, Xgboost 
441,  Scikit-learn 
441, Fast.ai 
441, PyTorch 
441, Huggingface 
444,  TensorFlow 
444, Keras 
446, PyTorch 
446,  TensorFlow 
446,  Scikit-learn 
446, Keras 
447, Xgboost 
447, Caret 
447, PyTorch 
448,  TensorFlow 
448, Keras 
448, PyTorch 
448,  Scikit-learn 
449, PyTorch 
449,  TensorFlow 
450,  TensorFlow 
450, Huggingface 
450,  Scikit-learn 
450, LightGBM 
450, CatBoost 
450, Keras 
450, Xgboost 
450, PyTorch 
450, PyTorch Lightning 
451,  TensorFlow 
451,  Scikit-learn 
456,  Scikit-learn 
461, Xgboost 
461,  Scikit-learn 
461, LightGBM 
462,  TensorFlow 
462,  Scikit-learn 
463,  Scikit-learn 
463,  TensorFlow 
464, PyTorch 
464,  Scikit-learn 
464, Xgboost 
464, Keras 
466, PyTorch 
467,  TensorFlow 
467, PyTorch 
468,  Scikit-learn 
469, Tidymodels 
470,  Scikit-learn 
470,  TensorFlow 
471,  TensorFlow 
471, Xgboost 
471,  Scikit-learn 
471, Keras 
472, Xgboost 
472,  Scikit-learn 
473,  TensorFlow 
473,  Scikit-learn 
473, Keras 
474, Keras 
474,  TensorFlow 
474,  Scikit-learn 
475, Xgboost 
475, PyTorch 
475, Keras 
475,  Scikit-learn 
475,  TensorFlow 
477,  Scikit-learn 
478, CatBoost 
478, LightGBM 
478, PyTorch 
478,  TensorFlow 
478, Fast.ai 
478, Xgboost 
478,  Scikit-learn 
480,  TensorFlow 
480,  Scikit-learn 
481, Fast.ai 
481,  TensorFlow 
481, PyTorch 
481, Keras 
481,  Scikit-learn 
482,  Scikit-learn 
482,  TensorFlow 
482, PyTorch 
482, Xgboost 
482, LightGBM 
483,  Scikit-learn 
483,  TensorFlow 
484,Other
484,  TensorFlow 
486, PyTorch 
490, PyTorch 
490,  Scikit-learn 
490, Huggingface 
491, PyTorch 
491, Keras 
491,  TensorFlow 
492,  Scikit-learn 
492,  TensorFlow 
495,  Scikit-learn 
495,  TensorFlow 
497,  Scikit-learn 
498,  TensorFlow 
498,  Scikit-learn 
501, Keras 
501,  TensorFlow 
501,  Scikit-learn 
505,  Scikit-learn 
505,  TensorFlow 
506, PyTorch 
508, Xgboost 
508, Keras 
508, PyTorch 
508, Huggingface 
508,  Scikit-learn 
508, LightGBM 
508, Tidymodels 
508,  TensorFlow 
508, PyTorch Lightning 
511,  TensorFlow 
512,  Scikit-learn 
513,  TensorFlow 
514,  TensorFlow 
514,  Scikit-learn 
515, Keras 
515,  TensorFlow 
515, PyTorch 
515,  Scikit-learn 
516,  Scikit-learn 
518,  Scikit-learn 
518, PyTorch 
520, LightGBM 
520, Xgboost 
520, PyTorch 
520,  TensorFlow 
520,  Scikit-learn 
520, Keras 
521,  Scikit-learn 
521, PyTorch 
521, Keras 
521,  TensorFlow 
523,  TensorFlow 
523, Keras 
523,  Scikit-learn 
524, PyTorch 
524, Huggingface 
524,  Scikit-learn 
524, Keras 
527,  TensorFlow 
527,  Scikit-learn 
530,  Scikit-learn 
531, Xgboost 
531, LightGBM 
531, PyTorch 
531,  TensorFlow 
531,  Scikit-learn 
532,  Scikit-learn 
533, Keras 
533,  TensorFlow 
533,  Scikit-learn 
535, Xgboost 
535, Tidymodels 
535,  TensorFlow 
535,  Scikit-learn 
536,  TensorFlow 
536, PyTorch 
536, Xgboost 
536, Keras 
536,  Scikit-learn 
537,  Scikit-learn 
538,  Scikit-learn 
538, Xgboost 
540, Keras 
540, Xgboost 
540,  Scikit-learn 
542,  Scikit-learn 
543,  Scikit-learn 
544,  TensorFlow 
544,  Scikit-learn 
544, Keras 
544, PyTorch 
546, Keras 
549, Keras 
549,  TensorFlow 
551,  Scikit-learn 
552,Other
553,  Scikit-learn 
554,  TensorFlow 
554,  Scikit-learn 
554, Keras 
555, Keras 
555,  TensorFlow 
555,  Scikit-learn 
555, Fast.ai 
558, Keras 
558, Huggingface 
558,  TensorFlow 
558, PyTorch 
558,  Scikit-learn 
559,Other
559, PyTorch 
559,  Scikit-learn 
564,  Scikit-learn 
566, Tidymodels 
567,  TensorFlow 
569, Fast.ai 
569,  TensorFlow 
569,  Scikit-learn 
569, Xgboost 
570,  TensorFlow 
571,  Scikit-learn 
573,  TensorFlow 
576,  TensorFlow 
576,  Scikit-learn 
578,  Scikit-learn 
578,  TensorFlow 
579,  TensorFlow 
579,  Scikit-learn 
579, Huggingface 
580,  Scikit-learn 
580, LightGBM 
581, Xgboost 
581, Keras 
581,  Scikit-learn 
581,  TensorFlow 
583,  Scikit-learn 
583, Keras 
583,  TensorFlow 
585,  Scikit-learn 
585, Keras 
585,  TensorFlow 
586, JAX 
586, Fast.ai 
586, PyTorch 
586, PyTorch Lightning 
587,  Scikit-learn 
590,  Scikit-learn 
590, Keras 
590, Xgboost 
590,  TensorFlow 
591, Keras 
591, Xgboost 
591,  Scikit-learn 
591, Huggingface 
591,  TensorFlow 
592,  TensorFlow 
592, Xgboost 
592,  Scikit-learn 
592, Keras 
593, LightGBM 
593, Xgboost 
593, Caret 
594,  TensorFlow 
594,  Scikit-learn 
596, Xgboost 
596,  Scikit-learn 
597,  Scikit-learn 
598,  Scikit-learn 
598, PyTorch 
599,  TensorFlow 
599,  Scikit-learn 
599, PyTorch 
599, Xgboost 
600, Keras 
600, Fast.ai 
600, PyTorch 
600,  TensorFlow 
603, PyTorch 
605, Xgboost 
605, Keras 
605,  TensorFlow 
605,  Scikit-learn 
613, Keras 
613, Xgboost 
613,  Scikit-learn 
614,  Scikit-learn 
614,  TensorFlow 
614, Keras 
617, LightGBM 
617, Tidymodels 
617,  Scikit-learn 
617, Xgboost 
618,Other
619,  TensorFlow 
621, LightGBM 
621, Xgboost 
621,  TensorFlow 
621,  Scikit-learn 
621, Keras 
622, Keras 
622,  Scikit-learn 
622,  TensorFlow 
623, Xgboost 
623,  Scikit-learn 
623,  TensorFlow 
623, Keras 
624,  Scikit-learn 
624, PyTorch 
624, Huggingface 
625, Xgboost 
625,  Scikit-learn 
626, PyTorch 
626, Xgboost 
626,  Scikit-learn 
629,  TensorFlow 
629, Keras 
630,  Scikit-learn 
630, PyTorch 
631, Xgboost 
631,  Scikit-learn 
631,  TensorFlow 
633, Keras 
633, PyTorch 
633,  Scikit-learn 
633, Xgboost 
634, PyTorch 
634, Huggingface 
634, Caret 
634, Tidymodels 
634, LightGBM 
634, Keras 
634, Xgboost 
634, CatBoost 
634, Fast.ai 
634,  TensorFlow 
634, JAX 
634, PyTorch Lightning 
634,  Scikit-learn 
635,  Scikit-learn 
635, PyTorch 
635, PyTorch Lightning 
635, LightGBM 
635, Keras 
635, CatBoost 
635, Xgboost 
635, Huggingface 
635,  TensorFlow 
635, JAX 
637,  Scikit-learn 
637, Xgboost 
637,  TensorFlow 
638, Caret 
638,  TensorFlow 
638, Keras 
638,  Scikit-learn 
638, PyTorch 
639, PyTorch 
639,  Scikit-learn 
639, Huggingface 
639, Xgboost 
639, Keras 
639, JAX 
640, Caret 
641,  Scikit-learn 
641, Xgboost 
642, Xgboost 
642, Keras 
642, Huggingface 
642,  TensorFlow 
642, LightGBM 
642, CatBoost 
642,  Scikit-learn 
643, Keras 
643,  TensorFlow 
643, Xgboost 
643, CatBoost 
643, LightGBM 
643, Caret 
643,  Scikit-learn 
643, PyTorch 
644,  Scikit-learn 
644, PyTorch 
644, Keras 
644,  TensorFlow 
645, PyTorch 
645, Keras 
645,  TensorFlow 
649,  Scikit-learn 
650, Xgboost 
650,  TensorFlow 
650,  Scikit-learn 
650, PyTorch Lightning 
650, LightGBM 
651,  Scikit-learn 
653,  TensorFlow 
653,  Scikit-learn 
653, Keras 
653, PyTorch 
654,  Scikit-learn 
656, Keras 
656,  TensorFlow 
656, PyTorch 
656,  Scikit-learn 
657,  Scikit-learn 
657,  TensorFlow 
657, Keras 
658,  Scikit-learn 
658,  TensorFlow 
660,  Scikit-learn 
662,  Scikit-learn 
662,  TensorFlow 
662, Keras 
663, Keras 
663,  Scikit-learn 
663,  TensorFlow 
664,  Scikit-learn 
664, Xgboost 
667, Keras 
667,  TensorFlow 
667,  Scikit-learn 
668,  Scikit-learn 
668, Xgboost 
668, Keras 
668,  TensorFlow 
670,  Scikit-learn 
671,  TensorFlow 
671,  Scikit-learn 
671, Keras 
675, Xgboost 
675,  TensorFlow 
675,  Scikit-learn 
677,  TensorFlow 
677, PyTorch 
680,  Scikit-learn 
680,  TensorFlow 
680, Keras 
680, Xgboost 
682, PyTorch 
682, Keras 
682,  TensorFlow 
683, Xgboost 
683, Keras 
683,  TensorFlow 
683,  Scikit-learn 
686, PyTorch 
686,  Scikit-learn 
686, Keras 
686,  TensorFlow 
687,  Scikit-learn 
687,  TensorFlow 
687, PyTorch Lightning 
687, Xgboost 
688,  TensorFlow 
688,  Scikit-learn 
688, Keras 
690, Xgboost 
690, Keras 
690, PyTorch 
690,  TensorFlow 
690,  Scikit-learn 
692,  Scikit-learn 
693,  Scikit-learn 
693, Xgboost 
693,  TensorFlow 
693, LightGBM 
694,  TensorFlow 
694, Xgboost 
694, Caret 
694,  Scikit-learn 
695,  Scikit-learn 
695, Xgboost 
695, CatBoost 
695, LightGBM 
696,  Scikit-learn 
696,  TensorFlow 
696, Keras 
696, PyTorch Lightning 
696, Xgboost 
696, PyTorch 
697,  Scikit-learn 
698,  TensorFlow 
698,  Scikit-learn 
699, PyTorch 
699, Keras 
700, Xgboost 
700,  Scikit-learn 
700,  TensorFlow 
700, Keras 
700, CatBoost 
701,  TensorFlow 
701,  Scikit-learn 
701, Keras 
702, PyTorch 
702, PyTorch Lightning 
702,  Scikit-learn 
702, Xgboost 
706, Huggingface 
706,  TensorFlow 
706, Keras 
706,  Scikit-learn 
706, Xgboost 
706, LightGBM 
706, CatBoost 
707,  Scikit-learn 
707,  TensorFlow 
707, PyTorch 
708, PyTorch 
708,  TensorFlow 
708, Keras 
710,  TensorFlow 
712,  TensorFlow 
712, Keras 
712,  Scikit-learn 
712,Other
715, Keras 
715,  TensorFlow 
715, PyTorch 
715,  Scikit-learn 
716,  Scikit-learn 
716, Keras 
716, Huggingface 
716,  TensorFlow 
717,  Scikit-learn 
717, CatBoost 
717, PyTorch 
717, Xgboost 
717, LightGBM 
719,  Scikit-learn 
719, Keras 
719,  TensorFlow 
719, CatBoost 
719, Xgboost 
721,  Scikit-learn 
721, PyTorch 
722, Xgboost 
722,  Scikit-learn 
723, Tidymodels 
723, Caret 
723, Xgboost 
726, Xgboost 
726, LightGBM 
726, PyTorch 
727, Caret 
727, Keras 
727, Xgboost 
727, LightGBM 
727,  Scikit-learn 
727, Tidymodels 
727, PyTorch 
728,  Scikit-learn 
728, Huggingface 
728, PyTorch 
729,  Scikit-learn 
729,  TensorFlow 
729, PyTorch 
731, Keras 
731,  TensorFlow 
731,  Scikit-learn 
734, PyTorch 
734, Caret 
734, Keras 
734,  TensorFlow 
734, Xgboost 
734,  Scikit-learn 
735,  Scikit-learn 
736, PyTorch 
736,  Scikit-learn 
736,  TensorFlow 
736, Xgboost 
736, Keras 
737,  Scikit-learn 
737,  TensorFlow 
739,  Scikit-learn 
739, Keras 
739,  TensorFlow 
740,  Scikit-learn 
741, Xgboost 
741,  TensorFlow 
741, PyTorch 
741,  Scikit-learn 
742,  Scikit-learn 
742, Keras 
743,  Scikit-learn 
743, Caret 
743, Huggingface 
743, Xgboost 
743, Keras 
743, PyTorch 
745, Keras 
745,  TensorFlow 
749,  Scikit-learn 
752,  Scikit-learn 
753,  Scikit-learn 
754, Keras 
754,  Scikit-learn 
754,  TensorFlow 
756, Keras 
756,  Scikit-learn 
757, Keras 
757,Other
757,  TensorFlow 
758, Fast.ai 
758, Huggingface 
758, PyTorch Lightning 
758, JAX 
758, LightGBM 
758, Caret 
758, PyTorch 
759,  Scikit-learn 
760,  Scikit-learn 
764,  TensorFlow 
764, Keras 
767, PyTorch 
768,  Scikit-learn 
768, Keras 
768,  TensorFlow 
769, PyTorch 
769,  TensorFlow 
769, Xgboost 
769, Keras 
769,  Scikit-learn 
770, Huggingface 
770, PyTorch Lightning 
770,  Scikit-learn 
770, CatBoost 
770, Fast.ai 
770, Tidymodels 
770, Xgboost 
770,  TensorFlow 
770, PyTorch 
770, Keras 
770, Caret 
770, LightGBM 
771,  Scikit-learn 
773, PyTorch 
773,  Scikit-learn 
773, Huggingface 
774,  TensorFlow 
774,  Scikit-learn 
774, Keras 
774, PyTorch 
775,  Scikit-learn 
776, Tidymodels 
777,  Scikit-learn 
777,  TensorFlow 
777, Keras 
777, PyTorch 
779,  Scikit-learn 
781, CatBoost 
781, PyTorch 
781, Keras 
781,  Scikit-learn 
781,  TensorFlow 
781, LightGBM 
781, Xgboost 
782,  Scikit-learn 
782, Xgboost 
782, Keras 
782, CatBoost 
782, LightGBM 
783, Keras 
783,  Scikit-learn 
783, Huggingface 
784, Keras 
784,  TensorFlow 
785,  Scikit-learn 
785,  TensorFlow 
785, Keras 
785,Other
786, PyTorch Lightning 
786,  TensorFlow 
786, Huggingface 
786,Other
786, PyTorch 
786, Keras 
786, JAX 
786,  Scikit-learn 
787,  TensorFlow 
787,  Scikit-learn 
788, PyTorch Lightning 
788,  TensorFlow 
789,  Scikit-learn 
789, PyTorch 
789, CatBoost 
790,  TensorFlow 
790, Tidymodels 
790, PyTorch 
790,  Scikit-learn 
790, Caret 
790, Keras 
791,  TensorFlow 
791,  Scikit-learn 
791, Xgboost 
791, Keras 
791, LightGBM 
792, Xgboost 
792, Tidymodels 
792,  Scikit-learn 
792, Caret 
794, LightGBM 
794, Tidymodels 
797,  Scikit-learn 
798,  TensorFlow 
798, Keras 
798, Xgboost 
798,  Scikit-learn 
799,  Scikit-learn 
799,  TensorFlow 
800, PyTorch 
800, Huggingface 
800, Keras 
800,  Scikit-learn 
800, Fast.ai 
800, LightGBM 
800, Xgboost 
801,  Scikit-learn 
802, Huggingface 
802, Fast.ai 
802, PyTorch 
804, Keras 
804, Xgboost 
804, PyTorch 
804,  Scikit-learn 
806, Keras 
806,  Scikit-learn 
806,  TensorFlow 
807,  TensorFlow 
807, PyTorch 
807, JAX 
812, Keras 
812,  TensorFlow 
812,  Scikit-learn 
813, Keras 
813, LightGBM 
813,  Scikit-learn 
813,  TensorFlow 
813, Xgboost 
816,  Scikit-learn 
819,  Scikit-learn 
820,  TensorFlow 
820,  Scikit-learn 
820, Keras 
821, Keras 
821,  Scikit-learn 
821,  TensorFlow 
822, Tidymodels 
823, Keras 
823, PyTorch Lightning 
823,  Scikit-learn 
823, PyTorch 
823,  TensorFlow 
825,  TensorFlow 
825, Keras 
826, Xgboost 
826,  Scikit-learn 
826, LightGBM 
826, Keras 
827,  Scikit-learn 
827, Huggingface 
827, PyTorch 
829, PyTorch 
831,  Scikit-learn 
832,  TensorFlow 
832, Keras 
832,  Scikit-learn 
834,  TensorFlow 
834,  Scikit-learn 
836,  Scikit-learn 
836, Huggingface 
836,  TensorFlow 
836, Xgboost 
836, Keras 
837, Huggingface 
837, Xgboost 
837, PyTorch 
837, Fast.ai 
837, CatBoost 
837,  Scikit-learn 
837, LightGBM 
838,Other
839, PyTorch 
839, Xgboost 
839, Keras 
839,  TensorFlow 
839,  Scikit-learn 
841, PyTorch 
841,  TensorFlow 
841,  Scikit-learn 
842,  Scikit-learn 
842,  TensorFlow 
842, Keras 
844, PyTorch 
844, Xgboost 
844,  Scikit-learn 
845,  TensorFlow 
848, CatBoost 
848, Huggingface 
848,  TensorFlow 
848, Keras 
848,  Scikit-learn 
848, Xgboost 
849, PyTorch 
849, PyTorch Lightning 
852, PyTorch 
852,  Scikit-learn 
856, Huggingface 
856, Keras 
856,  TensorFlow 
856, PyTorch 
856,  Scikit-learn 
857, PyTorch 
857, Xgboost 
857, LightGBM 
857,  Scikit-learn 
859, Keras 
859,  Scikit-learn 
859, PyTorch 
859,  TensorFlow 
860, PyTorch 
860, Keras 
860,  Scikit-learn 
860, Xgboost 
860,  TensorFlow 
862, Xgboost 
862,  Scikit-learn 
862,  TensorFlow 
862, CatBoost 
863,  Scikit-learn 
864,Other
865,  Scikit-learn 
865,  TensorFlow 
865, PyTorch 
866, Xgboost 
866, LightGBM 
866,  Scikit-learn 
866, PyTorch 
866, Fast.ai 
866, Huggingface 
866, Keras 
866, Tidymodels 
866,  TensorFlow 
867, CatBoost 
867, LightGBM 
867, PyTorch 
867, Xgboost 
867, Huggingface 
867, PyTorch Lightning 
867, Keras 
867,  TensorFlow 
867,  Scikit-learn 
868,  Scikit-learn 
868, Keras 
868, Xgboost 
868,  TensorFlow 
869, JAX 
871,  TensorFlow 
871,  Scikit-learn 
872,  TensorFlow 
876,  TensorFlow 
876, Keras 
876,  Scikit-learn 
878,  Scikit-learn 
880, Keras 
880,  TensorFlow 
880,  Scikit-learn 
881,Other
881,  Scikit-learn 
885,  TensorFlow 
886,  Scikit-learn 
887, Keras 
887, Xgboost 
887,  TensorFlow 
887, PyTorch 
888, Keras 
888,  Scikit-learn 
888,  TensorFlow 
889,  Scikit-learn 
889, PyTorch Lightning 
890,  TensorFlow 
890,  Scikit-learn 
891, PyTorch Lightning 
891,  Scikit-learn 
891,  TensorFlow 
893, Keras 
893,  Scikit-learn 
893,  TensorFlow 
893, PyTorch Lightning 
893, PyTorch 
894, Xgboost 
894, Keras 
894, CatBoost 
894, PyTorch 
894, PyTorch Lightning 
894,  Scikit-learn 
894,  TensorFlow 
894, Tidymodels 
895,  Scikit-learn 
895, PyTorch 
895, Huggingface 
895, Xgboost 
897, Caret 
897, Tidymodels 
898,  Scikit-learn 
898, PyTorch Lightning 
898, Keras 
898, PyTorch 
898,  TensorFlow 
898,Other
900,  Scikit-learn 
900, JAX 
900, Huggingface 
900, Xgboost 
900, PyTorch 
900, LightGBM 
902, Keras 
902,  TensorFlow 
908,  Scikit-learn 
908,  TensorFlow 
909, Keras 
909,  Scikit-learn 
909,  TensorFlow 
909, PyTorch 
911,  Scikit-learn 
911, Keras 
911, PyTorch 
911,  TensorFlow 
913,  TensorFlow 
913, Keras 
913,  Scikit-learn 
914,  TensorFlow 
914,  Scikit-learn 
914, Keras 
914, Xgboost 
915, Xgboost 
915,  Scikit-learn 
919, Keras 
919,  TensorFlow 
919, Tidymodels 
919, Caret 
919,  Scikit-learn 
919, Xgboost 
920, Keras 
920,  Scikit-learn 
925, PyTorch 
925,  Scikit-learn 
925,  TensorFlow 
925, Keras 
925, Huggingface 
926, Xgboost 
926, Keras 
926,  TensorFlow 
926,  Scikit-learn 
928, Keras 
928,  TensorFlow 
928,  Scikit-learn 
928, Xgboost 
929, LightGBM 
929, Caret 
929, Tidymodels 
929,  Scikit-learn 
929, Xgboost 
933,  Scikit-learn 
933, Keras 
933,  TensorFlow 
933, PyTorch 
933, PyTorch Lightning 
933, Xgboost 
934,  TensorFlow 
934,  Scikit-learn 
934, Keras 
935,  TensorFlow 
935,  Scikit-learn 
935, Keras 
936,  Scikit-learn 
936, Xgboost 
937,  Scikit-learn 
937,  TensorFlow 
937, Keras 
937, PyTorch 
937, JAX 
942,  TensorFlow 
942, PyTorch 
942, Keras 
942,  Scikit-learn 
944, Xgboost 
944, Keras 
944,  TensorFlow 
946, PyTorch 
946, Keras 
946,  TensorFlow 
947, Xgboost 
947, LightGBM 
947,  Scikit-learn 
947,  TensorFlow 
950, Caret 
950, Tidymodels 
950, Xgboost 
952,  TensorFlow 
952,  Scikit-learn 
953, Keras 
953,  TensorFlow 
953, Xgboost 
953,  Scikit-learn 
953, Huggingface 
955,  TensorFlow 
955,  Scikit-learn 
955, Keras 
956, Caret 
956,  Scikit-learn 
956, Keras 
956, Xgboost 
956,  TensorFlow 
957, Xgboost 
959,  Scikit-learn 
960,Other
960,  TensorFlow 
960, Fast.ai 
961,  TensorFlow 
961, Keras 
962, Keras 
962,  TensorFlow 
962,Other
962, PyTorch 
963,  Scikit-learn 
963, Keras 
963, PyTorch 
963,  TensorFlow 
963, Huggingface 
964, PyTorch 
964,  Scikit-learn 
964, Keras 
964, Xgboost 
965,  Scikit-learn 
965,  TensorFlow 
968, Keras 
968,  Scikit-learn 
968, Xgboost 
968,  TensorFlow 
969,  Scikit-learn 
970, LightGBM 
970, Xgboost 
970,  Scikit-learn 
970, CatBoost 
970,  TensorFlow 
972, PyTorch 
972,  TensorFlow 
972, Keras 
972,  Scikit-learn 
976,  TensorFlow 
976,  Scikit-learn 
976, PyTorch 
977, Xgboost 
977, LightGBM 
977,  Scikit-learn 
978, Xgboost 
978, Keras 
978, PyTorch 
978,  Scikit-learn 
978,  TensorFlow 
979,  TensorFlow 
979,  Scikit-learn 
979, Keras 
980,  Scikit-learn 
980,  TensorFlow 
980, PyTorch Lightning 
980, PyTorch 
980, Keras 
981,  Scikit-learn 
981,  TensorFlow 
982, PyTorch Lightning 
982,  Scikit-learn 
982,  TensorFlow 
982, Keras 
983, Huggingface 
985, Xgboost 
987,  TensorFlow 
987, Keras 
987,  Scikit-learn 
988,  TensorFlow 
989,  TensorFlow 
989,  Scikit-learn 
989, PyTorch 
989, Keras 
989, Huggingface 
993, PyTorch 
994, Huggingface 
994, Keras 
994,  TensorFlow 
996,Other
999, Keras 
999, PyTorch 
999,  Scikit-learn 
999,  TensorFlow 
1002, Keras 
1002, Xgboost 
1002, Tidymodels 
1002, PyTorch 
1002, Huggingface 
1002,  Scikit-learn 
1002, Caret 
1002, PyTorch Lightning 
1002, LightGBM 
1002,  TensorFlow 
1002, CatBoost 
1003, PyTorch 
1005,  Scikit-learn 
1008, Xgboost 
1008,  Scikit-learn 
1011,  TensorFlow 
1011, Keras 
1012,  Scikit-learn 
1012,  TensorFlow 
1013,  TensorFlow 
1014, Keras 
1014,  TensorFlow 
1014,  Scikit-learn 
1015, Keras 
1015, PyTorch 
1015,  TensorFlow 
1015, Xgboost 
1015,  Scikit-learn 
1015, Huggingface 
1017,  Scikit-learn 
1020, Huggingface 
1020,  TensorFlow 
1020,  Scikit-learn 
1020, Keras 
1020, LightGBM 
1023, Xgboost 
1023,  Scikit-learn 
1024, Huggingface 
1024,  TensorFlow 
1024, Xgboost 
1024,  Scikit-learn 
1024, Keras 
1025,  TensorFlow 
1025, Keras 
1025, PyTorch 
1027,  Scikit-learn 
1027,  TensorFlow 
1028,  TensorFlow 
1028,  Scikit-learn 
1029, PyTorch Lightning 
1029,  TensorFlow 
1030, Xgboost 
1030,  Scikit-learn 
1031,  Scikit-learn 
1031, Caret 
1032,  Scikit-learn 
1034,  Scikit-learn 
1034, PyTorch 
1034,  TensorFlow 
1034, Keras 
1035,  Scikit-learn 
1035, Keras 
1037, Huggingface 
1037,  Scikit-learn 
1037, Keras 
1037,  TensorFlow 
1038, PyTorch 
1038, PyTorch Lightning 
1038, CatBoost 
1038,  Scikit-learn 
1039,  Scikit-learn 
1041,  Scikit-learn 
1042,  TensorFlow 
1042, Keras 
1043,  Scikit-learn 
1043, Xgboost 
1043, Keras 
1043,  TensorFlow 
1043, LightGBM 
1044, Keras 
1044, Huggingface 
1044, PyTorch 
1044, LightGBM 
1044, Xgboost 
1044,  Scikit-learn 
1045,  Scikit-learn 
1046, PyTorch 
1048,Other
1050,  TensorFlow 
1051, PyTorch 
1051,  TensorFlow 
1055,  Scikit-learn 
1055, Keras 
1055,  TensorFlow 
1056,  TensorFlow 
1056, Keras 
1056,  Scikit-learn 
1056, PyTorch 
1058,  Scikit-learn 
1059, Keras 
1060, Tidymodels 
1060,  TensorFlow 
1060, Caret 
1060, Keras 
1061, Keras 
1061, Fast.ai 
1061,  TensorFlow 
1061,  Scikit-learn 
1061, PyTorch 
1061, Huggingface 
1062,  TensorFlow 
1062,  Scikit-learn 
1062, Xgboost 
1064, Xgboost 
1064,  TensorFlow 
1064,  Scikit-learn 
1064, Keras 
1065, PyTorch 
1065,  TensorFlow 
1067, PyTorch 
1067,  Scikit-learn 
1068,  Scikit-learn 
1068,  TensorFlow 
1068, Keras 
1068, Caret 
1069, PyTorch Lightning 
1072,  Scikit-learn 
1073,  Scikit-learn 
1074,  TensorFlow 
1074, Keras 
1074,  Scikit-learn 
1076, Tidymodels 
1076, PyTorch 
1076, PyTorch Lightning 
1077, Xgboost 
1077, PyTorch Lightning 
1077, PyTorch 
1077,  Scikit-learn 
1078, JAX 
1079, Xgboost 
1079,  Scikit-learn 
1079, Keras 
1079,  TensorFlow 
1080,  Scikit-learn 
1080,  TensorFlow 
1080, Keras 
1081,  Scikit-learn 
1081, Xgboost 
1082,  TensorFlow 
1082, PyTorch 
1085,  TensorFlow 
1085, Keras 
1085, PyTorch Lightning 
1085,  Scikit-learn 
1085, PyTorch 
1086,Other
1089,  Scikit-learn 
1091, PyTorch 
1091,  Scikit-learn 
1091, Keras 
1092, Xgboost 
1092,  Scikit-learn 
1092, Keras 
1092,  TensorFlow 
1093, Keras 
1093,  Scikit-learn 
1093,  TensorFlow 
1094, PyTorch 
1094, Fast.ai 
1095,  Scikit-learn 
1096,Other
1099,  Scikit-learn 
1099, PyTorch 
1099,Other
1099, LightGBM 
1099,  TensorFlow 
1100,  Scikit-learn 
1100,Other
1102,  TensorFlow 
1102, Keras 
1102,  Scikit-learn 
1102, Huggingface 
1103,  Scikit-learn 
1106,  Scikit-learn 
1106, PyTorch 
1106, CatBoost 
1107, PyTorch 
1107,  TensorFlow 
1111,Other
1112, Xgboost 
1112, Keras 
1112,  Scikit-learn 
1115,  Scikit-learn 
1116,  TensorFlow 
1116,  Scikit-learn 
1116, Keras 
1117,  TensorFlow 
1117,  Scikit-learn 
1126, Keras 
1126,  TensorFlow 
1126,  Scikit-learn 
1126, Huggingface 
1126, PyTorch 
1128,  Scikit-learn 
1128, Xgboost 
1129, Keras 
1129,  TensorFlow 
1129,  Scikit-learn 
1130, Keras 
1130,  TensorFlow 
1130,  Scikit-learn 
1131, Keras 
1131, PyTorch 
1132,  Scikit-learn 
1132, PyTorch 
1132,  TensorFlow 
1133, PyTorch 
1133,  TensorFlow 
1133, Keras 
1133,  Scikit-learn 
1133, PyTorch Lightning 
1134,  Scikit-learn 
1134,  TensorFlow 
1134, Keras 
1135,  TensorFlow 
1136, JAX 
1137, PyTorch 
1137, Xgboost 
1137, CatBoost 
1137, Tidymodels 
1138, PyTorch 
1138, Keras 
1138,  Scikit-learn 
1138, Huggingface 
1138,  TensorFlow 
1139,  Scikit-learn 
1139, Keras 
1139, Xgboost 
1139, Tidymodels 
1139,  TensorFlow 
1140, Fast.ai 
1140, PyTorch 
1140,  Scikit-learn 
1142, Keras 
1142, PyTorch 
1142,  TensorFlow 
1142, PyTorch Lightning 
1142,Other
1143, PyTorch 
1143,  TensorFlow 
1143,  Scikit-learn 
1144, Xgboost 
1144,  Scikit-learn 
1144, Keras 
1144,  TensorFlow 
1145, Fast.ai 
1145, Huggingface 
1145, PyTorch 
1145, Keras 
1145, Xgboost 
1145,  Scikit-learn 
1145,  TensorFlow 
1145, PyTorch Lightning 
1146, Xgboost 
1146, Keras 
1146,  Scikit-learn 
1146,  TensorFlow 
1146, CatBoost 
1146, Tidymodels 
1147, PyTorch 
1147,  Scikit-learn 
1148,  Scikit-learn 
1148, Xgboost 
1148, Keras 
1148, PyTorch 
1149, Keras 
1149, PyTorch 
1149, Huggingface 
1149,  TensorFlow 
1149,  Scikit-learn 
1150,  Scikit-learn 
1150,  TensorFlow 
1150, CatBoost 
1150, LightGBM 
1150, Xgboost 
1150, Keras 
1151,  Scikit-learn 
1151, Keras 
1152,  Scikit-learn 
1152, LightGBM 
1152, CatBoost 
1152, Caret 
1152, Xgboost 
1152, PyTorch 
1157, PyTorch Lightning 
1157, CatBoost 
1157,  Scikit-learn 
1159, PyTorch 
1159,  TensorFlow 
1160,  Scikit-learn 
1161, Keras 
1161, PyTorch 
1161,  TensorFlow 
1161,  Scikit-learn 
1162, Keras 
1162,  TensorFlow 
1162,  Scikit-learn 
1167,  Scikit-learn 
1169,Other
1171,  Scikit-learn 
1172, LightGBM 
1172, Xgboost 
1172,  Scikit-learn 
1175, Huggingface 
1175, Caret 
1175, Xgboost 
1175, CatBoost 
1175, Tidymodels 
1176,  Scikit-learn 
1176, Keras 
1177, Keras 
1177,  Scikit-learn 
1177,  TensorFlow 
1180, PyTorch Lightning 
1180, Xgboost 
1180, JAX 
1180,  TensorFlow 
1180,  Scikit-learn 
1180, Keras 
1180, PyTorch 
1181,  Scikit-learn 
1182, LightGBM 
1183, Keras 
1183,  Scikit-learn 
1183,  TensorFlow 
1187, Huggingface 
1187,  Scikit-learn 
1187,  TensorFlow 
1189,  Scikit-learn 
1189, LightGBM 
1190, PyTorch 
1190,  TensorFlow 
1190,  Scikit-learn 
1190, Fast.ai 
1192, Keras 
1192,  Scikit-learn 
1192, PyTorch 
1192,  TensorFlow 
1194,  TensorFlow 
1194, Huggingface 
1194, Keras 
1194,  Scikit-learn 
1195,  TensorFlow 
1195,  Scikit-learn 
1195, PyTorch 
1195, Keras 
1198,  Scikit-learn 
1198, Tidymodels 
1203,  Scikit-learn 
1204,  TensorFlow 
1204, Keras 
1204,  Scikit-learn 
1208,  Scikit-learn 
1212,  Scikit-learn 
1212,  TensorFlow 
1212, Keras 
1214, Fast.ai 
1214,  TensorFlow 
1214,  Scikit-learn 
1214, PyTorch 
1214, Keras 
1215,  Scikit-learn 
1215, Keras 
1215,  TensorFlow 
1215, PyTorch 
1216,  TensorFlow 
1216,  Scikit-learn 
1216, PyTorch 
1216, Keras 
1217,  TensorFlow 
1217,  Scikit-learn 
1217, PyTorch 
1217, Keras 
1223, Keras 
1223, PyTorch 
1223,  TensorFlow 
1226,  TensorFlow 
1226, PyTorch 
1226, Keras 
1226,  Scikit-learn 
1228,  Scikit-learn 
1228,  TensorFlow 
1228, Xgboost 
1228, Keras 
1229, PyTorch 
1229,  Scikit-learn 
1231, Huggingface 
1231, Keras 
1231, CatBoost 
1231,  TensorFlow 
1231, Xgboost 
1231,  Scikit-learn 
1232, PyTorch 
1232, PyTorch Lightning 
1237, Keras 
1237,  Scikit-learn 
1237, Xgboost 
1237,  TensorFlow 
1241, PyTorch 
1241, Keras 
1241,  TensorFlow 
1241,  Scikit-learn 
1245, Keras 
1245,  Scikit-learn 
1249,  TensorFlow 
1249,  Scikit-learn 
1251, Xgboost 
1251,  TensorFlow 
1251,  Scikit-learn 
1251, Keras 
1252, LightGBM 
1252,  TensorFlow 
1252, PyTorch 
1252,  Scikit-learn 
1252, Keras 
1252, Xgboost 
1254,  Scikit-learn 
1254,  TensorFlow 
1254, Keras 
1254, Xgboost 
1258, Huggingface 
1258,  TensorFlow 
1258, Keras 
1258, Xgboost 
1258,  Scikit-learn 
1258, PyTorch 
1260,  Scikit-learn 
1260, Xgboost 
1260, Keras 
1260,  TensorFlow 
1263, Huggingface 
1263,  TensorFlow 
1263, LightGBM 
1263,  Scikit-learn 
1263, Xgboost 
1263, PyTorch 
1264, PyTorch 
1264, Keras 
1264,  Scikit-learn 
1266,  Scikit-learn 
1266, Xgboost 
1267,  Scikit-learn 
1267,  TensorFlow 
1267, Keras 
1268, Keras 
1268,  Scikit-learn 
1268,  TensorFlow 
1270, PyTorch 
1272, PyTorch 
1272,  Scikit-learn 
1272, Fast.ai 
1272, LightGBM 
1272, Xgboost 
1272, CatBoost 
1273, Xgboost 
1273, Tidymodels 
1273,  Scikit-learn 
1275, Caret 
1277, Xgboost 
1277, CatBoost 
1277,  Scikit-learn 
1277,  TensorFlow 
1278, Keras 
1278,  TensorFlow 
1279,  Scikit-learn 
1280, Keras 
1280,  TensorFlow 
1280, LightGBM 
1280, CatBoost 
1280,  Scikit-learn 
1280, Xgboost 
1282, Keras 
1282, Fast.ai 
1282,  TensorFlow 
1282, PyTorch 
1282,  Scikit-learn 
1282, Xgboost 
1283,  Scikit-learn 
1286,  Scikit-learn 
1286, PyTorch 
1287,  Scikit-learn 
1287, PyTorch 
1287,  TensorFlow 
1288, Huggingface 
1288,  Scikit-learn 
1288, PyTorch 
1288, PyTorch Lightning 
1288, LightGBM 
1288, Xgboost 
1288, Keras 
1288,  TensorFlow 
1288, CatBoost 
1291,Other
1292,  Scikit-learn 
1292, Keras 
1292,  TensorFlow 
1292, CatBoost 
1292, LightGBM 
1292, Xgboost 
1294,  Scikit-learn 
1294, Xgboost 
1298, CatBoost 
1298,  TensorFlow 
1298,  Scikit-learn 
1298, PyTorch 
1298, Xgboost 
1298, Keras 
1298, Huggingface 
1298, Fast.ai 
1298, PyTorch Lightning 
1302,  Scikit-learn 
1302,  TensorFlow 
1304, Xgboost 
1304, Keras 
1304,  TensorFlow 
1304,  Scikit-learn 
1305, PyTorch 
1305,  Scikit-learn 
1305, Huggingface 
1306, Xgboost 
1306, LightGBM 
1306, Fast.ai 
1306, PyTorch 
1306,  Scikit-learn 
1307, Keras 
1307, PyTorch 
1307,  TensorFlow 
1307,  Scikit-learn 
1308,  Scikit-learn 
1309, Xgboost 
1309, LightGBM 
1309, Keras 
1309, PyTorch 
1309, Huggingface 
1309,  TensorFlow 
1309,  Scikit-learn 
1310,  Scikit-learn 
1310,  TensorFlow 
1313, Caret 
1313, Tidymodels 
1313, Keras 
1313,  Scikit-learn 
1313,  TensorFlow 
1316,  Scikit-learn 
1318, Xgboost 
1318,  Scikit-learn 
1318,  TensorFlow 
1318, Keras 
1318, Fast.ai 
1319,  Scikit-learn 
1319, Xgboost 
1321, Xgboost 
1321,  Scikit-learn 
1322,  Scikit-learn 
1322, PyTorch 
1322, CatBoost 
1323, Xgboost 
1325,  TensorFlow 
1325, Keras 
1325, PyTorch 
1325,  Scikit-learn 
1329, Fast.ai 
1329, Xgboost 
1329,  TensorFlow 
1330,  Scikit-learn 
1331, Keras 
1331,  TensorFlow 
1331,  Scikit-learn 
1332,  Scikit-learn 
1332, Keras 
1332,  TensorFlow 
1333, PyTorch 
1333,  Scikit-learn 
1333,  TensorFlow 
1333, Keras 
1333, CatBoost 
1334, Xgboost 
1334, Keras 
1334,  Scikit-learn 
1334,  TensorFlow 
1334, Huggingface 
1335, PyTorch 
1335, Keras 
1335,  Scikit-learn 
1335,  TensorFlow 
1337,  TensorFlow 
1337, Xgboost 
1337, Keras 
1337,  Scikit-learn 
1338,  Scikit-learn 
1338,Other
1340, LightGBM 
1340,  Scikit-learn 
1340, Tidymodels 
1340, Xgboost 
1340,Other
1340, CatBoost 
1342,  Scikit-learn 
1345,  Scikit-learn 
1345, Keras 
1345, PyTorch 
1345,  TensorFlow 
1346, PyTorch 
1347, Keras 
1347,  TensorFlow 
1347, PyTorch 
1347,  Scikit-learn 
1348,  Scikit-learn 
1348,  TensorFlow 
1349, PyTorch Lightning 
1349, PyTorch 
1349,  TensorFlow 
1350,  Scikit-learn 
1352,Other
1353,  TensorFlow 
1353, Keras 
1353,  Scikit-learn 
1355, Keras 
1355, Xgboost 
1355,  Scikit-learn 
1355,  TensorFlow 
1355, PyTorch 
1358,  Scikit-learn 
1359, Keras 
1359, PyTorch 
1360,  Scikit-learn 
1360, CatBoost 
1360, Xgboost 
1362,  TensorFlow 
1362,  Scikit-learn 
1362, Keras 
1362, Xgboost 
1363,  Scikit-learn 
1365,  TensorFlow 
1365,  Scikit-learn 
1365,Other
1365, PyTorch 
1365, Keras 
1366,  Scikit-learn 
1371,  TensorFlow 
1371,  Scikit-learn 
1371, Keras 
1372,  Scikit-learn 
1372, Keras 
1373,  Scikit-learn 
1373, Keras 
1373,  TensorFlow 
1373, Xgboost 
1373, PyTorch 
1373, CatBoost 
1374,  TensorFlow 
1374, Keras 
1374,  Scikit-learn 
1374, Xgboost 
1375,  Scikit-learn 
1378, Keras 
1378, PyTorch 
1378,  TensorFlow 
1379, Xgboost 
1379,  Scikit-learn 
1379, Caret 
1380, Keras 
1380,  Scikit-learn 
1380,  TensorFlow 
1381,  Scikit-learn 
1381,  TensorFlow 
1381, Keras 
1383,  Scikit-learn 
1383,  TensorFlow 
1383, Keras 
1383, Xgboost 
1383, PyTorch 
1384,  TensorFlow 
1384, Keras 
1385, LightGBM 
1385,  Scikit-learn 
1385, Xgboost 
1386,  TensorFlow 
1386,  Scikit-learn 
1386, Caret 
1386, Keras 
1387,  Scikit-learn 
1387,  TensorFlow 
1387, Keras 
1388,  TensorFlow 
1389,  TensorFlow 
1389, PyTorch 
1389, Huggingface 
1389, PyTorch Lightning 
1390, PyTorch 
1391, Keras 
1391,  TensorFlow 
1391,  Scikit-learn 
1391, PyTorch 
1392,  Scikit-learn 
1392,  TensorFlow 
1392, Xgboost 
1392, Keras 
1393, Xgboost 
1393,  TensorFlow 
1393, LightGBM 
1393,  Scikit-learn 
1393, CatBoost 
1393, Keras 
1394,  Scikit-learn 
1395, Keras 
1395, PyTorch 
1395,  TensorFlow 
1395,  Scikit-learn 
1396, Keras 
1396,  Scikit-learn 
1396,  TensorFlow 
1400,  TensorFlow 
1400,  Scikit-learn 
1400, Keras 
1402,  Scikit-learn 
1402, Keras 
1402,  TensorFlow 
1403,  TensorFlow 
1403,  Scikit-learn 
1404,  Scikit-learn 
1404, Keras 
1404,  TensorFlow 
1405,  Scikit-learn 
1406, Huggingface 
1406, PyTorch 
1406,  Scikit-learn 
1408,  Scikit-learn 
1409, Keras 
1409,  TensorFlow 
1409,  Scikit-learn 
1409, Xgboost 
1409, Caret 
1409, LightGBM 
1410,  TensorFlow 
1410, Keras 
1410,  Scikit-learn 
1412, PyTorch 
1412,  Scikit-learn 
1412,  TensorFlow 
1413,  TensorFlow 
1413,  Scikit-learn 
1414,  Scikit-learn 
1414, Xgboost 
1415,  Scikit-learn 
1415,  TensorFlow 
1415, Keras 
1415, CatBoost 
1415, Xgboost 
1419,  TensorFlow 
1422, Huggingface 
1422,  Scikit-learn 
1423, PyTorch 
1423,  Scikit-learn 
1428,  TensorFlow 
1428,  Scikit-learn 
1428, Keras 
1431,  TensorFlow 
1431,  Scikit-learn 
1432,  TensorFlow 
1435,  Scikit-learn 
1435,  TensorFlow 
1436, PyTorch 
1437,  Scikit-learn 
1440,Other
1441, PyTorch Lightning 
1441,  Scikit-learn 
1441,  TensorFlow 
1442,  Scikit-learn 
1442, Keras 
1442,  TensorFlow 
1446,  TensorFlow 
1446,  Scikit-learn 
1446, Keras 
1446, PyTorch 
1447, Xgboost 
1447, LightGBM 
1447,  Scikit-learn 
1448,  TensorFlow 
1448, Fast.ai 
1451, Caret 
1451, LightGBM 
1452, Caret 
1452,  Scikit-learn 
1453,  Scikit-learn 
1453,  TensorFlow 
1453, Keras 
1455, Keras 
1455,  TensorFlow 
1455, JAX 
1456,Other
1460, CatBoost 
1460, Keras 
1460,  Scikit-learn 
1460, Xgboost 
1460, LightGBM 
1461,  Scikit-learn 
1462, Xgboost 
1462,  TensorFlow 
1462,  Scikit-learn 
1462, PyTorch 
1462, Keras 
1462, LightGBM 
1463,  Scikit-learn 
1463, Keras 
1464,  TensorFlow 
1464, PyTorch 
1464,  Scikit-learn 
1465,  TensorFlow 
1465, Keras 
1465, PyTorch Lightning 
1465, PyTorch 
1465,  Scikit-learn 
1465, Xgboost 
1465, LightGBM 
1467, Keras 
1467,  Scikit-learn 
1467,  TensorFlow 
1468, JAX 
1469,  TensorFlow 
1469,  Scikit-learn 
1470,  TensorFlow 
1470, Keras 
1471, Tidymodels 
1471, Huggingface 
1471, Keras 
1471, PyTorch 
1471, LightGBM 
1471,  TensorFlow 
1471, Fast.ai 
1471, Caret 
1471, PyTorch Lightning 
1471,  Scikit-learn 
1471, Xgboost 
1474,  Scikit-learn 
1474,  TensorFlow 
1476,  Scikit-learn 
1476,  TensorFlow 
1478, PyTorch Lightning 
1478, Caret 
1478, Xgboost 
1478, PyTorch 
1478, Tidymodels 
1478,  Scikit-learn 
1478, CatBoost 
1478, LightGBM 
1478,  TensorFlow 
1480,  TensorFlow 
1480,Other
1480,  Scikit-learn 
1480, Keras 
1480, LightGBM 
1480, Xgboost 
1480, PyTorch 
1481, Keras 
1481, PyTorch Lightning 
1481,  Scikit-learn 
1481,  TensorFlow 
1481, PyTorch 
1482,  TensorFlow 
1482, PyTorch 
1482, Caret 
1482, Keras 
1482,  Scikit-learn 
1482, Xgboost 
1483,  TensorFlow 
1483, Xgboost 
1483,  Scikit-learn 
1484, Keras 
1484,  Scikit-learn 
1484,  TensorFlow 
1484, PyTorch 
1485,  TensorFlow 
1485,  Scikit-learn 
1485, Xgboost 
1485, PyTorch 
1485, LightGBM 
1485, Fast.ai 
1485, CatBoost 
1485, Keras 
1488, PyTorch 
1488, CatBoost 
1488,  Scikit-learn 
1488, Xgboost 
1489,  Scikit-learn 
1490, LightGBM 
1492,  Scikit-learn 
1492, Keras 
1492,  TensorFlow 
1494,  Scikit-learn 
1496, PyTorch 
1496, Tidymodels 
1496,  Scikit-learn 
1496, Caret 
1497, Xgboost 
1497,  Scikit-learn 
1497, LightGBM 
1498,  TensorFlow 
1498, Keras 
1498, PyTorch Lightning 
1498, Xgboost 
1498, PyTorch 
1498,  Scikit-learn 
1499,  Scikit-learn 
1499,  TensorFlow 
1499, Keras 
1499, Xgboost 
1500, Fast.ai 
1500,  Scikit-learn 
1500, Huggingface 
1500, Keras 
1500, Xgboost 
1500, CatBoost 
1500, PyTorch Lightning 
1500,  TensorFlow 
1500, PyTorch 
1500, LightGBM 
1504,  Scikit-learn 
1505,  Scikit-learn 
1505, PyTorch 
1505, Keras 
1505,  TensorFlow 
1507, Keras 
1507,  Scikit-learn 
1507, Xgboost 
1507,  TensorFlow 
1510,  Scikit-learn 
1513,  TensorFlow 
1514,  Scikit-learn 
1514, Keras 
1514,  TensorFlow 
1515, Xgboost 
1515, Keras 
1515,  Scikit-learn 
1515, PyTorch 
1515,  TensorFlow 
1518, Huggingface 
1518, PyTorch 
1518,  TensorFlow 
1518,Other
1519, Keras 
1519,  Scikit-learn 
1519,  TensorFlow 
1522, Huggingface 
1522, PyTorch 
1522,  Scikit-learn 
1524, LightGBM 
1524,  Scikit-learn 
1524, Xgboost 
1525,  Scikit-learn 
1525, Xgboost 
1525, Fast.ai 
1527,  TensorFlow 
1527, Xgboost 
1527, LightGBM 
1527, Keras 
1527,  Scikit-learn 
1528,  Scikit-learn 
1528, Keras 
1528, PyTorch 
1529, Keras 
1529,  Scikit-learn 
1532,  Scikit-learn 
1532,  TensorFlow 
1532, Keras 
1532, PyTorch 
1532, Fast.ai 
1534, Xgboost 
1534,  Scikit-learn 
1535, Keras 
1537,  Scikit-learn 
1538,  Scikit-learn 
1538, CatBoost 
1538, Caret 
1538, Keras 
1538, Xgboost 
1538,  TensorFlow 
1538, LightGBM 
1539,  TensorFlow 
1540, LightGBM 
1540, Xgboost 
1540,  Scikit-learn 
1540,  TensorFlow 
1542, PyTorch 
1542,  TensorFlow 
1542,  Scikit-learn 
1542, Keras 
1543,  Scikit-learn 
1543, Keras 
1543,  TensorFlow 
1544, Caret 
1544, Xgboost 
1544, Keras 
1544,  Scikit-learn 
1544,  TensorFlow 
1545,  Scikit-learn 
1545, Xgboost 
1545, Keras 
1546,  Scikit-learn 
1549,  Scikit-learn 
1549, PyTorch 
1550,  Scikit-learn 
1552, PyTorch 
1553, LightGBM 
1553,  Scikit-learn 
1553, Xgboost 
1554, Caret 
1554, Keras 
1554,  TensorFlow 
1554,Other
1555,  Scikit-learn 
1555, PyTorch 
1557,  TensorFlow 
1557, Keras 
1558,  Scikit-learn 
1558,Other
1559,  Scikit-learn 
1560, Keras 
1560,  Scikit-learn 
1560, PyTorch 
1560, Huggingface 
1560, Xgboost 
1561,  TensorFlow 
1563,  Scikit-learn 
1563,  TensorFlow 
1566,  Scikit-learn 
1566,  TensorFlow 
1567,  TensorFlow 
1567, Keras 
1569, PyTorch 
1569,  Scikit-learn 
1570, Keras 
1570,  TensorFlow 
1570,  Scikit-learn 
1571,  TensorFlow 
1571, Keras 
1571,  Scikit-learn 
1574,  Scikit-learn 
1574, CatBoost 
1574, LightGBM 
1574, Xgboost 
1575,  TensorFlow 
1575,  Scikit-learn 
1577,  Scikit-learn 
1577,  TensorFlow 
1577, Keras 
1579,  Scikit-learn 
1579, PyTorch 
1579, Caret 
1579, Tidymodels 
1579,  TensorFlow 
1580,  Scikit-learn 
1582,  Scikit-learn 
1585,  TensorFlow 
1585,  Scikit-learn 
1585, CatBoost 
1585, Xgboost 
1585, PyTorch Lightning 
1585, PyTorch 
1586, Xgboost 
1586,  TensorFlow 
1586,  Scikit-learn 
1586, Keras 
1588, PyTorch 
1588, Keras 
1588,  TensorFlow 
1588,  Scikit-learn 
1589, Caret 
1589, Xgboost 
1590,  Scikit-learn 
1593, Keras 
1593, CatBoost 
1593,Other
1593, LightGBM 
1595,  TensorFlow 
1596,  Scikit-learn 
1600, PyTorch 
1600, Huggingface 
1600, Keras 
1600,  TensorFlow 
1600, Xgboost 
1600,  Scikit-learn 
1601,  TensorFlow 
1601, Keras 
1601,  Scikit-learn 
1602, JAX 
1602, CatBoost 
1602, Fast.ai 
1602, Xgboost 
1602, Huggingface 
1602, Keras 
1602, LightGBM 
1602, PyTorch 
1602, PyTorch Lightning 
1602, Caret 
1602,  Scikit-learn 
1602,  TensorFlow 
1603,  Scikit-learn 
1603, Xgboost 
1604, Huggingface 
1604,  TensorFlow 
1604, Xgboost 
1604, Keras 
1604, PyTorch 
1604,  Scikit-learn 
1606,  TensorFlow 
1606, Xgboost 
1606,  Scikit-learn 
1607,  Scikit-learn 
1608,  TensorFlow 
1608, Huggingface 
1608, Xgboost 
1608,  Scikit-learn 
1608, PyTorch 
1608, Caret 
1608, Keras 
1609, Keras 
1609,  TensorFlow 
1610, Xgboost 
1610, Keras 
1610,  TensorFlow 
1610,  Scikit-learn 
1610, LightGBM 
1610, Caret 
1614,  Scikit-learn 
1615, PyTorch 
1615, Keras 
1615,  Scikit-learn 
1615,  TensorFlow 
1615, Xgboost 
1616, Fast.ai 
1616, PyTorch 
1616,  TensorFlow 
1619, CatBoost 
1619, PyTorch 
1619, Xgboost 
1619, LightGBM 
1619,  Scikit-learn 
1621, PyTorch 
1621,Other
1621, Keras 
1621,  Scikit-learn 
1622, Xgboost 
1622,  TensorFlow 
1622, Keras 
1622, PyTorch Lightning 
1622,  Scikit-learn 
1622, Huggingface 
1622, PyTorch 
1626, Keras 
1626,  TensorFlow 
1627, CatBoost 
1627, Xgboost 
1627, PyTorch 
1627,  TensorFlow 
1627, Keras 
1627,  Scikit-learn 
1627, LightGBM 
1628, Huggingface 
1628, Caret 
1628, PyTorch Lightning 
1630,  Scikit-learn 
1630, Xgboost 
1630, CatBoost 
1632, PyTorch 
1632,  Scikit-learn 
1632, Keras 
1632,  TensorFlow 
1634, Xgboost 
1634, Keras 
1634,  TensorFlow 
1634,  Scikit-learn 
1636, Tidymodels 
1636,  Scikit-learn 
1637, PyTorch 
1637,  TensorFlow 
1637, Fast.ai 
1637, Keras 
1637,  Scikit-learn 
1638, Keras 
1638, Xgboost 
1638,  Scikit-learn 
1638,  TensorFlow 
1640, CatBoost 
1640, Keras 
1640,  Scikit-learn 
1640, Xgboost 
1640,  TensorFlow 
1642, PyTorch 
1642,  Scikit-learn 
1642,  TensorFlow 
1645, Tidymodels 
1645,  Scikit-learn 
1646,  Scikit-learn 
1646, CatBoost 
1647, PyTorch 
1647, JAX 
1647,  TensorFlow 
1647,  Scikit-learn 
1648,  Scikit-learn 
1648,  TensorFlow 
1648, Keras 
1649,  TensorFlow 
1649,  Scikit-learn 
1651,  TensorFlow 
1651,  Scikit-learn 
1651, Xgboost 
1652, PyTorch 
1652, Keras 
1652,  Scikit-learn 
1652,  TensorFlow 
1653,Other
1653,  Scikit-learn 
1654, PyTorch 
1655, Keras 
1655,  Scikit-learn 
1655, Huggingface 
1655, PyTorch 
1655,  TensorFlow 
1656, Xgboost 
1656,  Scikit-learn 
1657,  Scikit-learn 
1657,  TensorFlow 
1657, PyTorch 
1657, Keras 
1657, Caret 
1662, Keras 
1662, PyTorch 
1663, Caret 
1663, Tidymodels 
1663,  Scikit-learn 
1665, Keras 
1665,  TensorFlow 
1665, PyTorch 
1667, PyTorch 
1667, Keras 
1667,  Scikit-learn 
1667,  TensorFlow 
1670, PyTorch Lightning 
1670, PyTorch 
1670,  Scikit-learn 
1670, Keras 
1670,  TensorFlow 
1671, PyTorch Lightning 
1671, PyTorch 
1671,  TensorFlow 
1671, Keras 
1671,  Scikit-learn 
1672,  Scikit-learn 
1673,  Scikit-learn 
1674,  Scikit-learn 
1675,  TensorFlow 
1675,  Scikit-learn 
1675, PyTorch 
1675, Keras 
1676, Keras 
1678,  TensorFlow 
1678,  Scikit-learn 
1678, Keras 
1680,  Scikit-learn 
1680,  TensorFlow 
1680, Xgboost 
1683,  Scikit-learn 
1685, PyTorch 
1685,  Scikit-learn 
1685,  TensorFlow 
1686,  TensorFlow 
1686, PyTorch 
1687, Keras 
1687,  TensorFlow 
1689,  TensorFlow 
1689,  Scikit-learn 
1689, Keras 
1690, Keras 
1690,  Scikit-learn 
1690,  TensorFlow 
1692,  TensorFlow 
1692,  Scikit-learn 
1693,Other
1694,  Scikit-learn 
1695,  Scikit-learn 
1697, Keras 
1697,  Scikit-learn 
1697, Xgboost 
1697, LightGBM 
1697,  TensorFlow 
1698,  Scikit-learn 
1698, PyTorch 
1699, Keras 
1699,  Scikit-learn 
1700, Keras 
1700,  TensorFlow 
1700, CatBoost 
1700, LightGBM 
1701, Fast.ai 
1701, Keras 
1701,  TensorFlow 
1701,  Scikit-learn 
1702,  Scikit-learn 
1702, Xgboost 
1709,  TensorFlow 
1709,  Scikit-learn 
1711,  TensorFlow 
1711, Keras 
1712,  Scikit-learn 
1713,  Scikit-learn 
1714, PyTorch Lightning 
1714,  TensorFlow 
1714,  Scikit-learn 
1715,  TensorFlow 
1715, Keras 
1715, Xgboost 
1715, PyTorch 
1715,  Scikit-learn 
1715, CatBoost 
1716, Keras 
1716,  TensorFlow 
1716,  Scikit-learn 
1717,  TensorFlow 
1723, Caret 
1723,  Scikit-learn 
1723, Keras 
1724,  Scikit-learn 
1724, PyTorch 
1725, PyTorch 
1726,  TensorFlow 
1726,  Scikit-learn 
1732, Keras 
1732,  Scikit-learn 
1732, Xgboost 
1732,  TensorFlow 
1735,  Scikit-learn 
1735, Xgboost 
1736, Xgboost 
1736, LightGBM 
1737, Keras 
1737,  TensorFlow 
1738,  Scikit-learn 
1740,  TensorFlow 
1740, Keras 
1744, Keras 
1744,  TensorFlow 
1745,  Scikit-learn 
1745,  TensorFlow 
1745, Keras 
1746,  Scikit-learn 
1747,  Scikit-learn 
1748,  Scikit-learn 
1748,  TensorFlow 
1748, Keras 
1748, PyTorch 
1748, Xgboost 
1751, Keras 
1751, Xgboost 
1751,  Scikit-learn 
1751, PyTorch 
1751,  TensorFlow 
1752, Xgboost 
1752, CatBoost 
1752,  Scikit-learn 
1754, Keras 
1754, PyTorch 
1754,  TensorFlow 
1754,  Scikit-learn 
1755,  TensorFlow 
1755, CatBoost 
1755, Xgboost 
1755,  Scikit-learn 
1755, Keras 
1755, Caret 
1756,  TensorFlow 
1756, Xgboost 
1756, Keras 
1756, PyTorch 
1756, Huggingface 
1756,  Scikit-learn 
1757,  TensorFlow 
1757,  Scikit-learn 
1758,  Scikit-learn 
1758, PyTorch 
1758, Keras 
1758,  TensorFlow 
1761,  TensorFlow 
1761, PyTorch 
1762,  Scikit-learn 
1762,  TensorFlow 
1763,  Scikit-learn 
1765,  Scikit-learn 
1765, LightGBM 
1765, Keras 
1765, CatBoost 
1765, PyTorch 
1765, Xgboost 
1766,  Scikit-learn 
1766,  TensorFlow 
1766, Xgboost 
1766, Keras 
1768,  Scikit-learn 
1769, Keras 
1769, PyTorch 
1769,  TensorFlow 
1769,  Scikit-learn 
1770, Keras 
1771, PyTorch 
1771, Tidymodels 
1771, Xgboost 
1771, Keras 
1771, CatBoost 
1771,  Scikit-learn 
1771,  TensorFlow 
1771, LightGBM 
1771, Caret 
1772,  Scikit-learn 
1773, Keras 
1773, PyTorch 
1774,  Scikit-learn 
1774, Xgboost 
1774, LightGBM 
1775, Caret 
1775, Keras 
1775,  TensorFlow 
1775,  Scikit-learn 
1775, Xgboost 
1775, LightGBM 
1776,  Scikit-learn 
1776, PyTorch 
1776, Keras 
1778,  Scikit-learn 
1778, Keras 
1778, Xgboost 
1778,  TensorFlow 
1779,  TensorFlow 
1779, Keras 
1779,  Scikit-learn 
1780, JAX 
1782, Keras 
1782, PyTorch 
1782,  Scikit-learn 
1782,  TensorFlow 
1783, Xgboost 
1783,  Scikit-learn 
1786,  Scikit-learn 
1787, PyTorch Lightning 
1787, PyTorch 
1787,  Scikit-learn 
1788,  Scikit-learn 
1788,  TensorFlow 
1789, LightGBM 
1789, CatBoost 
1789, Xgboost 
1789,  Scikit-learn 
1789,  TensorFlow 
1790, Xgboost 
1790,  TensorFlow 
1790, LightGBM 
1790,  Scikit-learn 
1791, PyTorch 
1791, PyTorch Lightning 
1791,  Scikit-learn 
1793,  Scikit-learn 
1794, Keras 
1794,  TensorFlow 
1800, LightGBM 
1800,  Scikit-learn 
1802, Keras 
1802, Tidymodels 
1802, Caret 
1802, LightGBM 
1802, CatBoost 
1802, Xgboost 
1802,  TensorFlow 
1802,  Scikit-learn 
1803,  TensorFlow 
1803, Keras 
1803,  Scikit-learn 
1804,  Scikit-learn 
1811, Xgboost 
1811,  Scikit-learn 
1811, Huggingface 
1811,  TensorFlow 
1811, PyTorch 
1812,Other
1812,  Scikit-learn 
1813, Xgboost 
1813,  Scikit-learn 
1814, Keras 
1814, LightGBM 
1814,  TensorFlow 
1814, Xgboost 
1814,  Scikit-learn 
1816, LightGBM 
1816,  TensorFlow 
1816, CatBoost 
1816, Xgboost 
1816,  Scikit-learn 
1816, Keras 
1817,  Scikit-learn 
1819,  Scikit-learn 
1819, Keras 
1819, Xgboost 
1819,  TensorFlow 
1820, Xgboost 
1820,  Scikit-learn 
1820,  TensorFlow 
1820, Keras 
1821,  Scikit-learn 
1821, Xgboost 
1821, LightGBM 
1824, Keras 
1824,  TensorFlow 
1825, Keras 
1825,  TensorFlow 
1825, Huggingface 
1825,  Scikit-learn 
1827,  Scikit-learn 
1829, Keras 
1829, PyTorch 
1829,  TensorFlow 
1829,  Scikit-learn 
1829, Xgboost 
1830,  Scikit-learn 
1830,  TensorFlow 
1830, PyTorch 
1830, Keras 
1831, Keras 
1831, PyTorch Lightning 
1831,  TensorFlow 
1832,  Scikit-learn 
1833,  TensorFlow 
1833, Xgboost 
1833, Keras 
1833,  Scikit-learn 
1834, JAX 
1834, Keras 
1835, Keras 
1835, PyTorch 
1835,  TensorFlow 
1835,  Scikit-learn 
1838,  Scikit-learn 
1838, Xgboost 
1838, CatBoost 
1838, LightGBM 
1839,  Scikit-learn 
1840,  Scikit-learn 
1840, PyTorch 
1840,  TensorFlow 
1840, Keras 
1841,  TensorFlow 
1841, Caret 
1841, Keras 
1841,  Scikit-learn 
1844, Fast.ai 
1844,  Scikit-learn 
1845, LightGBM 
1845,  Scikit-learn 
1846,  TensorFlow 
1846, Keras 
1848,  Scikit-learn 
1848, Keras 
1848,  TensorFlow 
1849,  Scikit-learn 
1849, Fast.ai 
1849,  TensorFlow 
1849, PyTorch 
1849, Keras 
1851,Other
1851,  Scikit-learn 
1853,  Scikit-learn 
1856, Keras 
1856, PyTorch 
1856,  TensorFlow 
1856,  Scikit-learn 
1857, Keras 
1857,  TensorFlow 
1859, Tidymodels 
1859, CatBoost 
1859,  Scikit-learn 
1859, PyTorch Lightning 
1859,  TensorFlow 
1859, Caret 
1859, Keras 
1859, PyTorch 
1859, Huggingface 
1860,  Scikit-learn 
1860, PyTorch 
1860,  TensorFlow 
1861, Keras 
1861,  TensorFlow 
1863,  TensorFlow 
1863,  Scikit-learn 
1863, PyTorch 
1863, Xgboost 
1864,  Scikit-learn 
1865,  Scikit-learn 
1865, PyTorch 
1866, Keras 
1866,  TensorFlow 
1866,  Scikit-learn 
1867,  Scikit-learn 
1867, Caret 
1868,  Scikit-learn 
1868, Xgboost 
1868, LightGBM 
1868, Caret 
1868,  TensorFlow 
1868, PyTorch 
1868, Keras 
1868, Huggingface 
1872, Keras 
1872,  TensorFlow 
1872,  Scikit-learn 
1873, Xgboost 
1875,  Scikit-learn 
1875,  TensorFlow 
1876, LightGBM 
1876, CatBoost 
1876, Xgboost 
1876, PyTorch 
1876, Keras 
1876,  TensorFlow 
1876, PyTorch Lightning 
1876,  Scikit-learn 
1878,  Scikit-learn 
1879, Keras 
1879,  TensorFlow 
1879,  Scikit-learn 
1879, Xgboost 
1880, PyTorch 
1880,  Scikit-learn 
1881,  Scikit-learn 
1882,  Scikit-learn 
1883, PyTorch 
1883,  TensorFlow 
1883,  Scikit-learn 
1884, Keras 
1884, LightGBM 
1884,  Scikit-learn 
1884, Xgboost 
1884, PyTorch 
1884,  TensorFlow 
1885, Keras 
1885,  TensorFlow 
1886, Xgboost 
1886,  Scikit-learn 
1887, PyTorch 
1887,  Scikit-learn 
1888, Keras 
1888,  TensorFlow 
1888,  Scikit-learn 
1889, Xgboost 
1889,  Scikit-learn 
1891, Keras 
1891,  TensorFlow 
1891,  Scikit-learn 
1891, LightGBM 
1894,  Scikit-learn 
1896,  Scikit-learn 
1898, Caret 
1899,  Scikit-learn 
1900, Keras 
1900, Huggingface 
1900, LightGBM 
1900,  TensorFlow 
1900, Xgboost 
1900,  Scikit-learn 
1900, Caret 
1901,  Scikit-learn 
1901,  TensorFlow 
1901, Keras 
1902,  TensorFlow 
1902, PyTorch 
1903,  Scikit-learn 
1903,  TensorFlow 
1904, LightGBM 
1904,  TensorFlow 
1904,  Scikit-learn 
1904, PyTorch 
1904, CatBoost 
1904, Xgboost 
1904, Keras 
1907, PyTorch 
1908,  TensorFlow 
1908, LightGBM 
1908, PyTorch 
1908,  Scikit-learn 
1908, Xgboost 
1909,  Scikit-learn 
1909, Keras 
1909,  TensorFlow 
1910,  TensorFlow 
1910, Keras 
1910,  Scikit-learn 
1911,  Scikit-learn 
1912,  TensorFlow 
1914,  TensorFlow 
1914,  Scikit-learn 
1914, Keras 
1915, Xgboost 
1915, PyTorch Lightning 
1915, Keras 
1915,  Scikit-learn 
1916, Fast.ai 
1916, Huggingface 
1916, PyTorch 
1916, Caret 
1917,  Scikit-learn 
1917, Xgboost 
1918,Other
1918, LightGBM 
1918,  Scikit-learn 
1919, LightGBM 
1919,  Scikit-learn 
1919, Xgboost 
1919, PyTorch 
1920,  TensorFlow 
1921, Xgboost 
1921,  Scikit-learn 
1922, PyTorch Lightning 
1922,Other
1922, PyTorch 
1922,  TensorFlow 
1922, Huggingface 
1923,  TensorFlow 
1923,  Scikit-learn 
1924, Xgboost 
1924,  TensorFlow 
1924, CatBoost 
1924, Keras 
1924, LightGBM 
1924, PyTorch 
1924,  Scikit-learn 
1925, Xgboost 
1925,  Scikit-learn 
1926,  Scikit-learn 
1926,  TensorFlow 
1926, PyTorch 
1927, PyTorch 
1927, Huggingface 
1927, LightGBM 
1927, Keras 
1927, Fast.ai 
1927, PyTorch Lightning 
1927,  Scikit-learn 
1927, CatBoost 
1927,  TensorFlow 
1927, Xgboost 
1929, Caret 
1930, Huggingface 
1930, JAX 
1930, LightGBM 
1931, Keras 
1931,  Scikit-learn 
1931,  TensorFlow 
1933, PyTorch 
1933,  Scikit-learn 
1933, Caret 
1933, Xgboost 
1933,  TensorFlow 
1933, JAX 
1933, PyTorch Lightning 
1933, LightGBM 
1933, Tidymodels 
1933, Huggingface 
1933, Fast.ai 
1933, Keras 
1933, CatBoost 
1934,  Scikit-learn 
1934, Keras 
1934, Xgboost 
1934,  TensorFlow 
1935,  TensorFlow 
1938, CatBoost 
1938,  Scikit-learn 
1940, Xgboost 
1943, Xgboost 
1946, Xgboost 
1946, LightGBM 
1946,  Scikit-learn 
1946, Keras 
1947,  Scikit-learn 
1949,  Scikit-learn 
1949, PyTorch 
1949, Keras 
1949, LightGBM 
1949,  TensorFlow 
1949, Xgboost 
1950,  TensorFlow 
1950, PyTorch 
1950, Keras 
1952,  Scikit-learn 
1952, PyTorch 
1952, Xgboost 
1952,  TensorFlow 
1953, Keras 
1953,  TensorFlow 
1956,  TensorFlow 
1956,  Scikit-learn 
1956, Keras 
1957, LightGBM 
1957, Xgboost 
1957,  Scikit-learn 
1957, Keras 
1958, Keras 
1958,Other
1959,  Scikit-learn 
1961,  Scikit-learn 
1963, PyTorch Lightning 
1963, PyTorch 
1966,  TensorFlow 
1966, Keras 
1966, PyTorch 
1966,  Scikit-learn 
1966, Xgboost 
1967, Keras 
1967,  TensorFlow 
1967, PyTorch 
1968,  Scikit-learn 
1968, Xgboost 
1972,  TensorFlow 
1972, PyTorch 
1972,  Scikit-learn 
1972, Keras 
1974, Keras 
1974,  TensorFlow 
1974, CatBoost 
1974, Xgboost 
1974,  Scikit-learn 
1974, Huggingface 
1975,  Scikit-learn 
1975, LightGBM 
1975, Xgboost 
1978,  Scikit-learn 
1979, Xgboost 
1979,  Scikit-learn 
1979, LightGBM 
1979, CatBoost 
1980, JAX 
1981, LightGBM 
1981, CatBoost 
1981, Xgboost 
1981,  Scikit-learn 
1981, Caret 
1982,  Scikit-learn 
1982, PyTorch 
1982, Keras 
1983,  Scikit-learn 
1983,  TensorFlow 
1983, Keras 
1984,  TensorFlow 
1986, PyTorch 
1986,  Scikit-learn 
1988, Keras 
1988,  TensorFlow 
1988,  Scikit-learn 
1988, Xgboost 
1989, JAX 
1989,  TensorFlow 
1989, PyTorch 
1990,  TensorFlow 
1990,  Scikit-learn 
1990, Keras 
1990, PyTorch 
1991,  Scikit-learn 
1992, Keras 
1992,  Scikit-learn 
1992,  TensorFlow 
1993,  Scikit-learn 
1993, LightGBM 
1993, CatBoost 
1993, Xgboost 
1994,Other
1995,  TensorFlow 
1995, Keras 
1996, Xgboost 
1996,  Scikit-learn 
1997,  Scikit-learn 
1998, PyTorch 
2002,  TensorFlow 
2002,  Scikit-learn 
2002, Keras 
2004,  TensorFlow 
2005,  Scikit-learn 
2005,  TensorFlow 
2005, Keras 
2005, PyTorch 
2006, PyTorch 
2006, Keras 
2006,  TensorFlow 
2007,  Scikit-learn 
2007, Xgboost 
2007, Keras 
2007,  TensorFlow 
2011,  Scikit-learn 
2012, PyTorch 
2012,  TensorFlow 
2012, Keras 
2012,  Scikit-learn 
2013, CatBoost 
2013,  Scikit-learn 
2013, LightGBM 
2014,  TensorFlow 
2014, Keras 
2014, PyTorch 
2015, Huggingface 
2015, PyTorch 
2015, Fast.ai 
2016, Keras 
2016, LightGBM 
2016,  Scikit-learn 
2017,  TensorFlow 
2017,  Scikit-learn 
2017, Xgboost 
2017, Keras 
2017, PyTorch 
2019,  Scikit-learn 
2020, Tidymodels 
2022, LightGBM 
2022, Huggingface 
2025,  TensorFlow 
2025, Keras 
2025,  Scikit-learn 
2026, LightGBM 
2026, Xgboost 
2026,  Scikit-learn 
2028,  TensorFlow 
2028, Keras 
2028, PyTorch 
2029,  Scikit-learn 
2030, PyTorch 
2030, Huggingface 
2030, Xgboost 
2030,  Scikit-learn 
2032,  Scikit-learn 
2032, PyTorch 
2032, Keras 
2033,  Scikit-learn 
2034,  Scikit-learn 
2034, Keras 
2036, Xgboost 
2036,  TensorFlow 
2036, LightGBM 
2036, CatBoost 
2036, Keras 
2036,  Scikit-learn 
2037,  Scikit-learn 
2038, Keras 
2038,  TensorFlow 
2038,  Scikit-learn 
2039,  TensorFlow 
2040, Xgboost 
2040, PyTorch 
2040, LightGBM 
2040,  Scikit-learn 
2040, CatBoost 
2040, Huggingface 
2040, JAX 
2041,Other
2043,  Scikit-learn 
2044,Other
2045, Keras 
2045,  Scikit-learn 
2045,  TensorFlow 
2047,  TensorFlow 
2047,Other
2048, Xgboost 
2048,  TensorFlow 
2048, Caret 
2048, Keras 
2049, Keras 
2049, Xgboost 
2049, PyTorch 
2049,  TensorFlow 
2049,  Scikit-learn 
2049, Caret 
2050,  TensorFlow 
2050, PyTorch Lightning 
2051, Tidymodels 
2051,  Scikit-learn 
2054,  TensorFlow 
2054, Keras 
2054,  Scikit-learn 
2055, Keras 
2055, Xgboost 
2055,  Scikit-learn 
2056,  Scikit-learn 
2056, JAX 
2056, PyTorch Lightning 
2056, Xgboost 
2056, Tidymodels 
2056, CatBoost 
2056,  TensorFlow 
2056, LightGBM 
2056, PyTorch 
2056, Caret 
2056, Keras 
2056, Fast.ai 
2056, Huggingface 
2057,  Scikit-learn 
2057,  TensorFlow 
2057, Keras 
2058, Xgboost 
2058,  Scikit-learn 
2059, PyTorch 
2060, Xgboost 
2060, PyTorch Lightning 
2060,  Scikit-learn 
2060,  TensorFlow 
2060, PyTorch 
2060, Keras 
2061,  Scikit-learn 
2062,  Scikit-learn 
2063,  TensorFlow 
2063, Keras 
2063,  Scikit-learn 
2064,  TensorFlow 
2064,  Scikit-learn 
2064, Xgboost 
2068, LightGBM 
2068,  Scikit-learn 
2068, Keras 
2068,  TensorFlow 
2070, PyTorch 
2070, Huggingface 
2071,  Scikit-learn 
2071, Keras 
2072, Caret 
2072,  Scikit-learn 
2072, Tidymodels 
2073, PyTorch 
2075, Xgboost 
2077, Huggingface 
2077, LightGBM 
2077, PyTorch 
2077,  TensorFlow 
2077,  Scikit-learn 
2079, Huggingface 
2079, Xgboost 
2079, Caret 
2079,  Scikit-learn 
2079, Tidymodels 
2080,Other
2080,  Scikit-learn 
2082,  Scikit-learn 
2082, Tidymodels 
2083,  TensorFlow 
2083,  Scikit-learn 
2083, PyTorch 
2084,  Scikit-learn 
2084, Keras 
2084, PyTorch 
2085, LightGBM 
2085, Xgboost 
2086, Keras 
2086, PyTorch 
2086,  TensorFlow 
2086,  Scikit-learn 
2089, Huggingface 
2089,  Scikit-learn 
2091, Keras 
2091,  TensorFlow 
2091,  Scikit-learn 
2092,  Scikit-learn 
2092, Xgboost 
2092,  TensorFlow 
2092, Keras 
2095, Keras 
2095,  TensorFlow 
2095,  Scikit-learn 
2095, Xgboost 
2095, PyTorch Lightning 
2096,  Scikit-learn 
2096, PyTorch 
2097, PyTorch 
2097,  TensorFlow 
2097, Keras 
2097, Xgboost 
2097,  Scikit-learn 
2098,  Scikit-learn 
2100,  Scikit-learn 
2100,Other
2100, Xgboost 
2101,  TensorFlow 
2102,  Scikit-learn 
2106,  Scikit-learn 
2106,  TensorFlow 
2106, PyTorch 
2106, Keras 
2107,  TensorFlow 
2107, Keras 
2108, PyTorch 
2108, Fast.ai 
2108, Keras 
2108, Xgboost 
2108,  Scikit-learn 
2108,  TensorFlow 
2108, Tidymodels 
2109, Keras 
2109, Xgboost 
2109,  Scikit-learn 
2112, PyTorch 
2112, Huggingface 
2112, LightGBM 
2112,  Scikit-learn 
2112, Xgboost 
2113,  Scikit-learn 
2113, CatBoost 
2113, Caret 
2113, PyTorch 
2113,  TensorFlow 
2113, LightGBM 
2113, Tidymodels 
2113, Xgboost 
2116, Keras 
2116, CatBoost 
2116,  TensorFlow 
2116, Xgboost 
2116,  Scikit-learn 
2116, PyTorch 
2119, PyTorch 
2119, Fast.ai 
2119, Xgboost 
2119,  Scikit-learn 
2121, Keras 
2121,Other
2122,  Scikit-learn 
2122, Caret 
2123,  Scikit-learn 
2125, Keras 
2125,  TensorFlow 
2125,  Scikit-learn 
2125, PyTorch Lightning 
2125, PyTorch 
2130,  TensorFlow 
2130, Keras 
2131,  TensorFlow 
2131,  Scikit-learn 
2131, LightGBM 
2132,  TensorFlow 
2132,  Scikit-learn 
2132, Keras 
2134, LightGBM 
2134,  Scikit-learn 
2134, Xgboost 
2136,  TensorFlow 
2137,  Scikit-learn 
2137, Caret 
2137, Xgboost 
2138, Fast.ai 
2139,  Scikit-learn 
2140,  Scikit-learn 
2140,  TensorFlow 
2140, PyTorch 
2140, Huggingface 
2140, Keras 
2142, PyTorch 
2142, Keras 
2142,  Scikit-learn 
2144, LightGBM 
2144, Xgboost 
2144,Other
2145, PyTorch 
2147, CatBoost 
2147, PyTorch Lightning 
2147,  Scikit-learn 
2148,  Scikit-learn 
2148,  TensorFlow 
2148, Xgboost 
2149, Xgboost 
2149,  Scikit-learn 
2150, Caret 
2153, Keras 
2153,  TensorFlow 
2156,  TensorFlow 
2156,  Scikit-learn 
2158,  TensorFlow 
2160, PyTorch Lightning 
2161,  TensorFlow 
2161, Xgboost 
2162,  Scikit-learn 
2163,  Scikit-learn 
2164, Keras 
2164,  TensorFlow 
2164,  Scikit-learn 
2165, LightGBM 
2165, Xgboost 
2165, PyTorch Lightning 
2165, PyTorch 
2167,  Scikit-learn 
2170, Tidymodels 
2170,  TensorFlow 
2171, PyTorch 
2173,  Scikit-learn 
2173, PyTorch 
2173,  TensorFlow 
2177, LightGBM 
2177, Fast.ai 
2177,  Scikit-learn 
2177, Xgboost 
2177, PyTorch 
2181,  Scikit-learn 
2181, PyTorch 
2181, Keras 
2182,  Scikit-learn 
2183, LightGBM 
2183, Xgboost 
2183,  Scikit-learn 
2183, CatBoost 
2183, Caret 
2183, Tidymodels 
2186,  Scikit-learn 
2187, Keras 
2187,  TensorFlow 
2187,  Scikit-learn 
2188, Keras 
2188,  TensorFlow 
2188,  Scikit-learn 
2191, PyTorch Lightning 
2191,  TensorFlow 
2191, PyTorch 
2191, Keras 
2192,  Scikit-learn 
2193, PyTorch 
2193,  Scikit-learn 
2193,  TensorFlow 
2193, Keras 
2196,  Scikit-learn 
2197,  Scikit-learn 
2197, Keras 
2197,  TensorFlow 
2198,  TensorFlow 
2198,  Scikit-learn 
2199, Fast.ai 
2201,  Scikit-learn 
2201, Xgboost 
2201, PyTorch 
2201,  TensorFlow 
2201, Huggingface 
2201, Keras 
2203, Tidymodels 
2207,  Scikit-learn 
2207, Xgboost 
2207, Keras 
2207, Tidymodels 
2207, CatBoost 
2207,  TensorFlow 
2207, PyTorch 
2207, LightGBM 
2208,  Scikit-learn 
2208, PyTorch 
2208,  TensorFlow 
2208, Xgboost 
2210, Tidymodels 
2210, Xgboost 
2211, Keras 
2211,  TensorFlow 
2211,  Scikit-learn 
2211, Xgboost 
2214,  Scikit-learn 
2216, Xgboost 
2216,  Scikit-learn 
2216, Keras 
2216, CatBoost 
2216,  TensorFlow 
2217, Keras 
2217,  Scikit-learn 
2217,  TensorFlow 
2218, PyTorch 
2219,  Scikit-learn 
2219, Huggingface 
2219, Xgboost 
2219, LightGBM 
2219, Keras 
2219,  TensorFlow 
2220,  Scikit-learn 
2221, PyTorch 
2223, Keras 
2223,  Scikit-learn 
2223,  TensorFlow 
2223, Xgboost 
2225, PyTorch 
2225,  TensorFlow 
2226,  Scikit-learn 
2226, Tidymodels 
2227, Keras 
2227,  Scikit-learn 
2227, PyTorch 
2227,  TensorFlow 
2227, PyTorch Lightning 
2228,Other
2229,  Scikit-learn 
2229,  TensorFlow 
2229, Keras 
2231, PyTorch 
2231, PyTorch Lightning 
2231, Keras 
2231, JAX 
2231,  TensorFlow 
2231, Xgboost 
2231,  Scikit-learn 
2232,  TensorFlow 
2234,  Scikit-learn 
2238,  TensorFlow 
2238,  Scikit-learn 
2243,  Scikit-learn 
2244, Keras 
2244,  Scikit-learn 
2244, Huggingface 
2244,  TensorFlow 
2246,  Scikit-learn 
2249,  TensorFlow 
2249, PyTorch 
2249,  Scikit-learn 
2249, Keras 
2250, LightGBM 
2250, Xgboost 
2250,  Scikit-learn 
2250, PyTorch 
2250, Fast.ai 
2250, Caret 
2250, PyTorch Lightning 
2250,  TensorFlow 
2250, Keras 
2251, Xgboost 
2251, Keras 
2251,  Scikit-learn 
2251,  TensorFlow 
2253,  TensorFlow 
2254,  TensorFlow 
2254, Keras 
2255, Keras 
2255,  Scikit-learn 
2255,  TensorFlow 
2256,  Scikit-learn 
2259,Other
2259, PyTorch 
2259, Xgboost 
2259,  Scikit-learn 
2261,  TensorFlow 
2261,  Scikit-learn 
2261, Keras 
2261, PyTorch 
2262, Huggingface 
2262, Fast.ai 
2262, PyTorch 
2262, LightGBM 
2262,  Scikit-learn 
2262, Xgboost 
2262, CatBoost 
2262,  TensorFlow 
2265,  Scikit-learn 
2266, Huggingface 
2266, PyTorch 
2266,  Scikit-learn 
2267, Huggingface 
2268, Keras 
2268,  TensorFlow 
2268, PyTorch 
2268,  Scikit-learn 
2268, Xgboost 
2269, Xgboost 
2269,  Scikit-learn 
2269, Keras 
2269,  TensorFlow 
2273,  TensorFlow 
2275, PyTorch 
2275,  Scikit-learn 
2276, Keras 
2276,  Scikit-learn 
2276,  TensorFlow 
2277, PyTorch 
2277, Huggingface 
2277,  TensorFlow 
2277,  Scikit-learn 
2278,  TensorFlow 
2278,  Scikit-learn 
2278, Keras 
2278, Xgboost 
2280,  Scikit-learn 
2280,  TensorFlow 
2280, Keras 
2282,  Scikit-learn 
2283, Keras 
2283,  TensorFlow 
2285,  TensorFlow 
2285,  Scikit-learn 
2285, Keras 
2286,  Scikit-learn 
2287,  Scikit-learn 
2288, PyTorch 
2288,  TensorFlow 
2289, Keras 
2289, Tidymodels 
2289, Caret 
2290, Keras 
2290,  TensorFlow 
2290, Caret 
2290,  Scikit-learn 
2292,  Scikit-learn 
2292, Huggingface 
2292, Xgboost 
2292, PyTorch 
2292,  TensorFlow 
2292, Keras 
2293, PyTorch 
2293,  TensorFlow 
2293, PyTorch Lightning 
2293,  Scikit-learn 
2293, Huggingface 
2294, PyTorch 
2294,  TensorFlow 
2294,  Scikit-learn 
2294, Keras 
2295,  TensorFlow 
2295, LightGBM 
2295,  Scikit-learn 
2295, PyTorch 
2295, Huggingface 
2295, Keras 
2300, Keras 
2300,  Scikit-learn 
2300, PyTorch 
2301, Keras 
2301,  TensorFlow 
2301,  Scikit-learn 
2304,  TensorFlow 
2304, PyTorch 
2306,  Scikit-learn 
2308,  Scikit-learn 
2311, Keras 
2311, PyTorch 
2311,  TensorFlow 
2311,  Scikit-learn 
2313,Other
2314,  Scikit-learn 
2314,  TensorFlow 
2314, Keras 
2315, Keras 
2315,  Scikit-learn 
2315, Huggingface 
2315,  TensorFlow 
2315, Xgboost 
2316, Keras 
2316,  TensorFlow 
2318,  Scikit-learn 
2319,  TensorFlow 
2319, Keras 
2321, PyTorch 
2321, PyTorch Lightning 
2322, Keras 
2323,  Scikit-learn 
2323, Caret 
2323,  TensorFlow 
2323, Xgboost 
2323, PyTorch 
2324,  Scikit-learn 
2324, Keras 
2324,  TensorFlow 
2324, Xgboost 
2326, Fast.ai 
2326, Xgboost 
2326, Keras 
2326,  TensorFlow 
2326,  Scikit-learn 
2327,Other
2329,  TensorFlow 
2329, Xgboost 
2329,  Scikit-learn 
2329, Keras 
2330,  Scikit-learn 
2330,  TensorFlow 
2331, LightGBM 
2331,  Scikit-learn 
2331, Xgboost 
2332, Xgboost 
2332,  Scikit-learn 
2333,  TensorFlow 
2333, Xgboost 
2333,  Scikit-learn 
2333, Keras 
2335, Keras 
2335, Xgboost 
2335,  TensorFlow 
2335,  Scikit-learn 
2335, PyTorch 
2335, Caret 
2335, Tidymodels 
2337,Other
2337, Tidymodels 
2337, Caret 
2338,  Scikit-learn 
2339,  Scikit-learn 
2340, Keras 
2340, Caret 
2340,  TensorFlow 
2340, Xgboost 
2340,  Scikit-learn 
2342,  TensorFlow 
2342, PyTorch 
2342, Xgboost 
2342,  Scikit-learn 
2343,Other
2344, Keras 
2344,  Scikit-learn 
2345,  Scikit-learn 
2347, PyTorch 
2347,  Scikit-learn 
2347, Xgboost 
2347, LightGBM 
2348, Keras 
2348, PyTorch Lightning 
2348,  TensorFlow 
2348,  Scikit-learn 
2348, PyTorch 
2348, Xgboost 
2349,  Scikit-learn 
2349,  TensorFlow 
2349, Keras 
2352, Xgboost 
2352, LightGBM 
2353, Keras 
2353, PyTorch 
2353,  TensorFlow 
2354,  Scikit-learn 
2354,  TensorFlow 
2355, Xgboost 
2355,  TensorFlow 
2355, Keras 
2355,  Scikit-learn 
2355, LightGBM 
2356,  Scikit-learn 
2357, Xgboost 
2357, Caret 
2357, PyTorch 
2357,  TensorFlow 
2357, CatBoost 
2357, Keras 
2357,  Scikit-learn 
2357, PyTorch Lightning 
2357, LightGBM 
2357, Huggingface 
2359, Fast.ai 
2360,  Scikit-learn 
2361,  Scikit-learn 
2361, PyTorch 
2361, Xgboost 
2361,  TensorFlow 
2362,  Scikit-learn 
2363, Xgboost 
2363, PyTorch Lightning 
2363, PyTorch 
2363,  Scikit-learn 
2365,  Scikit-learn 
2365, Xgboost 
2365, Keras 
2366, Keras 
2366, PyTorch 
2366,  TensorFlow 
2366,  Scikit-learn 
2368, Keras 
2368, LightGBM 
2368,  Scikit-learn 
2368,  TensorFlow 
2368, Fast.ai 
2368, Xgboost 
2369, Xgboost 
2369, Tidymodels 
2369,  Scikit-learn 
2369, Keras 
2369,  TensorFlow 
2370, Keras 
2372, Xgboost 
2372,  TensorFlow 
2372, PyTorch 
2372,  Scikit-learn 
2372, Keras 
2373,  TensorFlow 
2373, Keras 
2373, PyTorch 
2373,  Scikit-learn 
2374, Keras 
2374,  TensorFlow 
2374,  Scikit-learn 
2374, PyTorch 
2375, PyTorch 
2375,  Scikit-learn 
2376,  Scikit-learn 
2376, Xgboost 
2377, Keras 
2377,  TensorFlow 
2378, Xgboost 
2381,  Scikit-learn 
2381,  TensorFlow 
2381, Keras 
2382, Caret 
2382, Xgboost 
2382, Tidymodels 
2384,  Scikit-learn 
2384, Fast.ai 
2384, PyTorch 
2388, Xgboost 
2388, Keras 
2388,  TensorFlow 
2388,  Scikit-learn 
2389,  Scikit-learn 
2389, Xgboost 
2390, PyTorch Lightning 
2390, PyTorch 
2392,  Scikit-learn 
2396, PyTorch 
2396, Huggingface 
2396,  Scikit-learn 
2396,  TensorFlow 
2398, JAX 
2398, PyTorch 
2400,  Scikit-learn 
2401,  TensorFlow 
2401,  Scikit-learn 
2403,  Scikit-learn 
2407,Other
2408,  Scikit-learn 
2408,  TensorFlow 
2408, Keras 
2411,  Scikit-learn 
2411,  TensorFlow 
2412,  TensorFlow 
2412,  Scikit-learn 
2413, CatBoost 
2415,  TensorFlow 
2415, Keras 
2415,  Scikit-learn 
2416,  TensorFlow 
2416, Xgboost 
2416,  Scikit-learn 
2416, PyTorch 
2416, Keras 
2418,  Scikit-learn 
2418, PyTorch 
2419,  Scikit-learn 
2420, Keras 
2421,  Scikit-learn 
2422, PyTorch Lightning 
2422,  Scikit-learn 
2422, PyTorch 
2423, PyTorch 
2424,  Scikit-learn 
2425, Keras 
2425,  TensorFlow 
2426, PyTorch 
2427, Huggingface 
2427, PyTorch 
2427,  Scikit-learn 
2427,  TensorFlow 
2427, Xgboost 
2428,  Scikit-learn 
2430, Xgboost 
2430,  Scikit-learn 
2431,  Scikit-learn 
2432,  Scikit-learn 
2432,Other
2432,  TensorFlow 
2432, Keras 
2433, Keras 
2433,  Scikit-learn 
2433, PyTorch 
2433,  TensorFlow 
2434,  Scikit-learn 
2435,  TensorFlow 
2435,  Scikit-learn 
2436,Other
2437, PyTorch 
2437,  TensorFlow 
2439,  TensorFlow 
2439,  Scikit-learn 
2439, Keras 
2442,  Scikit-learn 
2443, CatBoost 
2446,  Scikit-learn 
2446,  TensorFlow 
2446, PyTorch Lightning 
2446, PyTorch 
2446, Keras 
2447,  Scikit-learn 
2447, Xgboost 
2447,  TensorFlow 
2447, CatBoost 
2447, Keras 
2449, Caret 
2449, Keras 
2449,  TensorFlow 
2449, Xgboost 
2449, PyTorch Lightning 
2449, LightGBM 
2449,  Scikit-learn 
2449, Huggingface 
2449, CatBoost 
2449, PyTorch 
2453, PyTorch 
2453, PyTorch Lightning 
2453,  TensorFlow 
2455,  Scikit-learn 
2455, Xgboost 
2456, LightGBM 
2456, PyTorch 
2456, JAX 
2456,  Scikit-learn 
2457,Other
2458,  Scikit-learn 
2458,  TensorFlow 
2458, Keras 
2459, PyTorch 
2459,  Scikit-learn 
2459, PyTorch Lightning 
2460, Xgboost 
2460,  Scikit-learn 
2460, PyTorch 
2462, PyTorch Lightning 
2462,  Scikit-learn 
2462, LightGBM 
2462, PyTorch 
2462, CatBoost 
2462, Xgboost 
2463, LightGBM 
2463, Xgboost 
2463,  Scikit-learn 
2464,  Scikit-learn 
2464, Xgboost 
2464, PyTorch 
2464, Fast.ai 
2464,  TensorFlow 
2464, Huggingface 
2466, LightGBM 
2466,  TensorFlow 
2466, Caret 
2466, CatBoost 
2466,  Scikit-learn 
2466, Xgboost 
2466, Keras 
2467, PyTorch 
2467, PyTorch Lightning 
2468,  Scikit-learn 
2468,  TensorFlow 
2471, Xgboost 
2471, Keras 
2471, PyTorch 
2471,  Scikit-learn 
2471,  TensorFlow 
2473, Tidymodels 
2474,  Scikit-learn 
2475,  Scikit-learn 
2476, PyTorch 
2476, PyTorch Lightning 
2478,  Scikit-learn 
2478, LightGBM 
2478, Xgboost 
2478, PyTorch 
2478,  TensorFlow 
2478, CatBoost 
2478, Keras 
2478, Huggingface 
2483, LightGBM 
2483,  Scikit-learn 
2483, Huggingface 
2483, PyTorch 
2484,Other
2485, Tidymodels 
2486,  TensorFlow 
2487, Fast.ai 
2488,  TensorFlow 
2489,  TensorFlow 
2491,  TensorFlow 
2491, PyTorch 
2491,  Scikit-learn 
2492,  Scikit-learn 
2495,  Scikit-learn 
2495, Keras 
2495, PyTorch 
2495,  TensorFlow 
2500, PyTorch 
2500,  TensorFlow 
2500, PyTorch Lightning 
2500, Huggingface 
2500, Xgboost 
2500, LightGBM 
2500,  Scikit-learn 
2501,  TensorFlow 
2501,  Scikit-learn 
2504, Keras 
2504,  TensorFlow 
2505,  Scikit-learn 
2506,  TensorFlow 
2508,  Scikit-learn 
2508, Caret 
2508, Fast.ai 
2508, CatBoost 
2508, Keras 
2508, Xgboost 
2508, LightGBM 
2510, Keras 
2510, PyTorch 
2510,  TensorFlow 
2510,  Scikit-learn 
2510, Fast.ai 
2514,  Scikit-learn 
2518,  Scikit-learn 
2518, Huggingface 
2518, LightGBM 
2518, Xgboost 
2518, PyTorch 
2518, CatBoost 
2518, Keras 
2518,  TensorFlow 
2519, Keras 
2519,  TensorFlow 
2519,  Scikit-learn 
2519, PyTorch 
2520,  Scikit-learn 
2521,  Scikit-learn 
2521, LightGBM 
2521,  TensorFlow 
2521, Keras 
2521, Xgboost 
2523,  Scikit-learn 
2523, PyTorch 
2525, PyTorch 
2525, Keras 
2525,  TensorFlow 
2526,  TensorFlow 
2527, Huggingface 
2527,  TensorFlow 
2527, PyTorch 
2527, Keras 
2528,  Scikit-learn 
2528, Xgboost 
2529, PyTorch Lightning 
2529, Xgboost 
2529, Keras 
2529,  Scikit-learn 
2529,  TensorFlow 
2529, LightGBM 
2530,  TensorFlow 
2531,  Scikit-learn 
2532,  Scikit-learn 
2532, Huggingface 
2534, Caret 
2534, JAX 
2534,  TensorFlow 
2534, Keras 
2534, LightGBM 
2535,  Scikit-learn 
2536,  Scikit-learn 
2536,  TensorFlow 
2537,  TensorFlow 
2537,  Scikit-learn 
2537, Xgboost 
2538, Keras 
2538,  TensorFlow 
2539,  TensorFlow 
2539, Keras 
2539, PyTorch 
2539,  Scikit-learn 
2540,  Scikit-learn 
2540, Keras 
2540, PyTorch 
2540,  TensorFlow 
2543,  Scikit-learn 
2544,  TensorFlow 
2544, Keras 
2544,  Scikit-learn 
2545, Xgboost 
2545, Keras 
2545, CatBoost 
2545,  Scikit-learn 
2545, Caret 
2545, LightGBM 
2546, Keras 
2546,  TensorFlow 
2546,  Scikit-learn 
2547, Xgboost 
2547,  Scikit-learn 
2547, Caret 
2550, PyTorch Lightning 
2550,  TensorFlow 
2552, Xgboost 
2554,  Scikit-learn 
2555,Other
2556,  Scikit-learn 
2556, PyTorch 
2558, PyTorch 
2559,  TensorFlow 
2559,  Scikit-learn 
2559, Xgboost 
2561,  Scikit-learn 
2561,  TensorFlow 
2561, Keras 
2562, Xgboost 
2562, Keras 
2562,  Scikit-learn 
2562,  TensorFlow 
2563,  Scikit-learn 
2566,  Scikit-learn 
2566,  TensorFlow 
2566, Keras 
2567, LightGBM 
2567, Fast.ai 
2567, Keras 
2567,  Scikit-learn 
2567,  TensorFlow 
2567, CatBoost 
2568, Caret 
2568,  TensorFlow 
2568, PyTorch 
2568, Keras 
2568,Other
2568,  Scikit-learn 
2570,  Scikit-learn 
2571,  Scikit-learn 
2571,  TensorFlow 
2572, Xgboost 
2572, Keras 
2572,  TensorFlow 
2572, PyTorch 
2572,  Scikit-learn 
2573,  TensorFlow 
2573, PyTorch 
2574, CatBoost 
2575,  TensorFlow 
2575, Keras 
2575,  Scikit-learn 
2575, PyTorch 
2575, Huggingface 
2576, PyTorch 
2576,  Scikit-learn 
2577, LightGBM 
2577,  Scikit-learn 
2577, Xgboost 
2578, Xgboost 
2578,  Scikit-learn 
2579,  TensorFlow 
2579, Keras 
2579, PyTorch 
2579, Xgboost 
2579,  Scikit-learn 
2580,  Scikit-learn 
2581,  Scikit-learn 
2584,  TensorFlow 
2584, Keras 
2584,  Scikit-learn 
2586,  Scikit-learn 
2586,  TensorFlow 
2586, Xgboost 
2586, Keras 
2586, PyTorch 
2587, PyTorch 
2587,  TensorFlow 
2587,  Scikit-learn 
2588, PyTorch 
2588, Huggingface 
2588,  TensorFlow 
2588,  Scikit-learn 
2590, Huggingface 
2590, PyTorch 
2591,  TensorFlow 
2591, Keras 
2591,  Scikit-learn 
2594,Other
2596,  Scikit-learn 
2598,  Scikit-learn 
2598,  TensorFlow 
2599,  TensorFlow 
2599, Keras 
2600,  Scikit-learn 
2600, Keras 
2600, Caret 
2602,  TensorFlow 
2602, Caret 
2602, PyTorch 
2602, Xgboost 
2602,  Scikit-learn 
2605, PyTorch 
2605, Keras 
2605,  Scikit-learn 
2605, Huggingface 
2606,  TensorFlow 
2606, PyTorch 
2606, Keras 
2607,  Scikit-learn 
2608, Xgboost 
2608,  Scikit-learn 
2609, Keras 
2609,  TensorFlow 
2609,  Scikit-learn 
2611, Keras 
2611,  TensorFlow 
2611,  Scikit-learn 
2614, Keras 
2614,  Scikit-learn 
2614,  TensorFlow 
2615, Keras 
2615, PyTorch 
2615, Xgboost 
2615,  TensorFlow 
2615,  Scikit-learn 
2616,  Scikit-learn 
2616, CatBoost 
2616, Xgboost 
2616, LightGBM 
2616, PyTorch 
2618,  Scikit-learn 
2618, Fast.ai 
2618, Xgboost 
2619,  Scikit-learn 
2620,  TensorFlow 
2620, Keras 
2620,  Scikit-learn 
2621, Tidymodels 
2621, Caret 
2621, PyTorch 
2621,  Scikit-learn 
2621, CatBoost 
2621, Keras 
2621, Xgboost 
2621,  TensorFlow 
2624,Other
2625, Keras 
2625, Xgboost 
2625, PyTorch 
2625,  Scikit-learn 
2625, LightGBM 
2625,  TensorFlow 
2626,  Scikit-learn 
2626,  TensorFlow 
2626, Huggingface 
2627, PyTorch 
2627,  TensorFlow 
2627, Keras 
2627,  Scikit-learn 
2628,  Scikit-learn 
2628, Keras 
2628,  TensorFlow 
2628, PyTorch 
2630,  TensorFlow 
2631,  Scikit-learn 
2631, Tidymodels 
2631, CatBoost 
2631, LightGBM 
2631, Xgboost 
2633,Other
2633,  Scikit-learn 
2634,  Scikit-learn 
2635,  TensorFlow 
2635, Keras 
2635,  Scikit-learn 
2640,  TensorFlow 
2643,  TensorFlow 
2643, Xgboost 
2643, Keras 
2643,  Scikit-learn 
2643, PyTorch 
2643, Huggingface 
2644, PyTorch 
2644,  Scikit-learn 
2644, Keras 
2644,  TensorFlow 
2644, Xgboost 
2645,  TensorFlow 
2645, Keras 
2645, JAX 
2646,  TensorFlow 
2646,  Scikit-learn 
2646, PyTorch 
2648, CatBoost 
2648,  Scikit-learn 
2648, Xgboost 
2650,  Scikit-learn 
2650, Keras 
2650,  TensorFlow 
2651, CatBoost 
2651, LightGBM 
2651, Xgboost 
2651,  TensorFlow 
2651, PyTorch 
2651, Keras 
2651,  Scikit-learn 
2651, Huggingface 
2653, Keras 
2653,  Scikit-learn 
2653,  TensorFlow 
2653, Xgboost 
2654, Xgboost 
2654,  Scikit-learn 
2654,  TensorFlow 
2655, PyTorch 
2655,  TensorFlow 
2657,  Scikit-learn 
2657, Keras 
2658, PyTorch 
2661, Xgboost 
2661, LightGBM 
2661, Keras 
2661,  Scikit-learn 
2661,  TensorFlow 
2662,  TensorFlow 
2662, Huggingface 
2662, PyTorch 
2663,  Scikit-learn 
2667, PyTorch 
2667,  Scikit-learn 
2667,  TensorFlow 
2667, Keras 
2668,  Scikit-learn 
2669, Xgboost 
2669, PyTorch 
2669, Keras 
2669,  TensorFlow 
2669,  Scikit-learn 
2670, PyTorch 
2670,  TensorFlow 
2672,  TensorFlow 
2672, Keras 
2672,  Scikit-learn 
2675, PyTorch 
2675, Xgboost 
2676, Keras 
2676,  TensorFlow 
2678, Xgboost 
2678,Other
2678, Keras 
2678,  TensorFlow 
2678,  Scikit-learn 
2681, PyTorch 
2681, Xgboost 
2681,  Scikit-learn 
2681, Keras 
2683,  TensorFlow 
2683, Keras 
2683, PyTorch 
2684,  TensorFlow 
2684,  Scikit-learn 
2685,  TensorFlow 
2685,  Scikit-learn 
2690, PyTorch Lightning 
2690,  TensorFlow 
2690, PyTorch 
2691,  Scikit-learn 
2691,  TensorFlow 
2691, Xgboost 
2691, Keras 
2692,  Scikit-learn 
2693, Xgboost 
2693,  Scikit-learn 
2694,  TensorFlow 
2694, Keras 
2694,  Scikit-learn 
2696,  TensorFlow 
2696,  Scikit-learn 
2696, PyTorch 
2697, CatBoost 
2701,  Scikit-learn 
2705,  Scikit-learn 
2705, Keras 
2705, Xgboost 
2706, Keras 
2706,  TensorFlow 
2707, Keras 
2710, PyTorch 
2713,  TensorFlow 
2714, PyTorch 
2714,  Scikit-learn 
2716, Xgboost 
2716, Keras 
2716,  Scikit-learn 
2716, PyTorch 
2716,  TensorFlow 
2717, PyTorch 
2717, PyTorch Lightning 
2717, Huggingface 
2717,  Scikit-learn 
2718, Keras 
2718, PyTorch 
2718,  TensorFlow 
2718, JAX 
2718, Xgboost 
2718, Huggingface 
2718,  Scikit-learn 
2719,  Scikit-learn 
2719, Xgboost 
2720, Xgboost 
2720,  Scikit-learn 
2720, Keras 
2720, CatBoost 
2720,Other
2720,  TensorFlow 
2721,  Scikit-learn 
2721, Xgboost 
2722,  Scikit-learn 
2722, Keras 
2722,  TensorFlow 
2722, Xgboost 
2726,  Scikit-learn 
2727,Other
2728, Xgboost 
2728,  Scikit-learn 
2729, PyTorch 
2729,  TensorFlow 
2729,  Scikit-learn 
2731, Keras 
2731,  TensorFlow 
2731,  Scikit-learn 
2731, Huggingface 
2733,  Scikit-learn 
2735, PyTorch 
2735, Keras 
2735,  Scikit-learn 
2736, PyTorch 
2737, PyTorch Lightning 
2737,  TensorFlow 
2737,  Scikit-learn 
2738,  TensorFlow 
2738,  Scikit-learn 
2738, Keras 
2738, Xgboost 
2739,  TensorFlow 
2739, Keras 
2739,  Scikit-learn 
2742,  Scikit-learn 
2743, Keras 
2743,  TensorFlow 
2743,  Scikit-learn 
2744,  Scikit-learn 
2745,  TensorFlow 
2746, Xgboost 
2746,  TensorFlow 
2746, LightGBM 
2746,  Scikit-learn 
2746, Keras 
2746, Huggingface 
2748, PyTorch 
2748, Keras 
2748,  Scikit-learn 
2749, Tidymodels 
2750, Keras 
2750, CatBoost 
2750, Xgboost 
2750, Fast.ai 
2750,  Scikit-learn 
2750,  TensorFlow 
2751, Keras 
2751, PyTorch 
2751,  TensorFlow 
2753, Keras 
2753,  TensorFlow 
2753,  Scikit-learn 
2754, Keras 
2754,  Scikit-learn 
2754, PyTorch 
2754,  TensorFlow 
2756,  Scikit-learn 
2756, Xgboost 
2756, PyTorch 
2757,  Scikit-learn 
2757, Keras 
2757,  TensorFlow 
2757, PyTorch 
2758, Xgboost 
2758,  Scikit-learn 
2758, LightGBM 
2759,  Scikit-learn 
2760, Tidymodels 
2760,  Scikit-learn 
2760, CatBoost 
2760, Keras 
2760, Xgboost 
2760,  TensorFlow 
2763, PyTorch 
2763, PyTorch Lightning 
2763,  TensorFlow 
2763,  Scikit-learn 
2763, Keras 
2764,  Scikit-learn 
2767, Xgboost 
2768,  Scikit-learn 
2768, Keras 
2769, Keras 
2769, Xgboost 
2769,  TensorFlow 
2769,  Scikit-learn 
2770,  Scikit-learn 
2770,  TensorFlow 
2770, PyTorch 
2771, Keras 
2771,  Scikit-learn 
2772,  Scikit-learn 
2772, Keras 
2773, Keras 
2773,  Scikit-learn 
2773,  TensorFlow 
2773, PyTorch 
2775,  Scikit-learn 
2775, Tidymodels 
2777,  TensorFlow 
2777, Keras 
2778,  Scikit-learn 
2778, Keras 
2778,  TensorFlow 
2780, PyTorch 
2780,  TensorFlow 
2780, Keras 
2780,  Scikit-learn 
2781,  Scikit-learn 
2782,  Scikit-learn 
2782,  TensorFlow 
2784,  TensorFlow 
2784,  Scikit-learn 
2784, LightGBM 
2784, CatBoost 
2784, Xgboost 
2785,  TensorFlow 
2785, Xgboost 
2785, Keras 
2785,  Scikit-learn 
2786,  Scikit-learn 
2786, Keras 
2786,  TensorFlow 
2788,  TensorFlow 
2788, PyTorch 
2788,  Scikit-learn 
2789,  TensorFlow 
2789, CatBoost 
2789,  Scikit-learn 
2789, Caret 
2790, Xgboost 
2790,  TensorFlow 
2790, Keras 
2790,  Scikit-learn 
2791, Keras 
2791,  Scikit-learn 
2791,  TensorFlow 
2792,  Scikit-learn 
2792, Xgboost 
2793,  Scikit-learn 
2796,  TensorFlow 
2796,  Scikit-learn 
2796, Keras 
2797, Keras 
2797,  Scikit-learn 
2797,  TensorFlow 
2798, Keras 
2798,  TensorFlow 
2798, PyTorch 
2801, PyTorch 
2801,  TensorFlow 
2801,  Scikit-learn 
2802, PyTorch 
2802,  TensorFlow 
2802,  Scikit-learn 
2803,  Scikit-learn 
2803, Xgboost 
2803,  TensorFlow 
2805,  TensorFlow 
2805, PyTorch 
2806, PyTorch 
2806, Keras 
2806, Xgboost 
2806,  Scikit-learn 
2807, PyTorch 
2807,Other
2808,  Scikit-learn 
2808, Keras 
2808,  TensorFlow 
2810, LightGBM 
2810,  Scikit-learn 
2810, CatBoost 
2810, Xgboost 
2810, PyTorch 
2810, Huggingface 
2811,  Scikit-learn 
2812,  Scikit-learn 
2813,  TensorFlow 
2813,  Scikit-learn 
2815,  Scikit-learn 
2818,  Scikit-learn 
2818, Caret 
2818, Tidymodels 
2818, LightGBM 
2819, Keras 
2819,  Scikit-learn 
2819,  TensorFlow 
2819, Xgboost 
2819, PyTorch 
2821,  Scikit-learn 
2821, Xgboost 
2821, CatBoost 
2821, Keras 
2825, PyTorch 
2826,  Scikit-learn 
2828, Keras 
2830,Other
2831, PyTorch 
2831, Huggingface 
2831, PyTorch Lightning 
2834, Fast.ai 
2834,  TensorFlow 
2834, Huggingface 
2834, Keras 
2834,  Scikit-learn 
2834, Xgboost 
2834, PyTorch 
2835, PyTorch 
2835,  Scikit-learn 
2835, Keras 
2835,  TensorFlow 
2837,  TensorFlow 
2837, Keras 
2838,  Scikit-learn 
2838, Xgboost 
2838, PyTorch 
2838,  TensorFlow 
2839,  Scikit-learn 
2839, Xgboost 
2840, Keras 
2840, Xgboost 
2840,  TensorFlow 
2840,  Scikit-learn 
2840, LightGBM 
2840, PyTorch 
2840, Huggingface 
2840, CatBoost 
2841, Xgboost 
2841, LightGBM 
2841, CatBoost 
2841, Keras 
2841,  Scikit-learn 
2842, Xgboost 
2842,  TensorFlow 
2842,  Scikit-learn 
2842, Keras 
2842, PyTorch 
2844,  Scikit-learn 
2844,  TensorFlow 
2844, PyTorch 
2845,  TensorFlow 
2845, Keras 
2845,  Scikit-learn 
2853,  Scikit-learn 
2854,Other
2856,  TensorFlow 
2856, PyTorch 
2856, Keras 
2856, Xgboost 
2856,  Scikit-learn 
2858, CatBoost 
2858, Xgboost 
2858,  Scikit-learn 
2858, PyTorch 
2859, Xgboost 
2859, Keras 
2859, LightGBM 
2859, CatBoost 
2859,  Scikit-learn 
2862, Keras 
2862,  TensorFlow 
2862, PyTorch 
2862,  Scikit-learn 
2863, Fast.ai 
2863, Xgboost 
2863, PyTorch 
2863,  Scikit-learn 
2863,  TensorFlow 
2865,  Scikit-learn 
2865, Keras 
2865,  TensorFlow 
2867, Keras 
2867,  Scikit-learn 
2867,  TensorFlow 
2870,  TensorFlow 
2870, Tidymodels 
2870, Caret 
2870, Xgboost 
2870,  Scikit-learn 
2870, Keras 
2871, Tidymodels 
2873, Keras 
2873, PyTorch 
2873,  Scikit-learn 
2873, Xgboost 
2873,  TensorFlow 
2874,  Scikit-learn 
2875,  TensorFlow 
2875,  Scikit-learn 
2875, Keras 
2880,  TensorFlow 
2881,  Scikit-learn 
2881, PyTorch 
2883,  Scikit-learn 
2883, Keras 
2883,  TensorFlow 
2884,  TensorFlow 
2885,  Scikit-learn 
2885,  TensorFlow 
2887,  Scikit-learn 
2887, LightGBM 
2887, Keras 
2887, JAX 
2887, Huggingface 
2887, PyTorch 
2887,  TensorFlow 
2888, PyTorch 
2888, Keras 
2888,  Scikit-learn 
2891, Huggingface 
2891,  Scikit-learn 
2891, PyTorch 
2892, Xgboost 
2892,  TensorFlow 
2892, PyTorch 
2892,  Scikit-learn 
2894,  Scikit-learn 
2894, Xgboost 
2894, Keras 
2894,  TensorFlow 
2895,  TensorFlow 
2895, Fast.ai 
2895, Huggingface 
2895,  Scikit-learn 
2895, PyTorch Lightning 
2895, PyTorch 
2895, Keras 
2896, PyTorch 
2897, Keras 
2901,  Scikit-learn 
2901, Keras 
2901,  TensorFlow 
2901, PyTorch 
2902, Keras 
2902,  TensorFlow 
2902,  Scikit-learn 
2904, LightGBM 
2904, Xgboost 
2904,  Scikit-learn 
2904,  TensorFlow 
2904, CatBoost 
2904, Keras 
2905, PyTorch 
2905,  Scikit-learn 
2907,  Scikit-learn 
2907, Keras 
2907, PyTorch Lightning 
2907, PyTorch 
2907,  TensorFlow 
2908,  TensorFlow 
2908, PyTorch 
2908,  Scikit-learn 
2912, PyTorch 
2912, Keras 
2912,  Scikit-learn 
2912,  TensorFlow 
2913,  TensorFlow 
2913, PyTorch 
2920, Keras 
2920,  Scikit-learn 
2920,  TensorFlow 
2922,  Scikit-learn 
2923, PyTorch Lightning 
2923,  TensorFlow 
2923, Caret 
2923,  Scikit-learn 
2923, Keras 
2923, Fast.ai 
2923, PyTorch 
2923, CatBoost 
2923, JAX 
2923, Huggingface 
2923, Xgboost 
2923, Tidymodels 
2923, LightGBM 
2924,  Scikit-learn 
2924, PyTorch 
2925,  Scikit-learn 
2925, PyTorch 
2925,  TensorFlow 
2925, Xgboost 
2926, PyTorch 
2926,  TensorFlow 
2926,  Scikit-learn 
2926, Keras 
2926, Fast.ai 
2926, Xgboost 
2931,  Scikit-learn 
2931,  TensorFlow 
2934, Xgboost 
2934, PyTorch 
2934, Huggingface 
2940, Xgboost 
2940,  Scikit-learn 
2941, Keras 
2941, Xgboost 
2941,  TensorFlow 
2941,  Scikit-learn 
2941, LightGBM 
2944, JAX 
2946, Keras 
2946,  Scikit-learn 
2946,  TensorFlow 
2949, PyTorch Lightning 
2949, LightGBM 
2949,  TensorFlow 
2949, PyTorch 
2949,  Scikit-learn 
2949, Keras 
2950, PyTorch 
2950, Huggingface 
2950, PyTorch Lightning 
2950,  Scikit-learn 
2951,  Scikit-learn 
2951, Tidymodels 
2953,  Scikit-learn 
2953,  TensorFlow 
2953, Keras 
2953,Other
2954,  TensorFlow 
2954, PyTorch 
2954,  Scikit-learn 
2955,  TensorFlow 
2955,  Scikit-learn 
2958,  Scikit-learn 
2959, Keras 
2959,Other
2959, LightGBM 
2959, PyTorch Lightning 
2959,  TensorFlow 
2959,  Scikit-learn 
2959, PyTorch 
2961, Xgboost 
2961,  TensorFlow 
2961, Keras 
2961,  Scikit-learn 
2962, LightGBM 
2962, CatBoost 
2962,  TensorFlow 
2962, Xgboost 
2962,  Scikit-learn 
2962, PyTorch Lightning 
2962, Keras 
2962, Fast.ai 
2962, PyTorch 
2963,  TensorFlow 
2963, Xgboost 
2963, Keras 
2963,  Scikit-learn 
2964, PyTorch 
2964,  Scikit-learn 
2964, Xgboost 
2965,  Scikit-learn 
2966, Huggingface 
2966, Xgboost 
2966, LightGBM 
2966, PyTorch 
2966,  Scikit-learn 
2967,Other
2969,Other
2970,  Scikit-learn 
2970, PyTorch 
2970, Huggingface 
2970, LightGBM 
2970, Tidymodels 
2971,  Scikit-learn 
2972, PyTorch 
2972,  Scikit-learn 
2972,  TensorFlow 
2973,  TensorFlow 
2974,  Scikit-learn 
2975,  TensorFlow 
2975, Keras 
2975, PyTorch 
2979, PyTorch 
2980,  Scikit-learn 
2982, PyTorch 
2982,  Scikit-learn 
2982, Xgboost 
2982, Keras 
2982,  TensorFlow 
2983, Xgboost 
2983, LightGBM 
2983,  TensorFlow 
2983, Keras 
2983,  Scikit-learn 
2985, Xgboost 
2985,  TensorFlow 
2986,  TensorFlow 
2986, Caret 
2987, Keras 
2987,  Scikit-learn 
2987,  TensorFlow 
2990,  Scikit-learn 
2990, Xgboost 
2992,  TensorFlow 
2992, Keras 
2992,  Scikit-learn 
2994,  Scikit-learn 
2994, PyTorch 
2996,Other
2997,Other
2998,  TensorFlow 
2998, Keras 
2998, PyTorch 
2998, Xgboost 
2998, PyTorch Lightning 
2999, Xgboost 
2999,  Scikit-learn 
3002, Huggingface 
3002, LightGBM 
3002, CatBoost 
3002,  TensorFlow 
3002, Xgboost 
3002, Keras 
3002,  Scikit-learn 
3005, Keras 
3005,  Scikit-learn 
3006,  Scikit-learn 
3008, PyTorch 
3008,  Scikit-learn 
3008,  TensorFlow 
3008, Xgboost 
3008, Keras 
3009, Xgboost 
3009, PyTorch 
3009, LightGBM 
3009,  Scikit-learn 
3011,  TensorFlow 
3011, Keras 
3012, Huggingface 
3012, Keras 
3013,  Scikit-learn 
3013, LightGBM 
3013,  TensorFlow 
3014,  Scikit-learn 
3014, CatBoost 
3014, PyTorch 
3019, Keras 
3019,  Scikit-learn 
3020, Keras 
3020, PyTorch 
3020, Huggingface 
3020,  TensorFlow 
3020,  Scikit-learn 
3021,  TensorFlow 
3021, Keras 
3021, LightGBM 
3021, CatBoost 
3021,  Scikit-learn 
3021, Xgboost 
3023,  TensorFlow 
3023, PyTorch Lightning 
3023,  Scikit-learn 
3025,  Scikit-learn 
3025,  TensorFlow 
3026, Xgboost 
3026,  Scikit-learn 
3026, CatBoost 
3027,  Scikit-learn 
3028,  Scikit-learn 
3029, Xgboost 
3029,  Scikit-learn 
3029, Keras 
3030,  TensorFlow 
3033, PyTorch 
3034,  Scikit-learn 
3035,  Scikit-learn 
3036,  TensorFlow 
3036, PyTorch Lightning 
3036, PyTorch 
3036, Keras 
3036,  Scikit-learn 
3037, PyTorch 
3037,  TensorFlow 
3037, PyTorch Lightning 
3038, PyTorch 
3038, Huggingface 
3038,  Scikit-learn 
3039, Caret 
3039, Keras 
3039,  Scikit-learn 
3041,  Scikit-learn 
3041,  TensorFlow 
3041,Other
3041, Keras 
3041, PyTorch 
3043,  Scikit-learn 
3043,  TensorFlow 
3043, Keras 
3043, PyTorch 
3045,  TensorFlow 
3045,  Scikit-learn 
3047,  TensorFlow 
3047,  Scikit-learn 
3047, Keras 
3047, PyTorch Lightning 
3048, PyTorch 
3048,  Scikit-learn 
3048,  TensorFlow 
3048, Xgboost 
3048, Keras 
3049, PyTorch Lightning 
3050, Keras 
3050, CatBoost 
3050, Xgboost 
3050,  Scikit-learn 
3050, Caret 
3051,  TensorFlow 
3052,  Scikit-learn 
3052, PyTorch 
3054,  Scikit-learn 
3055, Keras 
3055,  Scikit-learn 
3056, Caret 
3056, Xgboost 
3056,  TensorFlow 
3056, Keras 
3056,  Scikit-learn 
3058, Keras 
3058, PyTorch 
3058,  Scikit-learn 
3059,Other
3060,  Scikit-learn 
3064, Fast.ai 
3064, PyTorch 
3064, PyTorch Lightning 
3065, Tidymodels 
3065,  Scikit-learn 
3065, Caret 
3065,  TensorFlow 
3065, PyTorch 
3067,  Scikit-learn 
3067, Xgboost 
3068, Fast.ai 
3068,  Scikit-learn 
3068, PyTorch 
3069, Caret 
3074,  Scikit-learn 
3076,  Scikit-learn 
3076, Keras 
3076, Xgboost 
3076, Caret 
3076,  TensorFlow 
3078, PyTorch Lightning 
3078, PyTorch 
3078,  TensorFlow 
3078, Keras 
3079, PyTorch 
3079,  Scikit-learn 
3079, Caret 
3079, Xgboost 
3079, Keras 
3079,  TensorFlow 
3080, Keras 
3080, PyTorch 
3082,  Scikit-learn 
3082, Keras 
3082,  TensorFlow 
3088,  Scikit-learn 
3089,  Scikit-learn 
3089, Keras 
3092,  TensorFlow 
3092,  Scikit-learn 
3093, PyTorch Lightning 
3093, PyTorch 
3094, Keras 
3094,  TensorFlow 
3094,  Scikit-learn 
3095,  Scikit-learn 
3095,  TensorFlow 
3095, Xgboost 
3095, Keras 
3096,  Scikit-learn 
3096, Xgboost 
3098,  Scikit-learn 
3098, Keras 
3098, PyTorch 
3098, LightGBM 
3098, CatBoost 
3098,  TensorFlow 
3098, Huggingface 
3098, Xgboost 
3099, Fast.ai 
3100,  Scikit-learn 
3102, Keras 
3102,  Scikit-learn 
3103,  TensorFlow 
3103, Keras 
3103,  Scikit-learn 
3103, Huggingface 
3107,  Scikit-learn 
3107, Xgboost 
3110, Xgboost 
3110,  Scikit-learn 
3114, CatBoost 
3114, Fast.ai 
3114, Huggingface 
3119,  Scikit-learn 
3121, Xgboost 
3121, PyTorch 
3121,  Scikit-learn 
3121, Huggingface 
3121, LightGBM 
3122, LightGBM 
3122, PyTorch 
3122, Keras 
3122, CatBoost 
3122, Xgboost 
3122,  Scikit-learn 
3122,  TensorFlow 
3124, PyTorch 
3124,  Scikit-learn 
3124, Xgboost 
3124, PyTorch Lightning 
3125,  TensorFlow 
3125, Keras 
3125,  Scikit-learn 
3126,  TensorFlow 
3126, Xgboost 
3126,  Scikit-learn 
3126, CatBoost 
3128,  TensorFlow 
3128, Keras 
3129,  Scikit-learn 
3129,  TensorFlow 
3130,Other
3131,  Scikit-learn 
3131, Xgboost 
3131,  TensorFlow 
3131, LightGBM 
3131, Keras 
3131, CatBoost 
3133, Keras 
3133,  Scikit-learn 
3133,  TensorFlow 
3134,  TensorFlow 
3134,  Scikit-learn 
3134, Keras 
3135, Keras 
3135, PyTorch 
3135,  Scikit-learn 
3135,  TensorFlow 
3135, LightGBM 
3136,  Scikit-learn 
3136,Other
3136, Xgboost 
3138,  Scikit-learn 
3140,  TensorFlow 
3140,  Scikit-learn 
3140, Xgboost 
3140, LightGBM 
3140, Keras 
3140, CatBoost 
3141, Tidymodels 
3142,  Scikit-learn 
3142, Keras 
3145, PyTorch 
3145,  Scikit-learn 
3145, Keras 
3145,  TensorFlow 
3145, Huggingface 
3146,  TensorFlow 
3146, Keras 
3146, PyTorch 
3148, PyTorch Lightning 
3148, PyTorch 
3148,  TensorFlow 
3149, LightGBM 
3151,  Scikit-learn 
3151,  TensorFlow 
3151, Keras 
3151, Huggingface 
3152,  Scikit-learn 
3153, Keras 
3153,  TensorFlow 
3153,  Scikit-learn 
3153, PyTorch 
3154,  TensorFlow 
3154, Keras 
3154, PyTorch 
3154,  Scikit-learn 
3155, Keras 
3155,  TensorFlow 
3155,  Scikit-learn 
3156, CatBoost 
3156,  Scikit-learn 
3156,  TensorFlow 
3156, LightGBM 
3156, Xgboost 
3156, Keras 
3158,  Scikit-learn 
3159,  Scikit-learn 
3159, Keras 
3159,  TensorFlow 
3160, Keras 
3162, PyTorch 
3162, Huggingface 
3162,  Scikit-learn 
3163,  Scikit-learn 
3163,Other
3165,Other
3166,  Scikit-learn 
3169, Tidymodels 
3169, Caret 
3169, Huggingface 
3170,  Scikit-learn 
3171, Huggingface 
3171, PyTorch 
3171, Keras 
3171,  Scikit-learn 
3171, Xgboost 
3172,  Scikit-learn 
3172,  TensorFlow 
3172, Keras 
3174, Keras 
3174,  TensorFlow 
3175,  Scikit-learn 
3177,  Scikit-learn 
3177, Keras 
3177, Xgboost 
3177,  TensorFlow 
3178, Keras 
3178,  TensorFlow 
3179, Keras 
3179,  TensorFlow 
3179, PyTorch 
3179, Xgboost 
3179,  Scikit-learn 
3181,  Scikit-learn 
3183, Xgboost 
3183,Other
3185, Keras 
3185,  Scikit-learn 
3185,  TensorFlow 
3186,  TensorFlow 
3186,  Scikit-learn 
3186, LightGBM 
3186, Keras 
3186, Xgboost 
3186, CatBoost 
3187,Other
3187,  Scikit-learn 
3187, PyTorch 
3187,  TensorFlow 
3188,  Scikit-learn 
3188, LightGBM 
3190,  Scikit-learn 
3190,  TensorFlow 
3190, Keras 
3191,  TensorFlow 
3191, Keras 
3192,  TensorFlow 
3192, Keras 
3192,  Scikit-learn 
3194,  Scikit-learn 
3194,  TensorFlow 
3195, PyTorch 
3195,  Scikit-learn 
3195, Xgboost 
3197, Keras 
3197,  TensorFlow 
3197,  Scikit-learn 
3197, Huggingface 
3199, PyTorch 
3199,  Scikit-learn 
3199,  TensorFlow 
3201,  TensorFlow 
3201,  Scikit-learn 
3203,  TensorFlow 
3206, Keras 
3206,  TensorFlow 
3206, JAX 
3206, PyTorch 
3206, Huggingface 
3212,  Scikit-learn 
3215,  Scikit-learn 
3217, Xgboost 
3217, CatBoost 
3217, Fast.ai 
3217, PyTorch Lightning 
3217, LightGBM 
3217,  Scikit-learn 
3217,  TensorFlow 
3217, PyTorch 
3217, Keras 
3217, Huggingface 
3218,  Scikit-learn 
3218, Keras 
3218, Xgboost 
3218,  TensorFlow 
3219,  TensorFlow 
3219, Keras 
3219, PyTorch 
3222,  Scikit-learn 
3224,Other
3225, Huggingface 
3225,  Scikit-learn 
3225, LightGBM 
3226,  TensorFlow 
3226, Xgboost 
3226,  Scikit-learn 
3226, PyTorch 
3230,  TensorFlow 
3230, Keras 
3230,  Scikit-learn 
3232,  Scikit-learn 
3232, Caret 
3233,  Scikit-learn 
3233, Keras 
3234, Keras 
3234, Xgboost 
3234,  TensorFlow 
3234, LightGBM 
3234,  Scikit-learn 
3236, Xgboost 
3236,  TensorFlow 
3236, Keras 
3236,  Scikit-learn 
3237, Keras 
3237,  Scikit-learn 
3237,  TensorFlow 
3239,  TensorFlow 
3239,  Scikit-learn 
3240,  TensorFlow 
3240, Keras 
3240,  Scikit-learn 
3240, PyTorch 
3242, PyTorch 
3242,  Scikit-learn 
3242, Xgboost 
3242, Huggingface 
3242,  TensorFlow 
3242, Keras 
3243,  Scikit-learn 
3243, CatBoost 
3243,  TensorFlow 
3243, Keras 
3243, LightGBM 
3243, PyTorch 
3243, Xgboost 
3245, PyTorch 
3245, LightGBM 
3245,  Scikit-learn 
3245, Keras 
3245, PyTorch Lightning 
3245, Xgboost 
3245,  TensorFlow 
3245, Huggingface 
3246, Keras 
3246, CatBoost 
3246,  Scikit-learn 
3246,  TensorFlow 
3247,Other
3247, Xgboost 
3247, LightGBM 
3249,  Scikit-learn 
3250, Xgboost 
3250, Keras 
3250,  Scikit-learn 
3250,  TensorFlow 
3251, PyTorch 
3252,  Scikit-learn 
3252, Xgboost 
3255, PyTorch 
3255,  Scikit-learn 
3257,  Scikit-learn 
3257,  TensorFlow 
3258,  TensorFlow 
3258, Xgboost 
3258, CatBoost 
3258, Keras 
3258, LightGBM 
3258, PyTorch 
3258,  Scikit-learn 
3263,  Scikit-learn 
3263, Fast.ai 
3263, Xgboost 
3263, PyTorch 
3263, Huggingface 
3265, Xgboost 
3265, Keras 
3265,  Scikit-learn 
3265,  TensorFlow 
3265, PyTorch 
3268, LightGBM 
3268, Fast.ai 
3268, Xgboost 
3268,  Scikit-learn 
3269,  Scikit-learn 
3270,  Scikit-learn 
3270, Fast.ai 
3270,  TensorFlow 
3270, Keras 
3270, Huggingface 
3270, PyTorch 
3271, Keras 
3271,  TensorFlow 
3271,  Scikit-learn 
3275,  Scikit-learn 
3276,  Scikit-learn 
3278, JAX 
3279, CatBoost 
3279, LightGBM 
3279, Fast.ai 
3279, Xgboost 
3279, PyTorch 
3279,  Scikit-learn 
3279, Huggingface 
3281,  Scikit-learn 
3281,  TensorFlow 
3283, Keras 
3283,  TensorFlow 
3286,Other
3286, PyTorch Lightning 
3286, Huggingface 
3286,  TensorFlow 
3286, LightGBM 
3286,  Scikit-learn 
3286, PyTorch 
3286, Xgboost 
3286, Fast.ai 
3286, CatBoost 
3286, Keras 
3287, Keras 
3287, PyTorch 
3287,  TensorFlow 
3287, Fast.ai 
3287,  Scikit-learn 
3289, LightGBM 
3289,Other
3289, Xgboost 
3289,  Scikit-learn 
3291,  Scikit-learn 
3293,  Scikit-learn 
3294,  Scikit-learn 
3294,  TensorFlow 
3294, Keras 
3295,  TensorFlow 
3295,  Scikit-learn 
3295, Xgboost 
3295, Keras 
3295, LightGBM 
3296, Tidymodels 
3296,  Scikit-learn 
3297, Keras 
3297,  TensorFlow 
3297,  Scikit-learn 
3300,  TensorFlow 
3300, Keras 
3300,  Scikit-learn 
3301,  Scikit-learn 
3302, Keras 
3302, Xgboost 
3302, PyTorch Lightning 
3302,  TensorFlow 
3302, LightGBM 
3302, PyTorch 
3302,  Scikit-learn 
3303, PyTorch Lightning 
3303, PyTorch 
3307, Keras 
3308, Xgboost 
3308,  Scikit-learn 
3309,Other
3310, Keras 
3310, Xgboost 
3313, Xgboost 
3313, LightGBM 
3313,  Scikit-learn 
3313, PyTorch 
3313, Fast.ai 
3315,  Scikit-learn 
3316,  TensorFlow 
3319, PyTorch 
3319,  Scikit-learn 
3319, LightGBM 
3320,  Scikit-learn 
3320, CatBoost 
3321, Keras 
3321,  Scikit-learn 
3321,  TensorFlow 
3323, Xgboost 
3323,  Scikit-learn 
3324,  TensorFlow 
3324, Xgboost 
3324, CatBoost 
3324, Fast.ai 
3324, Keras 
3324,  Scikit-learn 
3324, Huggingface 
3324, LightGBM 
3324, PyTorch 
3326,  TensorFlow 
3326,  Scikit-learn 
3326, Keras 
3327, PyTorch Lightning 
3327, Xgboost 
3327, Keras 
3327,  TensorFlow 
3327,  Scikit-learn 
3327, PyTorch 
3328, Xgboost 
3328, LightGBM 
3328,  Scikit-learn 
3328,  TensorFlow 
3328, PyTorch 
3329,  Scikit-learn 
3329,  TensorFlow 
3329, PyTorch 
3329, Keras 
3329, Xgboost 
3330,  Scikit-learn 
3333,  Scikit-learn 
3335, PyTorch 
3335,  TensorFlow 
3335,  Scikit-learn 
3337, Xgboost 
3337, Keras 
3337,  Scikit-learn 
3337,  TensorFlow 
3341,  Scikit-learn 
3343,  TensorFlow 
3344,  TensorFlow 
3344,  Scikit-learn 
3344, Keras 
3345,  Scikit-learn 
3346,  Scikit-learn 
3346, Keras 
3346,  TensorFlow 
3347,  Scikit-learn 
3348,  Scikit-learn 
3348, PyTorch 
3351, PyTorch 
3351, Keras 
3351,  TensorFlow 
3352, Xgboost 
3355,  Scikit-learn 
3355, Caret 
3355, Keras 
3355, CatBoost 
3355, LightGBM 
3355, Xgboost 
3355,  TensorFlow 
3356,Other
3357, Xgboost 
3357,  Scikit-learn 
3358,  Scikit-learn 
3358, Huggingface 
3358,  TensorFlow 
3358, Xgboost 
3358, PyTorch 
3358, Keras 
3359, CatBoost 
3359, Keras 
3359, Xgboost 
3359,  TensorFlow 
3359,  Scikit-learn 
3361,  Scikit-learn 
3365,  Scikit-learn 
3365, Keras 
3365,  TensorFlow 
3365, Xgboost 
3365, JAX 
3366, Keras 
3366,  TensorFlow 
3367, Xgboost 
3367,  TensorFlow 
3367,  Scikit-learn 
3367, Keras 
3367, PyTorch 
3369, PyTorch 
3369, Xgboost 
3369,  Scikit-learn 
3369, Keras 
3369,  TensorFlow 
3370,  TensorFlow 
3370, CatBoost 
3370, PyTorch 
3371, Huggingface 
3371,  Scikit-learn 
3371, Xgboost 
3371, Keras 
3371,  TensorFlow 
3372, LightGBM 
3372,  Scikit-learn 
3374, Keras 
3374,  TensorFlow 
3374,  Scikit-learn 
3375,  Scikit-learn 
3375, Xgboost 
3376,  TensorFlow 
3376, Keras 
3376, PyTorch 
3376,  Scikit-learn 
3377,  Scikit-learn 
3378, PyTorch 
3378,  Scikit-learn 
3378, Keras 
3378,  TensorFlow 
3380,  Scikit-learn 
3380, PyTorch 
3380, Keras 
3380,  TensorFlow 
3381, Xgboost 
3381,  Scikit-learn 
3384,  TensorFlow 
3384,  Scikit-learn 
3385,  Scikit-learn 
3385, CatBoost 
3385, Xgboost 
3385, LightGBM 
3389,  Scikit-learn 
3391,  TensorFlow 
3391, LightGBM 
3391, Xgboost 
3391,  Scikit-learn 
3391, CatBoost 
3391, Keras 
3393,  Scikit-learn 
3393, Xgboost 
3396,  TensorFlow 
3396,  Scikit-learn 
3396, Keras 
3396, CatBoost 
3396, Xgboost 
3398, PyTorch 
3398, Keras 
3398, PyTorch Lightning 
3398,  Scikit-learn 
3398, Xgboost 
3398,  TensorFlow 
3400,  TensorFlow 
3400, Keras 
3400, Huggingface 
3400,  Scikit-learn 
3402,  TensorFlow 
3402, Huggingface 
3403, Xgboost 
3403, PyTorch 
3403, Tidymodels 
3403, Keras 
3406,  TensorFlow 
3406,  Scikit-learn 
3406, Keras 
3407,  TensorFlow 
3409,  TensorFlow 
3409, Keras 
3409,  Scikit-learn 
3409, Caret 
3409, PyTorch 
3409, Huggingface 
3410,  TensorFlow 
3410,  Scikit-learn 
3410, CatBoost 
3410, PyTorch 
3410, Keras 
3410, LightGBM 
3410, Xgboost 
3411, Keras 
3411,  Scikit-learn 
3412, Keras 
3415, PyTorch Lightning 
3415, PyTorch 
3415,  TensorFlow 
3416,  Scikit-learn 
3417,  Scikit-learn 
3422,  TensorFlow 
3422,  Scikit-learn 
3422, Keras 
3424, LightGBM 
3424, CatBoost 
3424, Xgboost 
3424,  Scikit-learn 
3425,  Scikit-learn 
3425, Keras 
3425,  TensorFlow 
3426, PyTorch 
3426, Keras 
3426,  TensorFlow 
3426,  Scikit-learn 
3427,  Scikit-learn 
3427, Xgboost 
3427, Keras 
3427,  TensorFlow 
3428,  Scikit-learn 
3433,  TensorFlow 
3434,  Scikit-learn 
3435, Xgboost 
3435, LightGBM 
3435,  TensorFlow 
3435, CatBoost 
3438,  TensorFlow 
3438, PyTorch 
3440, Keras 
3440,  Scikit-learn 
3440, Xgboost 
3440,  TensorFlow 
3442, Keras 
3443, Xgboost 
3443,  Scikit-learn 
3445, PyTorch 
3446,  Scikit-learn 
3446, Caret 
3446, Xgboost 
3446, Tidymodels 
3446, LightGBM 
3446,  TensorFlow 
3449,  Scikit-learn 
3451, PyTorch 
3451, CatBoost 
3451, Xgboost 
3451,  Scikit-learn 
3451, PyTorch Lightning 
3451, Keras 
3452, PyTorch Lightning 
3452,  Scikit-learn 
3452, PyTorch 
3455,  Scikit-learn 
3455, Keras 
3455,  TensorFlow 
3456,  TensorFlow 
3456, PyTorch 
3456,  Scikit-learn 
3456, Keras 
3458, Keras 
3458,  Scikit-learn 
3458,  TensorFlow 
3459,  TensorFlow 
3460, PyTorch 
3460, PyTorch Lightning 
3460, LightGBM 
3460,  Scikit-learn 
3460, Xgboost 
3462, LightGBM 
3462, PyTorch 
3462,  TensorFlow 
3462,  Scikit-learn 
3462, PyTorch Lightning 
3462, Xgboost 
3464,  Scikit-learn 
3466,  TensorFlow 
3466,  Scikit-learn 
3466, Keras 
3466, PyTorch Lightning 
3466, PyTorch 
3466, Huggingface 
3468, Keras 
3468, PyTorch 
3470, PyTorch 
3470,  Scikit-learn 
3472, PyTorch 
3472, Keras 
3473,  Scikit-learn 
3473, Xgboost 
3474, Xgboost 
3474,  Scikit-learn 
3474, Keras 
3474,  TensorFlow 
3479, Caret 
3479, Xgboost 
3479,  Scikit-learn 
3479, LightGBM 
3479, CatBoost 
3481, PyTorch 
3483,  TensorFlow 
3484, PyTorch 
3484, Keras 
3484,  TensorFlow 
3484,  Scikit-learn 
3485,  Scikit-learn 
3486,  Scikit-learn 
3486, PyTorch 
3487, Caret 
3487, PyTorch 
3487,  TensorFlow 
3487, Xgboost 
3487, Keras 
3487,  Scikit-learn 
3487, CatBoost 
3487, LightGBM 
3488, Xgboost 
3488,  Scikit-learn 
3489,  TensorFlow 
3489,  Scikit-learn 
3492, Xgboost 
3492,  Scikit-learn 
3493, PyTorch 
3493, Keras 
3493,  TensorFlow 
3493,  Scikit-learn 
3494,  Scikit-learn 
3494, Xgboost 
3494, Keras 
3495,  Scikit-learn 
3495, Keras 
3495,  TensorFlow 
3495, PyTorch 
3496, Xgboost 
3496,  Scikit-learn 
3496, LightGBM 
3496,Other
3498, Caret 
3498,  Scikit-learn 
3498, LightGBM 
3498, CatBoost 
3498, Xgboost 
3500,  Scikit-learn 
3502, Keras 
3502,  TensorFlow 
3502,Other
3502,  Scikit-learn 
3505, PyTorch 
3505, Keras 
3505,  TensorFlow 
3506,  Scikit-learn 
3509, Keras 
3509,  TensorFlow 
3509,  Scikit-learn 
3509, PyTorch 
3512, PyTorch 
3512, LightGBM 
3512,  TensorFlow 
3512, Fast.ai 
3512,  Scikit-learn 
3513,  Scikit-learn 
3514, Tidymodels 
3514, Caret 
3514,  TensorFlow 
3514, Keras 
3514, Xgboost 
3514,  Scikit-learn 
3514, PyTorch 
3515, Keras 
3515, PyTorch 
3515, Huggingface 
3515,  Scikit-learn 
3515,  TensorFlow 
3515, PyTorch Lightning 
3515, Xgboost 
3517, PyTorch 
3517,  TensorFlow 
3517,  Scikit-learn 
3517, Keras 
3518,  Scikit-learn 
3518, Keras 
3518,  TensorFlow 
3519,  TensorFlow 
3519,  Scikit-learn 
3520, PyTorch 
3520, PyTorch Lightning 
3520, Huggingface 
3520,  TensorFlow 
3521, Huggingface 
3521, Xgboost 
3521, LightGBM 
3521,  Scikit-learn 
3521,  TensorFlow 
3522, Keras 
3522,  Scikit-learn 
3523,  TensorFlow 
3523, Xgboost 
3523, Huggingface 
3523,  Scikit-learn 
3524,  TensorFlow 
3524, Fast.ai 
3524, Xgboost 
3524, Keras 
3524, PyTorch 
3524,  Scikit-learn 
3525, Keras 
3525,  Scikit-learn 
3525, Xgboost 
3525, PyTorch 
3525, Huggingface 
3525,  TensorFlow 
3528,  Scikit-learn 
3529,  Scikit-learn 
3529, Xgboost 
3530,  Scikit-learn 
3531, Keras 
3531,  TensorFlow 
3531,  Scikit-learn 
3533, PyTorch 
3533, PyTorch Lightning 
3533,  Scikit-learn 
3533, LightGBM 
3535,  TensorFlow 
3535, Keras 
3535, PyTorch 
3535,  Scikit-learn 
3536, LightGBM 
3536,  Scikit-learn 
3536,  TensorFlow 
3536, Xgboost 
3536, Keras 
3536, PyTorch 
3541,  Scikit-learn 
3542,  TensorFlow 
3542, PyTorch Lightning 
3542, Huggingface 
3542, PyTorch 
3542,  Scikit-learn 
3542, Caret 
3542, Keras 
3542, Xgboost 
3543, LightGBM 
3543,  Scikit-learn 
3543, Xgboost 
3543, PyTorch 
3543, Caret 
3543, Tidymodels 
3545,  TensorFlow 
3545,  Scikit-learn 
3546,  Scikit-learn 
3546,  TensorFlow 
3548,  TensorFlow 
3548,  Scikit-learn 
3551, PyTorch 
3551,  TensorFlow 
3551,  Scikit-learn 
3552,  TensorFlow 
3552, PyTorch 
3552, Keras 
3553, Xgboost 
3553,  Scikit-learn 
3556,  Scikit-learn 
3556, Keras 
3556,  TensorFlow 
3556, PyTorch 
3557,  Scikit-learn 
3557, PyTorch 
3559, Caret 
3559,  Scikit-learn 
3559,  TensorFlow 
3561, LightGBM 
3561, Xgboost 
3561,  TensorFlow 
3561,  Scikit-learn 
3561, Keras 
3561, CatBoost 
3561, PyTorch 
3562,  Scikit-learn 
3563, PyTorch 
3563, PyTorch Lightning 
3563, Keras 
3563,  TensorFlow 
3564, PyTorch Lightning 
3565, Keras 
3565,  TensorFlow 
3565, PyTorch 
3566,Other
3569, PyTorch Lightning 
3569, PyTorch 
3569, Huggingface 
3570,  TensorFlow 
3570,  Scikit-learn 
3570, Huggingface 
3570, PyTorch 
3570, Keras 
3572,  TensorFlow 
3574,  Scikit-learn 
3577, Huggingface 
3577,  Scikit-learn 
3577, PyTorch Lightning 
3577, PyTorch 
3577, Keras 
3577,  TensorFlow 
3578,  Scikit-learn 
3579, Xgboost 
3579,  Scikit-learn 
3579, Keras 
3579,  TensorFlow 
3580,  Scikit-learn 
3580, Huggingface 
3580,  TensorFlow 
3580, Keras 
3580, PyTorch Lightning 
3580, PyTorch 
3580, Xgboost 
3582,  Scikit-learn 
3583, PyTorch Lightning 
3584,  Scikit-learn 
3584, Xgboost 
3584, CatBoost 
3584, PyTorch Lightning 
3584, PyTorch 
3584,  TensorFlow 
3584, Huggingface 
3584, Keras 
3586,  Scikit-learn 
3587,  Scikit-learn 
3587, Xgboost 
3593,  Scikit-learn 
3594,  TensorFlow 
3594,  Scikit-learn 
3594, Keras 
3595, Keras 
3595,  TensorFlow 
3595, PyTorch 
3595,  Scikit-learn 
3601, PyTorch 
3601, Caret 
3601,  Scikit-learn 
3601, LightGBM 
3601, Xgboost 
3602, Keras 
3602, PyTorch 
3602,  TensorFlow 
3602,  Scikit-learn 
3603,  Scikit-learn 
3604, Xgboost 
3604, Keras 
3604,  Scikit-learn 
3604,  TensorFlow 
3604, LightGBM 
3604, CatBoost 
3604, PyTorch 
3607,  TensorFlow 
3607, Huggingface 
3607, Keras 
3607, Xgboost 
3607,  Scikit-learn 
3607, PyTorch 
3608,  TensorFlow 
3610, LightGBM 
3610, Xgboost 
3610,  Scikit-learn 
3612,  Scikit-learn 
3613, Xgboost 
3613, LightGBM 
3617,  Scikit-learn 
3618, Xgboost 
3618, PyTorch Lightning 
3618, PyTorch 
3619,  Scikit-learn 
3621,  TensorFlow 
3623,  Scikit-learn 
3623, Xgboost 
3624,  Scikit-learn 
3625, PyTorch 
3625,  Scikit-learn 
3628, PyTorch 
3628, Xgboost 
3628,  Scikit-learn 
3628, Keras 
3628,  TensorFlow 
3630,  Scikit-learn 
3631,  Scikit-learn 
3632, Keras 
3632,  Scikit-learn 
3632, PyTorch 
3632,  TensorFlow 
3633, Caret 
3633,  TensorFlow 
3634, Keras 
3634, Xgboost 
3634, PyTorch 
3634,  TensorFlow 
3634,  Scikit-learn 
3634, CatBoost 
3634, LightGBM 
3635,  Scikit-learn 
3635,  TensorFlow 
3635, PyTorch 
3637,  Scikit-learn 
3638, Keras 
3638,  TensorFlow 
3639, Caret 
3640, PyTorch 
3640,  TensorFlow 
3640,  Scikit-learn 
3640, Keras 
3641, Keras 
3641,  Scikit-learn 
3641, PyTorch 
3641,  TensorFlow 
3643,  TensorFlow 
3643, Keras 
3643, PyTorch 
3643,  Scikit-learn 
3645,  TensorFlow 
3645,  Scikit-learn 
3645, Caret 
3645, Xgboost 
3645, LightGBM 
3645, PyTorch 
3646, CatBoost 
3646,  TensorFlow 
3646, Keras 
3646, Xgboost 
3646, LightGBM 
3646,  Scikit-learn 
3647,  Scikit-learn 
3648,  Scikit-learn 
3648, Keras 
3648,  TensorFlow 
3648, PyTorch 
3649,  Scikit-learn 
3651, Xgboost 
3651, CatBoost 
3651,  Scikit-learn 
3651, PyTorch Lightning 
3651, PyTorch 
3651,  TensorFlow 
3652, Keras 
3652,  TensorFlow 
3652,  Scikit-learn 
3654,  Scikit-learn 
3658,  Scikit-learn 
3658, PyTorch Lightning 
3658, PyTorch 
3659,  Scikit-learn 
3664,  TensorFlow 
3664, Keras 
3664, PyTorch 
3664,  Scikit-learn 
3664, Xgboost 
3666,  Scikit-learn 
3666, LightGBM 
3666, Xgboost 
3668,  Scikit-learn 
3668,  TensorFlow 
3670,  Scikit-learn 
3670, Keras 
3670, Xgboost 
3670,  TensorFlow 
3671, Xgboost 
3671,  TensorFlow 
3671,  Scikit-learn 
3671, PyTorch 
3671, Keras 
3676,  TensorFlow 
3676, PyTorch 
3676,  Scikit-learn 
3676, Fast.ai 
3677, PyTorch 
3678,  Scikit-learn 
3678, Xgboost 
3678, Fast.ai 
3678, Keras 
3678, Huggingface 
3678,  TensorFlow 
3678, PyTorch 
3679,Other
3680, Xgboost 
3680, Keras 
3680,  Scikit-learn 
3680, Tidymodels 
3680,  TensorFlow 
3680, PyTorch 
3681,  Scikit-learn 
3683, LightGBM 
3683, Huggingface 
3683, PyTorch 
3683,  Scikit-learn 
3684,  Scikit-learn 
3685,  TensorFlow 
3685, Keras 
3687,  Scikit-learn 
3687,  TensorFlow 
3688, Xgboost 
3688, LightGBM 
3688, PyTorch 
3688, Keras 
3688,  TensorFlow 
3691,  TensorFlow 
3691,  Scikit-learn 
3692, Xgboost 
3692,  TensorFlow 
3692, Keras 
3692,  Scikit-learn 
3694, Keras 
3694,  TensorFlow 
3694, PyTorch 
3696,  Scikit-learn 
3697, Keras 
3697,  TensorFlow 
3697,  Scikit-learn 
3700,  TensorFlow 
3700,  Scikit-learn 
3700, LightGBM 
3700, Xgboost 
3701, PyTorch 
3702,  TensorFlow 
3702, Keras 
3702, LightGBM 
3702, PyTorch 
3702,  Scikit-learn 
3702, Xgboost 
3704, Xgboost 
3705,  Scikit-learn 
3706,  Scikit-learn 
3707,  TensorFlow 
3707, Tidymodels 
3707, Keras 
3708,  Scikit-learn 
3708, Keras 
3708,  TensorFlow 
3708, PyTorch 
3709,  Scikit-learn 
3710,  Scikit-learn 
3710, Caret 
3710,  TensorFlow 
3710, PyTorch 
3710, LightGBM 
3710, Xgboost 
3711,  Scikit-learn 
3711, Xgboost 
3711,  TensorFlow 
3711, Keras 
3712,  TensorFlow 
3712,  Scikit-learn 
3712, Keras 
3712, PyTorch Lightning 
3712, Fast.ai 
3713, Xgboost 
3713, JAX 
3713, LightGBM 
3713,  TensorFlow 
3713,  Scikit-learn 
3714,  TensorFlow 
3714,  Scikit-learn 
3714, PyTorch 
3717,  Scikit-learn 
3720, Keras 
3720,  Scikit-learn 
3720, LightGBM 
3720,  TensorFlow 
3720, Xgboost 
3720, CatBoost 
3721,  Scikit-learn 
3721, Xgboost 
3721, Keras 
3721,  TensorFlow 
3722,  TensorFlow 
3722, Keras 
3722,  Scikit-learn 
3722, Xgboost 
3724, Keras 
3724,  TensorFlow 
3724, LightGBM 
3724, Xgboost 
3724,  Scikit-learn 
3724, CatBoost 
3724, PyTorch 
3724, Huggingface 
3725,  Scikit-learn 
3725, Xgboost 
3726,  TensorFlow 
3726,  Scikit-learn 
3726, Keras 
3728,  TensorFlow 
3728,  Scikit-learn 
3728, Keras 
3730,  Scikit-learn 
3730, Keras 
3730,  TensorFlow 
3732, PyTorch Lightning 
3732, CatBoost 
3732, Xgboost 
3732,  Scikit-learn 
3732, PyTorch 
3732,  TensorFlow 
3732, LightGBM 
3732, Keras 
3733,  Scikit-learn 
3733, PyTorch 
3733, Keras 
3733,  TensorFlow 
3738,  TensorFlow 
3738,  Scikit-learn 
3738, PyTorch 
3738, Keras 
3739, Tidymodels 
3739, Caret 
3740, Fast.ai 
3740, Keras 
3740, Xgboost 
3740, Caret 
3740,  Scikit-learn 
3740, Huggingface 
3740,  TensorFlow 
3741,  Scikit-learn 
3744,  TensorFlow 
3744, Keras 
3744, Xgboost 
3744, LightGBM 
3744, PyTorch 
3744,  Scikit-learn 
3745, Xgboost 
3745,  Scikit-learn 
3747, Keras 
3747,  TensorFlow 
3747,  Scikit-learn 
3748, PyTorch Lightning 
3748, PyTorch 
3748,  TensorFlow 
3750, Caret 
3751,  Scikit-learn 
3751, Xgboost 
3751, LightGBM 
3751, Keras 
3751, CatBoost 
3751, Huggingface 
3751,  TensorFlow 
3752, Xgboost 
3752, LightGBM 
3752,  Scikit-learn 
3752, CatBoost 
3752,  TensorFlow 
3752, Huggingface 
3752, Keras 
3753, Huggingface 
3753,  TensorFlow 
3753, JAX 
3753, Xgboost 
3753, PyTorch Lightning 
3754, Huggingface 
3754, Keras 
3754,  Scikit-learn 
3754, LightGBM 
3754, CatBoost 
3754, Xgboost 
3755,  TensorFlow 
3757,  TensorFlow 
3757,  Scikit-learn 
3757, PyTorch 
3757, Keras 
3758, CatBoost 
3758, Xgboost 
3758,  Scikit-learn 
3758, LightGBM 
3759,  TensorFlow 
3759, Keras 
3759, PyTorch 
3759,  Scikit-learn 
3760,  Scikit-learn 
3760, Xgboost 
3761, Xgboost 
3761, Caret 
3761,  Scikit-learn 
3763,  TensorFlow 
3763,  Scikit-learn 
3763, PyTorch 
3763, Keras 
3765,  Scikit-learn 
3765, PyTorch 
3767, Caret 
3767, Tidymodels 
3767, Xgboost 
3768,  TensorFlow 
3768, Keras 
3768,  Scikit-learn 
3769,  Scikit-learn 
3770, Keras 
3770,  Scikit-learn 
3776, Xgboost 
3776,  Scikit-learn 
3777,  Scikit-learn 
3780, PyTorch Lightning 
3780,  TensorFlow 
3780,  Scikit-learn 
3780, PyTorch 
3781, Keras 
3781, PyTorch 
3781,  TensorFlow 
3782,  Scikit-learn 
3785,  Scikit-learn 
3786,  Scikit-learn 
3787,  Scikit-learn 
3787, Keras 
3787, PyTorch 
3788, Keras 
3788, Tidymodels 
3788,  Scikit-learn 
3790, PyTorch 
3792, PyTorch 
3792,  TensorFlow 
3792,  Scikit-learn 
3794,  Scikit-learn 
3795,  Scikit-learn 
3795,  TensorFlow 
3795, Keras 
3796, CatBoost 
3796,  TensorFlow 
3796,  Scikit-learn 
3796, Xgboost 
3796, Huggingface 
3796, PyTorch 
3796, LightGBM 
3799,  Scikit-learn 
3799, PyTorch 
3799, Fast.ai 
3799, Keras 
3799,  TensorFlow 
3800,  TensorFlow 
3801, Fast.ai 
3801,  Scikit-learn 
3801, PyTorch Lightning 
3801,  TensorFlow 
3801, LightGBM 
3801, PyTorch 
3801, CatBoost 
3801, Xgboost 
3802,  Scikit-learn 
3804,  TensorFlow 
3804, Keras 
3804,  Scikit-learn 
3804, PyTorch 
3805, Huggingface 
3805, PyTorch 
3805, PyTorch Lightning 
3805, Xgboost 
3805,  Scikit-learn 
3807, Keras 
3807,  TensorFlow 
3807, PyTorch Lightning 
3807, Xgboost 
3807,  Scikit-learn 
3807, PyTorch 
3808, LightGBM 
3808,  Scikit-learn 
3808, Xgboost 
3810, PyTorch 
3810,  TensorFlow 
3810,  Scikit-learn 
3811,  Scikit-learn 
3811, Keras 
3811,  TensorFlow 
3812,  Scikit-learn 
3813,  Scikit-learn 
3813,  TensorFlow 
3813, Keras 
3813, Tidymodels 
3814,  Scikit-learn 
3818, Keras 
3818,  Scikit-learn 
3818,  TensorFlow 
3819,  Scikit-learn 
3819, Xgboost 
3820,  Scikit-learn 
3820,  TensorFlow 
3820, Keras 
3820, Xgboost 
3821,  Scikit-learn 
3825, Fast.ai 
3825,  Scikit-learn 
3825, PyTorch 
3828, Fast.ai 
3828, Keras 
3828,  Scikit-learn 
3828,  TensorFlow 
3828, PyTorch 
3830, PyTorch 
3830, Xgboost 
3830, LightGBM 
3830,  Scikit-learn 
3831,  Scikit-learn 
3831,  TensorFlow 
3831, Caret 
3832, Xgboost 
3832,  Scikit-learn 
3834,Other
3835,  Scikit-learn 
3835,  TensorFlow 
3837, PyTorch 
3837,  Scikit-learn 
3838,  Scikit-learn 
3839,  Scikit-learn 
3839, PyTorch 
3839,  TensorFlow 
3839, Keras 
3840,  Scikit-learn 
3840, Xgboost 
3840,  TensorFlow 
3840, Keras 
3842,  Scikit-learn 
3842, PyTorch Lightning 
3842,  TensorFlow 
3842, PyTorch 
3842, Keras 
3843, Keras 
3843,  TensorFlow 
3843,  Scikit-learn 
3843, PyTorch 
3843, LightGBM 
3843, Xgboost 
3847,  TensorFlow 
3847,  Scikit-learn 
3854, Keras 
3854,  Scikit-learn 
3854,  TensorFlow 
3854, Huggingface 
3855, Keras 
3855,  TensorFlow 
3855, PyTorch 
3855,  Scikit-learn 
3856, PyTorch 
3856,  Scikit-learn 
3856, Huggingface 
3856, PyTorch Lightning 
3858, PyTorch Lightning 
3858, PyTorch 
3858,  Scikit-learn 
3858,  TensorFlow 
3863,  Scikit-learn 
3864,  Scikit-learn 
3864, PyTorch 
3866,  Scikit-learn 
3870, PyTorch 
3870, PyTorch Lightning 
3870,  Scikit-learn 
3871,  Scikit-learn 
3871, Keras 
3871,  TensorFlow 
3871, PyTorch 
3872,  Scikit-learn 
3878,  TensorFlow 
3878, Keras 
3878,  Scikit-learn 
3879, JAX 
3879, PyTorch 
3879,  Scikit-learn 
3882,  Scikit-learn 
3883,  TensorFlow 
3883,  Scikit-learn 
3884, CatBoost 
3884, Xgboost 
3884,  Scikit-learn 
3884, LightGBM 
3887, Keras 
3887,  Scikit-learn 
3887,  TensorFlow 
3888,  Scikit-learn 
3888,  TensorFlow 
3888, Xgboost 
3890, Keras 
3890,  TensorFlow 
3891,  TensorFlow 
3891, Keras 
3892,  TensorFlow 
3892,  Scikit-learn 
3892, Keras 
3892, PyTorch 
3893,  Scikit-learn 
3894,  Scikit-learn 
3897,  Scikit-learn 
3897,  TensorFlow 
3897, PyTorch 
3897, Keras 
3898,  Scikit-learn 
3898, PyTorch 
3898,  TensorFlow 
3898, Xgboost 
3898, Keras 
3899,  Scikit-learn 
3899, Xgboost 
3899,  TensorFlow 
3899, Keras 
3901,  Scikit-learn 
3901, Keras 
3902, Huggingface 
3902, PyTorch 
3902, PyTorch Lightning 
3902,  Scikit-learn 
3902, CatBoost 
3905, Xgboost 
3905,  Scikit-learn 
3908,  Scikit-learn 
3908, Xgboost 
3908, LightGBM 
3908, CatBoost 
3908, Keras 
3912,  TensorFlow 
3913,  Scikit-learn 
3913,  TensorFlow 
3913, Keras 
3914, Xgboost 
3914,  Scikit-learn 
3915,  Scikit-learn 
3915,  TensorFlow 
3915, Xgboost 
3915, Keras 
3915, PyTorch 
3915, Fast.ai 
3918, Keras 
3918,  Scikit-learn 
3918,  TensorFlow 
3920,  TensorFlow 
3920, Keras 
3920,  Scikit-learn 
3923,  TensorFlow 
3926,  TensorFlow 
3926, Keras 
3926, Xgboost 
3928, Keras 
3930,  TensorFlow 
3930, Keras 
3931,  TensorFlow 
3931, Keras 
3931, PyTorch 
3936,  Scikit-learn 
3936, Caret 
3937, Keras 
3937, Huggingface 
3937, Xgboost 
3937,  Scikit-learn 
3937, PyTorch 
3938, Keras 
3938,  TensorFlow 
3939, Huggingface 
3939,  Scikit-learn 
3939, Fast.ai 
3941,  Scikit-learn 
3941, PyTorch 
3941, Keras 
3941,  TensorFlow 
3942,Other
3942,  Scikit-learn 
3944,  Scikit-learn 
3948,  Scikit-learn 
3948, PyTorch 
3949,  TensorFlow 
3949,  Scikit-learn 
3949, Keras 
3950,  Scikit-learn 
3950, Xgboost 
3950,Other
3951,  Scikit-learn 
3952, Keras 
3952, Xgboost 
3952,  Scikit-learn 
3952,  TensorFlow 
3955, PyTorch 
3955,  Scikit-learn 
3956,  Scikit-learn 
3956, Keras 
3956,  TensorFlow 
3957, PyTorch 
3958, Caret 
3959, Keras 
3959,  TensorFlow 
3959, Xgboost 
3959,  Scikit-learn 
3960,  TensorFlow 
3960, Keras 
3960,  Scikit-learn 
3960, PyTorch 
3963,  Scikit-learn 
3963, Keras 
3963,  TensorFlow 
3965, PyTorch Lightning 
3965, Fast.ai 
3965,  Scikit-learn 
3965, PyTorch 
3966,  Scikit-learn 
3967,  Scikit-learn 
3967, Keras 
3969,  Scikit-learn 
3972,  TensorFlow 
3972, Xgboost 
3972,  Scikit-learn 
3974, PyTorch 
3974, Keras 
3974, CatBoost 
3974,  TensorFlow 
3975, Keras 
3975,  TensorFlow 
3975, Xgboost 
3975,  Scikit-learn 
3976,  Scikit-learn 
3976,  TensorFlow 
3978, Keras 
3978,  Scikit-learn 
3978,  TensorFlow 
3978, PyTorch 
3979,  Scikit-learn 
3980, PyTorch 
3980, LightGBM 
3980, Keras 
3980,  TensorFlow 
3980, CatBoost 
3980, Xgboost 
3980,  Scikit-learn 
3982, Huggingface 
3982, Tidymodels 
3982, Xgboost 
3982,  Scikit-learn 
3984, CatBoost 
3984, Xgboost 
3984,  Scikit-learn 
3985, Keras 
3985, PyTorch 
3985,  Scikit-learn 
3985, Huggingface 
3985,  TensorFlow 
3987,  Scikit-learn 
3988,  TensorFlow 
3988, PyTorch 
3988, Xgboost 
3988, Keras 
3988, PyTorch Lightning 
3990, Xgboost 
3990,  TensorFlow 
3990,  Scikit-learn 
3993, Xgboost 
3993,  TensorFlow 
3993, PyTorch 
3993,  Scikit-learn 
3994, Xgboost 
3994, LightGBM 
3995,  Scikit-learn 
3995,  TensorFlow 
3995, PyTorch 
3996,  Scikit-learn 
3999,  Scikit-learn 
4000,Other
4001, Keras 
4001,  TensorFlow 
4003,  TensorFlow 
4003,  Scikit-learn 
4005,Other
4009,  TensorFlow 
4010,  Scikit-learn 
4010,Other
4010, Huggingface 
4010, Keras 
4010,  TensorFlow 
4011,  TensorFlow 
4011,Other
4011, Keras 
4013, Huggingface 
4013, PyTorch 
4013,  TensorFlow 
4013,  Scikit-learn 
4013, Tidymodels 
4013, Xgboost 
4013, Keras 
4014,  Scikit-learn 
4014, LightGBM 
4014, CatBoost 
4014, Xgboost 
4017,  Scikit-learn 
4017, PyTorch 
4017,  TensorFlow 
4018, Huggingface 
4018, Xgboost 
4018, Keras 
4018, PyTorch 
4018,  Scikit-learn 
4018, Caret 
4019,  Scikit-learn 
4021,  TensorFlow 
4021,  Scikit-learn 
4021, Keras 
4021, Huggingface 
4022,  Scikit-learn 
4023, Keras 
4023,  Scikit-learn 
4023, PyTorch 
4025,  Scikit-learn 
4026, PyTorch 
4026, PyTorch Lightning 
4026, CatBoost 
4028,  Scikit-learn 
4029, Keras 
4029,  TensorFlow 
4030,  Scikit-learn 
4030,  TensorFlow 
4030, LightGBM 
4031, PyTorch 
4031,  Scikit-learn 
4031, Caret 
4031, Huggingface 
4032, CatBoost 
4032,  Scikit-learn 
4032, Xgboost 
4032,  TensorFlow 
4032, LightGBM 
4032, Keras 
4033,  Scikit-learn 
4033, LightGBM 
4033, Xgboost 
4034, Huggingface 
4034, PyTorch 
4034, Keras 
4034,  TensorFlow 
4035, Xgboost 
4035, Keras 
4035, PyTorch Lightning 
4035,  Scikit-learn 
4035, CatBoost 
4035, LightGBM 
4035,  TensorFlow 
4035, Huggingface 
4035, PyTorch 
4037,  TensorFlow 
4037, PyTorch Lightning 
4039, Keras 
4043, LightGBM 
4043, Keras 
4043, PyTorch 
4043,  TensorFlow 
4043, Xgboost 
4043,  Scikit-learn 
4046,  Scikit-learn 
4046, Xgboost 
4046, Keras 
4046, LightGBM 
4046,  TensorFlow 
4047,  TensorFlow 
4047, PyTorch 
4048, PyTorch 
4050,  TensorFlow 
4050,  Scikit-learn 
4050, Keras 
4051, PyTorch 
4051, Keras 
4051,  TensorFlow 
4051, Xgboost 
4051, JAX 
4051, LightGBM 
4051,  Scikit-learn 
4054, Keras 
4054,  TensorFlow 
4054,  Scikit-learn 
4055,  TensorFlow 
4056, Keras 
4056,  Scikit-learn 
4056, Xgboost 
4058,  Scikit-learn 
4060,  Scikit-learn 
4060, Keras 
4064,  TensorFlow 
4064,  Scikit-learn 
4064, Keras 
4065, Keras 
4065,  Scikit-learn 
4065, PyTorch 
4065,  TensorFlow 
4066,  TensorFlow 
4066, Xgboost 
4066,  Scikit-learn 
4066, Keras 
4067, Xgboost 
4067,  Scikit-learn 
4067, Keras 
4067,  TensorFlow 
4068,  Scikit-learn 
4069, PyTorch 
4069, PyTorch Lightning 
4069,  TensorFlow 
4069, Keras 
4070,  TensorFlow 
4070, PyTorch 
4073,  TensorFlow 
4074, Keras 
4074,  TensorFlow 
4074, LightGBM 
4074,  Scikit-learn 
4074, Caret 
4074, Xgboost 
4075, PyTorch 
4075,  TensorFlow 
4075,  Scikit-learn 
4075, Keras 
4076,  TensorFlow 
4076, PyTorch 
4077, LightGBM 
4077, Xgboost 
4077, PyTorch 
4078, Fast.ai 
4078, Xgboost 
4078,  Scikit-learn 
4079,  Scikit-learn 
4079, Keras 
4079,  TensorFlow 
4083, Huggingface 
4083, Xgboost 
4083,  Scikit-learn 
4083, PyTorch 
4086,  TensorFlow 
4086, Keras 
4086,  Scikit-learn 
4086, Xgboost 
4088,  Scikit-learn 
4088, PyTorch 
4088,  TensorFlow 
4088, Keras 
4090, PyTorch 
4091,  Scikit-learn 
4091, Keras 
4091, PyTorch 
4091,  TensorFlow 
4092,  Scikit-learn 
4092, Xgboost 
4092, Keras 
4092,  TensorFlow 
4094, Keras 
4094,  Scikit-learn 
4094, Xgboost 
4095, Xgboost 
4095,  TensorFlow 
4095,  Scikit-learn 
4096, Keras 
4096,  Scikit-learn 
4096, Huggingface 
4097, Xgboost 
4097,  Scikit-learn 
4097, LightGBM 
4098, Caret 
4099, Xgboost 
4099,  Scikit-learn 
4100, Xgboost 
4100,  TensorFlow 
4100, PyTorch 
4100,  Scikit-learn 
4100, Keras 
4104, PyTorch 
4104,  TensorFlow 
4104,  Scikit-learn 
4106,  Scikit-learn 
4106, Tidymodels 
4106, Keras 
4106,  TensorFlow 
4106, Caret 
4107, Tidymodels 
4107, PyTorch 
4108,  Scikit-learn 
4110, Huggingface 
4110,  Scikit-learn 
4114,  TensorFlow 
4114,  Scikit-learn 
4114, Xgboost 
4116,  TensorFlow 
4116,  Scikit-learn 
4116, Tidymodels 
4116, Xgboost 
4116, Keras 
4117,  TensorFlow 
4117,  Scikit-learn 
4117, PyTorch 
4117, Keras 
4119,  Scikit-learn 
4119, Huggingface 
4119, Xgboost 
4119, PyTorch 
4120,  Scikit-learn 
4121, PyTorch 
4121,  Scikit-learn 
4121, Xgboost 
4121,  TensorFlow 
4121, Fast.ai 
4121, Keras 
4121, LightGBM 
4121, PyTorch Lightning 
4123,Other
4125,  TensorFlow 
4125,  Scikit-learn 
4126, Keras 
4126,  TensorFlow 
4127, PyTorch 
4129,  Scikit-learn 
4131, LightGBM 
4131, Xgboost 
4131,  Scikit-learn 
4131, Keras 
4132,  Scikit-learn 
4133, Keras 
4133, PyTorch Lightning 
4133, Fast.ai 
4134,  Scikit-learn 
4134, Xgboost 
4135, Xgboost 
4135,  Scikit-learn 
4137, PyTorch 
4137, Xgboost 
4137,  TensorFlow 
4137, PyTorch Lightning 
4137,  Scikit-learn 
4137, Keras 
4142, Keras 
4142, PyTorch 
4142, Xgboost 
4142, PyTorch Lightning 
4142,  Scikit-learn 
4142,Other
4142, Fast.ai 
4144, Xgboost 
4144, Keras 
4144, CatBoost 
4144,  Scikit-learn 
4145, PyTorch 
4145,  TensorFlow 
4145, Keras 
4146,  Scikit-learn 
4148, PyTorch 
4151, Keras 
4152,  Scikit-learn 
4152, PyTorch 
4153,Other
4153, Keras 
4153,  TensorFlow 
4153, PyTorch 
4153,  Scikit-learn 
4155, Keras 
4155,  TensorFlow 
4156, Keras 
4156,  TensorFlow 
4156,  Scikit-learn 
4157,  Scikit-learn 
4157, LightGBM 
4157,  TensorFlow 
4157, Xgboost 
4157, Keras 
4159,  Scikit-learn 
4159, PyTorch 
4159, Xgboost 
4159, Keras 
4161, Keras 
4161,  TensorFlow 
4161, PyTorch 
4161,  Scikit-learn 
4164, PyTorch Lightning 
4164, PyTorch 
4164,  TensorFlow 
4165,  TensorFlow 
4165, PyTorch 
4166, Keras 
4166,  TensorFlow 
4166, CatBoost 
4166,  Scikit-learn 
4167, Xgboost 
4167, PyTorch 
4167,  Scikit-learn 
4167, LightGBM 
4167, CatBoost 
4168,  TensorFlow 
4168, Keras 
4168, PyTorch 
4171,  Scikit-learn 
4171, Caret 
4171,  TensorFlow 
4171, Xgboost 
4171, LightGBM 
4171, Keras 
4172, Xgboost 
4172, Caret 
4172, LightGBM 
4172, Tidymodels 
4172,  Scikit-learn 
4173, Keras 
4173,  Scikit-learn 
4173, PyTorch 
4173, Xgboost 
4173,  TensorFlow 
4174,  TensorFlow 
4174,  Scikit-learn 
4174, Keras 
4175,  Scikit-learn 
4177,  TensorFlow 
4177,  Scikit-learn 
4179,  Scikit-learn 
4183,  Scikit-learn 
4183, PyTorch 
4183,  TensorFlow 
4184,  Scikit-learn 
4184,Other
4186,  Scikit-learn 
4186, PyTorch 
4186,  TensorFlow 
4187,  TensorFlow 
4187, Keras 
4187,  Scikit-learn 
4187, PyTorch 
4188, Caret 
4190,  Scikit-learn 
4191,Other
4192,  TensorFlow 
4192,  Scikit-learn 
4192, Xgboost 
4192, PyTorch 
4192, Keras 
4194,  Scikit-learn 
4195, PyTorch 
4198, Keras 
4198, Xgboost 
4198,  Scikit-learn 
4199,  TensorFlow 
4199, Keras 
4199, Caret 
4199, Tidymodels 
4199,  Scikit-learn 
4200,  Scikit-learn 
4200, PyTorch 
4201,  Scikit-learn 
4201,  TensorFlow 
4202,  Scikit-learn 
4202,  TensorFlow 
4203, PyTorch 
4203, Keras 
4203,  Scikit-learn 
4203,  TensorFlow 
4205,  TensorFlow 
4205,  Scikit-learn 
4205, Keras 
4206,  TensorFlow 
4206, Fast.ai 
4208, Xgboost 
4208, LightGBM 
4208,  TensorFlow 
4208,  Scikit-learn 
4208, Keras 
4209, Keras 
4209, Xgboost 
4209,  TensorFlow 
4209,  Scikit-learn 
4211,  TensorFlow 
4211, Keras 
4218,  TensorFlow 
4218, Fast.ai 
4218,  Scikit-learn 
4218, Huggingface 
4218, PyTorch 
4218, Keras 
4218, JAX 
4220, Xgboost 
4220,  Scikit-learn 
4221, Keras 
4221,  TensorFlow 
4221,  Scikit-learn 
4223,  TensorFlow 
4224, PyTorch 
4225,  Scikit-learn 
4226,  Scikit-learn 
4227, LightGBM 
4227, Xgboost 
4227,  Scikit-learn 
4229,  Scikit-learn 
4229, Keras 
4230,  Scikit-learn 
4234, Keras 
4234,  TensorFlow 
4235, Keras 
4235,  TensorFlow 
4235, Caret 
4235, Tidymodels 
4237,  Scikit-learn 
4237,  TensorFlow 
4239,  TensorFlow 
4240,  Scikit-learn 
4240, Xgboost 
4240, Huggingface 
4240, PyTorch Lightning 
4240, Keras 
4240, CatBoost 
4240, PyTorch 
4240, LightGBM 
4245, Keras 
4245,  TensorFlow 
4245, PyTorch Lightning 
4245, PyTorch 
4245,  Scikit-learn 
4245, Huggingface 
4246,  Scikit-learn 
4246, Keras 
4246, Xgboost 
4246,  TensorFlow 
4248,  Scikit-learn 
4248, Keras 
4248,  TensorFlow 
4250, PyTorch 
4250,  Scikit-learn 
4252, Xgboost 
4252, CatBoost 
4252, LightGBM 
4254, PyTorch 
4254,  Scikit-learn 
4254, Xgboost 
4254, Keras 
4254,  TensorFlow 
4255,Other
4256, Xgboost 
4256, Keras 
4256,  TensorFlow 
4256,  Scikit-learn 
4256, PyTorch 
4259,  Scikit-learn 
4260, Keras 
4260, Xgboost 
4260,  Scikit-learn 
4261,Other
4264, Xgboost 
4264,  Scikit-learn 
4264, LightGBM 
4264, CatBoost 
4266,  TensorFlow 
4268, Xgboost 
4268,  Scikit-learn 
4269,  Scikit-learn 
4270, Tidymodels 
4272,  Scikit-learn 
4276, Xgboost 
4276,  Scikit-learn 
4276,  TensorFlow 
4276, PyTorch 
4277,  Scikit-learn 
4277, Xgboost 
4279,  Scikit-learn 
4279, LightGBM 
4279, Xgboost 
4281,  TensorFlow 
4281, Keras 
4281,  Scikit-learn 
4282, PyTorch 
4282,  TensorFlow 
4282, Xgboost 
4282,  Scikit-learn 
4282, PyTorch Lightning 
4285, PyTorch 
4285,  Scikit-learn 
4285, Xgboost 
4285, LightGBM 
4285, Keras 
4285,  TensorFlow 
4285, CatBoost 
4286, PyTorch 
4286,  Scikit-learn 
4286, Xgboost 
4286,  TensorFlow 
4286, Keras 
4286, CatBoost 
4287, Keras 
4287, Xgboost 
4287,  TensorFlow 
4287,  Scikit-learn 
4289, Keras 
4289,  TensorFlow 
4289,  Scikit-learn 
4290, PyTorch 
4290,  TensorFlow 
4290, Fast.ai 
4290,  Scikit-learn 
4291,  Scikit-learn 
4292, Fast.ai 
4292, PyTorch 
4292, CatBoost 
4292,  TensorFlow 
4292, PyTorch Lightning 
4293,  Scikit-learn 
4296, Xgboost 
4297, PyTorch 
4297,  TensorFlow 
4297,  Scikit-learn 
4297, Keras 
4297, Xgboost 
4299,  Scikit-learn 
4299, PyTorch 
4299, CatBoost 
4299, Keras 
4299, Xgboost 
4299,  TensorFlow 
4299, LightGBM 
4299, Huggingface 
4300,  Scikit-learn 
4302,  Scikit-learn 
4302, Xgboost 
4304, Keras 
4305, Xgboost 
4305,  Scikit-learn 
4306,  Scikit-learn 
4306, PyTorch Lightning 
4306, Keras 
4306,  TensorFlow 
4306, PyTorch 
4309,  Scikit-learn 
4310,  Scikit-learn 
4311, Fast.ai 
4311, Keras 
4311,  Scikit-learn 
4311,  TensorFlow 
4313, PyTorch 
4315, LightGBM 
4315, Tidymodels 
4315, Caret 
4318, Keras 
4318,  TensorFlow 
4319,  Scikit-learn 
4319, Xgboost 
4320, PyTorch 
4320, Keras 
4320, Xgboost 
4320,  Scikit-learn 
4320,  TensorFlow 
4320, Huggingface 
4321, PyTorch Lightning 
4321,  TensorFlow 
4321,  Scikit-learn 
4321, Keras 
4321, PyTorch 
4323, PyTorch 
4323, Keras 
4323,  Scikit-learn 
4323, Tidymodels 
4323,  TensorFlow 
4324,  Scikit-learn 
4326,  TensorFlow 
4326, Keras 
4328, Xgboost 
4329,  TensorFlow 
4329, Keras 
4329, PyTorch 
4330,Other
4331, PyTorch 
4332,  Scikit-learn 
4332, Keras 
4332,  TensorFlow 
4333, PyTorch 
4333,  Scikit-learn 
4333, LightGBM 
4334,  Scikit-learn 
4334, PyTorch 
4334, Xgboost 
4334, CatBoost 
4334, Huggingface 
4336,  TensorFlow 
4336, Keras 
4336,  Scikit-learn 
4336, Tidymodels 
4338,  Scikit-learn 
4339, PyTorch 
4340,  Scikit-learn 
4342,  TensorFlow 
4343, Tidymodels 
4344, Keras 
4344,  Scikit-learn 
4345,  TensorFlow 
4345, Huggingface 
4345, PyTorch 
4345, Keras 
4349,  Scikit-learn 
4349, PyTorch 
4349, Keras 
4349,  TensorFlow 
4350,  Scikit-learn 
4350, Xgboost 
4350, LightGBM 
4350, Keras 
4351,  Scikit-learn 
4352, Keras 
4352,  TensorFlow 
4353,  Scikit-learn 
4353,  TensorFlow 
4354,  TensorFlow 
4354, Keras 
4354, Xgboost 
4354,  Scikit-learn 
4355, PyTorch 
4355, Keras 
4355,  TensorFlow 
4355, Caret 
4356,  Scikit-learn 
4356, Xgboost 
4357, Keras 
4357,  Scikit-learn 
4357,  TensorFlow 
4357, PyTorch 
4358, PyTorch 
4358, Keras 
4361,  TensorFlow 
4361,  Scikit-learn 
4364,  Scikit-learn 
4364,  TensorFlow 
4364, Keras 
4364, Xgboost 
4365, LightGBM 
4365, Xgboost 
4365,  TensorFlow 
4365,  Scikit-learn 
4365, CatBoost 
4365, Keras 
4368,  Scikit-learn 
4369,  Scikit-learn 
4373,  Scikit-learn 
4373,  TensorFlow 
4373, Xgboost 
4373, Keras 
4374, Keras 
4374, LightGBM 
4374, Xgboost 
4374, CatBoost 
4374,  Scikit-learn 
4374,  TensorFlow 
4375, PyTorch 
4375, LightGBM 
4375, CatBoost 
4375,  TensorFlow 
4375,  Scikit-learn 
4375, Xgboost 
4379, Xgboost 
4379, Keras 
4379,  TensorFlow 
4379,  Scikit-learn 
4379, LightGBM 
4379, Huggingface 
4381, Xgboost 
4381, Caret 
4382,  Scikit-learn 
4383,  TensorFlow 
4383, Huggingface 
4383, PyTorch Lightning 
4383, Tidymodels 
4383, JAX 
4383, LightGBM 
4383, Keras 
4383, PyTorch 
4383,  Scikit-learn 
4383, Caret 
4383, Xgboost 
4386,  TensorFlow 
4386, Keras 
4386,  Scikit-learn 
4387,  Scikit-learn 
4388,  Scikit-learn 
4391, LightGBM 
4391,  TensorFlow 
4391,  Scikit-learn 
4391, Xgboost 
4391, PyTorch 
4391, Keras 
4391, CatBoost 
4392, PyTorch 
4393, Caret 
4394,  TensorFlow 
4394, Keras 
4395,  TensorFlow 
4395, Xgboost 
4395,  Scikit-learn 
4395, Keras 
4395, PyTorch 
4396, PyTorch 
4396,  Scikit-learn 
4397,  Scikit-learn 
4399, Keras 
4399,  Scikit-learn 
4401,  Scikit-learn 
4401, PyTorch 
4401, Keras 
4401, Huggingface 
4403,  TensorFlow 
4403,  Scikit-learn 
4403, PyTorch 
4403, Xgboost 
4403, Keras 
4405,  Scikit-learn 
4405, Keras 
4405,  TensorFlow 
4405, Xgboost 
4406,  Scikit-learn 
4409, Keras 
4409, PyTorch 
4409,  TensorFlow 
4409, Xgboost 
4409,  Scikit-learn 
4410,  Scikit-learn 
4411, Keras 
4411, PyTorch 
4411,  TensorFlow 
4413,  Scikit-learn 
4413, PyTorch 
4413,  TensorFlow 
4415,  Scikit-learn 
4415,  TensorFlow 
4415, Xgboost 
4415, LightGBM 
4420,  Scikit-learn 
4420,  TensorFlow 
4420, Keras 
4423, Keras 
4423, LightGBM 
4423, CatBoost 
4423,  Scikit-learn 
4423, Xgboost 
4423,  TensorFlow 
4424, CatBoost 
4424,  TensorFlow 
4424, Xgboost 
4424, Fast.ai 
4424, Keras 
4424, PyTorch 
4424,  Scikit-learn 
4424, LightGBM 
4425,Other
4428,  Scikit-learn 
4428,  TensorFlow 
4429, PyTorch Lightning 
4429,  TensorFlow 
4429, PyTorch 
4429, Xgboost 
4429,  Scikit-learn 
4429, Fast.ai 
4429, LightGBM 
4429, Keras 
4430,  Scikit-learn 
4430, Keras 
4432, PyTorch Lightning 
4432, JAX 
4432,  TensorFlow 
4433, Fast.ai 
4433,  TensorFlow 
4433, PyTorch 
4433,  Scikit-learn 
4434,  TensorFlow 
4434, Keras 
4434,  Scikit-learn 
4435, LightGBM 
4435, PyTorch 
4435,  TensorFlow 
4437, Xgboost 
4437,  TensorFlow 
4437, Keras 
4437,  Scikit-learn 
4438,  Scikit-learn 
4438,  TensorFlow 
4438, Keras 
4438, Xgboost 
4440,  Scikit-learn 
4440, Keras 
4440,  TensorFlow 
4441, Xgboost 
4441, Keras 
4441, CatBoost 
4442,  Scikit-learn 
4442, PyTorch 
4443,Other
4443, Xgboost 
4443,  TensorFlow 
4443,  Scikit-learn 
4444, Xgboost 
4444,  Scikit-learn 
4446,  Scikit-learn 
4446,  TensorFlow 
4446, Xgboost 
4447,  Scikit-learn 
4449,  Scikit-learn 
4449, Fast.ai 
4449, PyTorch 
4451,  TensorFlow 
4451, Keras 
4451,  Scikit-learn 
4451, Huggingface 
4452,  Scikit-learn 
4456,  Scikit-learn 
4456,  TensorFlow 
4456, LightGBM 
4457,  Scikit-learn 
4460,  TensorFlow 
4464,  Scikit-learn 
4464,  TensorFlow 
4464, Keras 
4464, Xgboost 
4465,  Scikit-learn 
4465, Xgboost 
4466, PyTorch 
4466,  Scikit-learn 
4467,  Scikit-learn 
4468,  Scikit-learn 
4468, PyTorch 
4469, Keras 
4469,  Scikit-learn 
4469, PyTorch 
4470,  Scikit-learn 
4471,  TensorFlow 
4472, Xgboost 
4472,  Scikit-learn 
4472, Caret 
4472, CatBoost 
4472, LightGBM 
4473,  Scikit-learn 
4474,  Scikit-learn 
4475,  Scikit-learn 
4475, Huggingface 
4475, PyTorch 
4475, Keras 
4477, Tidymodels 
4478,  Scikit-learn 
4478, PyTorch 
4478,  TensorFlow 
4479,  Scikit-learn 
4480,  TensorFlow 
4480,  Scikit-learn 
4481, PyTorch 
4481,  Scikit-learn 
4481,  TensorFlow 
4482,  Scikit-learn 
4482, Xgboost 
4484, Caret 
4484, Xgboost 
4484, Keras 
4484,  TensorFlow 
4484, PyTorch 
4484, CatBoost 
4484,  Scikit-learn 
4485,  Scikit-learn 
4485,  TensorFlow 
4485, Keras 
4487, CatBoost 
4487,  TensorFlow 
4487, Keras 
4487, PyTorch 
4487, LightGBM 
4487, Xgboost 
4487,  Scikit-learn 
4488, Keras 
4488, CatBoost 
4488, PyTorch 
4488, Huggingface 
4488,  Scikit-learn 
4488, Xgboost 
4488, LightGBM 
4488,  TensorFlow 
4489, PyTorch 
4489,  Scikit-learn 
4489,  TensorFlow 
4489, Keras 
4490,  Scikit-learn 
4492,  Scikit-learn 
4492, PyTorch 
4493, Keras 
4493,  TensorFlow 
4493,  Scikit-learn 
4494, Huggingface 
4496,  TensorFlow 
4496, PyTorch 
4497,  TensorFlow 
4498,  Scikit-learn 
4498, Keras 
4498, LightGBM 
4498,  TensorFlow 
4498, Xgboost 
4499, LightGBM 
4499, Xgboost 
4499,  Scikit-learn 
4501,  Scikit-learn 
4501, Xgboost 
4501,  TensorFlow 
4501, Keras 
4501, LightGBM 
4501, PyTorch 
4504, Xgboost 
4505, PyTorch 
4505,  Scikit-learn 
4505, Huggingface 
4506, Huggingface 
4506, PyTorch 
4506,  Scikit-learn 
4506,  TensorFlow 
4507, PyTorch 
4507, Xgboost 
4507,  Scikit-learn 
4508, Keras 
4508, PyTorch 
4508,  TensorFlow 
4509,  Scikit-learn 
4509, Keras 
4509,  TensorFlow 
4512, Xgboost 
4512,  Scikit-learn 
4512,  TensorFlow 
4513, CatBoost 
4514,  Scikit-learn 
4514, Xgboost 
4514, PyTorch 
4516,  TensorFlow 
4516,  Scikit-learn 
4516, PyTorch 
4516, Keras 
4518,  Scikit-learn 
4519, Xgboost 
4519, Keras 
4519,  TensorFlow 
4519,  Scikit-learn 
4519, PyTorch 
4524,  Scikit-learn 
4525, Xgboost 
4525,  Scikit-learn 
4525,  TensorFlow 
4525, Keras 
4525, PyTorch 
4526, PyTorch 
4526,  Scikit-learn 
4527, Xgboost 
4527, Caret 
4527, Tidymodels 
4528, Keras 
4528, PyTorch Lightning 
4528,  Scikit-learn 
4528,  TensorFlow 
4529,  Scikit-learn 
4530, PyTorch 
4530, Keras 
4530,  Scikit-learn 
4530,  TensorFlow 
4530, Huggingface 
4530, Fast.ai 
4530, Xgboost 
4530, LightGBM 
4531, Xgboost 
4531, CatBoost 
4531, Keras 
4531, PyTorch 
4531, LightGBM 
4531,  Scikit-learn 
4531,  TensorFlow 
4531, Huggingface 
4532,  TensorFlow 
4532,  Scikit-learn 
4532, Huggingface 
4532, Xgboost 
4532, Keras 
4532, PyTorch 
4533, PyTorch Lightning 
4533, PyTorch 
4534, PyTorch 
4534, JAX 
4534,  Scikit-learn 
4534, Huggingface 
4534, Fast.ai 
4534, PyTorch Lightning 
4535,  Scikit-learn 
4535, Xgboost 
4535, Keras 
4535,  TensorFlow 
4535, LightGBM 
4536, Tidymodels 
4536, Caret 
4537,  Scikit-learn 
4537,  TensorFlow 
4537, Keras 
4537, Xgboost 
4538,  TensorFlow 
4538, Keras 
4538, LightGBM 
4538,  Scikit-learn 
4538, Xgboost 
4538, CatBoost 
4540, Keras 
4540,  Scikit-learn 
4540,  TensorFlow 
4541, Xgboost 
4541,  TensorFlow 
4542,  TensorFlow 
4543, LightGBM 
4543, PyTorch 
4543, Xgboost 
4543,  Scikit-learn 
4543,  TensorFlow 
4544, CatBoost 
4544,  Scikit-learn 
4545,  Scikit-learn 
4545, PyTorch 
4546,  TensorFlow 
4546,  Scikit-learn 
4546, PyTorch 
4547,  Scikit-learn 
4549, PyTorch 
4549, Keras 
4549,  Scikit-learn 
4549,  TensorFlow 
4549, Xgboost 
4550,  Scikit-learn 
4550,  TensorFlow 
4550, Keras 
4552, Xgboost 
4552,  Scikit-learn 
4553, Keras 
4553,  TensorFlow 
4553, Caret 
4553, LightGBM 
4553, PyTorch 
4553, Tidymodels 
4553,  Scikit-learn 
4553, Xgboost 
4555,  TensorFlow 
4555, Keras 
4556, PyTorch 
4556, Keras 
4556, Xgboost 
4556,  TensorFlow 
4556,  Scikit-learn 
4558, Huggingface 
4558, Xgboost 
4558,  Scikit-learn 
4558, PyTorch 
4558,  TensorFlow 
4558, Keras 
4559,  Scikit-learn 
4560,  Scikit-learn 
4560, Keras 
4560,  TensorFlow 
4561, PyTorch 
4561,  TensorFlow 
4561, Keras 
4561,  Scikit-learn 
4562,  Scikit-learn 
4563,  TensorFlow 
4563, Keras 
4563, Huggingface 
4564,  Scikit-learn 
4566,  TensorFlow 
4566, Keras 
4567,  Scikit-learn 
4567,  TensorFlow 
4567, Xgboost 
4568, Xgboost 
4568,  TensorFlow 
4568,  Scikit-learn 
4568, Keras 
4569, Xgboost 
4569, Keras 
4569,  TensorFlow 
4569,  Scikit-learn 
4571, Keras 
4571,  TensorFlow 
4571,  Scikit-learn 
4572,  TensorFlow 
4572, Fast.ai 
4573,  Scikit-learn 
4573, Keras 
4574, PyTorch 
4574, CatBoost 
4574, Xgboost 
4574, PyTorch Lightning 
4574,  TensorFlow 
4574,  Scikit-learn 
4575, PyTorch 
4575,  TensorFlow 
4575, Fast.ai 
4576, Keras 
4576,  TensorFlow 
4577,  TensorFlow 
4577, PyTorch 
4578, Xgboost 
4578,  Scikit-learn 
4578, Huggingface 
4578, LightGBM 
4578, PyTorch 
4581, PyTorch 
4581, Xgboost 
4582, Keras 
4582, Caret 
4583, PyTorch 
4584,  TensorFlow 
4584, Xgboost 
4584,  Scikit-learn 
4584, Keras 
4586,  Scikit-learn 
4586, Keras 
4586,  TensorFlow 
4587,  TensorFlow 
4587,  Scikit-learn 
4588,  Scikit-learn 
4588, Xgboost 
4588,  TensorFlow 
4588, PyTorch 
4588, Keras 
4589, Keras 
4589,  TensorFlow 
4589,  Scikit-learn 
4589, PyTorch 
4591, Huggingface 
4591,  Scikit-learn 
4591,  TensorFlow 
4591, Keras 
4591, Xgboost 
4591, PyTorch 
4592,  Scikit-learn 
4593, PyTorch 
4593,  Scikit-learn 
4593,  TensorFlow 
4593, Keras 
4594, Huggingface 
4594, PyTorch 
4596,  TensorFlow 
4596,Other
4596,  Scikit-learn 
4598, PyTorch 
4598,  TensorFlow 
4599,  Scikit-learn 
4599, Keras 
4599, PyTorch Lightning 
4599,  TensorFlow 
4600,  Scikit-learn 
4600, Xgboost 
4600, Tidymodels 
4601, PyTorch 
4601, LightGBM 
4601,  TensorFlow 
4603, Huggingface 
4603,  Scikit-learn 
4603, PyTorch 
4604, Keras 
4605, Xgboost 
4605,  TensorFlow 
4605, Keras 
4605,  Scikit-learn 
4606,  Scikit-learn 
4607, Huggingface 
4607, PyTorch 
4607, PyTorch Lightning 
4607, Keras 
4607, Tidymodels 
4607,  Scikit-learn 
4607, Fast.ai 
4611, PyTorch 
4611,  TensorFlow 
4613, Keras 
4613, Huggingface 
4613, PyTorch Lightning 
4613,  Scikit-learn 
4613, Xgboost 
4613, PyTorch 
4615,  Scikit-learn 
4615, PyTorch Lightning 
4615,  TensorFlow 
4616, CatBoost 
4616,  Scikit-learn 
4616, Keras 
4616, LightGBM 
4616,  TensorFlow 
4616, PyTorch 
4618, Keras 
4618, PyTorch 
4618, Huggingface 
4618,  TensorFlow 
4618,  Scikit-learn 
4622,  TensorFlow 
4623,Other
4623, CatBoost 
4623, Tidymodels 
4623, LightGBM 
4623, Xgboost 
4623,  Scikit-learn 
4623, Keras 
4624,  TensorFlow 
4624, Keras 
4624,  Scikit-learn 
4624, PyTorch 
4625,  Scikit-learn 
4625,Other
4627, PyTorch 
4627,  TensorFlow 
4627,  Scikit-learn 
4627, Keras 
4627, PyTorch Lightning 
4628,  Scikit-learn 
4628, Xgboost 
4628, PyTorch Lightning 
4628, Keras 
4628,  TensorFlow 
4628, Huggingface 
4628, LightGBM 
4628, PyTorch 
4629, Caret 
4633, Keras 
4633, LightGBM 
4633, Tidymodels 
4633, Caret 
4633,  TensorFlow 
4633, Xgboost 
4633,  Scikit-learn 
4635, PyTorch 
4635,  TensorFlow 
4635, Keras 
4635,  Scikit-learn 
4635, Fast.ai 
4637, Fast.ai 
4637, JAX 
4637, PyTorch Lightning 
4637, Keras 
4637, PyTorch 
4637,  TensorFlow 
4637, Huggingface 
4637,  Scikit-learn 
4638, Xgboost 
4638,  Scikit-learn 
4639, PyTorch 
4640,  TensorFlow 
4642, PyTorch Lightning 
4642,  TensorFlow 
4642, PyTorch 
4642, Xgboost 
4642, Keras 
4642,  Scikit-learn 
4644, Keras 
4644, CatBoost 
4644,  TensorFlow 
4644, PyTorch 
4644, LightGBM 
4644, Xgboost 
4644,  Scikit-learn 
4646, Keras 
4646,  TensorFlow 
4646, PyTorch 
4646,  Scikit-learn 
4647, PyTorch 
4647,  Scikit-learn 
4648,  TensorFlow 
4648,  Scikit-learn 
4648, Xgboost 
4648, LightGBM 
4649, Xgboost 
4649, LightGBM 
4649,  Scikit-learn 
4653, Keras 
4653, Caret 
4653,  TensorFlow 
4653, CatBoost 
4653, PyTorch 
4653, Xgboost 
4653,  Scikit-learn 
4660, Keras 
4660,  TensorFlow 
4663, Keras 
4663,  Scikit-learn 
4663,  TensorFlow 
4664,  Scikit-learn 
4665,  TensorFlow 
4667, PyTorch 
4667,  Scikit-learn 
4668, Keras 
4668,  Scikit-learn 
4670,  Scikit-learn 
4670, Keras 
4670, PyTorch 
4670,  TensorFlow 
4672,  Scikit-learn 
4672, Keras 
4672,  TensorFlow 
4672, PyTorch 
4672, Xgboost 
4674, Keras 
4674,  Scikit-learn 
4674,  TensorFlow 
4678,  TensorFlow 
4678, Tidymodels 
4678, CatBoost 
4678, LightGBM 
4678, PyTorch Lightning 
4681,  Scikit-learn 
4681,  TensorFlow 
4682,  TensorFlow 
4683, PyTorch 
4683,  Scikit-learn 
4685, PyTorch 
4686, Keras 
4686,  Scikit-learn 
4686,  TensorFlow 
4688, Xgboost 
4688,  Scikit-learn 
4688, CatBoost 
4688,  TensorFlow 
4688, Keras 
4688, LightGBM 
4689, Keras 
4689,  TensorFlow 
4690,  TensorFlow 
4690,  Scikit-learn 
4695,  Scikit-learn 
4695, Xgboost 
4696, Keras 
4696,  TensorFlow 
4697, PyTorch 
4697,  TensorFlow 
4699,  Scikit-learn 
4699, Keras 
4699, LightGBM 
4699, CatBoost 
4699, Xgboost 
4703,  Scikit-learn 
4704,  TensorFlow 
4704, Huggingface 
4704, Keras 
4706, PyTorch 
4710, Keras 
4712,  Scikit-learn 
4713,  TensorFlow 
4713, PyTorch 
4713, PyTorch Lightning 
4713, JAX 
4713,  Scikit-learn 
4713, Huggingface 
4713, Tidymodels 
4713, Keras 
4714,Other
4714,  Scikit-learn 
4716, CatBoost 
4716, Xgboost 
4716,  Scikit-learn 
4717, Keras 
4717,  TensorFlow 
4717, PyTorch 
4718, Caret 
4718, JAX 
4718,  TensorFlow 
4718, Tidymodels 
4719,  TensorFlow 
4719, PyTorch 
4721,  Scikit-learn 
4721,  TensorFlow 
4722,  Scikit-learn 
4724, CatBoost 
4724, Xgboost 
4724, LightGBM 
4726, PyTorch 
4726,  TensorFlow 
4726, Keras 
4728, Caret 
4728,  Scikit-learn 
4728, Tidymodels 
4729, PyTorch 
4729, Keras 
4729,  Scikit-learn 
4731, Xgboost 
4731,  TensorFlow 
4731, PyTorch 
4731, LightGBM 
4731, Keras 
4731, JAX 
4732,  Scikit-learn 
4732, Keras 
4733, Keras 
4733,  Scikit-learn 
4733, CatBoost 
4733,  TensorFlow 
4733, Xgboost 
4734, CatBoost 
4734,  TensorFlow 
4734, Keras 
4734,  Scikit-learn 
4734, Xgboost 
4735,  TensorFlow 
4735, Keras 
4735, PyTorch 
4736,  Scikit-learn 
4740, Keras 
4740,Other
4740, Caret 
4740,  TensorFlow 
4740,  Scikit-learn 
4740, CatBoost 
4741, LightGBM 
4741,  Scikit-learn 
4741, Xgboost 
4741,  TensorFlow 
4741, Keras 
4744,  TensorFlow 
4744,  Scikit-learn 
4745,  Scikit-learn 
4746,  Scikit-learn 
4747,  TensorFlow 
4747, Keras 
4747,  Scikit-learn 
4748, Keras 
4748,  TensorFlow 
4748,  Scikit-learn 
4749,  TensorFlow 
4749, Keras 
4750, Xgboost 
4750,  TensorFlow 
4751, PyTorch 
4751,  Scikit-learn 
4752,  Scikit-learn 
4755,  TensorFlow 
4755, Huggingface 
4755, Fast.ai 
4755, PyTorch Lightning 
4755,  Scikit-learn 
4755, Keras 
4755, PyTorch 
4756, PyTorch 
4756,  Scikit-learn 
4757, LightGBM 
4757, Xgboost 
4757, CatBoost 
4757, Keras 
4757,  Scikit-learn 
4757,  TensorFlow 
4757, Huggingface 
4757, Fast.ai 
4758,  Scikit-learn 
4759,  Scikit-learn 
4760, PyTorch 
4760,  Scikit-learn 
4761,  Scikit-learn 
4761, Keras 
4761, PyTorch 
4763,  Scikit-learn 
4763, Keras 
4767, Keras 
4767, LightGBM 
4767,  TensorFlow 
4767,  Scikit-learn 
4769,  Scikit-learn 
4770, PyTorch 
4770, Keras 
4772, Keras 
4772, Caret 
4772, Xgboost 
4772,  TensorFlow 
4773,  Scikit-learn 
4773, Keras 
4773,  TensorFlow 
4775, PyTorch 
4775, Xgboost 
4775, Keras 
4775,  TensorFlow 
4776, Xgboost 
4776,  Scikit-learn 
4776, CatBoost 
4777, PyTorch 
4777,  TensorFlow 
4777, Keras 
4778,  TensorFlow 
4778, Keras 
4780, Tidymodels 
4780,  TensorFlow 
4780, Keras 
4780,  Scikit-learn 
4784, Caret 
4784, PyTorch Lightning 
4784, Tidymodels 
4787,  TensorFlow 
4787, Keras 
4790,  Scikit-learn 
4792, Keras 
4792,  TensorFlow 
4793,  TensorFlow 
4793,  Scikit-learn 
4793, Keras 
4794,  Scikit-learn 
4795,  Scikit-learn 
4795,  TensorFlow 
4797, Keras 
4797,  Scikit-learn 
4797,  TensorFlow 
4799,  TensorFlow 
4800,  Scikit-learn 
4802,  TensorFlow 
4802, PyTorch Lightning 
4802, Keras 
4802,  Scikit-learn 
4803,  Scikit-learn 
4803, PyTorch 
4803, Keras 
4803,  TensorFlow 
4804,  Scikit-learn 
4807, Xgboost 
4807, CatBoost 
4807,  TensorFlow 
4807, Keras 
4807,  Scikit-learn 
4809, LightGBM 
4809, Caret 
4809, Xgboost 
4809, PyTorch 
4809,  Scikit-learn 
4809, CatBoost 
4810, Xgboost 
4810, PyTorch 
4810, Keras 
4810,  Scikit-learn 
4810, LightGBM 
4810,  TensorFlow 
4812,  Scikit-learn 
4816,  Scikit-learn 
4818,  Scikit-learn 
4818, Tidymodels 
4818,  TensorFlow 
4818, Keras 
4818, Xgboost 
4818, CatBoost 
4822,  Scikit-learn 
4823, CatBoost 
4823,  TensorFlow 
4823, LightGBM 
4823, Xgboost 
4823, Keras 
4823, PyTorch 
4823,  Scikit-learn 
4824, PyTorch 
4826, PyTorch 
4827,  Scikit-learn 
4828, Keras 
4828,  Scikit-learn 
4829, LightGBM 
4829, Xgboost 
4829,  Scikit-learn 
4829, CatBoost 
4830,  Scikit-learn 
4832,  TensorFlow 
4832,  Scikit-learn 
4832, Xgboost 
4835, Xgboost 
4835,  Scikit-learn 
4835, LightGBM 
4835, CatBoost 
4836, PyTorch 
4836,  TensorFlow 
4836,  Scikit-learn 
4837, Keras 
4837,  TensorFlow 
4838,  TensorFlow 
4843, PyTorch Lightning 
4843, PyTorch 
4843,  TensorFlow 
4843, Keras 
4845,  Scikit-learn 
4845, PyTorch 
4847,  Scikit-learn 
4848, Keras 
4848, PyTorch 
4848,  TensorFlow 
4849,  Scikit-learn 
4849, Keras 
4849, PyTorch 
4849, Xgboost 
4849, PyTorch Lightning 
4849, CatBoost 
4849, LightGBM 
4850, Keras 
4850,  TensorFlow 
4850, PyTorch 
4850,  Scikit-learn 
4852,  Scikit-learn 
4852, Keras 
4853, Caret 
4855, Keras 
4855,  TensorFlow 
4855, Fast.ai 
4855, LightGBM 
4855,  Scikit-learn 
4856,  Scikit-learn 
4856, PyTorch 
4857,  TensorFlow 
4857,  Scikit-learn 
4857, Keras 
4858, Keras 
4858,  TensorFlow 
4858,  Scikit-learn 
4859,  TensorFlow 
4859, Keras 
4861,  TensorFlow 
4861, Keras 
4861,  Scikit-learn 
4863,  Scikit-learn 
4864,  Scikit-learn 
4864,  TensorFlow 
4864, Keras 
4865, Keras 
4865, PyTorch 
4865,  TensorFlow 
4865, LightGBM 
4865, Tidymodels 
4865, Xgboost 
4865,  Scikit-learn 
4868,  TensorFlow 
4868,  Scikit-learn 
4869, Keras 
4869, CatBoost 
4869,  TensorFlow 
4869,  Scikit-learn 
4869, LightGBM 
4870,  Scikit-learn 
4873,  Scikit-learn 
4873, LightGBM 
4873, Xgboost 
4873, Caret 
4873, CatBoost 
4873, Tidymodels 
4874,  Scikit-learn 
4875, Xgboost 
4875, LightGBM 
4875,  Scikit-learn 
4877,  Scikit-learn 
4877,  TensorFlow 
4878,  Scikit-learn 
4880, Xgboost 
4885, PyTorch 
4885,  Scikit-learn 
4885,Other
4885, PyTorch Lightning 
4886, Xgboost 
4886,  Scikit-learn 
4886,Other
4886, Keras 
4886,  TensorFlow 
4889, PyTorch 
4891,  Scikit-learn 
4893, Keras 
4893, Xgboost 
4893, LightGBM 
4893,  TensorFlow 
4893, PyTorch 
4893, Huggingface 
4893,  Scikit-learn 
4894,  TensorFlow 
4894, Keras 
4894, PyTorch 
4895, PyTorch 
4895,  TensorFlow 
4895, Keras 
4895,  Scikit-learn 
4898, Caret 
4898,Other
4899, PyTorch Lightning 
4899, PyTorch 
4899, Tidymodels 
4899,  TensorFlow 
4899, Xgboost 
4899, Keras 
4899,  Scikit-learn 
4899, Caret 
4902,  Scikit-learn 
4903,  Scikit-learn 
4904, Xgboost 
4904, Tidymodels 
4907,  TensorFlow 
4907, Xgboost 
4908,  Scikit-learn 
4908, PyTorch 
4909,  Scikit-learn 
4909,  TensorFlow 
4909, PyTorch Lightning 
4910,  Scikit-learn 
4911, Keras 
4911,  Scikit-learn 
4913, Keras 
4913, Caret 
4913, LightGBM 
4913,  Scikit-learn 
4913,  TensorFlow 
4913, Xgboost 
4914,  Scikit-learn 
4914, Xgboost 
4914, LightGBM 
4915,  TensorFlow 
4915, PyTorch 
4915, Keras 
4915,  Scikit-learn 
4916,  TensorFlow 
4916, PyTorch 
4917,  TensorFlow 
4917, Keras 
4917,  Scikit-learn 
4918, Keras 
4919,Other
4921, Xgboost 
4921,  Scikit-learn 
4926, PyTorch 
4926,  Scikit-learn 
4926,  TensorFlow 
4926, Keras 
4929,  TensorFlow 
4929,  Scikit-learn 
4929, PyTorch 
4932, PyTorch 
4932,  Scikit-learn 
4933, Tidymodels 
4933, Xgboost 
4933, LightGBM 
4933, Caret 
4934, PyTorch 
4934, Xgboost 
4934,  TensorFlow 
4934, CatBoost 
4934,  Scikit-learn 
4934, Huggingface 
4934, LightGBM 
4934, Keras 
4935, Keras 
4935, Xgboost 
4935,  Scikit-learn 
4935, CatBoost 
4935, PyTorch 
4935,  TensorFlow 
4936,Other
4937, PyTorch 
4937,  Scikit-learn 
4937,  TensorFlow 
4937, Keras 
4938, Xgboost 
4938, PyTorch 
4938,  Scikit-learn 
4938, Fast.ai 
4938, Huggingface 
4938, Keras 
4939, Xgboost 
4939,  Scikit-learn 
4940,  Scikit-learn 
4941,  Scikit-learn 
4941, Xgboost 
4942,  Scikit-learn 
4942, LightGBM 
4943,  Scikit-learn 
4944,  TensorFlow 
4944,  Scikit-learn 
4944, Keras 
4946,  TensorFlow 
4946,  Scikit-learn 
4947, Keras 
4947,  Scikit-learn 
4947,  TensorFlow 
4948,  Scikit-learn 
4948,  TensorFlow 
4948, Keras 
4948, PyTorch 
4949,  Scikit-learn 
4949, Huggingface 
4950, Caret 
4952, Keras 
4952, PyTorch 
4952,  Scikit-learn 
4952,  TensorFlow 
4953,  Scikit-learn 
4956,  Scikit-learn 
4956, Tidymodels 
4956, PyTorch 
4956, Keras 
4956,  TensorFlow 
4957, Keras 
4957, PyTorch Lightning 
4957,  TensorFlow 
4957, PyTorch 
4957,  Scikit-learn 
4958,Other
4959, PyTorch Lightning 
4959,  TensorFlow 
4960,  Scikit-learn 
4961, PyTorch 
4961, Huggingface 
4962,Other
4964,  Scikit-learn 
4965,  Scikit-learn 
4965, Keras 
4965,  TensorFlow 
4965, PyTorch 
4966,  Scikit-learn 
4966, Xgboost 
4967,Other
4968, PyTorch 
4968,  Scikit-learn 
4968,  TensorFlow 
4968, Keras 
4971,  Scikit-learn 
4971, PyTorch 
4973, Keras 
4975,Other
4976,  TensorFlow 
4976, JAX 
4976, PyTorch Lightning 
4976, Fast.ai 
4976, PyTorch 
4976, LightGBM 
4976, Xgboost 
4977,  Scikit-learn 
4978, PyTorch Lightning 
4978,  Scikit-learn 
4978, PyTorch 
4979, Xgboost 
4979,  Scikit-learn 
4979, Keras 
4979,  TensorFlow 
4980, Keras 
4980,  Scikit-learn 
4980,  TensorFlow 
4981,  Scikit-learn 
4981, Keras 
4981,  TensorFlow 
4982, LightGBM 
4982, Xgboost 
4982, Caret 
4982, Keras 
4982, CatBoost 
4982,  TensorFlow 
4982, Tidymodels 
4983,  TensorFlow 
4985,  Scikit-learn 
4985, Fast.ai 
4986,  TensorFlow 
4987, PyTorch 
4987, Keras 
4987,  Scikit-learn 
4987,  TensorFlow 
4990, PyTorch Lightning 
4990,  Scikit-learn 
4990, Huggingface 
4990, PyTorch 
4991, PyTorch 
4991, CatBoost 
4991, Xgboost 
4991, LightGBM 
4993,  Scikit-learn 
4994,  Scikit-learn 
4996,  TensorFlow 
4996, Keras 
4996,  Scikit-learn 
4997,  TensorFlow 
4997, Xgboost 
4997, Keras 
4997, PyTorch 
4997, PyTorch Lightning 
4997, LightGBM 
4997,  Scikit-learn 
4998,  Scikit-learn 
4998,  TensorFlow 
4998, PyTorch 
5000,  TensorFlow 
5000,  Scikit-learn 
5000, Keras 
5000, PyTorch 
5002, PyTorch 
5003,  Scikit-learn 
5003,  TensorFlow 
5003, PyTorch 
5003, Keras 
5004, Keras 
5004, PyTorch 
5006, PyTorch 
5007,  Scikit-learn 
5008,  Scikit-learn 
5008, Xgboost 
5009,  Scikit-learn 
5009,  TensorFlow 
5009, Xgboost 
5009, Keras 
5013,  Scikit-learn 
5014,  Scikit-learn 
5014, Keras 
5014,  TensorFlow 
5016, Xgboost 
5016, Keras 
5016,  TensorFlow 
5016,  Scikit-learn 
5016, PyTorch 
5018,  TensorFlow 
5018, PyTorch 
5018, Keras 
5019, Xgboost 
5019,  Scikit-learn 
5019,  TensorFlow 
5019, Keras 
5019, Tidymodels 
5020,  TensorFlow 
5020, Tidymodels 
5020,  Scikit-learn 
5023,  Scikit-learn 
5023, Keras 
5023,  TensorFlow 
5024,  Scikit-learn 
5024,  TensorFlow 
5024, Keras 
5025,  Scikit-learn 
5025, Keras 
5025,  TensorFlow 
5028, LightGBM 
5028, Xgboost 
5028, Keras 
5028, PyTorch 
5028,  Scikit-learn 
5029,  Scikit-learn 
5029, PyTorch 
5029, Huggingface 
5029,  TensorFlow 
5029, Keras 
5033, Keras 
5033,  Scikit-learn 
5033, Caret 
5033,  TensorFlow 
5037, Keras 
5037, PyTorch 
5037, Xgboost 
5037,  Scikit-learn 
5039,  TensorFlow 
5039,  Scikit-learn 
5039, Xgboost 
5040,  Scikit-learn 
5040, Xgboost 
5040, Keras 
5040,  TensorFlow 
5043, PyTorch 
5043,  TensorFlow 
5048, Xgboost 
5048,  Scikit-learn 
5048, CatBoost 
5049, LightGBM 
5049, CatBoost 
5049, Xgboost 
5049, PyTorch 
5049,  Scikit-learn 
5051,  Scikit-learn 
5051, Caret 
5052,  TensorFlow 
5052, LightGBM 
5052, Xgboost 
5052,  Scikit-learn 
5052, Keras 
5053, PyTorch 
5053, Keras 
5053,  TensorFlow 
5053,  Scikit-learn 
5054,  TensorFlow 
5054,  Scikit-learn 
5055,  Scikit-learn 
5055, PyTorch 
5056, Keras 
5056, PyTorch 
5056,  TensorFlow 
5056,  Scikit-learn 
5057, LightGBM 
5057, PyTorch 
5057, CatBoost 
5057, Tidymodels 
5057, Caret 
5057,  Scikit-learn 
5057, PyTorch Lightning 
5057,  TensorFlow 
5057, Huggingface 
5057, Fast.ai 
5057, Xgboost 
5057, Keras 
5058,  Scikit-learn 
5059, Xgboost 
5059,  Scikit-learn 
5059,  TensorFlow 
5059, Keras 
5060,  Scikit-learn 
5066,  Scikit-learn 
5066, Keras 
5066,  TensorFlow 
5066, PyTorch 
5069,  Scikit-learn 
5071, PyTorch 
5071,  TensorFlow 
5071, PyTorch Lightning 
5071, Keras 
5072,  TensorFlow 
5072, Keras 
5072, Caret 
5072, Xgboost 
5072,  Scikit-learn 
5074,  Scikit-learn 
5074, PyTorch 
5074, Keras 
5074, Xgboost 
5074, LightGBM 
5074,  TensorFlow 
5075,  Scikit-learn 
5076,  TensorFlow 
5076, Xgboost 
5076, PyTorch 
5076, LightGBM 
5076,  Scikit-learn 
5076, Huggingface 
5076, Fast.ai 
5076, Keras 
5078,  Scikit-learn 
5078,  TensorFlow 
5078, PyTorch 
5078, Keras 
5079,  TensorFlow 
5079, Keras 
5080,  Scikit-learn 
5081,  Scikit-learn 
5082,  Scikit-learn 
5082, PyTorch 
5083,  Scikit-learn 
5083, Xgboost 
5083, Tidymodels 
5084, Xgboost 
5084,  TensorFlow 
5084,  Scikit-learn 
5084, Keras 
5084, CatBoost 
5085,  TensorFlow 
5085,  Scikit-learn 
5085, Keras 
5087,  Scikit-learn 
5087, PyTorch 
5087, CatBoost 
5087, Xgboost 
5087, LightGBM 
5090, Xgboost 
5090,  Scikit-learn 
5091,  Scikit-learn 
5091,  TensorFlow 
5095,  Scikit-learn 
5095, LightGBM 
5095, Xgboost 
5096,  Scikit-learn 
5097,  TensorFlow 
5097, Xgboost 
5097, Keras 
5100,  Scikit-learn 
5101, Xgboost 
5101, Keras 
5101,  TensorFlow 
5101,  Scikit-learn 
5101,Other
5102,Other
5106,  TensorFlow 
5106, PyTorch 
5107, CatBoost 
5108,  Scikit-learn 
5108, PyTorch 
5108, Keras 
5108,  TensorFlow 
5111, Huggingface 
5111,  Scikit-learn 
5111, PyTorch Lightning 
5111, PyTorch 
5113, Keras 
5113,  TensorFlow 
5113,  Scikit-learn 
5113, PyTorch 
5118,  TensorFlow 
5118,  Scikit-learn 
5118, Xgboost 
5118, Keras 
5119, Keras 
5119,  Scikit-learn 
5119,  TensorFlow 
5119, PyTorch 
5120, Huggingface 
5120, PyTorch Lightning 
5120,  Scikit-learn 
5120, PyTorch 
5121, PyTorch 
5121, Fast.ai 
5122,  TensorFlow 
5123,  TensorFlow 
5124, LightGBM 
5124,  Scikit-learn 
5124, Huggingface 
5124, Fast.ai 
5124, PyTorch 
5125, PyTorch Lightning 
5125,  Scikit-learn 
5125, PyTorch 
5126, PyTorch 
5128,  Scikit-learn 
5128, Xgboost 
5129,  TensorFlow 
5129,  Scikit-learn 
5130,  TensorFlow 
5130,  Scikit-learn 
5130, Keras 
5131, Keras 
5131,  TensorFlow 
5134,  Scikit-learn 
5134, Keras 
5134,  TensorFlow 
5134, Xgboost 
5135,  TensorFlow 
5135, PyTorch 
5135, JAX 
5136, Keras 
5137, Caret 
5139, Keras 
5140,  Scikit-learn 
5142,  Scikit-learn 
5143,  Scikit-learn 
5143,  TensorFlow 
5143, Xgboost 
5143, Keras 
5144, Xgboost 
5146,  TensorFlow 
5147, Keras 
5147,  Scikit-learn 
5147, LightGBM 
5147, PyTorch 
5147,  TensorFlow 
5147, Xgboost 
5149, JAX 
5149,  TensorFlow 
5150,  Scikit-learn 
5150, Huggingface 
5150, PyTorch 
5150, Keras 
5151,  Scikit-learn 
5153, Huggingface 
5153,Other
5154,  Scikit-learn 
5155, PyTorch 
5155,  TensorFlow 
5155, Keras 
5155,  Scikit-learn 
5157, Keras 
5157, Xgboost 
5157,  Scikit-learn 
5157,  TensorFlow 
5158,  TensorFlow 
5158, PyTorch 
5158,  Scikit-learn 
5158, Xgboost 
5158, Keras 
5158, LightGBM 
5160,  Scikit-learn 
5160,  TensorFlow 
5161, Xgboost 
5161, Fast.ai 
5161, Caret 
5162,  Scikit-learn 
5162, Huggingface 
5163,  Scikit-learn 
5164, Keras 
5164, Xgboost 
5164,  TensorFlow 
5164, PyTorch 
5164,  Scikit-learn 
5164, Huggingface 
5166, PyTorch Lightning 
5167,  TensorFlow 
5167,  Scikit-learn 
5167, Keras 
5167, Xgboost 
5169, PyTorch 
5171,Other
5172,  Scikit-learn 
5172, PyTorch 
5172, LightGBM 
5174,  Scikit-learn 
5175,  Scikit-learn 
5177,  Scikit-learn 
5177, Keras 
5177,  TensorFlow 
5177, Caret 
5180,  TensorFlow 
5180, Xgboost 
5181, Huggingface 
5181, PyTorch 
5181,  TensorFlow 
5182,  Scikit-learn 
5183,  TensorFlow 
5183, Xgboost 
5183, PyTorch 
5183, Keras 
5183,  Scikit-learn 
5183,Other
5184, PyTorch 
5186, PyTorch 
5187, LightGBM 
5188, CatBoost 
5189,  TensorFlow 
5189,  Scikit-learn 
5191, Keras 
5191, PyTorch 
5191,  TensorFlow 
5195, Xgboost 
5195,  Scikit-learn 
5195, PyTorch 
5195, Keras 
5195,  TensorFlow 
5196,  Scikit-learn 
5196, Keras 
5196,  TensorFlow 
5199,Other
5200,  TensorFlow 
5200,  Scikit-learn 
5200, Keras 
5202, Keras 
5202,  Scikit-learn 
5202, LightGBM 
5203, Huggingface 
5203, PyTorch 
5205, Keras 
5205,  Scikit-learn 
5205,  TensorFlow 
5206,  TensorFlow 
5206,  Scikit-learn 
5206, Keras 
5206, PyTorch 
5207,  TensorFlow 
5207, Fast.ai 
5207, PyTorch 
5208,  TensorFlow 
5208, Keras 
5208, Tidymodels 
5209, Keras 
5209,  TensorFlow 
5209,  Scikit-learn 
5210,  TensorFlow 
5210, Keras 
5211, Keras 
5211,  TensorFlow 
5211,  Scikit-learn 
5213,  TensorFlow 
5213,  Scikit-learn 
5213, Huggingface 
5213, Xgboost 
5213, Keras 
5215, Keras 
5215, PyTorch 
5216,  Scikit-learn 
5219,  Scikit-learn 
5219,  TensorFlow 
5219, PyTorch 
5219, Keras 
5219, Huggingface 
5220,  TensorFlow 
5220, Keras 
5221,  Scikit-learn 
5222, PyTorch 
5222, Fast.ai 
5223,  TensorFlow 
5223, PyTorch 
5223, Fast.ai 
5224,  Scikit-learn 
5225, PyTorch 
5225,  Scikit-learn 
5225,  TensorFlow 
5226, PyTorch 
5226,  Scikit-learn 
5227,  Scikit-learn 
5228, PyTorch 
5229, PyTorch 
5229,  Scikit-learn 
5230,  Scikit-learn 
5230, Xgboost 
5231,  Scikit-learn 
5231, Xgboost 
5231, LightGBM 
5232,  TensorFlow 
5232, PyTorch 
5232, Keras 
5232,  Scikit-learn 
5233, Keras 
5233,  TensorFlow 
5233, PyTorch 
5233,  Scikit-learn 
5234,  Scikit-learn 
5235,  Scikit-learn 
5237,  Scikit-learn 
5241,  Scikit-learn 
5242, Xgboost 
5242, Keras 
5242, LightGBM 
5242,  Scikit-learn 
5242,  TensorFlow 
5243,  TensorFlow 
5243,  Scikit-learn 
5243, Keras 
5244, Xgboost 
5244,  Scikit-learn 
5244,  TensorFlow 
5244, PyTorch 
5246,  TensorFlow 
5246, Keras 
5246,  Scikit-learn 
5249, Xgboost 
5249, Keras 
5249,  Scikit-learn 
5249,  TensorFlow 
5249, PyTorch 
5249, LightGBM 
5251,  Scikit-learn 
5253,  Scikit-learn 
5253, Keras 
5253, Xgboost 
5254,  Scikit-learn 
5255,  Scikit-learn 
5256,  TensorFlow 
5257, Xgboost 
5257,  Scikit-learn 
5260,  TensorFlow 
5260, Keras 
5260,  Scikit-learn 
5261, Fast.ai 
5261,  Scikit-learn 
5261,  TensorFlow 
5261, PyTorch Lightning 
5261, Keras 
5264, Xgboost 
5264,  Scikit-learn 
5264,  TensorFlow 
5264, Keras 
5266, Caret 
5266, Keras 
5266, PyTorch 
5266, Tidymodels 
5266,  TensorFlow 
5266,  Scikit-learn 
5270,  Scikit-learn 
5270, LightGBM 
5270, Xgboost 
5270, Keras 
5273, PyTorch 
5273, LightGBM 
5273, Keras 
5273,  Scikit-learn 
5273,  TensorFlow 
5273, Xgboost 
5273, JAX 
5273, CatBoost 
5274, PyTorch 
5274,  Scikit-learn 
5275,  TensorFlow 
5275, Xgboost 
5275, Keras 
5275,  Scikit-learn 
5276,  Scikit-learn 
5276,  TensorFlow 
5276, Keras 
5277,  TensorFlow 
5277, Xgboost 
5277, Keras 
5277,  Scikit-learn 
5280, Xgboost 
5280, LightGBM 
5281, Caret 
5281, Xgboost 
5281,  Scikit-learn 
5281, Keras 
5281, CatBoost 
5281, LightGBM 
5282, PyTorch 
5282,  TensorFlow 
5282,  Scikit-learn 
5282, Keras 
5288,Other
5288, PyTorch 
5289,  Scikit-learn 
5289, PyTorch 
5289, Keras 
5290, JAX 
5290, PyTorch 
5290, PyTorch Lightning 
5291,  TensorFlow 
5295,  Scikit-learn 
5295,  TensorFlow 
5295, Keras 
5295, PyTorch 
5297,  Scikit-learn 
5298,  Scikit-learn 
5298,  TensorFlow 
5300,  Scikit-learn 
5302, PyTorch Lightning 
5302, Caret 
5302, PyTorch 
5302, Xgboost 
5302,  Scikit-learn 
5302, Keras 
5302,  TensorFlow 
5302, CatBoost 
5302, LightGBM 
5304, Xgboost 
5304, CatBoost 
5304,  Scikit-learn 
5304, Keras 
5304,  TensorFlow 
5305,  Scikit-learn 
5305, Keras 
5305,  TensorFlow 
5307,  TensorFlow 
5307, Keras 
5307,  Scikit-learn 
5310, LightGBM 
5310, Xgboost 
5310,  Scikit-learn 
5311, LightGBM 
5311,  Scikit-learn 
5311, Keras 
5313,Other
5314, PyTorch 
5314, LightGBM 
5314,  Scikit-learn 
5315, Keras 
5315,  TensorFlow 
5315, Xgboost 
5315, PyTorch Lightning 
5317,  Scikit-learn 
5318,  Scikit-learn 
5318,  TensorFlow 
5320,  Scikit-learn 
5321,  Scikit-learn 
5323, PyTorch Lightning 
5323,  TensorFlow 
5323, PyTorch 
5325, Xgboost 
5325, LightGBM 
5325, CatBoost 
5325, Tidymodels 
5325,  TensorFlow 
5325, Caret 
5325,  Scikit-learn 
5326,  Scikit-learn 
5326,  TensorFlow 
5326, Keras 
5327, Xgboost 
5327,  Scikit-learn 
5327, Fast.ai 
5327, LightGBM 
5328, Fast.ai 
5328, PyTorch 
5328,  Scikit-learn 
5328,  TensorFlow 
5328, Keras 
5328, Xgboost 
5331,  Scikit-learn 
5331,  TensorFlow 
5332, PyTorch Lightning 
5332,  Scikit-learn 
5332, PyTorch 
5333, Xgboost 
5333,  TensorFlow 
5333, LightGBM 
5333, Keras 
5333, Caret 
5336, Keras 
5336,  TensorFlow 
5337, PyTorch Lightning 
5338, Xgboost 
5338,  Scikit-learn 
5338,  TensorFlow 
5339, PyTorch 
5339,  TensorFlow 
5339,  Scikit-learn 
5339, Keras 
5342,  Scikit-learn 
5343, Keras 
5343,  TensorFlow 
5345,  TensorFlow 
5346, Keras 
5346,  TensorFlow 
5348,Other
5350, Xgboost 
5350,Other
5351, PyTorch 
5351,  TensorFlow 
5351, Keras 
5351, Xgboost 
5351,  Scikit-learn 
5352,  Scikit-learn 
5352,  TensorFlow 
5353,  Scikit-learn 
5354, Huggingface 
5354,  TensorFlow 
5354,  Scikit-learn 
5354, PyTorch 
5354, Keras 
5354, Caret 
5356,  Scikit-learn 
5358,  Scikit-learn 
5368, PyTorch 
5368,  Scikit-learn 
5368,  TensorFlow 
5368, Keras 
5370, Xgboost 
5370, Keras 
5370, PyTorch 
5370,  Scikit-learn 
5371,  Scikit-learn 
5371, Keras 
5371,  TensorFlow 
5371, PyTorch 
5378, PyTorch 
5378, Xgboost 
5378,  TensorFlow 
5378, Keras 
5378,  Scikit-learn 
5379,  Scikit-learn 
5379, Keras 
5379,  TensorFlow 
5383,  Scikit-learn 
5384,  Scikit-learn 
5385,  TensorFlow 
5385,  Scikit-learn 
5385, Keras 
5386, PyTorch Lightning 
5386, PyTorch 
5387,  Scikit-learn 
5387,Other
5387, LightGBM 
5388, PyTorch 
5388, Keras 
5388,  TensorFlow 
5388, Xgboost 
5388,  Scikit-learn 
5389, Keras 
5389,  Scikit-learn 
5389,  TensorFlow 
5390, Keras 
5390,  Scikit-learn 
5390, Xgboost 
5390,  TensorFlow 
5393, PyTorch 
5393, Huggingface 
5394,  Scikit-learn 
5396, PyTorch 
5396,  TensorFlow 
5396,  Scikit-learn 
5398, Xgboost 
5398,  Scikit-learn 
5399,  Scikit-learn 
5399,  TensorFlow 
5399, Tidymodels 
5401, CatBoost 
5401,  Scikit-learn 
5401, LightGBM 
5401, Xgboost 
5404, Keras 
5404,  TensorFlow 
5404,  Scikit-learn 
5404, PyTorch 
5404, Xgboost 
5406, PyTorch 
5409,  Scikit-learn 
5409, Xgboost 
5409, PyTorch 
5409, Keras 
5409,  TensorFlow 
5409, CatBoost 
5409, LightGBM 
5411, PyTorch 
5413,  Scikit-learn 
5414, Keras 
5414, Xgboost 
5414,  TensorFlow 
5414,  Scikit-learn 
5415,  TensorFlow 
5415,  Scikit-learn 
5415, Keras 
5419, PyTorch 
5419,  TensorFlow 
5419, Keras 
5420,  Scikit-learn 
5421, PyTorch 
5421,  Scikit-learn 
5425, Keras 
5425, PyTorch 
5425,  TensorFlow 
5426,  Scikit-learn 
5426, Xgboost 
5426, Keras 
5430,  Scikit-learn 
5430, Keras 
5430,  TensorFlow 
5430, PyTorch Lightning 
5430, PyTorch 
5431, Caret 
5432,  Scikit-learn 
5432, PyTorch 
5436, Xgboost 
5436, Keras 
5436,  TensorFlow 
5436, Tidymodels 
5436, JAX 
5436, PyTorch 
5436, PyTorch Lightning 
5436,  Scikit-learn 
5436, Fast.ai 
5436, Huggingface 
5437, PyTorch Lightning 
5438, Xgboost 
5438,  Scikit-learn 
5438, Keras 
5442, Huggingface 
5442, PyTorch 
5442,  Scikit-learn 
5442,  TensorFlow 
5445, PyTorch 
5445, JAX 
5445, LightGBM 
5445,  Scikit-learn 
5445, PyTorch Lightning 
5446,  Scikit-learn 
5446, Keras 
5447, Xgboost 
5447,  Scikit-learn 
5448,  Scikit-learn 
5448, PyTorch 
5449, PyTorch 
5449,  TensorFlow 
5451,  Scikit-learn 
5451, PyTorch 
5451, LightGBM 
5451, Xgboost 
5451, CatBoost 
5453, LightGBM 
5453, Keras 
5453, Tidymodels 
5455,  Scikit-learn 
5456,  Scikit-learn 
5457, Xgboost 
5457, PyTorch 
5457, LightGBM 
5457, Keras 
5457,  TensorFlow 
5457,  Scikit-learn 
5459, JAX 
5459,Other
5462, PyTorch 
5462, Huggingface 
5462,  Scikit-learn 
5463,  TensorFlow 
5463, Huggingface 
5467,  Scikit-learn 
5467,  TensorFlow 
5467, Keras 
5468,  TensorFlow 
5468, Keras 
5470,  Scikit-learn 
5470, PyTorch 
5470, Keras 
5471, Xgboost 
5471,  Scikit-learn 
5472,  TensorFlow 
5472, Keras 
5472, PyTorch 
5472,  Scikit-learn 
5472, Xgboost 
5473, Xgboost 
5473, CatBoost 
5474,  TensorFlow 
5474,  Scikit-learn 
5475, Keras 
5475,  Scikit-learn 
5475,  TensorFlow 
5475, Huggingface 
5476,  Scikit-learn 
5476,  TensorFlow 
5477, Keras 
5477,  TensorFlow 
5477,  Scikit-learn 
5478,  TensorFlow 
5478, Keras 
5478,Other
5478,  Scikit-learn 
5479, PyTorch 
5481, Keras 
5481,  Scikit-learn 
5481, LightGBM 
5481, CatBoost 
5481, Xgboost 
5481,  TensorFlow 
5481, PyTorch 
5483,  Scikit-learn 
5483,  TensorFlow 
5484, Keras 
5484, Huggingface 
5484, PyTorch Lightning 
5484, Fast.ai 
5484,  TensorFlow 
5484,  Scikit-learn 
5484, PyTorch 
5484, JAX 
5486,  Scikit-learn 
5486, PyTorch 
5486,  TensorFlow 
5490,Other
5492, Xgboost 
5492,  Scikit-learn 
5492, LightGBM 
5494, PyTorch 
5495,  TensorFlow 
5496, Keras 
5499,  Scikit-learn 
5499,  TensorFlow 
5499, Keras 
5500, Xgboost 
5500, LightGBM 
5500, PyTorch 
5500, PyTorch Lightning 
5504, Huggingface 
5504, PyTorch 
5505, Xgboost 
5505,  Scikit-learn 
5505, LightGBM 
5506, Xgboost 
5506,  Scikit-learn 
5506,  TensorFlow 
5506, Keras 
5507,  Scikit-learn 
5508,  TensorFlow 
5508, Keras 
5509,  TensorFlow 
5511,  Scikit-learn 
5513,  TensorFlow 
5513,  Scikit-learn 
5513, Keras 
5514,  Scikit-learn 
5515,  Scikit-learn 
5516,  Scikit-learn 
5516, Keras 
5516, PyTorch 
5516, Xgboost 
5516,  TensorFlow 
5517,  TensorFlow 
5517,  Scikit-learn 
5518,  Scikit-learn 
5522, Keras 
5522, Caret 
5522, Xgboost 
5522,  TensorFlow 
5522,  Scikit-learn 
5522, PyTorch 
5523,  Scikit-learn 
5523,  TensorFlow 
5523, Keras 
5523, Xgboost 
5527,  Scikit-learn 
5528,  TensorFlow 
5529, Caret 
5529,  TensorFlow 
5529, LightGBM 
5529, Keras 
5529, Xgboost 
5529, PyTorch 
5529, Tidymodels 
5529,  Scikit-learn 
5531,  Scikit-learn 
5531, Xgboost 
5532, PyTorch 
5532,  TensorFlow 
5532, CatBoost 
5532, Keras 
5532, Xgboost 
5532, Fast.ai 
5532,  Scikit-learn 
5532, LightGBM 
5533, Keras 
5533,  Scikit-learn 
5533,  TensorFlow 
5535,  TensorFlow 
5535, PyTorch 
5536,  Scikit-learn 
5536, Keras 
5536,  TensorFlow 
5537, CatBoost 
5537,  Scikit-learn 
5537, Xgboost 
5537,  TensorFlow 
5540,  Scikit-learn 
5542,  Scikit-learn 
5542,  TensorFlow 
5544, PyTorch 
5544,  Scikit-learn 
5544, Xgboost 
5545, Keras 
5545, LightGBM 
5545,  TensorFlow 
5546,  Scikit-learn 
5548, Keras 
5548,  TensorFlow 
5551,  Scikit-learn 
5552,  Scikit-learn 
5554, Xgboost 
5554,  Scikit-learn 
5555,  TensorFlow 
5555,  Scikit-learn 
5555, Xgboost 
5555, Keras 
5556,  Scikit-learn 
5556, JAX 
5557, Keras 
5557,  Scikit-learn 
5557,  TensorFlow 
5558, Keras 
5558,  TensorFlow 
5558, Fast.ai 
5559, Keras 
5559,  TensorFlow 
5559,  Scikit-learn 
5559, PyTorch 
5561, Keras 
5561, Xgboost 
5561,  TensorFlow 
5561, LightGBM 
5564, Keras 
5564, PyTorch Lightning 
5564, PyTorch 
5564, Xgboost 
5564,  Scikit-learn 
5564,  TensorFlow 
5564, Huggingface 
5568, PyTorch Lightning 
5568, JAX 
5570,  Scikit-learn 
5570, Keras 
5570,  TensorFlow 
5571,  Scikit-learn 
5571, PyTorch 
5571,  TensorFlow 
5573, PyTorch 
5573, JAX 
5574, Keras 
5574,  Scikit-learn 
5574, Xgboost 
5574,  TensorFlow 
5574, PyTorch 
5577,  TensorFlow 
5577,  Scikit-learn 
5577, PyTorch 
5577, Keras 
5578, Keras 
5578,  TensorFlow 
5578, Xgboost 
5578,  Scikit-learn 
5581, PyTorch 
5581,  Scikit-learn 
5584,  TensorFlow 
5584, Xgboost 
5584, CatBoost 
5584,  Scikit-learn 
5584, Huggingface 
5585, Keras 
5585,  TensorFlow 
5588,  Scikit-learn 
5592,  TensorFlow 
5592,  Scikit-learn 
5592, Xgboost 
5592, Keras 
5595,  Scikit-learn 
5597, Tidymodels 
5597,  Scikit-learn 
5598,  Scikit-learn 
5600,  Scikit-learn 
5602,  Scikit-learn 
5603,  TensorFlow 
5603, Keras 
5603, PyTorch 
5604,  TensorFlow 
5604, PyTorch 
5604, Keras 
5605,  Scikit-learn 
5607,  Scikit-learn 
5615,  Scikit-learn 
5619, PyTorch 
5620,  TensorFlow 
5620, Keras 
5620,  Scikit-learn 
5621, Fast.ai 
5622,  Scikit-learn 
5622, Xgboost 
5625, Xgboost 
5625,Other
5625,  Scikit-learn 
5625,  TensorFlow 
5625, Keras 
5625, PyTorch 
5625, PyTorch Lightning 
5626, Huggingface 
5626,  TensorFlow 
5626, Keras 
5626,  Scikit-learn 
5626, Xgboost 
5628, Huggingface 
5628, Xgboost 
5628,  Scikit-learn 
5628, Keras 
5628, LightGBM 
5629,  TensorFlow 
5629, CatBoost 
5629,  Scikit-learn 
5630,  TensorFlow 
5630, Keras 
5630,  Scikit-learn 
5630, PyTorch 
5635,  Scikit-learn 
5636,  Scikit-learn 
5636,  TensorFlow 
5638,  TensorFlow 
5638, PyTorch 
5643,  TensorFlow 
5643,  Scikit-learn 
5647,  Scikit-learn 
5647, Xgboost 
5648,  Scikit-learn 
5648, Xgboost 
5648, Keras 
5648,  TensorFlow 
5649, PyTorch 
5650,  Scikit-learn 
5651, Keras 
5651,  Scikit-learn 
5651,  TensorFlow 
5651, PyTorch 
5651, Tidymodels 
5651, Xgboost 
5651, Huggingface 
5652,  TensorFlow 
5652, Fast.ai 
5652, PyTorch 
5652, Keras 
5652, Xgboost 
5652,  Scikit-learn 
5653, Keras 
5653,  Scikit-learn 
5653, PyTorch 
5653,  TensorFlow 
5654,  Scikit-learn 
5654,  TensorFlow 
5654, PyTorch 
5655, Keras 
5655,  TensorFlow 
5655,  Scikit-learn 
5655, PyTorch 
5656,  Scikit-learn 
5656, Xgboost 
5656, LightGBM 
5657, Tidymodels 
5657, Caret 
5657,  TensorFlow 
5657,  Scikit-learn 
5660,  TensorFlow 
5660, Xgboost 
5660,  Scikit-learn 
5660, Keras 
5660, LightGBM 
5661, PyTorch 
5661, Keras 
5661, Fast.ai 
5661, PyTorch Lightning 
5662,  TensorFlow 
5662, CatBoost 
5662, Xgboost 
5662, Keras 
5663,  Scikit-learn 
5664,  Scikit-learn 
5665,  Scikit-learn 
5665,  TensorFlow 
5665, CatBoost 
5666,  Scikit-learn 
5667,  Scikit-learn 
5667, Xgboost 
5672, PyTorch 
5672, Fast.ai 
5672,  TensorFlow 
5672,  Scikit-learn 
5672, Keras 
5675,  TensorFlow 
5676,  Scikit-learn 
5676, LightGBM 
5678,  Scikit-learn 
5679,  Scikit-learn 
5680,  TensorFlow 
5680,  Scikit-learn 
5680, Keras 
5680, PyTorch 
5680, Xgboost 
5684,  TensorFlow 
5684, Keras 
5684,  Scikit-learn 
5684, PyTorch 
5686,  Scikit-learn 
5686,  TensorFlow 
5686, Keras 
5687,  Scikit-learn 
5688, Keras 
5688, Xgboost 
5688,  Scikit-learn 
5688,  TensorFlow 
5691,  Scikit-learn 
5695,  TensorFlow 
5695,  Scikit-learn 
5696,Other
5697, PyTorch 
5697,  Scikit-learn 
5697, PyTorch Lightning 
5697, Keras 
5698,Other
5699,  Scikit-learn 
5699, Keras 
5699,  TensorFlow 
5700,  TensorFlow 
5700, Fast.ai 
5700, PyTorch 
5700, Xgboost 
5700,  Scikit-learn 
5701,  Scikit-learn 
5702, Keras 
5702,  TensorFlow 
5703,  Scikit-learn 
5704, PyTorch Lightning 
5704, Keras 
5704, Xgboost 
5704, PyTorch 
5704,  Scikit-learn 
5708,  Scikit-learn 
5708, Xgboost 
5709, Keras 
5709,  TensorFlow 
5709, Xgboost 
5709,  Scikit-learn 
5711,  Scikit-learn 
5711, LightGBM 
5711,  TensorFlow 
5711, PyTorch 
5712, Xgboost 
5712,  Scikit-learn 
5713,  TensorFlow 
5713,  Scikit-learn 
5713, Keras 
5714,  TensorFlow 
5714, Keras 
5715,  TensorFlow 
5715, Keras 
5715,  Scikit-learn 
5716,  Scikit-learn 
5716, Xgboost 
5716,  TensorFlow 
5716, Keras 
5717,  Scikit-learn 
5717,  TensorFlow 
5717, Keras 
5717, Fast.ai 
5718,  Scikit-learn 
5718, Keras 
5718, Xgboost 
5718,  TensorFlow 
5719,  TensorFlow 
5719,  Scikit-learn 
5719, PyTorch 
5719, Keras 
5722, Xgboost 
5722, Keras 
5722,  TensorFlow 
5722,  Scikit-learn 
5723, Xgboost 
5723,  Scikit-learn 
5723,  TensorFlow 
5723, LightGBM 
5723, PyTorch 
5723, Keras 
5726, Caret 
5726, Keras 
5726,  TensorFlow 
5726,  Scikit-learn 
5727, Xgboost 
5727,  TensorFlow 
5727,  Scikit-learn 
5727, Keras 
5728,  Scikit-learn 
5728, PyTorch 
5729,Other
5731,  Scikit-learn 
5731, Keras 
5731, Xgboost 
5731,  TensorFlow 
5732, PyTorch 
5732,  TensorFlow 
5732, Keras 
5732,  Scikit-learn 
5733, PyTorch Lightning 
5734,  Scikit-learn 
5734, CatBoost 
5734, Keras 
5734,  TensorFlow 
5734, Caret 
5735, Xgboost 
5735, LightGBM 
5735, Caret 
5735,  Scikit-learn 
5736,  TensorFlow 
5736, Keras 
5736,  Scikit-learn 
5737,  TensorFlow 
5737, Keras 
5737,  Scikit-learn 
5737, Xgboost 
5739, PyTorch 
5739,  Scikit-learn 
5739,  TensorFlow 
5741,  Scikit-learn 
5741,  TensorFlow 
5742,  Scikit-learn 
5742, PyTorch 
5742,  TensorFlow 
5742, Keras 
5742, Huggingface 
5744, Keras 
5744, PyTorch 
5744,  TensorFlow 
5744, PyTorch Lightning 
5744,  Scikit-learn 
5745,  Scikit-learn 
5746,  TensorFlow 
5746,  Scikit-learn 
5749,  TensorFlow 
5749, PyTorch Lightning 
5749, PyTorch 
5749,  Scikit-learn 
5750,  TensorFlow 
5750, Keras 
5750, Xgboost 
5750,  Scikit-learn 
5751, Xgboost 
5751, Huggingface 
5751,  TensorFlow 
5751, Caret 
5751, PyTorch 
5751, Keras 
5751,  Scikit-learn 
5753,  Scikit-learn 
5754,  Scikit-learn 
5754, PyTorch 
5756, Keras 
5756,  Scikit-learn 
5756, Caret 
5756,  TensorFlow 
5757,  Scikit-learn 
5757, LightGBM 
5757,  TensorFlow 
5761, Xgboost 
5761,  Scikit-learn 
5761, Caret 
5763,  Scikit-learn 
5764,  Scikit-learn 
5767, PyTorch 
5767,  Scikit-learn 
5767, Keras 
5767,  TensorFlow 
5770, PyTorch 
5771,  Scikit-learn 
5773, Xgboost 
5773, CatBoost 
5773, PyTorch 
5773, Keras 
5773,  TensorFlow 
5774, Keras 
5774, Xgboost 
5774,  Scikit-learn 
5774, LightGBM 
5774,  TensorFlow 
5776,  TensorFlow 
5776, PyTorch 
5776, Keras 
5776,  Scikit-learn 
5777,  TensorFlow 
5779, PyTorch 
5781,  Scikit-learn 
5783, Keras 
5783, PyTorch 
5783,  TensorFlow 
5783, Xgboost 
5784, Keras 
5784, LightGBM 
5784,  TensorFlow 
5784, Xgboost 
5784,  Scikit-learn 
5784, CatBoost 
5786,  Scikit-learn 
5787, PyTorch 
5789,  TensorFlow 
5789, Keras 
5789,  Scikit-learn 
5790,  Scikit-learn 
5790, Xgboost 
5791,  TensorFlow 
5791,  Scikit-learn 
5794, Keras 
5794,  Scikit-learn 
5794, PyTorch 
5795, Keras 
5795,  TensorFlow 
5798, Keras 
5798,Other
5798,  TensorFlow 
5798, PyTorch 
5799,  Scikit-learn 
5799, PyTorch 
5801,  Scikit-learn 
5802,  TensorFlow 
5802, Huggingface 
5802, LightGBM 
5802,  Scikit-learn 
5802, Keras 
5803, Keras 
5803, CatBoost 
5803, Xgboost 
5803,  Scikit-learn 
5803,  TensorFlow 
5803, PyTorch 
5803, LightGBM 
5806, CatBoost 
5806, PyTorch 
5806,  Scikit-learn 
5806, LightGBM 
5806, Xgboost 
5806, Huggingface 
5807, Xgboost 
5807, CatBoost 
5807,  Scikit-learn 
5807, Keras 
5808, Xgboost 
5808,  Scikit-learn 
5808,  TensorFlow 
5809, PyTorch 
5809, Keras 
5809,  TensorFlow 
5810,  TensorFlow 
5810,  Scikit-learn 
5810, PyTorch 
5810, Keras 
5813, PyTorch 
5814, Keras 
5814,  TensorFlow 
5814, Fast.ai 
5814,Other
5814, Xgboost 
5814, Caret 
5814, PyTorch 
5814,  Scikit-learn 
5814, Tidymodels 
5815, LightGBM 
5815, PyTorch 
5816,  TensorFlow 
5816,  Scikit-learn 
5816, PyTorch 
5817, Tidymodels 
5818,  Scikit-learn 
5818, Keras 
5818,  TensorFlow 
5819,  Scikit-learn 
5820, Keras 
5820,  Scikit-learn 
5820,  TensorFlow 
5822,  Scikit-learn 
5823, PyTorch 
5823, Fast.ai 
5823,  Scikit-learn 
5823, Huggingface 
5825,  Scikit-learn 
5825, PyTorch 
5826, Huggingface 
5826, CatBoost 
5826, PyTorch 
5826, Xgboost 
5826,  Scikit-learn 
5826, Keras 
5826,  TensorFlow 
5827,  Scikit-learn 
5829, Huggingface 
5829,  TensorFlow 
5829, LightGBM 
5829,  Scikit-learn 
5829, Xgboost 
5831, Tidymodels 
5833, PyTorch Lightning 
5833, Huggingface 
5833, PyTorch 
5836, Keras 
5836,  TensorFlow 
5836,  Scikit-learn 
5836, Xgboost 
5837,  TensorFlow 
5838, LightGBM 
5838,  Scikit-learn 
5838, Xgboost 
5839,  Scikit-learn 
5839,Other
5839, Fast.ai 
5839, Xgboost 
5839, LightGBM 
5839, CatBoost 
5839,  TensorFlow 
5839, PyTorch 
5841,  Scikit-learn 
5842, Fast.ai 
5842, Xgboost 
5842, PyTorch 
5842,  Scikit-learn 
5842, LightGBM 
5845,  Scikit-learn 
5845,  TensorFlow 
5846, Tidymodels 
5846,  Scikit-learn 
5848, Xgboost 
5850, Keras 
5850,  Scikit-learn 
5850,  TensorFlow 
5850, Xgboost 
5851,  Scikit-learn 
5852,  TensorFlow 
5852, PyTorch 
5852,  Scikit-learn 
5854,  Scikit-learn 
5854, Xgboost 
5854,  TensorFlow 
5855, Keras 
5855, PyTorch 
5855,  Scikit-learn 
5855, Xgboost 
5857, Keras 
5857, Xgboost 
5857,  Scikit-learn 
5857, PyTorch 
5858, Caret 
5858, PyTorch Lightning 
5859, Keras 
5859,  TensorFlow 
5859, PyTorch 
5859,  Scikit-learn 
5860, Xgboost 
5860,  Scikit-learn 
5862, Xgboost 
5862,  Scikit-learn 
5863,  Scikit-learn 
5866,  Scikit-learn 
5866, Keras 
5866,  TensorFlow 
5867, Keras 
5867, PyTorch 
5867,  TensorFlow 
5867,  Scikit-learn 
5868, Keras 
5868, Xgboost 
5868,Other
5868,  TensorFlow 
5868,  Scikit-learn 
5868, PyTorch 
5871, PyTorch 
5872,  Scikit-learn 
5873, PyTorch 
5874, Tidymodels 
5874,Other
5875, LightGBM 
5875,  TensorFlow 
5875, Xgboost 
5875,  Scikit-learn 
5875, CatBoost 
5875, Keras 
5878, PyTorch 
5878,  TensorFlow 
5878, Keras 
5878,  Scikit-learn 
5880, Keras 
5880, Xgboost 
5880,  Scikit-learn 
5880, PyTorch 
5881,  Scikit-learn 
5881, Keras 
5881,  TensorFlow 
5882, Keras 
5882, Xgboost 
5882,  Scikit-learn 
5882,  TensorFlow 
5883,  Scikit-learn 
5883, Keras 
5883,  TensorFlow 
5885,  Scikit-learn 
5886, Keras 
5886,  TensorFlow 
5888,  TensorFlow 
5888, Keras 
5888,  Scikit-learn 
5891,  TensorFlow 
5891, Keras 
5892, PyTorch 
5892,  Scikit-learn 
5892, Keras 
5892,  TensorFlow 
5893, Xgboost 
5893, Keras 
5893,  Scikit-learn 
5893,  TensorFlow 
5893, CatBoost 
5893, LightGBM 
5893, PyTorch 
5897,  Scikit-learn 
5899,  Scikit-learn 
5899,  TensorFlow 
5899, PyTorch 
5899, Keras 
5900,  Scikit-learn 
5900, Keras 
5900, Caret 
5900,  TensorFlow 
5900, Xgboost 
5901,  Scikit-learn 
5901, PyTorch 
5902,  Scikit-learn 
5902, Keras 
5902,  TensorFlow 
5902, Xgboost 
5904, PyTorch 
5904, Huggingface 
5904,  Scikit-learn 
5906, Keras 
5906,  TensorFlow 
5908,  Scikit-learn 
5909, Tidymodels 
5909, Caret 
5909, Xgboost 
5910,  Scikit-learn 
5910, PyTorch 
5914,  Scikit-learn 
5914, Keras 
5914,  TensorFlow 
5914, PyTorch 
5915,  TensorFlow 
5915, PyTorch 
5915, Xgboost 
5915, Keras 
5915,  Scikit-learn 
5915,Other
5916, Xgboost 
5916, LightGBM 
5916, PyTorch 
5916, Caret 
5916,  Scikit-learn 
5916,  TensorFlow 
5916, Keras 
5917,  Scikit-learn 
5917,  TensorFlow 
5917, Keras 
5918, PyTorch 
5918,  Scikit-learn 
5919,  Scikit-learn 
5919, Xgboost 
5919, CatBoost 
5920,  TensorFlow 
5920, Keras 
5920, PyTorch 
5920, Huggingface 
5920,  Scikit-learn 
5922,  TensorFlow 
5922, Keras 
5922, Xgboost 
5922, Huggingface 
5922,  Scikit-learn 
5922, CatBoost 
5923,  Scikit-learn 
5925,  Scikit-learn 
5927,  Scikit-learn 
5930,  Scikit-learn 
5930, LightGBM 
5930, Keras 
5930,  TensorFlow 
5931, Xgboost 
5931,  Scikit-learn 
5932,  Scikit-learn 
5933, Keras 
5933,  Scikit-learn 
5933,  TensorFlow 
5933, PyTorch 
5934,  Scikit-learn 
5934,  TensorFlow 
5935, JAX 
5935,  TensorFlow 
5935, PyTorch 
5936, PyTorch 
5936, CatBoost 
5936, Xgboost 
5936, Huggingface 
5936, PyTorch Lightning 
5936, Keras 
5939, Xgboost 
5939, CatBoost 
5939,  Scikit-learn 
5939,  TensorFlow 
5939, Caret 
5939, PyTorch 
5940, Keras 
5940,  TensorFlow 
5940,  Scikit-learn 
5940, PyTorch 
5941,  Scikit-learn 
5942, Xgboost 
5942, Keras 
5942, Huggingface 
5942, LightGBM 
5942, Caret 
5942, Tidymodels 
5942,  TensorFlow 
5942,  Scikit-learn 
5942, CatBoost 
5944,  TensorFlow 
5944,  Scikit-learn 
5944, Keras 
5944, Xgboost 
5947, Keras 
5947, Xgboost 
5947,  Scikit-learn 
5947, Huggingface 
5947, LightGBM 
5947,  TensorFlow 
5948, Xgboost 
5948, Caret 
5948, Tidymodels 
5949,  Scikit-learn 
5949, Keras 
5949,  TensorFlow 
5950,  Scikit-learn 
5950, Xgboost 
5951,  TensorFlow 
5952, Keras 
5952,  TensorFlow 
5952,  Scikit-learn 
5955, Tidymodels 
5955, Xgboost 
5956, PyTorch 
5956, Keras 
5956,  TensorFlow 
5957, PyTorch 
5958, Xgboost 
5958, PyTorch 
5958,  TensorFlow 
5958,  Scikit-learn 
5958, Keras 
5959,  Scikit-learn 
5960,  TensorFlow 
5960,  Scikit-learn 
5960, Keras 
5961, PyTorch Lightning 
5961, Xgboost 
5961, PyTorch 
5963,  Scikit-learn 
5968,  Scikit-learn 
5968, Keras 
5968,  TensorFlow 
5970,  Scikit-learn 
5970,  TensorFlow 
5970, Xgboost 
5970, Keras 
5970, PyTorch 
5971, Keras 
5971, Xgboost 
5971, Fast.ai 
5971,  Scikit-learn 
5971,  TensorFlow 
5971, Huggingface 
5971, PyTorch 
5971, LightGBM 
5973, Caret 
5973, Keras 
5973, Tidymodels 
5973,  TensorFlow 
5974, CatBoost 
5974,  Scikit-learn 
5974, Keras 
5974, Xgboost 
5974,  TensorFlow 
5976,  Scikit-learn 
5976, Xgboost 
5976, LightGBM 
5979,  TensorFlow 
5979,  Scikit-learn 
5980, PyTorch 
5980, Huggingface 
5980,  Scikit-learn 
5987, Xgboost 
5987,  Scikit-learn 
5987, PyTorch 
5987, Keras 
5987,  TensorFlow 
5990,  TensorFlow 
5990, Keras 
5990, PyTorch 
5990, LightGBM 
5990, CatBoost 
5990, Xgboost 
5990,  Scikit-learn 
5992,  Scikit-learn 
5992, Keras 
5992, LightGBM 
5992,  TensorFlow 
5992, CatBoost 
5992, Xgboost 
5993, PyTorch 
5993,  Scikit-learn 
5993, Huggingface 
5993, Xgboost 
5993, CatBoost 
5993,  TensorFlow 
5993, LightGBM 
5993, Keras 
5995, Keras 
5995,  TensorFlow 
5998,  TensorFlow 
6000,  TensorFlow 
6000, JAX 
6000, Keras 
6001, Huggingface 
6001, CatBoost 
6001,  TensorFlow 
6001, LightGBM 
6001, PyTorch 
6001, Keras 
6001,  Scikit-learn 
6001, Xgboost 
6003, Xgboost 
6003,  Scikit-learn 
6003, Keras 
6003,  TensorFlow 
6003, PyTorch 
6003, LightGBM 
6003, PyTorch Lightning 
6004,  Scikit-learn 
6004, Xgboost 
6006,  TensorFlow 
6007,  Scikit-learn 
6009,  Scikit-learn 
6009, PyTorch 
6013, Xgboost 
6015, Keras 
6015,  TensorFlow 
6015, Xgboost 
6015,  Scikit-learn 
6016,  TensorFlow 
6020,  Scikit-learn 
6021,  Scikit-learn 
6023, Keras 
6023,  TensorFlow 
6024,  Scikit-learn 
6024,  TensorFlow 
6024, Keras 
6025, PyTorch 
6025,  TensorFlow 
6025, Keras 
6025,  Scikit-learn 
6025, LightGBM 
6025, Xgboost 
6025, Huggingface 
6029,  TensorFlow 
6029, PyTorch 
6029,  Scikit-learn 
6031,  Scikit-learn 
6031, LightGBM 
6033,  Scikit-learn 
6034,  TensorFlow 
6034,  Scikit-learn 
6036,  TensorFlow 
6036, Keras 
6037,  Scikit-learn 
6038,  Scikit-learn 
6039,  Scikit-learn 
6042, PyTorch Lightning 
6042, PyTorch 
6042,  Scikit-learn 
6043,  TensorFlow 
6045,  TensorFlow 
6045, Xgboost 
6045, Keras 
6045, PyTorch 
6047,  Scikit-learn 
6048,  Scikit-learn 
6048,  TensorFlow 
6049, LightGBM 
6049, PyTorch 
6049,  Scikit-learn 
6049, Xgboost 
6049,  TensorFlow 
6050,  Scikit-learn 
6050,  TensorFlow 
6050, PyTorch 
6051,  Scikit-learn 
6051, Keras 
6051, Xgboost 
6051,  TensorFlow 
6051, Huggingface 
6052, PyTorch 
6052, Xgboost 
6052,  TensorFlow 
6052,  Scikit-learn 
6053, PyTorch 
6055, Keras 
6055,  TensorFlow 
6057, Keras 
6057, Xgboost 
6058, JAX 
6058, Fast.ai 
6058, Caret 
6059, PyTorch 
6061, Keras 
6061, PyTorch 
6061,  Scikit-learn 
6061,  TensorFlow 
6061, JAX 
6062, Keras 
6062,  TensorFlow 
6062,  Scikit-learn 
6062, JAX 
6062, Fast.ai 
6062, Xgboost 
6063,  Scikit-learn 
6063,  TensorFlow 
6063, Xgboost 
6063, PyTorch 
6064,  TensorFlow 
6064, PyTorch 
6064,  Scikit-learn 
6064, Keras 
6065, LightGBM 
6065, PyTorch 
6065, Xgboost 
6069, Xgboost 
6069, JAX 
6069,  Scikit-learn 
6069, PyTorch 
6069, LightGBM 
6070, CatBoost 
6070, LightGBM 
6070, Xgboost 
6071,  TensorFlow 
6071, Xgboost 
6071, Keras 
6071, LightGBM 
6071,  Scikit-learn 
6073, Xgboost 
6073,  Scikit-learn 
6076,  TensorFlow 
6076,  Scikit-learn 
6076, Keras 
6076, Xgboost 
6079,  Scikit-learn 
6080, Keras 
6080,  Scikit-learn 
6080,  TensorFlow 
6080, PyTorch 
6081, Keras 
6081,  Scikit-learn 
6082,  TensorFlow 
6082, Keras 
6083,  TensorFlow 
6083, Keras 
6083, Xgboost 
6083,  Scikit-learn 
6090,  Scikit-learn 
6091, Keras 
6091, PyTorch Lightning 
6091,  Scikit-learn 
6091, PyTorch 
6091,  TensorFlow 
6091, Xgboost 
6091, Huggingface 
6092,  Scikit-learn 
6092, LightGBM 
6092, Xgboost 
6096,  Scikit-learn 
6096, Xgboost 
6096, Tidymodels 
6099,  TensorFlow 
6102, Keras 
6102,  Scikit-learn 
6102,  TensorFlow 
6103,  TensorFlow 
6103, PyTorch 
6104,  TensorFlow 
6107, Keras 
6107, PyTorch 
6108, PyTorch 
6108, CatBoost 
6108, LightGBM 
6108, PyTorch Lightning 
6108,  Scikit-learn 
6108, Xgboost 
6108, JAX 
6110,  TensorFlow 
6110,  Scikit-learn 
6111,  Scikit-learn 
6114,  Scikit-learn 
6114, Keras 
6114,  TensorFlow 
6114, PyTorch Lightning 
6115, PyTorch 
6115,  Scikit-learn 
6116, PyTorch 
6116, PyTorch Lightning 
6117, LightGBM 
6117,  Scikit-learn 
6117, Xgboost 
6118,  TensorFlow 
6118, Tidymodels 
6118,  Scikit-learn 
6118, Xgboost 
6118, Keras 
6118, PyTorch 
6119, Keras 
6119,  Scikit-learn 
6119,  TensorFlow 
6120,  TensorFlow 
6120, Keras 
6120,  Scikit-learn 
6121,  Scikit-learn 
6121,  TensorFlow 
6123,  Scikit-learn 
6123, PyTorch 
6124,  Scikit-learn 
6125,  Scikit-learn 
6125,  TensorFlow 
6126,  TensorFlow 
6126, PyTorch 
6126, Keras 
6126,  Scikit-learn 
6126, JAX 
6127,  Scikit-learn 
6127, PyTorch 
6129,  Scikit-learn 
6129,  TensorFlow 
6129, Xgboost 
6129, JAX 
6129, Keras 
6132, PyTorch 
6132,  TensorFlow 
6132,  Scikit-learn 
6133, Keras 
6133, PyTorch 
6133,  TensorFlow 
6133, PyTorch Lightning 
6133,  Scikit-learn 
6133, LightGBM 
6133, Fast.ai 
6135,  Scikit-learn 
6135, Xgboost 
6136,  Scikit-learn 
6138, PyTorch 
6138,  TensorFlow 
6138,  Scikit-learn 
6139,  Scikit-learn 
6140,  TensorFlow 
6140, Keras 
6141, Keras 
6141,  TensorFlow 
6141,  Scikit-learn 
6141, PyTorch 
6141, Xgboost 
6143,  Scikit-learn 
6143, PyTorch 
6143,  TensorFlow 
6143, PyTorch Lightning 
6143, Keras 
6145, PyTorch 
6145,  TensorFlow 
6146,  TensorFlow 
6146, Fast.ai 
6146,  Scikit-learn 
6146, Keras 
6147,  TensorFlow 
6147,  Scikit-learn 
6151, Huggingface 
6151, PyTorch 
6152,  Scikit-learn 
6153,  Scikit-learn 
6153, Caret 
6157, Caret 
6157,  Scikit-learn 
6160,  Scikit-learn 
6160,  TensorFlow 
6161, LightGBM 
6162,  Scikit-learn 
6162, LightGBM 
6162, PyTorch 
6162,  TensorFlow 
6162, Keras 
6162, Xgboost 
6165,  Scikit-learn 
6165, Tidymodels 
6165, PyTorch 
6165, Xgboost 
6166,  Scikit-learn 
6167,  TensorFlow 
6167, PyTorch 
6168, PyTorch 
6168,  Scikit-learn 
6169, Tidymodels 
6172, Xgboost 
6172,  Scikit-learn 
6173, Xgboost 
6173,  Scikit-learn 
6175, LightGBM 
6175,  Scikit-learn 
6176, PyTorch 
6176,  Scikit-learn 
6176,  TensorFlow 
6177, Xgboost 
6177, LightGBM 
6177, CatBoost 
6177,  Scikit-learn 
6177,  TensorFlow 
6177, Keras 
6180, Xgboost 
6180, LightGBM 
6180,  Scikit-learn 
6180, CatBoost 
6181,  Scikit-learn 
6183,  TensorFlow 
6183, Keras 
6185,  TensorFlow 
6185, CatBoost 
6185, Keras 
6185,  Scikit-learn 
6185, Xgboost 
6185, PyTorch 
6187,  Scikit-learn 
6187, Xgboost 
6187, Keras 
6187,  TensorFlow 
6190,  TensorFlow 
6190, PyTorch 
6190,  Scikit-learn 
6190, JAX 
6190, PyTorch Lightning 
6190, Keras 
6192,  TensorFlow 
6192,  Scikit-learn 
6194,  Scikit-learn 
6194,  TensorFlow 
6194, Keras 
6196,  Scikit-learn 
6196, PyTorch 
6197, Xgboost 
6197,  TensorFlow 
6197,  Scikit-learn 
6200,  Scikit-learn 
6200,  TensorFlow 
6200, PyTorch Lightning 
6200, Keras 
6200, PyTorch 
6201,  Scikit-learn 
6202, PyTorch 
6202, JAX 
6202,  Scikit-learn 
6202,  TensorFlow 
6202, Keras 
6203,  Scikit-learn 
6205, Keras 
6205,  TensorFlow 
6206, LightGBM 
6207, PyTorch 
6207, Keras 
6207,  TensorFlow 
6210,  Scikit-learn 
6210, PyTorch 
6210, Xgboost 
6210, Keras 
6210,  TensorFlow 
6210, LightGBM 
6212,  TensorFlow 
6212,  Scikit-learn 
6212, Keras 
6213,  Scikit-learn 
6214, Xgboost 
6214, Caret 
6214, Tidymodels 
6215, PyTorch 
6216,  Scikit-learn 
6216, Keras 
6217, Keras 
6217, LightGBM 
6217,  Scikit-learn 
6217,  TensorFlow 
6217, Huggingface 
6217, Xgboost 
6217, PyTorch 
6218,  TensorFlow 
6218, Xgboost 
6218,  Scikit-learn 
6219,  Scikit-learn 
6219, Tidymodels 
6219, Keras 
6219,  TensorFlow 
6221,  TensorFlow 
6221, Keras 
6221,  Scikit-learn 
6223,  Scikit-learn 
6223, Caret 
6223, PyTorch 
6223,  TensorFlow 
6225, Keras 
6225,  Scikit-learn 
6225,  TensorFlow 
6225, CatBoost 
6226, PyTorch 
6226,  Scikit-learn 
6228,  Scikit-learn 
6228, Huggingface 
6228, PyTorch 
6228, Xgboost 
6229, Keras 
6229, PyTorch 
6229,  TensorFlow 
6229,  Scikit-learn 
6231,  Scikit-learn 
6232, LightGBM 
6232, Xgboost 
6232, Keras 
6232,  Scikit-learn 
6232,  TensorFlow 
6233,  Scikit-learn 
6235,  Scikit-learn 
6236, Xgboost 
6236,  Scikit-learn 
6237,  Scikit-learn 
6237,  TensorFlow 
6237, Keras 
6239, Xgboost 
6239,  Scikit-learn 
6241, Keras 
6241,  Scikit-learn 
6242, Xgboost 
6242, LightGBM 
6242, CatBoost 
6242, Huggingface 
6242, PyTorch 
6245, Xgboost 
6246,  TensorFlow 
6246,  Scikit-learn 
6247, Keras 
6247,  TensorFlow 
6247,  Scikit-learn 
6248, PyTorch 
6248,  TensorFlow 
6249, Keras 
6249, Xgboost 
6249,  TensorFlow 
6249,  Scikit-learn 
6250, PyTorch Lightning 
6250, PyTorch 
6250, Huggingface 
6251,  TensorFlow 
6253, Keras 
6253,  Scikit-learn 
6253,  TensorFlow 
6254,  Scikit-learn 
6255,  TensorFlow 
6255, Keras 
6255,  Scikit-learn 
6255, Xgboost 
6259,  Scikit-learn 
6259,  TensorFlow 
6259, PyTorch 
6259, Keras 
6260,  Scikit-learn 
6261, Fast.ai 
6261,  Scikit-learn 
6261, Xgboost 
6261, Keras 
6261,  TensorFlow 
6263,  Scikit-learn 
6264, PyTorch 
6264, Huggingface 
6264,  Scikit-learn 
6266, Tidymodels 
6266, Keras 
6266, Xgboost 
6266, CatBoost 
6266,  TensorFlow 
6267,Other
6268, Keras 
6268,  TensorFlow 
6270,  TensorFlow 
6270, Tidymodels 
6270, Keras 
6270,  Scikit-learn 
6270, Xgboost 
6272, Keras 
6272,  TensorFlow 
6274,  Scikit-learn 
6274, Keras 
6274,  TensorFlow 
6276, Huggingface 
6276, JAX 
6276, Xgboost 
6276, Keras 
6276, LightGBM 
6276, PyTorch 
6276, CatBoost 
6276,  Scikit-learn 
6276,  TensorFlow 
6277, Keras 
6277, PyTorch 
6277, PyTorch Lightning 
6278,  TensorFlow 
6278,  Scikit-learn 
6278, PyTorch 
6279, Keras 
6279,  TensorFlow 
6279,  Scikit-learn 
6279, PyTorch 
6280, Xgboost 
6280,  TensorFlow 
6280,  Scikit-learn 
6281,  TensorFlow 
6283, Keras 
6283,  TensorFlow 
6283, PyTorch 
6283,  Scikit-learn 
6284, Xgboost 
6284, Keras 
6284,  TensorFlow 
6284,  Scikit-learn 
6285,  TensorFlow 
6285,  Scikit-learn 
6285, Keras 
6285, Fast.ai 
6285, PyTorch 
6287,  Scikit-learn 
6287, Xgboost 
6288,  Scikit-learn 
6289,  TensorFlow 
6289, LightGBM 
6289, Xgboost 
6289,  Scikit-learn 
6294, Keras 
6294,  Scikit-learn 
6294,  TensorFlow 
6294, Xgboost 
6294, PyTorch 
6297, Huggingface 
6297,  TensorFlow 
6297, PyTorch 
6297,  Scikit-learn 
6299,  Scikit-learn 
6299, Keras 
6299,  TensorFlow 
6300, Keras 
6300, Xgboost 
6300,  Scikit-learn 
6300, PyTorch Lightning 
6300,  TensorFlow 
6300, PyTorch 
6301,Other
6303,  TensorFlow 
6303,  Scikit-learn 
6306, Xgboost 
6306,  Scikit-learn 
6306, Keras 
6306, PyTorch 
6306,  TensorFlow 
6306, Tidymodels 
6307,  Scikit-learn 
6307, PyTorch 
6307, PyTorch Lightning 
6307, Keras 
6307,  TensorFlow 
6309,  Scikit-learn 
6309, PyTorch 
6309,  TensorFlow 
6310,  Scikit-learn 
6310,  TensorFlow 
6310, LightGBM 
6310, PyTorch 
6310, Keras 
6310, Xgboost 
6312,  Scikit-learn 
6312, PyTorch 
6314, Caret 
6314,  Scikit-learn 
6315,  TensorFlow 
6315, Xgboost 
6315,  Scikit-learn 
6315, Keras 
6315, PyTorch 
6316, Xgboost 
6316, Fast.ai 
6316, PyTorch Lightning 
6316,  Scikit-learn 
6318, Fast.ai 
6318, PyTorch 
6321, Keras 
6321,  TensorFlow 
6321,  Scikit-learn 
6322,  Scikit-learn 
6322, Xgboost 
6322,  TensorFlow 
6322, Keras 
6322, Caret 
6328,  TensorFlow 
6328, Xgboost 
6328, Huggingface 
6328, Keras 
6328, PyTorch 
6328,  Scikit-learn 
6330,  Scikit-learn 
6330, Xgboost 
6330, LightGBM 
6330, Keras 
6330,  TensorFlow 
6332, Keras 
6332,  TensorFlow 
6332, PyTorch 
6332, Xgboost 
6338, Xgboost 
6341,  Scikit-learn 
6341,  TensorFlow 
6343, PyTorch 
6343,  TensorFlow 
6343, Tidymodels 
6343,  Scikit-learn 
6343, Keras 
6343, Xgboost 
6344,  TensorFlow 
6344, Xgboost 
6344,  Scikit-learn 
6344, Keras 
6344, Tidymodels 
6346, PyTorch 
6346,  Scikit-learn 
6346, Keras 
6347, Xgboost 
6347, Fast.ai 
6347, PyTorch Lightning 
6347,  TensorFlow 
6347,  Scikit-learn 
6347, Keras 
6347, PyTorch 
6350, JAX 
6350, Caret 
6351,  TensorFlow 
6351,  Scikit-learn 
6351, Fast.ai 
6352, PyTorch Lightning 
6352, Huggingface 
6352,Other
6352, Keras 
6352,  Scikit-learn 
6352,  TensorFlow 
6352, Xgboost 
6352, Fast.ai 
6352, PyTorch 
6353,  TensorFlow 
6353,  Scikit-learn 
6353, Huggingface 
6353, Xgboost 
6354, Xgboost 
6354,  Scikit-learn 
6357, Keras 
6357,  Scikit-learn 
6357, Xgboost 
6357,  TensorFlow 
6357, Huggingface 
6360,  Scikit-learn 
6360, Huggingface 
6360, PyTorch 
6360,  TensorFlow 
6360, Keras 
6360, CatBoost 
6363,  Scikit-learn 
6363, Caret 
6364,  TensorFlow 
6364, PyTorch 
6364, Keras 
6364,  Scikit-learn 
6364, Huggingface 
6366, Keras 
6368,  TensorFlow 
6368, Keras 
6368, Xgboost 
6370,  TensorFlow 
6370,  Scikit-learn 
6376,  TensorFlow 
6376, Keras 
6377,  Scikit-learn 
6377, Xgboost 
6378,  TensorFlow 
6378, Keras 
6378,  Scikit-learn 
6382, LightGBM 
6382, CatBoost 
6382, Xgboost 
6382,  Scikit-learn 
6382, Tidymodels 
6383,  Scikit-learn 
6384, Keras 
6384,  TensorFlow 
6384, CatBoost 
6384, Xgboost 
6384,  Scikit-learn 
6385, PyTorch 
6388,  Scikit-learn 
6391,  Scikit-learn 
6392,  Scikit-learn 
6392, Keras 
6392, PyTorch 
6392,  TensorFlow 
6392, Xgboost 
6392, Tidymodels 
6392, Caret 
6393,  Scikit-learn 
6393, LightGBM 
6393, Keras 
6393,  TensorFlow 
6393, Xgboost 
6395,Other
6395,  TensorFlow 
6402,  Scikit-learn 
6402,  TensorFlow 
6402, PyTorch 
6404, LightGBM 
6404, CatBoost 
6404,  Scikit-learn 
6408,  TensorFlow 
6408, PyTorch Lightning 
6408, Keras 
6408, PyTorch 
6408, Xgboost 
6408,  Scikit-learn 
6409,  Scikit-learn 
6410,  TensorFlow 
6410,  Scikit-learn 
6410, PyTorch 
6412,  Scikit-learn 
6412, Xgboost 
6412,  TensorFlow 
6413,  Scikit-learn 
6415,  TensorFlow 
6415, PyTorch 
6415,  Scikit-learn 
6418,  Scikit-learn 
6418, Keras 
6418,  TensorFlow 
6421, PyTorch 
6424,  Scikit-learn 
6425,  Scikit-learn 
6425, Keras 
6425,  TensorFlow 
6426,Other
6426,  Scikit-learn 
6426, CatBoost 
6427,  Scikit-learn 
6429,Other
6430, PyTorch 
6431, JAX 
6432, Keras 
6432,  Scikit-learn 
6432,  TensorFlow 
6433,  Scikit-learn 
6433, Keras 
6433,  TensorFlow 
6434, PyTorch Lightning 
6434,  TensorFlow 
6434, PyTorch 
6434,  Scikit-learn 
6436, Huggingface 
6436, JAX 
6436, PyTorch Lightning 
6436, PyTorch 
6438,  Scikit-learn 
6439,  Scikit-learn 
6439, PyTorch 
6444,  TensorFlow 
6444,  Scikit-learn 
6445,  Scikit-learn 
6445,  TensorFlow 
6446,  Scikit-learn 
6447, JAX 
6447, PyTorch 
6448, PyTorch Lightning 
6448, PyTorch 
6448,  TensorFlow 
6449,  TensorFlow 
6449,  Scikit-learn 
6449, PyTorch 
6449, Keras 
6450,  Scikit-learn 
6456,  TensorFlow 
6456,  Scikit-learn 
6456, PyTorch 
6456, Keras 
6457, Keras 
6460,  Scikit-learn 
6461, Huggingface 
6461, PyTorch 
6461,  Scikit-learn 
6462,  Scikit-learn 
6463,  Scikit-learn 
6464,  Scikit-learn 
6464, LightGBM 
6467,  Scikit-learn 
6467, CatBoost 
6467, PyTorch 
6467,  TensorFlow 
6467, Keras 
6467, Xgboost 
6468,  TensorFlow 
6468, PyTorch Lightning 
6468, PyTorch 
6470, Xgboost 
6470,  TensorFlow 
6470,  Scikit-learn 
6470, Keras 
6471,  Scikit-learn 
6473, Xgboost 
6473,  Scikit-learn 
6475,  TensorFlow 
6475, Keras 
6475,  Scikit-learn 
6475, PyTorch 
6478,  TensorFlow 
6478,  Scikit-learn 
6478, PyTorch Lightning 
6478, Keras 
6478, PyTorch 
6481, PyTorch 
6481,  TensorFlow 
6483,  TensorFlow 
6485,  Scikit-learn 
6485, CatBoost 
6485, PyTorch 
6486,  Scikit-learn 
6488, PyTorch 
6490, LightGBM 
6490,  TensorFlow 
6490,  Scikit-learn 
6491, PyTorch 
6493, LightGBM 
6493,  TensorFlow 
6493,  Scikit-learn 
6493, Keras 
6493, Xgboost 
6494,  Scikit-learn 
6494, Xgboost 
6494, Keras 
6495, Xgboost 
6495,  Scikit-learn 
6495, CatBoost 
6497,  TensorFlow 
6497, PyTorch 
6497,  Scikit-learn 
6497,Other
6497, Huggingface 
6497, Xgboost 
6497, LightGBM 
6498, PyTorch 
6498, Xgboost 
6498, Huggingface 
6499,  TensorFlow 
6499,  Scikit-learn 
6502,  Scikit-learn 
6502, Keras 
6502,  TensorFlow 
6503,Other
6505, Keras 
6505, Xgboost 
6505,  TensorFlow 
6505,  Scikit-learn 
6506,  Scikit-learn 
6506, Xgboost 
6507, Xgboost 
6507,  Scikit-learn 
6510, PyTorch 
6510, Keras 
6510, Huggingface 
6510,  TensorFlow 
6510,  Scikit-learn 
6510, Xgboost 
6511, JAX 
6512,Other
6513, Fast.ai 
6513, PyTorch 
6514, PyTorch 
6514, Huggingface 
6516,  Scikit-learn 
6516, Xgboost 
6516, Keras 
6517,  Scikit-learn 
6517, Xgboost 
6521, PyTorch Lightning 
6521, Caret 
6523, PyTorch 
6523,  Scikit-learn 
6523,  TensorFlow 
6524, Keras 
6524, Xgboost 
6524,  TensorFlow 
6524,  Scikit-learn 
6524, PyTorch 
6526, Caret 
6526, Tidymodels 
6526, Xgboost 
6526,  TensorFlow 
6526, PyTorch 
6526, Keras 
6526,  Scikit-learn 
6531, Caret 
6531,  TensorFlow 
6531, LightGBM 
6531,  Scikit-learn 
6531, Xgboost 
6532, Fast.ai 
6532,Other
6534, CatBoost 
6534, Xgboost 
6534, PyTorch 
6534,  Scikit-learn 
6534, Huggingface 
6534, LightGBM 
6534,  TensorFlow 
6537,  Scikit-learn 
6537, Huggingface 
6537, Keras 
6537,  TensorFlow 
6540,  Scikit-learn 
6542, PyTorch 
6542, PyTorch Lightning 
6542, CatBoost 
6542, Xgboost 
6542, LightGBM 
6542,  Scikit-learn 
6544,  TensorFlow 
6544,  Scikit-learn 
6548,  Scikit-learn 
6549, Xgboost 
6549,  TensorFlow 
6549, Keras 
6549,  Scikit-learn 
6549, PyTorch 
6549, PyTorch Lightning 
6551, Huggingface 
6551, PyTorch 
6551,  TensorFlow 
6551,  Scikit-learn 
6551, Keras 
6551, JAX 
6552,  TensorFlow 
6553,  Scikit-learn 
6554,  Scikit-learn 
6555,  TensorFlow 
6555, PyTorch 
6556, Keras 
6556,  TensorFlow 
6556,  Scikit-learn 
6556, PyTorch 
6556, CatBoost 
6556, Xgboost 
6556, LightGBM 
6559, PyTorch 
6559, Keras 
6559, PyTorch Lightning 
6559, LightGBM 
6559, Fast.ai 
6559,  Scikit-learn 
6559, Huggingface 
6559,  TensorFlow 
6559, Xgboost 
6559, Tidymodels 
6559, JAX 
6559, CatBoost 
6559, Caret 
6565,  Scikit-learn 
6565, Keras 
6565, PyTorch 
6565,  TensorFlow 
6565, Xgboost 
6566, Keras 
6566,  Scikit-learn 
6566,  TensorFlow 
6566, PyTorch 
6568, Xgboost 
6568, Keras 
6568, PyTorch Lightning 
6568,  Scikit-learn 
6568, PyTorch 
6568, Huggingface 
6569,  Scikit-learn 
6569, Caret 
6570,  Scikit-learn 
6570,  TensorFlow 
6571,  Scikit-learn 
6572, Keras 
6572,  Scikit-learn 
6572,  TensorFlow 
6573,  TensorFlow 
6573, Keras 
6573,  Scikit-learn 
6574, Keras 
6575,  Scikit-learn 
6576,  Scikit-learn 
6577,  Scikit-learn 
6577,  TensorFlow 
6578, PyTorch 
6578,Other
6578, JAX 
6580, Keras 
6580,  Scikit-learn 
6580,  TensorFlow 
6582, PyTorch 
6582, Keras 
6582,  TensorFlow 
6582,  Scikit-learn 
6583,  Scikit-learn 
6583,  TensorFlow 
6583, Huggingface 
6583, Fast.ai 
6583, Keras 
6587,  Scikit-learn 
6587, Xgboost 
6587, Tidymodels 
6589, Keras 
6589,  TensorFlow 
6589,  Scikit-learn 
6592, PyTorch 
6592, LightGBM 
6596,  Scikit-learn 
6596,  TensorFlow 
6600, Xgboost 
6600,  Scikit-learn 
6600, Keras 
6600,  TensorFlow 
6601, Keras 
6601,  TensorFlow 
6601,  Scikit-learn 
6602,  Scikit-learn 
6602, PyTorch 
6603, Keras 
6603, PyTorch 
6603,  TensorFlow 
6603,  Scikit-learn 
6606, PyTorch 
6606, Keras 
6606,  Scikit-learn 
6606,  TensorFlow 
6607, PyTorch Lightning 
6607,  Scikit-learn 
6607,  TensorFlow 
6610,  TensorFlow 
6610, Xgboost 
6610,  Scikit-learn 
6612, Xgboost 
6612,  Scikit-learn 
6613, Keras 
6613, Xgboost 
6613,  Scikit-learn 
6613,  TensorFlow 
6615,  Scikit-learn 
6615,  TensorFlow 
6615, Keras 
6616, Keras 
6616,  Scikit-learn 
6616,  TensorFlow 
6617,  Scikit-learn 
6618,  Scikit-learn 
6619,  Scikit-learn 
6621, Keras 
6621,  TensorFlow 
6621,  Scikit-learn 
6621, PyTorch 
6628,  TensorFlow 
6629,  Scikit-learn 
6629, Xgboost 
6629, PyTorch 
6630,  Scikit-learn 
6630, Xgboost 
6632,  Scikit-learn 
6633, Keras 
6633,  TensorFlow 
6633,  Scikit-learn 
6634,  Scikit-learn 
6634,  TensorFlow 
6637,  Scikit-learn 
6637, PyTorch 
6637,  TensorFlow 
6640,  Scikit-learn 
6640,  TensorFlow 
6640, LightGBM 
6640, Xgboost 
6641, Xgboost 
6641,  TensorFlow 
6641, PyTorch 
6641,  Scikit-learn 
6642, Tidymodels 
6642, Xgboost 
6642,  Scikit-learn 
6643, Xgboost 
6643, Huggingface 
6643,  TensorFlow 
6643, Keras 
6643,  Scikit-learn 
6644,  Scikit-learn 
6644,  TensorFlow 
6645,  Scikit-learn 
6645, Xgboost 
6646,  Scikit-learn 
6646, Keras 
6646,  TensorFlow 
6647,  TensorFlow 
6647,  Scikit-learn 
6649, PyTorch 
6649,  TensorFlow 
6650,  TensorFlow 
6650, Keras 
6650,  Scikit-learn 
6651, Caret 
6651, PyTorch 
6654,Other
6657,  TensorFlow 
6658, LightGBM 
6658,  TensorFlow 
6658, Keras 
6658,  Scikit-learn 
6658, Xgboost 
6658, CatBoost 
6660, PyTorch 
6660, Xgboost 
6660,  Scikit-learn 
6660, LightGBM 
6660, Huggingface 
6660, Keras 
6660,  TensorFlow 
6660, Fast.ai 
6667, Keras 
6667, PyTorch 
6667,  TensorFlow 
6667, Huggingface 
6667,  Scikit-learn 
6668,  Scikit-learn 
6669, Xgboost 
6669,  Scikit-learn 
6669, Huggingface 
6669, PyTorch 
6670, PyTorch 
6670,  TensorFlow 
6670, Keras 
6670,  Scikit-learn 
6673,  Scikit-learn 
6673, Keras 
6673,  TensorFlow 
6674, Keras 
6674,  TensorFlow 
6674,  Scikit-learn 
6674, Caret 
6675, PyTorch 
6675,  TensorFlow 
6675,  Scikit-learn 
6676,  TensorFlow 
6677,  Scikit-learn 
6679, Xgboost 
6679, CatBoost 
6679,  Scikit-learn 
6679, LightGBM 
6681, Xgboost 
6681,  Scikit-learn 
6682, Caret 
6682, Xgboost 
6685,  Scikit-learn 
6685,  TensorFlow 
6685, Keras 
6688, PyTorch 
6688, Keras 
6688,  TensorFlow 
6688, Xgboost 
6689,  TensorFlow 
6689, Keras 
6689,  Scikit-learn 
6691, LightGBM 
6691, Xgboost 
6691,  TensorFlow 
6691, Keras 
6691,  Scikit-learn 
6692, Huggingface 
6692, Fast.ai 
6692,  Scikit-learn 
6694,  TensorFlow 
6694,  Scikit-learn 
6695, Caret 
6696,Other
6697,  TensorFlow 
6699, PyTorch 
6699, LightGBM 
6699,  Scikit-learn 
6699, Xgboost 
6699,  TensorFlow 
6701,  Scikit-learn 
6701, Xgboost 
6702,  Scikit-learn 
6702,  TensorFlow 
6702, Keras 
6703, Xgboost 
6703,  Scikit-learn 
6703, LightGBM 
6703,  TensorFlow 
6703, Keras 
6704, Keras 
6704,  TensorFlow 
6704,  Scikit-learn 
6706,  TensorFlow 
6706,  Scikit-learn 
6707, Keras 
6707, Huggingface 
6707,  Scikit-learn 
6707, LightGBM 
6707,  TensorFlow 
6707, PyTorch 
6708,  Scikit-learn 
6708,  TensorFlow 
6710, JAX 
6711,  Scikit-learn 
6711, PyTorch 
6712, LightGBM 
6712, CatBoost 
6712,  Scikit-learn 
6712, Xgboost 
6712, Caret 
6713,  Scikit-learn 
6713,  TensorFlow 
6713, Keras 
6713, PyTorch 
6716,  TensorFlow 
6718, PyTorch 
6718, Keras 
6718,  Scikit-learn 
6718, Huggingface 
6718, Xgboost 
6718,  TensorFlow 
6720, Fast.ai 
6720, PyTorch 
6720,  Scikit-learn 
6720, Huggingface 
6720, Keras 
6720,  TensorFlow 
6720, PyTorch Lightning 
6721,  TensorFlow 
6721,  Scikit-learn 
6722,  Scikit-learn 
6722, Keras 
6722,  TensorFlow 
6728,  Scikit-learn 
6728,  TensorFlow 
6730,  Scikit-learn 
6730, PyTorch 
6730, LightGBM 
6730, Xgboost 
6731, Keras 
6731, LightGBM 
6731, Xgboost 
6731,  Scikit-learn 
6731,  TensorFlow 
6732,  Scikit-learn 
6732, PyTorch 
6732,  TensorFlow 
6732, Keras 
6733, Keras 
6733,  TensorFlow 
6734, PyTorch 
6734, Huggingface 
6734, PyTorch Lightning 
6738,  TensorFlow 
6738,  Scikit-learn 
6738, Keras 
6740,Other
6741, CatBoost 
6741, Xgboost 
6741,  Scikit-learn 
6741, LightGBM 
6742, Keras 
6742, Xgboost 
6742,  TensorFlow 
6742, PyTorch 
6742,  Scikit-learn 
6743,  Scikit-learn 
6743, Xgboost 
6744,  Scikit-learn 
6744, PyTorch 
6745, Xgboost 
6745,  Scikit-learn 
6746,  TensorFlow 
6746, Keras 
6747, Tidymodels 
6747,  Scikit-learn 
6747, Caret 
6751, PyTorch 
6751,  Scikit-learn 
6751,  TensorFlow 
6752,  Scikit-learn 
6752, Xgboost 
6752,  TensorFlow 
6752, Keras 
6752, PyTorch 
6756, Keras 
6756, Huggingface 
6756,  TensorFlow 
6758,  Scikit-learn 
6764,  Scikit-learn 
6764, LightGBM 
6764, Keras 
6764, Xgboost 
6764,  TensorFlow 
6769,  TensorFlow 
6769, Keras 
6769,  Scikit-learn 
6770, Keras 
6770,  Scikit-learn 
6771,  Scikit-learn 
6771, CatBoost 
6772,  TensorFlow 
6772, Xgboost 
6772, Keras 
6772, PyTorch 
6772,  Scikit-learn 
6773, Keras 
6773, PyTorch 
6773,  Scikit-learn 
6773,  TensorFlow 
6774,  TensorFlow 
6774, Keras 
6776, LightGBM 
6776, Keras 
6776, PyTorch 
6776, Fast.ai 
6776, PyTorch Lightning 
6777,  Scikit-learn 
6777, Keras 
6777, Huggingface 
6777, PyTorch 
6777,  TensorFlow 
6777, Xgboost 
6780,  Scikit-learn 
6780, LightGBM 
6780, Xgboost 
6781, Xgboost 
6781, Keras 
6781, PyTorch 
6781,  Scikit-learn 
6781, LightGBM 
6781,  TensorFlow 
6784,  Scikit-learn 
6784, Tidymodels 
6784,  TensorFlow 
6786,  Scikit-learn 
6786, CatBoost 
6786, Xgboost 
6789,  Scikit-learn 
6790,  Scikit-learn 
6790, Keras 
6791,  Scikit-learn 
6791,  TensorFlow 
6791, PyTorch 
6792,  Scikit-learn 
6792, PyTorch 
6792,  TensorFlow 
6792, Keras 
6793, Caret 
6793, Xgboost 
6793,  TensorFlow 
6794, PyTorch 
6794, Tidymodels 
6794,  TensorFlow 
6794, Xgboost 
6794, Caret 
6794, Keras 
6794,  Scikit-learn 
6796, PyTorch 
6796,  Scikit-learn 
6797, Xgboost 
6797,  Scikit-learn 
6799,  Scikit-learn 
6801, Xgboost 
6801, PyTorch 
6801,  Scikit-learn 
6801, Fast.ai 
6803,  Scikit-learn 
6803, Xgboost 
6803, Tidymodels 
6803, Caret 
6803, Fast.ai 
6804, Keras 
6804, Xgboost 
6804, PyTorch 
6805,  TensorFlow 
6805, Caret 
6805, Keras 
6805, CatBoost 
6805, LightGBM 
6805, Xgboost 
6805,  Scikit-learn 
6805, Huggingface 
6806, PyTorch 
6808,  TensorFlow 
6808, Keras 
6809,  TensorFlow 
6809,  Scikit-learn 
6809, Keras 
6810, PyTorch 
6810, PyTorch Lightning 
6810,  TensorFlow 
6812, PyTorch 
6812,  Scikit-learn 
6812, Huggingface 
6813,  Scikit-learn 
6813,  TensorFlow 
6813, Xgboost 
6813, Keras 
6814,  Scikit-learn 
6815,  TensorFlow 
6815, PyTorch 
6815, Keras 
6817,  Scikit-learn 
6817, PyTorch 
6817, Keras 
6817,  TensorFlow 
6818, PyTorch 
6818,  TensorFlow 
6818, Xgboost 
6818, Keras 
6818,  Scikit-learn 
6819, Huggingface 
6819, Keras 
6819, PyTorch 
6819, Xgboost 
6819,  Scikit-learn 
6819,  TensorFlow 
6820, Keras 
6820,  TensorFlow 
6822, PyTorch 
6822,  TensorFlow 
6822,  Scikit-learn 
6822, Xgboost 
6822, Keras 
6825,  Scikit-learn 
6825, Xgboost 
6826,  Scikit-learn 
6826,  TensorFlow 
6826,Other
6827, Huggingface 
6828, Xgboost 
6828,  Scikit-learn 
6828, Keras 
6829, LightGBM 
6829, CatBoost 
6829, PyTorch 
6829,  TensorFlow 
6829, Xgboost 
6829,  Scikit-learn 
6829, Keras 
6829, Huggingface 
6831,  TensorFlow 
6831,  Scikit-learn 
6831, Xgboost 
6831, Keras 
6832, Xgboost 
6832,  Scikit-learn 
6833, Keras 
6833,  Scikit-learn 
6833, Xgboost 
6833, LightGBM 
6833,  TensorFlow 
6833, CatBoost 
6837, Huggingface 
6837, Keras 
6837, PyTorch 
6837, CatBoost 
6837,  Scikit-learn 
6837, Xgboost 
6837,  TensorFlow 
6838,  TensorFlow 
6838, PyTorch 
6840,  Scikit-learn 
6841,  TensorFlow 
6841, PyTorch 
6841, Keras 
6841,  Scikit-learn 
6842, Keras 
6842, PyTorch 
6842,  Scikit-learn 
6842,  TensorFlow 
6843,  Scikit-learn 
6844, Xgboost 
6844,  Scikit-learn 
6844,  TensorFlow 
6847,  Scikit-learn 
6847, Xgboost 
6847, LightGBM 
6849, Keras 
6849,  TensorFlow 
6849,  Scikit-learn 
6849, Xgboost 
6849, LightGBM 
6850, Xgboost 
6850,  Scikit-learn 
6850, Huggingface 
6850, PyTorch 
6850, LightGBM 
6850, Fast.ai 
6850, CatBoost 
6851, Keras 
6851, PyTorch 
6851,  TensorFlow 
6853,  TensorFlow 
6853, PyTorch 
6853,  Scikit-learn 
6854,  TensorFlow 
6854, Keras 
6854,  Scikit-learn 
6854, PyTorch 
6859, LightGBM 
6859, Xgboost 
6859,  Scikit-learn 
6862,  Scikit-learn 
6862,  TensorFlow 
6862, Xgboost 
6862, LightGBM 
6862, PyTorch 
6862, Keras 
6863,  Scikit-learn 
6865,  Scikit-learn 
6871, Caret 
6873, Keras 
6873, PyTorch 
6873,  TensorFlow 
6873,  Scikit-learn 
6877, Keras 
6877, PyTorch Lightning 
6877, PyTorch 
6877,  Scikit-learn 
6877,  TensorFlow 
6878,  TensorFlow 
6878,  Scikit-learn 
6878, Keras 
6878, Fast.ai 
6878, PyTorch 
6878, Huggingface 
6879, CatBoost 
6879,  Scikit-learn 
6879, Xgboost 
6880, Keras 
6881, PyTorch 
6881, Xgboost 
6881,  Scikit-learn 
6881,  TensorFlow 
6882,  TensorFlow 
6882, Keras 
6882,  Scikit-learn 
6883,  Scikit-learn 
6885,  Scikit-learn 
6885, Xgboost 
6885,  TensorFlow 
6885, Keras 
6886,  Scikit-learn 
6887,  Scikit-learn 
6890, Keras 
6890,  Scikit-learn 
6890,  TensorFlow 
6893, Keras 
6893, Huggingface 
6893, Caret 
6893,  TensorFlow 
6893,  Scikit-learn 
6894,  Scikit-learn 
6894, Keras 
6897, JAX 
6897, PyTorch 
6897,  Scikit-learn 
6898, Fast.ai 
6898, PyTorch 
6898, LightGBM 
6898,  TensorFlow 
6898, Huggingface 
6898, Keras 
6900,  Scikit-learn 
6900, Huggingface 
6900, Fast.ai 
6900, Xgboost 
6900, LightGBM 
6900, PyTorch 
6905, PyTorch 
6905, Huggingface 
6905, PyTorch Lightning 
6906, PyTorch 
6906,  Scikit-learn 
6907,  Scikit-learn 
6907, Keras 
6907,  TensorFlow 
6908, Keras 
6908,  Scikit-learn 
6908, PyTorch 
6908,  TensorFlow 
6908, Xgboost 
6909,  Scikit-learn 
6909,  TensorFlow 
6910, Xgboost 
6910,  Scikit-learn 
6910, Keras 
6910,  TensorFlow 
6910, LightGBM 
6910, PyTorch 
6911,  Scikit-learn 
6911,  TensorFlow 
6911, Keras 
6911, Xgboost 
6911, PyTorch 
6912, Caret 
6912,  TensorFlow 
6912,  Scikit-learn 
6914, Keras 
6914,  TensorFlow 
6914,  Scikit-learn 
6914, PyTorch 
6916,  Scikit-learn 
6918, Xgboost 
6920, PyTorch 
6920,  Scikit-learn 
6922, PyTorch 
6923, PyTorch 
6923,  TensorFlow 
6923,  Scikit-learn 
6923, Keras 
6925,  Scikit-learn 
6925,  TensorFlow 
6926,  TensorFlow 
6926,  Scikit-learn 
6926, PyTorch 
6927,  TensorFlow 
6927,  Scikit-learn 
6927, Huggingface 
6927, PyTorch 
6927, Keras 
6928,Other
6930,  TensorFlow 
6930, Fast.ai 
6930, Keras 
6932, Xgboost 
6932,  Scikit-learn 
6932, LightGBM 
6933,  TensorFlow 
6933, PyTorch 
6934,  TensorFlow 
6934,  Scikit-learn 
6934, Keras 
6935,  Scikit-learn 
6935, Keras 
6935, Xgboost 
6935,  TensorFlow 
6937,  Scikit-learn 
6937, Xgboost 
6938, Keras 
6938,  TensorFlow 
6943, Tidymodels 
6943, Keras 
6943,  Scikit-learn 
6943,  TensorFlow 
6944, PyTorch Lightning 
6946, Keras 
6946,  TensorFlow 
6948,  Scikit-learn 
6949,Other
6950, PyTorch 
6950,  Scikit-learn 
6950, Keras 
6950, PyTorch Lightning 
6950,  TensorFlow 
6951, PyTorch 
6951,  Scikit-learn 
6951,  TensorFlow 
6951, Keras 
6952, PyTorch Lightning 
6952, Fast.ai 
6952,  TensorFlow 
6952, PyTorch 
6953, PyTorch Lightning 
6953,  Scikit-learn 
6953, Keras 
6953, PyTorch 
6955,  TensorFlow 
6955,  Scikit-learn 
6956, Xgboost 
6956, PyTorch 
6956,  TensorFlow 
6956, Keras 
6956,  Scikit-learn 
6958, Keras 
6958, Xgboost 
6958,  TensorFlow 
6958,  Scikit-learn 
6959, Keras 
6959,  Scikit-learn 
6959, PyTorch 
6959,  TensorFlow 
6960,  Scikit-learn 
6960, LightGBM 
6960, CatBoost 
6960, Xgboost 
6962,  Scikit-learn 
6963, Xgboost 
6963,  Scikit-learn 
6965,  Scikit-learn 
6965, PyTorch 
6965,  TensorFlow 
6965, Keras 
6966, PyTorch 
6966,  TensorFlow 
6966, Keras 
6966, Xgboost 
6966,  Scikit-learn 
6967, Keras 
6967, LightGBM 
6967, Tidymodels 
6967,  TensorFlow 
6967, Xgboost 
6967,  Scikit-learn 
6968, Keras 
6968,  Scikit-learn 
6968,  TensorFlow 
6968, Xgboost 
6969, Huggingface 
6969, Keras 
6969, PyTorch 
6970,  TensorFlow 
6970, Keras 
6970,  Scikit-learn 
6972, PyTorch 
6972, Xgboost 
6972,  Scikit-learn 
6972, PyTorch Lightning 
6972, Keras 
6972, LightGBM 
6972,  TensorFlow 
6973,  TensorFlow 
6975,  TensorFlow 
6975,  Scikit-learn 
6975, PyTorch 
6978, Caret 
6978, Xgboost 
6978, LightGBM 
6978,  Scikit-learn 
6981,  Scikit-learn 
6981,  TensorFlow 
6981, Keras 
6985, CatBoost 
6985, Keras 
6985, LightGBM 
6985, Caret 
6985, Xgboost 
6985,  Scikit-learn 
6985, Tidymodels 
6988, PyTorch Lightning 
6989, Keras 
6989,  TensorFlow 
6989,  Scikit-learn 
6991, Keras 
6991,  TensorFlow 
6991,  Scikit-learn 
6997,  Scikit-learn 
6997,  TensorFlow 
6997, Keras 
6998,  Scikit-learn 
6999,  TensorFlow 
6999, Keras 
6999, PyTorch 
6999,  Scikit-learn 
7000, Xgboost 
7000,  TensorFlow 
7000,  Scikit-learn 
7000, Keras 
7003,  TensorFlow 
7003, PyTorch 
7004,  TensorFlow 
7006,  Scikit-learn 
7006, Keras 
7006,  TensorFlow 
7009,  TensorFlow 
7009, JAX 
7009, Keras 
7009, Xgboost 
7009, LightGBM 
7010,  TensorFlow 
7010, PyTorch 
7010, Huggingface 
7010,  Scikit-learn 
7012, JAX 
7013,  TensorFlow 
7013,  Scikit-learn 
7014,  Scikit-learn 
7014, Xgboost 
7016,  Scikit-learn 
7016, Keras 
7017, PyTorch Lightning 
7018,  TensorFlow 
7019,  TensorFlow 
7019, Keras 
7019,Other
7019,  Scikit-learn 
7019, PyTorch 
7026, PyTorch 
7026,  Scikit-learn 
7026,  TensorFlow 
7026, Keras 
7028,  TensorFlow 
7028,  Scikit-learn 
7028, Xgboost 
7031,  Scikit-learn 
7031, PyTorch 
7031, Keras 
7031,  TensorFlow 
7034,  TensorFlow 
7034, Keras 
7034, PyTorch 
7034,  Scikit-learn 
7034, Xgboost 
7035, Xgboost 
7035,  Scikit-learn 
7035,  TensorFlow 
7035, Keras 
7036, CatBoost 
7036,  Scikit-learn 
7038, Caret 
7038, PyTorch Lightning 
7038, Keras 
7038, LightGBM 
7038,  Scikit-learn 
7038, Xgboost 
7038,  TensorFlow 
7038, PyTorch 
7041, Xgboost 
7041, Caret 
7041, CatBoost 
7041, LightGBM 
7042, PyTorch 
7042,  Scikit-learn 
7042, Keras 
7043,  TensorFlow 
7043,  Scikit-learn 
7043, Keras 
7044,  Scikit-learn 
7044, PyTorch 
7045, Keras 
7045,  TensorFlow 
7045,  Scikit-learn 
7046,  TensorFlow 
7046, Xgboost 
7046, LightGBM 
7046,  Scikit-learn 
7047, PyTorch 
7049,  TensorFlow 
7049,  Scikit-learn 
7049, Keras 
7051,  TensorFlow 
7051,  Scikit-learn 
7051, PyTorch 
7052, Xgboost 
7052,  Scikit-learn 
7052, Keras 
7052,  TensorFlow 
7053,  Scikit-learn 
7054, PyTorch 
7054,  Scikit-learn 
7056, Keras 
7056,  Scikit-learn 
7056,  TensorFlow 
7057,  TensorFlow 
7057,  Scikit-learn 
7057, Keras 
7057, PyTorch 
7058, Caret 
7058, Xgboost 
7059, Huggingface 
7059, PyTorch 
7059,  Scikit-learn 
7059, Keras 
7059,  TensorFlow 
7061,  TensorFlow 
7061, PyTorch 
7061,  Scikit-learn 
7061, Xgboost 
7062, Keras 
7062,  TensorFlow 
7062, Xgboost 
7062,  Scikit-learn 
7062, LightGBM 
7063,  TensorFlow 
7063,  Scikit-learn 
7064, PyTorch 
7066, CatBoost 
7066, LightGBM 
7066,  Scikit-learn 
7066, Xgboost 
7067,  Scikit-learn 
7067,  TensorFlow 
7067, Keras 
7069, Xgboost 
7069, Keras 
7069, PyTorch 
7069,  Scikit-learn 
7071,  Scikit-learn 
7072,  TensorFlow 
7072, Keras 
7072,  Scikit-learn 
7073,  TensorFlow 
7076, Huggingface 
7076,  Scikit-learn 
7076, Keras 
7076,  TensorFlow 
7078,  TensorFlow 
7078, PyTorch 
7078,  Scikit-learn 
7079,  Scikit-learn 
7081,  Scikit-learn 
7082, Keras 
7082,  TensorFlow 
7082, Huggingface 
7083, Fast.ai 
7086, PyTorch 
7086,  TensorFlow 
7087,  TensorFlow 
7088,  TensorFlow 
7088, Keras 
7088, Xgboost 
7088,  Scikit-learn 
7089,  Scikit-learn 
7091,  Scikit-learn 
7091, PyTorch 
7091, Keras 
7091,  TensorFlow 
7093, Xgboost 
7093,  Scikit-learn 
7093, LightGBM 
7094, Keras 
7097,  TensorFlow 
7097, CatBoost 
7097, LightGBM 
7097, Xgboost 
7097,  Scikit-learn 
7101, Caret 
7101,  Scikit-learn 
7104, Keras 
7104,  Scikit-learn 
7104,  TensorFlow 
7105, Tidymodels 
7106,  Scikit-learn 
7108, Keras 
7109, PyTorch 
7109,  Scikit-learn 
7109, Huggingface 
7109, Xgboost 
7110,  Scikit-learn 
7110, Keras 
7111,  Scikit-learn 
7111,  TensorFlow 
7111, Huggingface 
7111, Keras 
7112, Keras 
7112, PyTorch 
7112,  Scikit-learn 
7113,  TensorFlow 
7113,  Scikit-learn 
7113, LightGBM 
7113, Xgboost 
7113, Keras 
7114,  Scikit-learn 
7114, Xgboost 
7114, LightGBM 
7114, Caret 
7115,  Scikit-learn 
7118, PyTorch 
7119,  Scikit-learn 
7119, Fast.ai 
7119, Xgboost 
7119, LightGBM 
7119, PyTorch 
7120, Xgboost 
7120, LightGBM 
7120,  Scikit-learn 
7120, CatBoost 
7120, Huggingface 
7121, Keras 
7121,  Scikit-learn 
7121,  TensorFlow 
7123,  Scikit-learn 
7123, PyTorch 
7123, Keras 
7123,  TensorFlow 
7124,  TensorFlow 
7124,  Scikit-learn 
7124, PyTorch 
7125, Xgboost 
7125,  Scikit-learn 
7126, PyTorch 
7126,  TensorFlow 
7126,  Scikit-learn 
7126, Keras 
7127,  TensorFlow 
7127,  Scikit-learn 
7127, Keras 
7127, PyTorch 
7131,  Scikit-learn 
7131, LightGBM 
7131, PyTorch 
7132,  TensorFlow 
7132, Keras 
7133, Keras 
7133, PyTorch 
7133, PyTorch Lightning 
7133,  Scikit-learn 
7133,  TensorFlow 
7134,  Scikit-learn 
7134, Xgboost 
7136,  TensorFlow 
7137,  TensorFlow 
7139, Xgboost 
7139, CatBoost 
7139, LightGBM 
7139,  Scikit-learn 
7141, Keras 
7141,  TensorFlow 
7141,  Scikit-learn 
7141, Xgboost 
7142, PyTorch 
7142,  TensorFlow 
7142,  Scikit-learn 
7142, Keras 
7142, Xgboost 
7144, Xgboost 
7144, PyTorch 
7144, Huggingface 
7144,  Scikit-learn 
7144,  TensorFlow 
7149,  TensorFlow 
7149,  Scikit-learn 
7149, Keras 
7149, PyTorch 
7149, Xgboost 
7150, Keras 
7150,  Scikit-learn 
7150,  TensorFlow 
7151, Keras 
7151,  TensorFlow 
7151,  Scikit-learn 
7152, PyTorch 
7152, Fast.ai 
7152, Keras 
7152,  TensorFlow 
7152,  Scikit-learn 
7153, Xgboost 
7153, CatBoost 
7153, LightGBM 
7153,  Scikit-learn 
7153, PyTorch 
7154, LightGBM 
7154, Fast.ai 
7154, Xgboost 
7154,  Scikit-learn 
7154, PyTorch 
7154, Huggingface 
7157, Keras 
7157,  TensorFlow 
7157, Xgboost 
7157,  Scikit-learn 
7158, Keras 
7158,  TensorFlow 
7158, PyTorch 
7158,  Scikit-learn 
7159,  TensorFlow 
7163,  Scikit-learn 
7163,  TensorFlow 
7168, PyTorch 
7168,  Scikit-learn 
7168, Xgboost 
7168, Huggingface 
7168, Fast.ai 
7168, Keras 
7168,  TensorFlow 
7168, Caret 
7169,  Scikit-learn 
7169, Keras 
7169,  TensorFlow 
7171,  Scikit-learn 
7173,  Scikit-learn 
7174, Caret 
7175,  Scikit-learn 
7176, Xgboost 
7176,  Scikit-learn 
7176, LightGBM 
7177, PyTorch 
7177, Keras 
7177,  TensorFlow 
7177,  Scikit-learn 
7179, LightGBM 
7179,  Scikit-learn 
7184,  Scikit-learn 
7184, Xgboost 
7184,  TensorFlow 
7184, Keras 
7185,  Scikit-learn 
7185,  TensorFlow 
7185, Caret 
7185, Tidymodels 
7188,  Scikit-learn 
7188,  TensorFlow 
7189, Keras 
7189,  Scikit-learn 
7189, PyTorch 
7189,  TensorFlow 
7193,  Scikit-learn 
7193,  TensorFlow 
7193, PyTorch 
7193, Keras 
7194, PyTorch 
7195, Keras 
7195, PyTorch 
7195,  Scikit-learn 
7195,  TensorFlow 
7195, PyTorch Lightning 
7195, Caret 
7195, LightGBM 
7197,  Scikit-learn 
7197, Xgboost 
7197,  TensorFlow 
7197, Keras 
7198, Keras 
7198, PyTorch Lightning 
7198,  Scikit-learn 
7198, PyTorch 
7198,  TensorFlow 
7199,  Scikit-learn 
7199, PyTorch 
7199, Keras 
7199, Huggingface 
7199,  TensorFlow 
7200, Keras 
7200,  TensorFlow 
7200,  Scikit-learn 
7200, PyTorch 
7201,  TensorFlow 
7202,  Scikit-learn 
7202, Xgboost 
7205,  Scikit-learn 
7207,  Scikit-learn 
7207,  TensorFlow 
7207, Keras 
7208, Keras 
7208, CatBoost 
7208, Xgboost 
7208,  TensorFlow 
7208,  Scikit-learn 
7210, Keras 
7210, Xgboost 
7210, LightGBM 
7210,  TensorFlow 
7210,  Scikit-learn 
7211, PyTorch 
7211,  Scikit-learn 
7212, Xgboost 
7212, LightGBM 
7212,  TensorFlow 
7212,  Scikit-learn 
7212, PyTorch 
7212, Keras 
7214, Keras 
7214, Xgboost 
7214,  Scikit-learn 
7214,  TensorFlow 
7215, Keras 
7215,  TensorFlow 
7216,  Scikit-learn 
7217, PyTorch Lightning 
7218, Keras 
7218, Fast.ai 
7218,  Scikit-learn 
7218, PyTorch 
7218,  TensorFlow 
7219, Keras 
7219,  TensorFlow 
7221,  TensorFlow 
7221, Keras 
7221, Xgboost 
7221,  Scikit-learn 
7223, Keras 
7223, Xgboost 
7223,  TensorFlow 
7223,  Scikit-learn 
7224,  Scikit-learn 
7224, Keras 
7224,  TensorFlow 
7225, Keras 
7225,Other
7225,  Scikit-learn 
7225,  TensorFlow 
7226, Keras 
7226,  TensorFlow 
7226,  Scikit-learn 
7227,  TensorFlow 
7227, Xgboost 
7227, Keras 
7227,  Scikit-learn 
7228, Xgboost 
7230,  Scikit-learn 
7231, Xgboost 
7231,  TensorFlow 
7231, Keras 
7231,  Scikit-learn 
7232, PyTorch 
7232, PyTorch Lightning 
7235,  TensorFlow 
7235, PyTorch 
7237,Other
7241,  TensorFlow 
7241, Keras 
7241,  Scikit-learn 
7242,  TensorFlow 
7242, LightGBM 
7242, Xgboost 
7242,  Scikit-learn 
7242, PyTorch 
7244,  Scikit-learn 
7244,  TensorFlow 
7244, PyTorch 
7244, Huggingface 
7249,  Scikit-learn 
7249, PyTorch 
7249, Keras 
7249, PyTorch Lightning 
7252,  TensorFlow 
7252, Keras 
7254,  TensorFlow 
7254,  Scikit-learn 
7257,Other
7259, Xgboost 
7259, Keras 
7259,  Scikit-learn 
7259,  TensorFlow 
7262,  Scikit-learn 
7264,  Scikit-learn 
7265,Other
7266,  Scikit-learn 
7266, Keras 
7266,  TensorFlow 
7267,  Scikit-learn 
7267, Keras 
7267, LightGBM 
7267,  TensorFlow 
7267, PyTorch 
7268, LightGBM 
7268, Keras 
7268, Caret 
7268, Xgboost 
7268,  Scikit-learn 
7268,  TensorFlow 
7271, Keras 
7271, Xgboost 
7271,  TensorFlow 
7271, PyTorch 
7271, Huggingface 
7271, CatBoost 
7271,  Scikit-learn 
7272, Xgboost 
7272, LightGBM 
7272,  Scikit-learn 
7273,  TensorFlow 
7273,  Scikit-learn 
7273, Keras 
7274,  TensorFlow 
7274,  Scikit-learn 
7275,  Scikit-learn 
7281,  Scikit-learn 
7284,  Scikit-learn 
7285,  Scikit-learn 
7287,  Scikit-learn 
7287, PyTorch 
7287, Fast.ai 
7287, Keras 
7288,  Scikit-learn 
7289, Keras 
7289,  TensorFlow 
7289,  Scikit-learn 
7293,Other
7294, Caret 
7296, PyTorch 
7297,  TensorFlow 
7297, LightGBM 
7297,  Scikit-learn 
7297, Xgboost 
7299, Keras 
7299,  TensorFlow 
7299,  Scikit-learn 
7305, PyTorch 
7305,  Scikit-learn 
7305,  TensorFlow 
7307, Keras 
7307,  Scikit-learn 
7307,  TensorFlow 
7307, Huggingface 
7307,Other
7308,  TensorFlow 
7308, Xgboost 
7308,  Scikit-learn 
7308, Huggingface 
7308, Keras 
7311,  TensorFlow 
7311, PyTorch 
7311, Keras 
7312, Keras 
7312,  TensorFlow 
7312,  Scikit-learn 
7312, Xgboost 
7313,  Scikit-learn 
7313,  TensorFlow 
7313, Xgboost 
7314, Xgboost 
7314,  TensorFlow 
7314, PyTorch 
7314, Keras 
7315, LightGBM 
7315, Xgboost 
7315,  TensorFlow 
7315,  Scikit-learn 
7317, PyTorch 
7317,  TensorFlow 
7317,  Scikit-learn 
7317, Keras 
7320, PyTorch 
7320, Xgboost 
7321, PyTorch 
7321, Xgboost 
7321,  Scikit-learn 
7321,  TensorFlow 
7321, Keras 
7321, CatBoost 
7323,Other
7325,  Scikit-learn 
7326,  TensorFlow 
7327,  Scikit-learn 
7328,  Scikit-learn 
7329,  TensorFlow 
7329, PyTorch 
7331, Keras 
7331,  TensorFlow 
7331,  Scikit-learn 
7332, Xgboost 
7332, Caret 
7334, Xgboost 
7334,  Scikit-learn 
7336,  TensorFlow 
7336,  Scikit-learn 
7336, Keras 
7336, PyTorch 
7337,  Scikit-learn 
7338, Keras 
7338, CatBoost 
7338, Xgboost 
7338,  Scikit-learn 
7338,  TensorFlow 
7340, Keras 
7340, PyTorch 
7340,  TensorFlow 
7343, LightGBM 
7343, PyTorch 
7343,  Scikit-learn 
7343, Xgboost 
7345,  Scikit-learn 
7347,  Scikit-learn 
7348,  TensorFlow 
7348,  Scikit-learn 
7349, Xgboost 
7349, PyTorch 
7349, Keras 
7349,  Scikit-learn 
7349,  TensorFlow 
7349, LightGBM 
7350,  TensorFlow 
7350,Other
7350,  Scikit-learn 
7350, Keras 
7351, Keras 
7351,  TensorFlow 
7351, PyTorch 
7351,  Scikit-learn 
7353,  Scikit-learn 
7353, Keras 
7353,  TensorFlow 
7355,  TensorFlow 
7355, Huggingface 
7355,  Scikit-learn 
7355, Keras 
7356,  Scikit-learn 
7356,  TensorFlow 
7357, PyTorch 
7357,  TensorFlow 
7357,  Scikit-learn 
7357, CatBoost 
7357, Keras 
7359, Keras 
7359, PyTorch 
7359,  Scikit-learn 
7359,  TensorFlow 
7362,  Scikit-learn 
7362, Keras 
7362,  TensorFlow 
7363, Xgboost 
7363,  Scikit-learn 
7366,  Scikit-learn 
7367,  TensorFlow 
7369,  Scikit-learn 
7375, LightGBM 
7375, PyTorch 
7375, Xgboost 
7375,  Scikit-learn 
7375, Keras 
7376, Keras 
7376,  Scikit-learn 
7377,Other
7377,  TensorFlow 
7379,  Scikit-learn 
7379, Keras 
7379, PyTorch 
7379,  TensorFlow 
7379, Xgboost 
7380,  Scikit-learn 
7380, Keras 
7380,Other
7380,  TensorFlow 
7380, Xgboost 
7381, Xgboost 
7381,  Scikit-learn 
7381, Keras 
7382, Keras 
7382, PyTorch 
7382,  Scikit-learn 
7382,  TensorFlow 
7384,  TensorFlow 
7384, PyTorch 
7385, PyTorch 
7385,  Scikit-learn 
7386,  Scikit-learn 
7389, PyTorch 
7389,  Scikit-learn 
7390,  Scikit-learn 
7390, PyTorch 
7391,  TensorFlow 
7391,  Scikit-learn 
7391, Keras 
7392,  TensorFlow 
7392, Keras 
7393, PyTorch 
7393, Keras 
7393, Huggingface 
7393,  Scikit-learn 
7393, Xgboost 
7393,  TensorFlow 
7395,  Scikit-learn 
7395, Keras 
7396,  TensorFlow 
7396, Caret 
7396, CatBoost 
7396,  Scikit-learn 
7396, Huggingface 
7396, PyTorch 
7396, Xgboost 
7398,  Scikit-learn 
7398, PyTorch 
7399,  Scikit-learn 
7399,  TensorFlow 
7399, PyTorch 
7400, PyTorch Lightning 
7401, Xgboost 
7401,  Scikit-learn 
7401, Keras 
7403,Other
7404,Other
7404, Xgboost 
7404,  Scikit-learn 
7404,  TensorFlow 
7404, Keras 
7405,  Scikit-learn 
7405, Keras 
7405,  TensorFlow 
7406,  Scikit-learn 
7412, Huggingface 
7412,  Scikit-learn 
7412, LightGBM 
7412, PyTorch Lightning 
7412, PyTorch 
7413, Xgboost 
7413, LightGBM 
7413,  Scikit-learn 
7416,  TensorFlow 
7416, Keras 
7416,  Scikit-learn 
7417, PyTorch 
7417, Keras 
7417,  Scikit-learn 
7417,  TensorFlow 
7418,  Scikit-learn 
7419, Keras 
7419,  TensorFlow 
7419,  Scikit-learn 
7421,Other
7421,  Scikit-learn 
7421, PyTorch 
7422,  Scikit-learn 
7422,  TensorFlow 
7422, Keras 
7422, Xgboost 
7423, PyTorch 
7423,  TensorFlow 
7423, Keras 
7423,  Scikit-learn 
7424,  Scikit-learn 
7424,  TensorFlow 
7424, Keras 
7427, Xgboost 
7427,  Scikit-learn 
7428, Keras 
7428, PyTorch 
7428,  TensorFlow 
7428, Xgboost 
7428,  Scikit-learn 
7429, PyTorch 
7431,  Scikit-learn 
7431, PyTorch 
7432,  TensorFlow 
7432, PyTorch 
7432,  Scikit-learn 
7433, PyTorch Lightning 
7433,  Scikit-learn 
7433, Huggingface 
7433, Keras 
7433, Xgboost 
7433, Fast.ai 
7433, PyTorch 
7433,  TensorFlow 
7433, JAX 
7434, LightGBM 
7434, Xgboost 
7434,  Scikit-learn 
7434, PyTorch 
7434, Huggingface 
7435, Xgboost 
7435,  Scikit-learn 
7435, CatBoost 
7436,  TensorFlow 
7436,  Scikit-learn 
7436, Keras 
7437, Xgboost 
7437,  Scikit-learn 
7437, Keras 
7437,  TensorFlow 
7438,  Scikit-learn 
7438, Xgboost 
7439,  Scikit-learn 
7439,  TensorFlow 
7440, PyTorch 
7440, Huggingface 
7440,  Scikit-learn 
7440, LightGBM 
7441,  Scikit-learn 
7442, PyTorch 
7442,  TensorFlow 
7442, Huggingface 
7442,  Scikit-learn 
7442, Keras 
7442, Fast.ai 
7442, CatBoost 
7442, Xgboost 
7444, Fast.ai 
7444, Keras 
7444, Huggingface 
7444, PyTorch Lightning 
7444, PyTorch 
7444, LightGBM 
7444,  Scikit-learn 
7444, CatBoost 
7444, Xgboost 
7445,  Scikit-learn 
7447,  Scikit-learn 
7448,  Scikit-learn 
7449,  Scikit-learn 
7449, Caret 
7449, Keras 
7450,  Scikit-learn 
7452, LightGBM 
7452, JAX 
7453,  Scikit-learn 
7455, Keras 
7455, PyTorch 
7455,  Scikit-learn 
7455,  TensorFlow 
7456, Keras 
7456,  TensorFlow 
7457, LightGBM 
7457,  Scikit-learn 
7457, Xgboost 
7457, CatBoost 
7460, Keras 
7460, Fast.ai 
7460, Huggingface 
7460, PyTorch 
7460,  TensorFlow 
7460,  Scikit-learn 
7460, PyTorch Lightning 
7462, Caret 
7465, Keras 
7465,  Scikit-learn 
7465, Xgboost 
7465,  TensorFlow 
7466,  TensorFlow 
7466,  Scikit-learn 
7466, Keras 
7467, Xgboost 
7467, PyTorch 
7467,  TensorFlow 
7467,  Scikit-learn 
7469,  Scikit-learn 
7469, Keras 
7469, LightGBM 
7469, Xgboost 
7469,  TensorFlow 
7469, CatBoost 
7470,  Scikit-learn 
7471,  TensorFlow 
7471,  Scikit-learn 
7471, Keras 
7471, PyTorch 
7472, Keras 
7472, PyTorch 
7472,  TensorFlow 
7473,  Scikit-learn 
7474,  Scikit-learn 
7474,  TensorFlow 
7475,  TensorFlow 
7475, Keras 
7475,  Scikit-learn 
7477,  TensorFlow 
7477, PyTorch 
7478, Xgboost 
7478,  Scikit-learn 
7479, Caret 
7482,  Scikit-learn 
7482, Xgboost 
7482, CatBoost 
7484, Keras 
7486, PyTorch 
7486,  TensorFlow 
7486, Keras 
7488,  Scikit-learn 
7488, Keras 
7489, Caret 
7492,  Scikit-learn 
7493, Keras 
7493,  TensorFlow 
7493,Other
7494, PyTorch 
7494,  Scikit-learn 
7494,  TensorFlow 
7495, Keras 
7495,  TensorFlow 
7495, PyTorch 
7496,  Scikit-learn 
7498, Xgboost 
7498, CatBoost 
7499,  Scikit-learn 
7500, Keras 
7500, PyTorch 
7501, Tidymodels 
7501, Keras 
7501,  Scikit-learn 
7501, Caret 
7501, CatBoost 
7502,  Scikit-learn 
7504,  TensorFlow 
7504, Keras 
7504,  Scikit-learn 
7505,  TensorFlow 
7505, Keras 
7505,  Scikit-learn 
7506, PyTorch Lightning 
7506, Keras 
7506, Xgboost 
7506, PyTorch 
7506,  Scikit-learn 
7506, LightGBM 
7507, PyTorch 
7507,  Scikit-learn 
7507, Caret 
7507,  TensorFlow 
7507, Keras 
7512,  Scikit-learn 
7512, Keras 
7513, Xgboost 
7513, Keras 
7513,  Scikit-learn 
7513, LightGBM 
7514,  Scikit-learn 
7514,  TensorFlow 
7514, PyTorch 
7514, Keras 
7515, PyTorch 
7515, Fast.ai 
7515, Keras 
7515,  Scikit-learn 
7515,  TensorFlow 
7515, LightGBM 
7515, Xgboost 
7515, Huggingface 
7515, PyTorch Lightning 
7517, Keras 
7517,  TensorFlow 
7517,  Scikit-learn 
7517, PyTorch 
7518, CatBoost 
7518,  Scikit-learn 
7520, PyTorch 
7520,  Scikit-learn 
7521, Keras 
7521,  TensorFlow 
7521,  Scikit-learn 
7521, Caret 
7521, PyTorch 
7522, Xgboost 
7522,  Scikit-learn 
7526,  Scikit-learn 
7526, Xgboost 
7527, Keras 
7527,  Scikit-learn 
7529,  Scikit-learn 
7529,  TensorFlow 
7530,  Scikit-learn 
7531, PyTorch 
7531,  TensorFlow 
7531, Huggingface 
7531,  Scikit-learn 
7531, Keras 
7533,  Scikit-learn 
7533, PyTorch 
7534, Keras 
7534,  Scikit-learn 
7534, PyTorch 
7534, Xgboost 
7534,  TensorFlow 
7536,  TensorFlow 
7538, Xgboost 
7538, Caret 
7539,  TensorFlow 
7539, Keras 
7543, Keras 
7543, Caret 
7543,  Scikit-learn 
7543,  TensorFlow 
7545, Tidymodels 
7545,  Scikit-learn 
7545, Caret 
7545, Keras 
7546, Caret 
7546,  Scikit-learn 
7546, CatBoost 
7546, Xgboost 
7548,  Scikit-learn 
7549,  Scikit-learn 
7552,  Scikit-learn 
7552,  TensorFlow 
7552, Xgboost 
7554, Caret 
7558,  TensorFlow 
7558,  Scikit-learn 
7558, Xgboost 
7561,  Scikit-learn 
7562, Keras 
7562,  TensorFlow 
7562, Huggingface 
7562, PyTorch 
7562, Xgboost 
7562,  Scikit-learn 
7567,  TensorFlow 
7567,  Scikit-learn 
7568,  Scikit-learn 
7568, Xgboost 
7570,  TensorFlow 
7570,  Scikit-learn 
7570, Keras 
7570, PyTorch 
7571, Xgboost 
7571,  Scikit-learn 
7574,Other
7575,  Scikit-learn 
7578,  Scikit-learn 
7579,  TensorFlow 
7579,  Scikit-learn 
7579, Xgboost 
7579, CatBoost 
7579, Keras 
7579, LightGBM 
7580,  Scikit-learn 
7580, Keras 
7580,  TensorFlow 
7581,  TensorFlow 
7581, Keras 
7583,  Scikit-learn 
7583, Keras 
7583, PyTorch 
7583,  TensorFlow 
7584, PyTorch 
7584,  Scikit-learn 
7584, Huggingface 
7584, LightGBM 
7585,  Scikit-learn 
7585, Keras 
7585,  TensorFlow 
7586,Other
7589,  Scikit-learn 
7590,  Scikit-learn 
7590, Xgboost 
7592,  TensorFlow 
7592,  Scikit-learn 
7593,  Scikit-learn 
7593, PyTorch 
7594, Xgboost 
7594, LightGBM 
7594,  Scikit-learn 
7596,  Scikit-learn 
7596,  TensorFlow 
7596, Keras 
7598,  Scikit-learn 
7599, PyTorch 
7599,  TensorFlow 
7599,  Scikit-learn 
7599, Huggingface 
7599, Xgboost 
7599, Keras 
7599, PyTorch Lightning 
7600, Xgboost 
7600,  TensorFlow 
7600, PyTorch 
7603, Huggingface 
7603,  TensorFlow 
7603, PyTorch Lightning 
7603, Xgboost 
7603, PyTorch 
7603, LightGBM 
7603,  Scikit-learn 
7604,  Scikit-learn 
7605, Keras 
7605,  TensorFlow 
7605,  Scikit-learn 
7607, Keras 
7607, PyTorch 
7607,  TensorFlow 
7610,  Scikit-learn 
7611, CatBoost 
7611,  Scikit-learn 
7611, Xgboost 
7611, Tidymodels 
7611, Caret 
7611, LightGBM 
7611, Huggingface 
7613,  Scikit-learn 
7614,  Scikit-learn 
7614, PyTorch 
7614,  TensorFlow 
7614, Keras 
7614, Xgboost 
7616,Other
7618,  Scikit-learn 
7618, Xgboost 
7620,  TensorFlow 
7620,  Scikit-learn 
7624,  TensorFlow 
7624, Keras 
7624,  Scikit-learn 
7624, PyTorch 
7626,  Scikit-learn 
7627,  Scikit-learn 
7627,Other
7628,  TensorFlow 
7628, Keras 
7629, Keras 
7629,  Scikit-learn 
7629,  TensorFlow 
7630,  Scikit-learn 
7631,  Scikit-learn 
7640, PyTorch 
7640,  Scikit-learn 
7643,  Scikit-learn 
7643, Keras 
7643, PyTorch 
7643,  TensorFlow 
7646, PyTorch 
7646,  Scikit-learn 
7649,  Scikit-learn 
7652,  TensorFlow 
7653, PyTorch 
7653,  Scikit-learn 
7653, Keras 
7653,  TensorFlow 
7654,  TensorFlow 
7655,Other
7658, LightGBM 
7658, PyTorch 
7659, Xgboost 
7659,  Scikit-learn 
7659, CatBoost 
7660, JAX 
7662, PyTorch 
7662,  TensorFlow 
7663, CatBoost 
7663, Xgboost 
7663,  Scikit-learn 
7663, LightGBM 
7664, Caret 
7664,  TensorFlow 
7664, Xgboost 
7664,  Scikit-learn 
7666,Other
7667, Xgboost 
7667, Keras 
7667, Caret 
7667, Tidymodels 
7668,  Scikit-learn 
7669,  Scikit-learn 
7669, Keras 
7670,  Scikit-learn 
7671, Keras 
7671,  TensorFlow 
7671, Huggingface 
7671,  Scikit-learn 
7674,  TensorFlow 
7674,  Scikit-learn 
7675,  Scikit-learn 
7675,  TensorFlow 
7676,  TensorFlow 
7676, LightGBM 
7676,  Scikit-learn 
7676, Xgboost 
7678, Fast.ai 
7678,  TensorFlow 
7678, Keras 
7678, LightGBM 
7678, PyTorch 
7678,  Scikit-learn 
7678, Xgboost 
7679, Keras 
7679,  Scikit-learn 
7679,  TensorFlow 
7680,  Scikit-learn 
7681, Caret 
7681,  Scikit-learn 
7681, Xgboost 
7682,  Scikit-learn 
7685,  Scikit-learn 
7685, LightGBM 
7685,  TensorFlow 
7685, Xgboost 
7687,  Scikit-learn 
7688,  Scikit-learn 
7688, LightGBM 
7688, Keras 
7688,  TensorFlow 
7688, Xgboost 
7690, PyTorch 
7690,  Scikit-learn 
7690, LightGBM 
7690, CatBoost 
7690, Keras 
7690, Xgboost 
7690,  TensorFlow 
7691,  Scikit-learn 
7692, PyTorch Lightning 
7692,  Scikit-learn 
7692, Huggingface 
7692, Xgboost 
7692, PyTorch 
7692, Fast.ai 
7693, PyTorch 
7693, Keras 
7693, Huggingface 
7693,  Scikit-learn 
7693, Xgboost 
7693,  TensorFlow 
7694,  Scikit-learn 
7695, PyTorch 
7696,  TensorFlow 
7696, Xgboost 
7696, Keras 
7696, PyTorch 
7696, LightGBM 
7696,  Scikit-learn 
7698, LightGBM 
7698,  Scikit-learn 
7698, Xgboost 
7698, PyTorch 
7698, PyTorch Lightning 
7698, Fast.ai 
7698, CatBoost 
7698, Huggingface 
7699,  Scikit-learn 
7699, PyTorch 
7700, Keras 
7700,  TensorFlow 
7700, PyTorch 
7700,  Scikit-learn 
7701,  Scikit-learn 
7702,  TensorFlow 
7702,  Scikit-learn 
7702, Keras 
7702, PyTorch 
7703, Xgboost 
7703,  Scikit-learn 
7703, Keras 
7703, PyTorch 
7703,  TensorFlow 
7707,  Scikit-learn 
7709, Xgboost 
7710, Huggingface 
7710,  Scikit-learn 
7711,  Scikit-learn 
7711, PyTorch Lightning 
7711,  TensorFlow 
7713, PyTorch 
7713, LightGBM 
7713,  TensorFlow 
7713,  Scikit-learn 
7715,  TensorFlow 
7715, PyTorch 
7716, Xgboost 
7716, LightGBM 
7716, PyTorch 
7716,  Scikit-learn 
7717,  TensorFlow 
7717,  Scikit-learn 
7717, Keras 
7717, Xgboost 
7719,  Scikit-learn 
7720,  Scikit-learn 
7720, Keras 
7724, PyTorch 
7724, PyTorch Lightning 
7724,  Scikit-learn 
7725, PyTorch 
7725, Keras 
7725,  Scikit-learn 
7725,  TensorFlow 
7726, Fast.ai 
7726,  TensorFlow 
7726, PyTorch 
7728,  Scikit-learn 
7728,  TensorFlow 
7728, Fast.ai 
7728, Keras 
7728, Xgboost 
7733,  Scikit-learn 
7734,  TensorFlow 
7736,  Scikit-learn 
7737, Keras 
7737,  TensorFlow 
7738,  Scikit-learn 
7738,  TensorFlow 
7738, Keras 
7740, PyTorch 
7740,  Scikit-learn 
7740,  TensorFlow 
7740, Keras 
7741, CatBoost 
7741,  Scikit-learn 
7741, LightGBM 
7741, Xgboost 
7743, PyTorch 
7743,  Scikit-learn 
7743, Keras 
7743,  TensorFlow 
7746,  Scikit-learn 
7746, Xgboost 
7746, Keras 
7746,  TensorFlow 
7749,  Scikit-learn 
7749, LightGBM 
7749, Xgboost 
7750,  Scikit-learn 
7750, LightGBM 
7751,  Scikit-learn 
7751, PyTorch 
7751, LightGBM 
7751, Xgboost 
7752, Tidymodels 
7752,  TensorFlow 
7752,  Scikit-learn 
7755, PyTorch 
7755,  Scikit-learn 
7756, Fast.ai 
7756, Huggingface 
7756, PyTorch 
7756, Keras 
7756,  Scikit-learn 
7756,  TensorFlow 
7758,  Scikit-learn 
7760, Fast.ai 
7760,Other
7763,  Scikit-learn 
7763, Keras 
7763,  TensorFlow 
7765,  TensorFlow 
7765, LightGBM 
7765, Keras 
7765, PyTorch 
7765,  Scikit-learn 
7765, Xgboost 
7765, Huggingface 
7767, PyTorch 
7768,  Scikit-learn 
7768,  TensorFlow 
7771, Keras 
7771, PyTorch 
7771,  TensorFlow 
7773,  Scikit-learn 
7773, Xgboost 
7774, PyTorch 
7774, Xgboost 
7774,  Scikit-learn 
7774,  TensorFlow 
7774, Keras 
7776,Other
7777, Keras 
7777,  TensorFlow 
7778, Xgboost 
7778, PyTorch 
7778, CatBoost 
7778, LightGBM 
7778,  TensorFlow 
7778,  Scikit-learn 
7778, Keras 
7779, PyTorch 
7780, PyTorch 
7780,  Scikit-learn 
7780,  TensorFlow 
7780, Keras 
7783,  TensorFlow 
7784,  Scikit-learn 
7785,  Scikit-learn 
7787, Keras 
7787, PyTorch 
7787,  Scikit-learn 
7787, PyTorch Lightning 
7787,  TensorFlow 
7788, Xgboost 
7788, Tidymodels 
7788,  Scikit-learn 
7790, Keras 
7790, PyTorch 
7790,  TensorFlow 
7790,  Scikit-learn 
7791,  Scikit-learn 
7791,Other
7791, Xgboost 
7794,  TensorFlow 
7794, Keras 
7796,  TensorFlow 
7796, Keras 
7796, PyTorch 
7800, Keras 
7800,  Scikit-learn 
7804, PyTorch 
7804,  Scikit-learn 
7804, Xgboost 
7804,  TensorFlow 
7805, Caret 
7805, Xgboost 
7805, Keras 
7805,  Scikit-learn 
7808, Xgboost 
7808,  Scikit-learn 
7809, Keras 
7809,  Scikit-learn 
7809,  TensorFlow 
7810,  Scikit-learn 
7811,  Scikit-learn 
7811, Keras 
7811,  TensorFlow 
7811, LightGBM 
7811, Xgboost 
7812,  Scikit-learn 
7813,  Scikit-learn 
7813, PyTorch Lightning 
7815, PyTorch 
7815,  TensorFlow 
7815,  Scikit-learn 
7819,  Scikit-learn 
7819,  TensorFlow 
7820,  TensorFlow 
7820, PyTorch 
7820, Keras 
7820,  Scikit-learn 
7821,  Scikit-learn 
7822,  Scikit-learn 
7822,  TensorFlow 
7822, PyTorch 
7822, Keras 
7824, Xgboost 
7825, Keras 
7825,  Scikit-learn 
7825,  TensorFlow 
7825, Xgboost 
7827,  Scikit-learn 
7827, Keras 
7827, Huggingface 
7827, PyTorch 
7827,  TensorFlow 
7828, PyTorch 
7828, CatBoost 
7828,  TensorFlow 
7828,  Scikit-learn 
7828, LightGBM 
7828, Xgboost 
7828, Keras 
7828, Huggingface 
7829,  TensorFlow 
7829,  Scikit-learn 
7830,  TensorFlow 
7830,  Scikit-learn 
7830, PyTorch Lightning 
7830, PyTorch 
7831, PyTorch 
7831, Keras 
7831,  Scikit-learn 
7831, PyTorch Lightning 
7832,  Scikit-learn 
7832,  TensorFlow 
7833, Xgboost 
7833,  Scikit-learn 
7834,  TensorFlow 
7834, Keras 
7834,  Scikit-learn 
7837,  TensorFlow 
7837,  Scikit-learn 
7839,  TensorFlow 
7839,  Scikit-learn 
7839, Keras 
7840, PyTorch 
7840,  Scikit-learn 
7841,  TensorFlow 
7841,  Scikit-learn 
7841, Xgboost 
7841, PyTorch 
7841, Keras 
7844, PyTorch 
7844,  Scikit-learn 
7845,  Scikit-learn 
7845,  TensorFlow 
7845, Xgboost 
7845, LightGBM 
7848,  Scikit-learn 
7849, PyTorch Lightning 
7849, Huggingface 
7849, Keras 
7849, PyTorch 
7849,Other
7849,  Scikit-learn 
7849,  TensorFlow 
7850, CatBoost 
7850,  TensorFlow 
7850, Keras 
7850, PyTorch Lightning 
7850, Xgboost 
7850, JAX 
7850,  Scikit-learn 
7850, PyTorch 
7851, Keras 
7852,  Scikit-learn 
7853, Xgboost 
7853,  Scikit-learn 
7853, PyTorch 
7854, Tidymodels 
7856, Caret 
7856,  Scikit-learn 
7856, Xgboost 
7856,Other
7856, LightGBM 
7857, CatBoost 
7857,  TensorFlow 
7857, Xgboost 
7857,  Scikit-learn 
7857, Keras 
7858, PyTorch Lightning 
7858, PyTorch 
7858, Keras 
7860,  Scikit-learn 
7860,  TensorFlow 
7861,  TensorFlow 
7861, Keras 
7861,  Scikit-learn 
7865,  Scikit-learn 
7867,  Scikit-learn 
7867,  TensorFlow 
7867, Keras 
7869, Keras 
7870,  Scikit-learn 
7870,  TensorFlow 
7870, Keras 
7876,Other
7877,  Scikit-learn 
7877, Keras 
7878,  TensorFlow 
7878, Keras 
7878,  Scikit-learn 
7879, Xgboost 
7879,  TensorFlow 
7879, Keras 
7879,  Scikit-learn 
7881, Keras 
7881, Xgboost 
7881,  Scikit-learn 
7881, PyTorch Lightning 
7881,  TensorFlow 
7883,  TensorFlow 
7883, LightGBM 
7883, Caret 
7883, Keras 
7883,  Scikit-learn 
7883, Xgboost 
7885, PyTorch Lightning 
7885, PyTorch 
7885, CatBoost 
7885,  TensorFlow 
7885, Keras 
7885,  Scikit-learn 
7886,  Scikit-learn 
7886, Keras 
7886,  TensorFlow 
7890,  Scikit-learn 
7891, Xgboost 
7891,  TensorFlow 
7891,  Scikit-learn 
7891, Keras 
7893,Other
7897,  TensorFlow 
7897, Keras 
7897,  Scikit-learn 
7898, PyTorch Lightning 
7898,  Scikit-learn 
7898, Keras 
7898,  TensorFlow 
7899, CatBoost 
7899, PyTorch 
7899,  Scikit-learn 
7899, LightGBM 
7903,  Scikit-learn 
7906,  TensorFlow 
7906, Fast.ai 
7906, Caret 
7906, JAX 
7906, Tidymodels 
7906,  Scikit-learn 
7906, PyTorch Lightning 
7906, PyTorch 
7906, Keras 
7907,  TensorFlow 
7907, Keras 
7907,  Scikit-learn 
7908,  Scikit-learn 
7909, Keras 
7909,  TensorFlow 
7909, Caret 
7909, Xgboost 
7909,  Scikit-learn 
7910,  Scikit-learn 
7910, Keras 
7910,  TensorFlow 
7911, Keras 
7911,  Scikit-learn 
7911, PyTorch 
7911, Xgboost 
7911,  TensorFlow 
7912,  Scikit-learn 
7913,  Scikit-learn 
7913,  TensorFlow 
7913, Keras 
7914, PyTorch 
7914, Keras 
7914,  TensorFlow 
7914,  Scikit-learn 
7915,  TensorFlow 
7915,  Scikit-learn 
7915, PyTorch 
7916, Fast.ai 
7916,  TensorFlow 
7916,  Scikit-learn 
7916, Keras 
7916, PyTorch 
7916, Xgboost 
7918,  Scikit-learn 
7919, PyTorch 
7919,  TensorFlow 
7919, Keras 
7920,  Scikit-learn 
7920, PyTorch 
7921, Caret 
7921,  Scikit-learn 
7922, JAX 
7922, PyTorch 
7922, PyTorch Lightning 
7922, Huggingface 
7922,  Scikit-learn 
7925,  Scikit-learn 
7925, PyTorch Lightning 
7925, Keras 
7925, PyTorch 
7925, Xgboost 
7926,Other
7927, PyTorch 
7927, Huggingface 
7927,  TensorFlow 
7927, CatBoost 
7927, LightGBM 
7927, Xgboost 
7927,  Scikit-learn 
7928, CatBoost 
7929,  TensorFlow 
7930, Caret 
7933,  Scikit-learn 
7933, Keras 
7933,  TensorFlow 
7933, PyTorch 
7933, PyTorch Lightning 
7934,Other
7935,  Scikit-learn 
7935,  TensorFlow 
7937,  TensorFlow 
7937, Keras 
7938, Huggingface 
7938, PyTorch 
7938,  Scikit-learn 
7938, Keras 
7938,  TensorFlow 
7940,  Scikit-learn 
7940,  TensorFlow 
7940, Keras 
7940, PyTorch 
7941,  Scikit-learn 
7944, Keras 
7944,  TensorFlow 
7944,  Scikit-learn 
7945, Xgboost 
7945, Keras 
7945,  TensorFlow 
7945,  Scikit-learn 
7947,  TensorFlow 
7948,  Scikit-learn 
7948, Keras 
7948,  TensorFlow 
7950,  TensorFlow 
7950, Huggingface 
7950, PyTorch 
7950, Keras 
7950,  Scikit-learn 
7952, PyTorch Lightning 
7952, LightGBM 
7952, Fast.ai 
7953, Xgboost 
7953,  TensorFlow 
7953, JAX 
7953,  Scikit-learn 
7953, Keras 
7955,  TensorFlow 
7955, PyTorch 
7956,  TensorFlow 
7956,  Scikit-learn 
7956, PyTorch 
7957,  TensorFlow 
7957,  Scikit-learn 
7957, PyTorch 
7958,  Scikit-learn 
7958, Keras 
7959,  Scikit-learn 
7959,  TensorFlow 
7959, PyTorch 
7959, Keras 
7961,  TensorFlow 
7961, Xgboost 
7961, LightGBM 
7961,  Scikit-learn 
7961, Keras 
7961, Caret 
7963, Caret 
7963, Tidymodels 
7963,  Scikit-learn 
7964,  Scikit-learn 
7964, PyTorch 
7969, PyTorch 
7972, PyTorch 
7972, PyTorch Lightning 
7973,  TensorFlow 
7973, Xgboost 
7973,  Scikit-learn 
7974,  Scikit-learn 
7974,  TensorFlow 
7974, PyTorch 
7975, PyTorch 
7976, Keras 
7976,  Scikit-learn 
7976,  TensorFlow 
7977, Xgboost 
7977,  Scikit-learn 
7979, PyTorch 
7980,  TensorFlow 
7985, Xgboost 
7985,  Scikit-learn 
7987, PyTorch 
7989,  TensorFlow 
7989, Keras 
7989, PyTorch 
7991, LightGBM 
7991,  Scikit-learn 
7991, Xgboost 
7991, PyTorch 
7991, PyTorch Lightning 
7994,  TensorFlow 
7994, Keras 
7995,  Scikit-learn 
7998,Other
8001, Keras 
8001,  TensorFlow 
8002, Xgboost 
8002,  Scikit-learn 
8002,  TensorFlow 
8002, Keras 
8004, Keras 
8004,  TensorFlow 
8004,  Scikit-learn 
8004, Xgboost 
8004,Other
8004, PyTorch 
8004, Huggingface 
8006, PyTorch 
8007, PyTorch 
8007, Fast.ai 
8007,  Scikit-learn 
8009,  Scikit-learn 
8011,  Scikit-learn 
8011,  TensorFlow 
8011, Keras 
8012, Keras 
8012,  Scikit-learn 
8013, PyTorch 
8013,  TensorFlow 
8014,  TensorFlow 
8014, Xgboost 
8014,  Scikit-learn 
8014, Keras 
8016, Xgboost 
8016, LightGBM 
8016,  TensorFlow 
8016,  Scikit-learn 
8017,  Scikit-learn 
8018, Fast.ai 
8018,  Scikit-learn 
8018, PyTorch 
8019, PyTorch 
8019, Keras 
8019, LightGBM 
8019,  TensorFlow 
8019, Xgboost 
8019,  Scikit-learn 
8022, PyTorch 
8022,  TensorFlow 
8022, Keras 
8022,  Scikit-learn 
8025, Huggingface 
8025, Keras 
8025,  Scikit-learn 
8025, Xgboost 
8025, LightGBM 
8025,  TensorFlow 
8025, CatBoost 
8027,  TensorFlow 
8027,  Scikit-learn 
8028, Keras 
8028,  Scikit-learn 
8028, Xgboost 
8028, Huggingface 
8028, LightGBM 
8028, PyTorch 
8028, PyTorch Lightning 
8028,  TensorFlow 
8028, CatBoost 
8029, Caret 
8029,  Scikit-learn 
8030,  Scikit-learn 
8030, Xgboost 
8032, PyTorch 
8032, Huggingface 
8032, Xgboost 
8032,  Scikit-learn 
8032, LightGBM 
8032, Keras 
8034,  Scikit-learn 
8034, LightGBM 
8034, CatBoost 
8034, Fast.ai 
8034,  TensorFlow 
8034, PyTorch 
8034, Xgboost 
8034, Keras 
8036,  Scikit-learn 
8036, PyTorch 
8036, Keras 
8038,  TensorFlow 
8038, Xgboost 
8038, Keras 
8038,  Scikit-learn 
8039,  Scikit-learn 
8039, Huggingface 
8039, PyTorch 
8040, PyTorch 
8040, Keras 
8040, Fast.ai 
8040, Huggingface 
8040,  TensorFlow 
8040,  Scikit-learn 
8041,  TensorFlow 
8041,  Scikit-learn 
8043, Keras 
8043,  Scikit-learn 
8043,  TensorFlow 
8046, PyTorch 
8048, Caret 
8048, Xgboost 
8048,  Scikit-learn 
8048, Keras 
8048, PyTorch 
8048,  TensorFlow 
8049, Keras 
8049,  TensorFlow 
8049,  Scikit-learn 
8050, PyTorch 
8050,  Scikit-learn 
8052,  TensorFlow 
8052, Keras 
8054, Xgboost 
8054, Huggingface 
8054, PyTorch 
8056, PyTorch 
8056,  TensorFlow 
8056, Keras 
8059, PyTorch 
8059,  Scikit-learn 
8059, Keras 
8060,  Scikit-learn 
8060,  TensorFlow 
8060, Keras 
8061,  TensorFlow 
8061, Fast.ai 
8061, PyTorch 
8061,  Scikit-learn 
8062,  Scikit-learn 
8063, Keras 
8063,  Scikit-learn 
8063,  TensorFlow 
8065, Xgboost 
8065,  TensorFlow 
8065,  Scikit-learn 
8066,  Scikit-learn 
8068, Keras 
8068,  Scikit-learn 
8068,  TensorFlow 
8069,  Scikit-learn 
8069,  TensorFlow 
8069, Xgboost 
8069, PyTorch 
8070,  Scikit-learn 
8071,  TensorFlow 
8071,  Scikit-learn 
8071, Keras 
8074, PyTorch 
8080,  Scikit-learn 
8081,Other
8082, PyTorch 
8082, LightGBM 
8082,  TensorFlow 
8084,  Scikit-learn 
8084, Keras 
8084,  TensorFlow 
8085,  TensorFlow 
8085, CatBoost 
8085, Huggingface 
8085, Keras 
8085,  Scikit-learn 
8085, PyTorch Lightning 
8085, Xgboost 
8085, LightGBM 
8085, PyTorch 
8087, Keras 
8087,  TensorFlow 
8087,  Scikit-learn 
8088, PyTorch 
8089,  Scikit-learn 
8090, Xgboost 
8090,  Scikit-learn 
8090, LightGBM 
8091,  Scikit-learn 
8092, Huggingface 
8092, PyTorch 
8092, PyTorch Lightning 
8092,  TensorFlow 
8092,  Scikit-learn 
8092, Xgboost 
8092, Keras 
8092, Caret 
8092, LightGBM 
8093, PyTorch Lightning 
8093, Keras 
8093,  Scikit-learn 
8093,  TensorFlow 
8093, PyTorch 
8094,  TensorFlow 
8094, Keras 
8096, PyTorch Lightning 
8096, Keras 
8096, PyTorch 
8096,  Scikit-learn 
8096,  TensorFlow 
8100,  TensorFlow 
8100, CatBoost 
8100,  Scikit-learn 
8100, Keras 
8101,  TensorFlow 
8101,  Scikit-learn 
8101, Keras 
8104, PyTorch 
8104, Keras 
8104,  Scikit-learn 
8104,  TensorFlow 
8106, PyTorch 
8106,  TensorFlow 
8106,  Scikit-learn 
8106, Keras 
8107, PyTorch 
8107, Keras 
8107, Huggingface 
8107, Xgboost 
8107,  TensorFlow 
8107,  Scikit-learn 
8109, PyTorch 
8109,  Scikit-learn 
8109,  TensorFlow 
8109, Xgboost 
8113,  Scikit-learn 
8113, Xgboost 
8113, PyTorch 
8115,  Scikit-learn 
8116, Huggingface 
8116, Xgboost 
8116, Keras 
8116, PyTorch 
8116,  Scikit-learn 
8116,  TensorFlow 
8117,  TensorFlow 
8117, Keras 
8118,  Scikit-learn 
8118, LightGBM 
8118, PyTorch 
8118,  TensorFlow 
8118, Keras 
8119,  Scikit-learn 
8120,  Scikit-learn 
8121, PyTorch 
8121,  Scikit-learn 
8121, JAX 
8121, PyTorch Lightning 
8121,  TensorFlow 
8121, Fast.ai 
8121, Keras 
8121, Xgboost 
8121, Huggingface 
8121, LightGBM 
8122,  Scikit-learn 
8122, PyTorch 
8122, Keras 
8122,  TensorFlow 
8124,  TensorFlow 
8124, Xgboost 
8124, Keras 
8124,  Scikit-learn 
8125,  TensorFlow 
8125, Xgboost 
8125,  Scikit-learn 
8126, Xgboost 
8126,  Scikit-learn 
8126,Other
8127,  Scikit-learn 
8127, Caret 
8127, Xgboost 
8127, CatBoost 
8127, LightGBM 
8129,  Scikit-learn 
8130,  Scikit-learn 
8130, Keras 
8130, CatBoost 
8130, PyTorch 
8130, Xgboost 
8130, LightGBM 
8130,  TensorFlow 
8131,  Scikit-learn 
8136, PyTorch 
8136,  TensorFlow 
8136,  Scikit-learn 
8137, Keras 
8137,  TensorFlow 
8137, PyTorch 
8137,  Scikit-learn 
8140,  Scikit-learn 
8140, Keras 
8140,  TensorFlow 
8141,  Scikit-learn 
8141, CatBoost 
8141, PyTorch Lightning 
8141, PyTorch 
8141, Caret 
8141, Fast.ai 
8141,  TensorFlow 
8142,  Scikit-learn 
8143,  Scikit-learn 
8143,  TensorFlow 
8143, PyTorch 
8143, Keras 
8143, PyTorch Lightning 
8146, Xgboost 
8146,  TensorFlow 
8146,  Scikit-learn 
8146, Keras 
8148, Keras 
8148,  Scikit-learn 
8148, PyTorch 
8148,  TensorFlow 
8149,Other
8150,  Scikit-learn 
8150,  TensorFlow 
8150, Keras 
8150, PyTorch 
8152, LightGBM 
8152,  Scikit-learn 
8152, CatBoost 
8152, Xgboost 
8154,  Scikit-learn 
8154,  TensorFlow 
8155, Tidymodels 
8156,  Scikit-learn 
8159, PyTorch 
8159, CatBoost 
8159,  TensorFlow 
8159,  Scikit-learn 
8159, Keras 
8159, Xgboost 
8161, PyTorch Lightning 
8163,  Scikit-learn 
8163,  TensorFlow 
8164, Keras 
8164, PyTorch 
8164,  TensorFlow 
8165,Other
8165, Keras 
8165,  Scikit-learn 
8166,  TensorFlow 
8166, Huggingface 
8166,  Scikit-learn 
8166, PyTorch 
8166, LightGBM 
8168, PyTorch 
8168, Keras 
8168, PyTorch Lightning 
8168,  Scikit-learn 
8169, Keras 
8169,  TensorFlow 
8169,  Scikit-learn 
8169, Xgboost 
8170, PyTorch 
8170,  Scikit-learn 
8171, Keras 
8171, Xgboost 
8171,  TensorFlow 
8171,  Scikit-learn 
8172, Xgboost 
8172,  Scikit-learn 
8172, Keras 
8172,  TensorFlow 
8173, Keras 
8173,  TensorFlow 
8173, PyTorch 
8173,  Scikit-learn 
8177,  Scikit-learn 
8178, Keras 
8178, PyTorch 
8178,  TensorFlow 
8178,  Scikit-learn 
8180, PyTorch 
8183,  TensorFlow 
8184,  Scikit-learn 
8185, Keras 
8185,  TensorFlow 
8185,  Scikit-learn 
8187,  Scikit-learn 
8187, LightGBM 
8190,  Scikit-learn 
8190, PyTorch 
8190, Huggingface 
8190, Fast.ai 
8192, Xgboost 
8192,  Scikit-learn 
8192, Keras 
8193, Huggingface 
8193, PyTorch 
8193, Keras 
8194, Keras 
8194, PyTorch 
8194,  Scikit-learn 
8194,  TensorFlow 
8195, Xgboost 
8195,  TensorFlow 
8195, LightGBM 
8195,  Scikit-learn 
8196,  Scikit-learn 
8196, Xgboost 
8196, Keras 
8196,Other
8196,  TensorFlow 
8197, Keras 
8197, Fast.ai 
8197, PyTorch Lightning 
8197, Huggingface 
8197, PyTorch 
8197,  Scikit-learn 
8197,  TensorFlow 
8199, Keras 
8200,  Scikit-learn 
8200, PyTorch 
8201, PyTorch 
8201,  TensorFlow 
8201, Keras 
8201,  Scikit-learn 
8203,  Scikit-learn 
8203, LightGBM 
8203, PyTorch 
8204,  TensorFlow 
8204, PyTorch 
8205, PyTorch 
8207,  Scikit-learn 
8208,  Scikit-learn 
8208, PyTorch 
8208, Keras 
8209, Keras 
8209,  TensorFlow 
8209, Xgboost 
8209,  Scikit-learn 
8210,  Scikit-learn 
8210, PyTorch 
8210,  TensorFlow 
8210, Keras 
8211, LightGBM 
8211, Xgboost 
8211,  Scikit-learn 
8212, Xgboost 
8212,  TensorFlow 
8212, PyTorch Lightning 
8212, Keras 
8212, PyTorch 
8212, Tidymodels 
8212,  Scikit-learn 
8213,  Scikit-learn 
8218,  Scikit-learn 
8218, Keras 
8218,  TensorFlow 
8220, PyTorch 
8222, CatBoost 
8222, Fast.ai 
8222, PyTorch 
8222, Xgboost 
8222,  TensorFlow 
8222, LightGBM 
8222,  Scikit-learn 
8222, Huggingface 
8222, PyTorch Lightning 
8222, Keras 
8224, PyTorch 
8224,  TensorFlow 
8224,  Scikit-learn 
8224, Keras 
8227, Keras 
8227,  TensorFlow 
8227,  Scikit-learn 
8228,  Scikit-learn 
8228, Caret 
8229,Other
8230,  TensorFlow 
8230, Keras 
8230, Fast.ai 
8230,  Scikit-learn 
8231, PyTorch 
8231,  Scikit-learn 
8231, Xgboost 
8233, Tidymodels 
8234,  Scikit-learn 
8234, Keras 
8234,  TensorFlow 
8235,  TensorFlow 
8235,  Scikit-learn 
8236,  Scikit-learn 
8237,  Scikit-learn 
8237,  TensorFlow 
8238, Keras 
8238, Huggingface 
8238, Xgboost 
8238, PyTorch 
8238,  Scikit-learn 
8238, LightGBM 
8238, CatBoost 
8239,  Scikit-learn 
8240,  Scikit-learn 
8242,  Scikit-learn 
8242, LightGBM 
8242,  TensorFlow 
8242, CatBoost 
8242, Huggingface 
8242, Xgboost 
8242, PyTorch 
8242, Keras 
8245,  Scikit-learn 
8245, Keras 
8245,  TensorFlow 
8245, Xgboost 
8246, Keras 
8246, PyTorch 
8247,  Scikit-learn 
8248,  TensorFlow 
8248, LightGBM 
8248,Other
8248, Xgboost 
8250, Xgboost 
8250, LightGBM 
8250,  Scikit-learn 
8250, CatBoost 
8253, PyTorch 
8257,  Scikit-learn 
8257, Xgboost 
8257, PyTorch 
8257, LightGBM 
8257, Huggingface 
8258,  TensorFlow 
8258, PyTorch 
8258,  Scikit-learn 
8258, Keras 
8259,  Scikit-learn 
8259,  TensorFlow 
8259, PyTorch 
8260, Xgboost 
8260, Keras 
8260,  Scikit-learn 
8260, Tidymodels 
8260,  TensorFlow 
8262, PyTorch 
8262, Keras 
8262,  TensorFlow 
8265, Xgboost 
8265,  Scikit-learn 
8265,  TensorFlow 
8265, Keras 
8265, PyTorch 
8266, Xgboost 
8266,  Scikit-learn 
8267, PyTorch 
8267,  TensorFlow 
8268, PyTorch 
8268, PyTorch Lightning 
8270,Other
8271, PyTorch 
8271, Keras 
8271,  Scikit-learn 
8273,  TensorFlow 
8274,  Scikit-learn 
8275, Keras 
8275,  TensorFlow 
8275,  Scikit-learn 
8276,  Scikit-learn 
8278,  Scikit-learn 
8280, Keras 
8280,  Scikit-learn 
8280,  TensorFlow 
8282,  TensorFlow 
8282, PyTorch 
8282, Keras 
8282,  Scikit-learn 
8285,  Scikit-learn 
8286, CatBoost 
8286,  Scikit-learn 
8286, Xgboost 
8286, Caret 
8289,  Scikit-learn 
8289,  TensorFlow 
8289, Keras 
8291,  TensorFlow 
8291,  Scikit-learn 
8292, LightGBM 
8292, CatBoost 
8292, Xgboost 
8292,  Scikit-learn 
8292, Keras 
8294, Caret 
8294,  Scikit-learn 
8294, Xgboost 
8298,  Scikit-learn 
8298,  TensorFlow 
8298, PyTorch 
8301, Xgboost 
8301, Keras 
8301, LightGBM 
8301,  TensorFlow 
8301,  Scikit-learn 
8301, Huggingface 
8306,  Scikit-learn 
8307,  Scikit-learn 
8307, PyTorch Lightning 
8307, LightGBM 
8307,  TensorFlow 
8307, Fast.ai 
8307, Keras 
8307, PyTorch 
8307, Tidymodels 
8312,  Scikit-learn 
8313,  TensorFlow 
8313,  Scikit-learn 
8313, PyTorch 
8316,  Scikit-learn 
8318,Other
8319, Xgboost 
8320, PyTorch 
8320, Xgboost 
8320,  Scikit-learn 
8321, CatBoost 
8321, LightGBM 
8321, Xgboost 
8321,  Scikit-learn 
8324, Xgboost 
8324,  TensorFlow 
8324,Other
8326,  Scikit-learn 
8326, Xgboost 
8327,  TensorFlow 
8328,  TensorFlow 
8328, Keras 
8328,  Scikit-learn 
8330, Xgboost 
8330, PyTorch Lightning 
8330, Huggingface 
8330,  Scikit-learn 
8330, PyTorch 
8330, LightGBM 
8332,  TensorFlow 
8332, Keras 
8332,  Scikit-learn 
8332, Xgboost 
8335, Xgboost 
8335, Keras 
8335, LightGBM 
8335, PyTorch Lightning 
8335,  Scikit-learn 
8335, Huggingface 
8335,  TensorFlow 
8335, PyTorch 
8340, PyTorch 
8345,  Scikit-learn 
8346, Caret 
8346,  Scikit-learn 
8349, Keras 
8349,  TensorFlow 
8349,  Scikit-learn 
8350, Caret 
8350,Other
8351,  Scikit-learn 
8351,  TensorFlow 
8352, Keras 
8352, LightGBM 
8352, Huggingface 
8352,  Scikit-learn 
8352,  TensorFlow 
8352, Xgboost 
8352, CatBoost 
8355,  Scikit-learn 
8360,  Scikit-learn 
8360,  TensorFlow 
8361, Caret 
8362, Keras 
8362,  TensorFlow 
8362, PyTorch 
8362,  Scikit-learn 
8363,  Scikit-learn 
8363, PyTorch 
8364, Xgboost 
8364,  Scikit-learn 
8364, PyTorch 
8364,  TensorFlow 
8365,  Scikit-learn 
8366, Caret 
8367, Keras 
8369, Caret 
8369, CatBoost 
8369, LightGBM 
8369,  Scikit-learn 
8369, Xgboost 
8370,  TensorFlow 
8370, Xgboost 
8370, CatBoost 
8370,  Scikit-learn 
8370, Keras 
8371,  Scikit-learn 
8374,  Scikit-learn 
8374, PyTorch 
8377,  TensorFlow 
8377,  Scikit-learn 
8377, PyTorch 
8378, Keras 
8378,  TensorFlow 
8378,  Scikit-learn 
8378, LightGBM 
8383, Huggingface 
8383, LightGBM 
8383,  Scikit-learn 
8383, Xgboost 
8384,  Scikit-learn 
8384, Xgboost 
8384, LightGBM 
8385,  Scikit-learn 
8389, Keras 
8389, PyTorch 
8389, Xgboost 
8389, LightGBM 
8389,  Scikit-learn 
8391, Keras 
8391, PyTorch 
8391, Huggingface 
8391,  Scikit-learn 
8391,  TensorFlow 
8391, LightGBM 
8391, Fast.ai 
8391, Xgboost 
8392,  Scikit-learn 
8393,  Scikit-learn 
8393,  TensorFlow 
8393, Keras 
8393, PyTorch 
8394, PyTorch 
8394, Keras 
8394,  Scikit-learn 
8394,  TensorFlow 
8396,  Scikit-learn 
8396, Xgboost 
8398, Tidymodels 
8398, Caret 
8402,  TensorFlow 
8402,  Scikit-learn 
8402, CatBoost 
8402, LightGBM 
8403, Keras 
8403,  TensorFlow 
8403,  Scikit-learn 
8403, PyTorch 
8404, LightGBM 
8404, Keras 
8404,  Scikit-learn 
8404,  TensorFlow 
8404, PyTorch 
8404, Xgboost 
8405, PyTorch Lightning 
8405,  Scikit-learn 
8405, PyTorch 
8405, Fast.ai 
8405, Huggingface 
8407,  Scikit-learn 
8408,  Scikit-learn 
8408, PyTorch 
8408, Keras 
8408, Huggingface 
8408,  TensorFlow 
8410,  Scikit-learn 
8411,  Scikit-learn 
8412,  Scikit-learn 
8412, Xgboost 
8415,  Scikit-learn 
8415,  TensorFlow 
8416, Xgboost 
8416,  Scikit-learn 
8416, PyTorch 
8416, Keras 
8416,  TensorFlow 
8417, Xgboost 
8417, Keras 
8417,  TensorFlow 
8417,  Scikit-learn 
8417, PyTorch 
8419,  Scikit-learn 
8422, PyTorch Lightning 
8422,  Scikit-learn 
8422, PyTorch 
8424, PyTorch 
8424,  Scikit-learn 
8424,Other
8425, Keras 
8425, Fast.ai 
8425,  Scikit-learn 
8425, PyTorch Lightning 
8425, PyTorch 
8425, Tidymodels 
8425, Caret 
8425,  TensorFlow 
8426,  Scikit-learn 
8429, Xgboost 
8429,  Scikit-learn 
8430,  Scikit-learn 
8430,  TensorFlow 
8430, PyTorch 
8430, Keras 
8431,  Scikit-learn 
8431, LightGBM 
8431, Xgboost 
8432,  TensorFlow 
8432, Keras 
8434, Keras 
8434, PyTorch 
8434, PyTorch Lightning 
8434,  TensorFlow 
8436,  TensorFlow 
8436, Keras 
8436,  Scikit-learn 
8436, PyTorch 
8436, PyTorch Lightning 
8438,  TensorFlow 
8438, Keras 
8439,  TensorFlow 
8439, Keras 
8439,  Scikit-learn 
8440,  TensorFlow 
8444, Keras 
8444,  Scikit-learn 
8445, PyTorch 
8445,  Scikit-learn 
8446, PyTorch 
8446,  Scikit-learn 
8449,  Scikit-learn 
8451, Keras 
8451,  TensorFlow 
8451, PyTorch 
8451, PyTorch Lightning 
8451, Xgboost 
8451,  Scikit-learn 
8452,Other
8454,  TensorFlow 
8456, PyTorch 
8463,  TensorFlow 
8463, Xgboost 
8463,  Scikit-learn 
8464,Other
8468, LightGBM 
8468,  Scikit-learn 
8468,Other
8468,  TensorFlow 
8469, PyTorch 
8472, Xgboost 
8472, Caret 
8472,  Scikit-learn 
8473,  Scikit-learn 
8473, Huggingface 
8473, PyTorch 
8474,  TensorFlow 
8474,  Scikit-learn 
8474, PyTorch 
8474, Keras 
8474, Xgboost 
8476,  Scikit-learn 
8476, PyTorch Lightning 
8476, Huggingface 
8476, PyTorch 
8476,  TensorFlow 
8476, CatBoost 
8476, Xgboost 
8476, LightGBM 
8476, Keras 
8477, Xgboost 
8477, Keras 
8477,  Scikit-learn 
8477,  TensorFlow 
8480, Keras 
8480,  Scikit-learn 
8480,  TensorFlow 
8482,  Scikit-learn 
8482, Xgboost 
8483, Huggingface 
8483, Keras 
8483,  TensorFlow 
8483,  Scikit-learn 
8484,  Scikit-learn 
8484, Keras 
8484,  TensorFlow 
8485, Keras 
8485, Huggingface 
8485,  Scikit-learn 
8485,  TensorFlow 
8488,  TensorFlow 
8489,  Scikit-learn 
8489, Keras 
8489,  TensorFlow 
8492,  Scikit-learn 
8495, Huggingface 
8495,  Scikit-learn 
8499, Keras 
8499,  TensorFlow 
8499, Fast.ai 
8499, Xgboost 
8499, PyTorch 
8499, LightGBM 
8499,  Scikit-learn 
8501,  Scikit-learn 
8501, Caret 
8502, Keras 
8502,  Scikit-learn 
8502,  TensorFlow 
8502, PyTorch 
8506,Other
8506,  Scikit-learn 
8506, LightGBM 
8506, Caret 
8507, Keras 
8507, Huggingface 
8507,  Scikit-learn 
8507,  TensorFlow 
8507, Xgboost 
8508,  TensorFlow 
8508, Huggingface 
8508, PyTorch 
8508, LightGBM 
8508,  Scikit-learn 
8512,  Scikit-learn 
8512, Keras 
8512, Caret 
8512,  TensorFlow 
8512, Tidymodels 
8513,  TensorFlow 
8513, PyTorch 
8514,  Scikit-learn 
8514, Keras 
8514,  TensorFlow 
8514, PyTorch 
8515,  Scikit-learn 
8517,Other
8518, LightGBM 
8519, CatBoost 
8519,  Scikit-learn 
8519, Keras 
8519,  TensorFlow 
8520, Xgboost 
8520,  Scikit-learn 
8520, LightGBM 
8521,  TensorFlow 
8521,  Scikit-learn 
8523,  TensorFlow 
8525,  Scikit-learn 
8525, PyTorch 
8525, LightGBM 
8525,  TensorFlow 
8526, CatBoost 
8526,  Scikit-learn 
8526, PyTorch 
8526, Xgboost 
8526, LightGBM 
8526,  TensorFlow 
8527, Keras 
8528,  Scikit-learn 
8529,  Scikit-learn 
8529, PyTorch 
8530,  Scikit-learn 
8531, Xgboost 
8531, Tidymodels 
8531, Huggingface 
8531, CatBoost 
8531, Fast.ai 
8531, Keras 
8531,  Scikit-learn 
8531, PyTorch Lightning 
8531, Caret 
8531, JAX 
8531, PyTorch 
8531, LightGBM 
8531,  TensorFlow 
8533,  Scikit-learn 
8533, Xgboost 
8533, Huggingface 
8535,Other
8535,  Scikit-learn 
8538,  Scikit-learn 
8542,  Scikit-learn 
8542,Other
8543,  Scikit-learn 
8543, Tidymodels 
8543, Huggingface 
8543, LightGBM 
8543, Caret 
8543, Xgboost 
8543,  TensorFlow 
8544,  TensorFlow 
8544, PyTorch 
8544, Keras 
8544,  Scikit-learn 
8547,  Scikit-learn 
8547,  TensorFlow 
8547, Xgboost 
8547, Keras 
8547, PyTorch 
8548,  Scikit-learn 
8549, PyTorch 
8550,  TensorFlow 
8550,  Scikit-learn 
8550, Xgboost 
8550, LightGBM 
8555, PyTorch 
8555, PyTorch Lightning 
8555, Keras 
8555,  TensorFlow 
8555, JAX 
8555,  Scikit-learn 
8559, PyTorch 
8559,Other
8560,  TensorFlow 
8560, Keras 
8560, LightGBM 
8560, Xgboost 
8560,  Scikit-learn 
8560, CatBoost 
8561, Tidymodels 
8562, PyTorch 
8563, Keras 
8563,  Scikit-learn 
8563, PyTorch 
8563,  TensorFlow 
8564, Keras 
8564, PyTorch 
8564,  TensorFlow 
8566,  Scikit-learn 
8567, Keras 
8567,  TensorFlow 
8567,  Scikit-learn 
8568,Other
8569, Huggingface 
8569,  Scikit-learn 
8569, CatBoost 
8569, Keras 
8569, Tidymodels 
8569, Xgboost 
8569,  TensorFlow 
8569, Caret 
8569, PyTorch Lightning 
8569, PyTorch 
8569, Fast.ai 
8570,  Scikit-learn 
8572,  Scikit-learn 
8573, Keras 
8573, PyTorch 
8573,  Scikit-learn 
8574,  Scikit-learn 
8574,  TensorFlow 
8574, Keras 
8576,Other
8576, PyTorch 
8584, PyTorch 
8586, Xgboost 
8586, LightGBM 
8586,  Scikit-learn 
8587,  Scikit-learn 
8587,  TensorFlow 
8587, Keras 
8589, PyTorch 
8591,  TensorFlow 
8592,  Scikit-learn 
8597,  Scikit-learn 
8597, Xgboost 
8598, Keras 
8598,  TensorFlow 
8598,  Scikit-learn 
8600,  TensorFlow 
8600,  Scikit-learn 
8600, Keras 
8601, Huggingface 
8602, Keras 
8602, Xgboost 
8602,  Scikit-learn 
8604, Fast.ai 
8604,  TensorFlow 
8604,  Scikit-learn 
8604, PyTorch Lightning 
8604, PyTorch 
8604, Keras 
8606, Keras 
8606,  TensorFlow 
8606,  Scikit-learn 
8607,  Scikit-learn 
8607,  TensorFlow 
8607, Keras 
8608, Xgboost 
8608, LightGBM 
8608, PyTorch 
8608,  Scikit-learn 
8608, Huggingface 
8608, CatBoost 
8611,  TensorFlow 
8611,  Scikit-learn 
8611, Keras 
8612,  TensorFlow 
8613,  Scikit-learn 
8614, Keras 
8614,  TensorFlow 
8615, Xgboost 
8615,  Scikit-learn 
8619,Other
8621,  TensorFlow 
8621, Keras 
8621,  Scikit-learn 
8621, Xgboost 
8623,  Scikit-learn 
8623, Tidymodels 
8624,  TensorFlow 
8624, Keras 
8624, Huggingface 
8624, PyTorch 
8625, Keras 
8625,  TensorFlow 
8625, Xgboost 
8625,  Scikit-learn 
8625, PyTorch 
8626,  Scikit-learn 
8626, Huggingface 
8626, Xgboost 
8626,  TensorFlow 
8626, Keras 
8627,  Scikit-learn 
8627, LightGBM 
8627, Xgboost 
8629,  TensorFlow 
8629, Keras 
8629, Huggingface 
8629,  Scikit-learn 
8630, Xgboost 
8630,  TensorFlow 
8630, Keras 
8630,  Scikit-learn 
8633,  Scikit-learn 
8634, Keras 
8634,  Scikit-learn 
8634, CatBoost 
8634, PyTorch 
8634, LightGBM 
8634,  TensorFlow 
8634, Xgboost 
8635, PyTorch 
8635, Keras 
8635,  Scikit-learn 
8637, Huggingface 
8637,  TensorFlow 
8637,  Scikit-learn 
8637, Keras 
8638, Huggingface 
8638,  Scikit-learn 
8638,  TensorFlow 
8638, Keras 
8640, Xgboost 
8640,  Scikit-learn 
8643, Keras 
8643, CatBoost 
8643, Xgboost 
8643,  Scikit-learn 
8643, LightGBM 
8643,  TensorFlow 
8645,  Scikit-learn 
8645, Xgboost 
8648,  Scikit-learn 
8648,  TensorFlow 
8648, Keras 
8649,  Scikit-learn 
8650,  Scikit-learn 
8650, Keras 
8650,  TensorFlow 
8651,  Scikit-learn 
8652,  Scikit-learn 
8652,  TensorFlow 
8653, Xgboost 
8654,Other
8654,  Scikit-learn 
8654, CatBoost 
8654, PyTorch 
8654, Tidymodels 
8655,  Scikit-learn 
8655, Xgboost 
8655,  TensorFlow 
8655, Keras 
8657, PyTorch 
8657,  Scikit-learn 
8658, CatBoost 
8658,  Scikit-learn 
8660,  Scikit-learn 
8660, Xgboost 
8660, LightGBM 
8660, CatBoost 
8661,  Scikit-learn 
8662,  TensorFlow 
8662,  Scikit-learn 
8663,  Scikit-learn 
8663, Keras 
8663,  TensorFlow 
8664, Keras 
8664,  TensorFlow 
8664, PyTorch 
8664,  Scikit-learn 
8665,  Scikit-learn 
8665, Keras 
8665,  TensorFlow 
8666,  Scikit-learn 
8670,  Scikit-learn 
8671,  TensorFlow 
8671, Keras 
8671,  Scikit-learn 
8672,  Scikit-learn 
8672, Xgboost 
8673, PyTorch Lightning 
8673, Xgboost 
8673,  Scikit-learn 
8673,  TensorFlow 
8673, PyTorch 
8673, CatBoost 
8673, LightGBM 
8674, LightGBM 
8674, Fast.ai 
8674,  TensorFlow 
8676,  TensorFlow 
8676, Keras 
8676,  Scikit-learn 
8677, Tidymodels 
8677,  TensorFlow 
8677, Xgboost 
8677, PyTorch 
8678, Xgboost 
8678, Keras 
8678, LightGBM 
8678,  Scikit-learn 
8678, PyTorch 
8678,  TensorFlow 
8678, CatBoost 
8680, Keras 
8680,  Scikit-learn 
8680, PyTorch 
8680,  TensorFlow 
8683,  TensorFlow 
8683, CatBoost 
8683, Xgboost 
8683,  Scikit-learn 
8685,  TensorFlow 
8685,  Scikit-learn 
8685, PyTorch 
8687,  Scikit-learn 
8688, PyTorch 
8688,  TensorFlow 
8688, Keras 
8688,  Scikit-learn 
8689, PyTorch 
8689, Caret 
8689,  Scikit-learn 
8689, Tidymodels 
8689, Xgboost 
8692,  Scikit-learn 
8692, PyTorch 
8692,  TensorFlow 
8695, Keras 
8695,  TensorFlow 
8695,  Scikit-learn 
8697,  TensorFlow 
8697, Keras 
8700, LightGBM 
8700, Keras 
8700, CatBoost 
8700,  TensorFlow 
8700, Xgboost 
8700, PyTorch 
8700, Huggingface 
8700,  Scikit-learn 
8703, Keras 
8703,  Scikit-learn 
8703,  TensorFlow 
8703, PyTorch 
8704,  Scikit-learn 
8704,  TensorFlow 
8704, Xgboost 
8705,Other
8706, Keras 
8706, Xgboost 
8706, PyTorch 
8706, Caret 
8706,  Scikit-learn 
8706,  TensorFlow 
8707,  TensorFlow 
8707,  Scikit-learn 
8707, Keras 
8707, Xgboost 
8710,  Scikit-learn 
8710,  TensorFlow 
8711, PyTorch Lightning 
8711, Fast.ai 
8711, PyTorch 
8711, LightGBM 
8711, Huggingface 
8711,  TensorFlow 
8711, Xgboost 
8711, Keras 
8711, Tidymodels 
8711,  Scikit-learn 
8711, CatBoost 
8713, Caret 
8720,  Scikit-learn 
8720, Keras 
8721,  Scikit-learn 
8722,  Scikit-learn 
8722,  TensorFlow 
8725,  TensorFlow 
8725, Keras 
8725,  Scikit-learn 
8726, PyTorch 
8726, Keras 
8726,  Scikit-learn 
8726,  TensorFlow 
8726, Xgboost 
8727,  Scikit-learn 
8727, PyTorch 
8727,  TensorFlow 
8727, Keras 
8728, PyTorch 
8728, Huggingface 
8728, Fast.ai 
8729,  Scikit-learn 
8730,  Scikit-learn 
8730, PyTorch 
8730,  TensorFlow 
8735,  Scikit-learn 
8736, Keras 
8736,  Scikit-learn 
8736, PyTorch 
8737, CatBoost 
8738, PyTorch 
8738, Keras 
8738, PyTorch Lightning 
8738,  TensorFlow 
8739, LightGBM 
8739,  Scikit-learn 
8739, CatBoost 
8739, Keras 
8739, Xgboost 
8740, Xgboost 
8740, Keras 
8740,  TensorFlow 
8740,  Scikit-learn 
8743, PyTorch 
8743, Keras 
8743,  Scikit-learn 
8744,  Scikit-learn 
8744, Keras 
8744,  TensorFlow 
8745,  TensorFlow 
8745, Keras 
8745,  Scikit-learn 
8747,  Scikit-learn 
8750,  TensorFlow 
8750,  Scikit-learn 
8751, Fast.ai 
8751, Huggingface 
8751, Keras 
8751,  TensorFlow 
8751, PyTorch 
8751,  Scikit-learn 
8753,  TensorFlow 
8753, Keras 
8753,  Scikit-learn 
8754,  TensorFlow 
8754, Huggingface 
8754,  Scikit-learn 
8754, Keras 
8754, PyTorch 
8756,  Scikit-learn 
8757,  TensorFlow 
8757,  Scikit-learn 
8758,  TensorFlow 
8758, PyTorch 
8760, Fast.ai 
8760,  Scikit-learn 
8760, PyTorch 
8761,  Scikit-learn 
8761, Xgboost 
8762,  Scikit-learn 
8763, Keras 
8763,  TensorFlow 
8763,  Scikit-learn 
8765,  Scikit-learn 
8765, Keras 
8768,  Scikit-learn 
8768,  TensorFlow 
8768, PyTorch 
8768, Keras 
8769,Other
8770,  TensorFlow 
8770,  Scikit-learn 
8770, PyTorch 
8772, LightGBM 
8772, CatBoost 
8775, PyTorch 
8775, CatBoost 
8775, Xgboost 
8775, LightGBM 
8775, Keras 
8775,  TensorFlow 
8775,  Scikit-learn 
8778,  Scikit-learn 
8778,  TensorFlow 
8778, Tidymodels 
8778, Keras 
8784, Fast.ai 
8784, Huggingface 
8784, PyTorch Lightning 
8784, CatBoost 
8784,  Scikit-learn 
8784, PyTorch 
8784, LightGBM 
8784, Xgboost 
8785,Other
8786,  Scikit-learn 
8786, Keras 
8786,  TensorFlow 
8786, PyTorch 
8786, Huggingface 
8786, CatBoost 
8786, Xgboost 
8786, LightGBM 
8787, Xgboost 
8787, CatBoost 
8787,  Scikit-learn 
8787,  TensorFlow 
8787, Tidymodels 
8787, PyTorch 
8787, PyTorch Lightning 
8787, Keras 
8787, Caret 
8787, LightGBM 
8788,  Scikit-learn 
8793,  Scikit-learn 
8795, PyTorch 
8796,  Scikit-learn 
8797,  Scikit-learn 
8797,  TensorFlow 
8797, PyTorch 
8797, Keras 
8797, LightGBM 
8797, Huggingface 
8799,  Scikit-learn 
8799, Keras 
8799,  TensorFlow 
8800, Keras 
8800,  TensorFlow 
8800,  Scikit-learn 
8800, PyTorch 
8801, Xgboost 
8801,  Scikit-learn 
8802,  Scikit-learn 
8803,  TensorFlow 
8803, Huggingface 
8804, PyTorch 
8806,  Scikit-learn 
8806, Keras 
8806, PyTorch 
8806, Huggingface 
8806,  TensorFlow 
8807,  Scikit-learn 
8809, PyTorch 
8809, Keras 
8809,  TensorFlow 
8813,Other
8815, CatBoost 
8815, PyTorch 
8815, Xgboost 
8815, Keras 
8815,  TensorFlow 
8815,  Scikit-learn 
8818, Keras 
8818,  Scikit-learn 
8818,  TensorFlow 
8819, Keras 
8819,  Scikit-learn 
8819,  TensorFlow 
8822, CatBoost 
8822, PyTorch Lightning 
8822, LightGBM 
8822,  Scikit-learn 
8822, PyTorch 
8823,Other
8825, Xgboost 
8825,  Scikit-learn 
8825, PyTorch 
8825, Keras 
8825,  TensorFlow 
8827, Caret 
8827, PyTorch 
8827,  TensorFlow 
8828,  Scikit-learn 
8828, Xgboost 
8831, Keras 
8831, PyTorch 
8831, Xgboost 
8831,  TensorFlow 
8831,  Scikit-learn 
8835,  Scikit-learn 
8835,  TensorFlow 
8835, PyTorch 
8838, Xgboost 
8838,  Scikit-learn 
8838, PyTorch 
8838, LightGBM 
8839, Huggingface 
8839, PyTorch 
8839,  TensorFlow 
8839, Keras 
8839, CatBoost 
8839,  Scikit-learn 
8841, Keras 
8841,  Scikit-learn 
8841, PyTorch 
8841,  TensorFlow 
8842, Xgboost 
8842, PyTorch 
8842,  Scikit-learn 
8845,  TensorFlow 
8845,  Scikit-learn 
8845, PyTorch 
8845, Keras 
8846, PyTorch 
8848, Keras 
8848,  Scikit-learn 
8848,  TensorFlow 
8850, PyTorch Lightning 
8850,  Scikit-learn 
8850, LightGBM 
8850, Huggingface 
8850, Xgboost 
8850, CatBoost 
8850, PyTorch 
8851,  Scikit-learn 
8851,  TensorFlow 
8851, Keras 
8851, Xgboost 
8851, PyTorch 
8852, Xgboost 
8852,  Scikit-learn 
8852,  TensorFlow 
8853,  TensorFlow 
8853,  Scikit-learn 
8854,  Scikit-learn 
8854, PyTorch 
8857, LightGBM 
8857, Xgboost 
8859,  TensorFlow 
8859, PyTorch 
8859,  Scikit-learn 
8860, PyTorch 
8861, PyTorch Lightning 
8861,  Scikit-learn 
8861, PyTorch 
8861, Keras 
8861,  TensorFlow 
8862, Xgboost 
8862,  Scikit-learn 
8862, Keras 
8862,  TensorFlow 
8863,  Scikit-learn 
8863, PyTorch 
8863, Xgboost 
8864, LightGBM 
8864, CatBoost 
8864, Keras 
8864, Xgboost 
8864,  Scikit-learn 
8864, PyTorch 
8865,  TensorFlow 
8865, Keras 
8865,  Scikit-learn 
8865, PyTorch 
8867, PyTorch Lightning 
8867, PyTorch 
8870, Caret 
8873, Xgboost 
8873,  Scikit-learn 
8873, CatBoost 
8873, LightGBM 
8875,  Scikit-learn 
8875, Keras 
8875,  TensorFlow 
8875, PyTorch 
8875, Xgboost 
8878, Huggingface 
8878, Xgboost 
8878,  TensorFlow 
8878, PyTorch 
8878, Keras 
8878, LightGBM 
8878,  Scikit-learn 
8880,  Scikit-learn 
8880, Keras 
8880,  TensorFlow 
8882, Xgboost 
8882, PyTorch 
8882, Keras 
8882, Tidymodels 
8882, PyTorch Lightning 
8882,  TensorFlow 
8882,  Scikit-learn 
8882, Caret 
8883,  Scikit-learn 
8883, LightGBM 
8883, PyTorch 
8883, Keras 
8883, Xgboost 
8883, Caret 
8884,  Scikit-learn 
8885,  Scikit-learn 
8885, LightGBM 
8887, Keras 
8888,  Scikit-learn 
8888, Caret 
8888,  TensorFlow 
8888, Keras 
8889,  Scikit-learn 
8889,  TensorFlow 
8890, PyTorch 
8890, CatBoost 
8890, LightGBM 
8890, Xgboost 
8890,  Scikit-learn 
8890, Keras 
8890, Huggingface 
8890,  TensorFlow 
8891,  Scikit-learn 
8892, PyTorch 
8894,  Scikit-learn 
8894, PyTorch 
8894, Xgboost 
8894, Huggingface 
8894, LightGBM 
8894,  TensorFlow 
8894, CatBoost 
8894, Keras 
8895, PyTorch 
8895,  Scikit-learn 
8895,  TensorFlow 
8895, Keras 
8897, PyTorch 
8897,  TensorFlow 
8897, Keras 
8897,  Scikit-learn 
8898, Keras 
8898, PyTorch 
8898,  Scikit-learn 
8898,  TensorFlow 
8899, PyTorch 
8899, Keras 
8899,  TensorFlow 
8899,  Scikit-learn 
8900,  Scikit-learn 
8901, PyTorch 
8901, Xgboost 
8901, LightGBM 
8901, Keras 
8901,  TensorFlow 
8901, CatBoost 
8901, PyTorch Lightning 
8901, Caret 
8901,  Scikit-learn 
8902, CatBoost 
8902, PyTorch 
8902, Xgboost 
8902, Fast.ai 
8902,  Scikit-learn 
8902, PyTorch Lightning 
8902, Huggingface 
8903,  Scikit-learn 
8905, PyTorch 
8905, LightGBM 
8905,  Scikit-learn 
8905, Xgboost 
8906,  Scikit-learn 
8911, PyTorch 
8911, Huggingface 
8913, Caret 
8913, CatBoost 
8913,  Scikit-learn 
8913, Xgboost 
8913, Keras 
8913, PyTorch 
8913, LightGBM 
8913,  TensorFlow 
8914,  Scikit-learn 
8914,  TensorFlow 
8915, Xgboost 
8915, Tidymodels 
8915,  Scikit-learn 
8915,  TensorFlow 
8915, Keras 
8915, LightGBM 
8918,  TensorFlow 
8918,  Scikit-learn 
8918, PyTorch 
8918, Keras 
8919, PyTorch 
8919, Keras 
8919,  Scikit-learn 
8919, Xgboost 
8919,  TensorFlow 
8919, Huggingface 
8921, Keras 
8921,  Scikit-learn 
8921,  TensorFlow 
8926, Xgboost 
8926,  Scikit-learn 
8926, JAX 
8926, PyTorch 
8926, Huggingface 
8929,  TensorFlow 
8929,  Scikit-learn 
8930,  Scikit-learn 
8930, Keras 
8930,  TensorFlow 
8930, Xgboost 
8933,  TensorFlow 
8933,  Scikit-learn 
8934, Xgboost 
8934,  Scikit-learn 
8934, LightGBM 
8935, LightGBM 
8935, Xgboost 
8935, PyTorch 
8935,  Scikit-learn 
8935, Huggingface 
8936, Keras 
8937, PyTorch 
8938,  TensorFlow 
8939, LightGBM 
8939, PyTorch 
8939,  TensorFlow 
8939, Huggingface 
8939, CatBoost 
8939, Xgboost 
8939,  Scikit-learn 
8939, Keras 
8941,  TensorFlow 
8942,  Scikit-learn 
8944, PyTorch 
8944,  TensorFlow 
8944,  Scikit-learn 
8944, PyTorch Lightning 
8944, Xgboost 
8945,  TensorFlow 
8945, PyTorch 
8945, Huggingface 
8945, Keras 
8945, Xgboost 
8945,  Scikit-learn 
8947,  Scikit-learn 
8947,  TensorFlow 
8947, Keras 
8948, Keras 
8948, Xgboost 
8948,  TensorFlow 
8948,  Scikit-learn 
8949,  Scikit-learn 
8949, Caret 
8950, Keras 
8950, Xgboost 
8950, PyTorch 
8950,  TensorFlow 
8950, Fast.ai 
8950,  Scikit-learn 
8952,  Scikit-learn 
8955, PyTorch Lightning 
8955,  Scikit-learn 
8955, PyTorch 
8955, Huggingface 
8958,  Scikit-learn 
8963, Keras 
8963, LightGBM 
8963,  Scikit-learn 
8963, Xgboost 
8963,  TensorFlow 
8964,  Scikit-learn 
8964, Xgboost 
8964, Keras 
8964,  TensorFlow 
8964, PyTorch 
8965,  Scikit-learn 
8965,  TensorFlow 
8966, Huggingface 
8966, PyTorch 
8972, Xgboost 
8972,  Scikit-learn 
8972,  TensorFlow 
8972, Keras 
8972, LightGBM 
8973,  Scikit-learn 
8973, Keras 
8973,  TensorFlow 
8973, PyTorch 
8975, PyTorch 
8975,  TensorFlow 
8975, Keras 
8975,  Scikit-learn 
8977,  Scikit-learn 
8977,  TensorFlow 
8977, Keras 
8978, Xgboost 
8978, LightGBM 
8978,  Scikit-learn 
8983, PyTorch 
8983,  Scikit-learn 
8983, Keras 
8983,  TensorFlow 
8984,  Scikit-learn 
8985,  Scikit-learn 
8985, PyTorch 
8987, LightGBM 
8987, Keras 
8987,  Scikit-learn 
8987, CatBoost 
8987, Huggingface 
8987,  TensorFlow 
8987, Xgboost 
8988,  Scikit-learn 
8989,  Scikit-learn 
8990,  Scikit-learn 
8991,  Scikit-learn 
8992,  Scikit-learn 
8992, Xgboost 
8992, PyTorch 
8994, Keras 
8994, PyTorch 
8994,  TensorFlow 
8997,  TensorFlow 
8997,  Scikit-learn 
8998, CatBoost 
8998,  Scikit-learn 
8998, Xgboost 
8998, Caret 
8998, Keras 
8999,  Scikit-learn 
8999,  TensorFlow 
8999, PyTorch 
9000,  Scikit-learn 
9001, PyTorch 
9001, PyTorch Lightning 
9001,  Scikit-learn 
9007,  Scikit-learn 
9011,  TensorFlow 
9014,  TensorFlow 
9014, Xgboost 
9014,  Scikit-learn 
9016, LightGBM 
9016, Keras 
9016, Xgboost 
9016,  Scikit-learn 
9017, Keras 
9017,  Scikit-learn 
9018, Xgboost 
9019,  TensorFlow 
9019, PyTorch 
9021,  TensorFlow 
9021,  Scikit-learn 
9021, Keras 
9022, Xgboost 
9022,  Scikit-learn 
9022, LightGBM 
9023, Keras 
9023,  TensorFlow 
9023,  Scikit-learn 
9025, Keras 
9025, Xgboost 
9025, PyTorch 
9025,  Scikit-learn 
9025, CatBoost 
9025, LightGBM 
9027,  TensorFlow 
9027,  Scikit-learn 
9027, Keras 
9029,  Scikit-learn 
9030,  TensorFlow 
9030,  Scikit-learn 
9031, Keras 
9031,  Scikit-learn 
9031,  TensorFlow 
9034, PyTorch 
9034,  TensorFlow 
9034, Keras 
9034, Huggingface 
9035, Keras 
9035, Xgboost 
9035,  TensorFlow 
9035,  Scikit-learn 
9037,  Scikit-learn 
9038, Keras 
9038,  Scikit-learn 
9038,  TensorFlow 
9038, PyTorch 
9039, PyTorch 
9039, Xgboost 
9039,  Scikit-learn 
9039, LightGBM 
9039,  TensorFlow 
9039, Keras 
9040, Xgboost 
9040,  TensorFlow 
9040,  Scikit-learn 
9040, Keras 
9041,  Scikit-learn 
9041,  TensorFlow 
9041, Keras 
9042,  Scikit-learn 
9043,  TensorFlow 
9043, Keras 
9043,  Scikit-learn 
9044, PyTorch 
9044,  TensorFlow 
9044,  Scikit-learn 
9044, Xgboost 
9045, PyTorch 
9045, Keras 
9045, LightGBM 
9045,  TensorFlow 
9045,  Scikit-learn 
9045, Xgboost 
9046,  Scikit-learn 
9046,  TensorFlow 
9047,  Scikit-learn 
9048, Keras 
9049,  Scikit-learn 
9049, JAX 
9049, Keras 
9049, PyTorch 
9049,  TensorFlow 
9050,  TensorFlow 
9050, Xgboost 
9050, Keras 
9053,  Scikit-learn 
9055,  Scikit-learn 
9055, Keras 
9055,  TensorFlow 
9056, PyTorch 
9056, Keras 
9056,  TensorFlow 
9056, JAX 
9056, LightGBM 
9056, Xgboost 
9056,  Scikit-learn 
9057, Keras 
9057, PyTorch 
9057,  Scikit-learn 
9057, Huggingface 
9057, Fast.ai 
9057,  TensorFlow 
9058, Xgboost 
9058, Keras 
9058,  Scikit-learn 
9058, LightGBM 
9058, PyTorch 
9059, Xgboost 
9059, Caret 
9059,  Scikit-learn 
9060,  TensorFlow 
9060,  Scikit-learn 
9060, Keras 
9061, Keras 
9061,  Scikit-learn 
9061,  TensorFlow 
9061, Xgboost 
9062,  Scikit-learn 
9062,  TensorFlow 
9062, Keras 
9065, Keras 
9065,  Scikit-learn 
9065,  TensorFlow 
9065, Xgboost 
9066,  TensorFlow 
9066, Keras 
9066, Xgboost 
9066,  Scikit-learn 
9066, PyTorch 
9066, LightGBM 
9067,  Scikit-learn 
9069, Keras 
9069,  Scikit-learn 
9069, PyTorch 
9069, Xgboost 
9069,  TensorFlow 
9070,  TensorFlow 
9070, Keras 
9070,  Scikit-learn 
9072, Xgboost 
9072,  Scikit-learn 
9072, LightGBM 
9073, PyTorch 
9074,  Scikit-learn 
9074, LightGBM 
9074, PyTorch 
9074, PyTorch Lightning 
9074, Xgboost 
9074, Fast.ai 
9074,  TensorFlow 
9075, PyTorch Lightning 
9075, PyTorch 
9075, LightGBM 
9075, CatBoost 
9075, Xgboost 
9075,  Scikit-learn 
9077,  Scikit-learn 
9077, PyTorch 
9078, Tidymodels 
9079, LightGBM 
9079, Xgboost 
9079, PyTorch 
9079,  Scikit-learn 
9079, CatBoost 
9080,  TensorFlow 
9080, Xgboost 
9080,Other
9080, Keras 
9080,  Scikit-learn 
9081,  TensorFlow 
9081, Keras 
9081, PyTorch 
9081,  Scikit-learn 
9083, PyTorch 
9083, Keras 
9083,  Scikit-learn 
9083, Xgboost 
9083, LightGBM 
9084, Fast.ai 
9084,  Scikit-learn 
9085,Other
9086,  Scikit-learn 
9086,  TensorFlow 
9086, Keras 
9086, PyTorch 
9087,  TensorFlow 
9087, Keras 
9087,  Scikit-learn 
9087, Xgboost 
9089,  TensorFlow 
9089, PyTorch 
9090, Fast.ai 
9090,  Scikit-learn 
9090, PyTorch 
9090, Keras 
9090,  TensorFlow 
9093, PyTorch Lightning 
9093, JAX 
9093, Huggingface 
9093,  Scikit-learn 
9093, Fast.ai 
9093, PyTorch 
9097, Xgboost 
9097,  TensorFlow 
9097,  Scikit-learn 
9098, Keras 
9098,  TensorFlow 
9098,  Scikit-learn 
9098, Xgboost 
9099,Other
9100, Caret 
9100, Xgboost 
9100,  Scikit-learn 
9101, PyTorch 
9101,  Scikit-learn 
9102, Xgboost 
9102,  Scikit-learn 
9103,  Scikit-learn 
9108, Keras 
9108, PyTorch 
9108,  Scikit-learn 
9110, Tidymodels 
9110, Caret 
9110,  Scikit-learn 
9110,  TensorFlow 
9110, Keras 
9111,  TensorFlow 
9111,  Scikit-learn 
9111, Keras 
9112, PyTorch 
9112, JAX 
9112, LightGBM 
9112,  Scikit-learn 
9112, Huggingface 
9113, Huggingface 
9113,  Scikit-learn 
9113, LightGBM 
9113, Xgboost 
9113, PyTorch 
9114, PyTorch 
9114, Keras 
9114, Xgboost 
9114,  Scikit-learn 
9115,  Scikit-learn 
9115, PyTorch 
9115, Keras 
9116,  TensorFlow 
9116, PyTorch 
9116,  Scikit-learn 
9116, Keras 
9119, PyTorch 
9119,  TensorFlow 
9121, Xgboost 
9121, PyTorch 
9121, Keras 
9121,  TensorFlow 
9122,  Scikit-learn 
9122, PyTorch 
9124,  TensorFlow 
9124,  Scikit-learn 
9125,  Scikit-learn 
9127,  Scikit-learn 
9127, Xgboost 
9129,  Scikit-learn 
9129,Other
9130,  Scikit-learn 
9131,  TensorFlow 
9131,  Scikit-learn 
9131, Keras 
9132,  TensorFlow 
9133,  TensorFlow 
9133, Keras 
9133, PyTorch 
9133, Xgboost 
9133,  Scikit-learn 
9136,  Scikit-learn 
9139, CatBoost 
9139, Xgboost 
9139,  Scikit-learn 
9139, Keras 
9139,  TensorFlow 
9140,  TensorFlow 
9140, Keras 
9142, Keras 
9142,  TensorFlow 
9143,  TensorFlow 
9143,  Scikit-learn 
9144,  TensorFlow 
9144,  Scikit-learn 
9144, Keras 
9144, PyTorch 
9144, PyTorch Lightning 
9144, Xgboost 
9145, LightGBM 
9145,  Scikit-learn 
9146,  Scikit-learn 
9148, Keras 
9148,  TensorFlow 
9150,  Scikit-learn 
9150, Keras 
9150, Xgboost 
9151, Xgboost 
9151,  Scikit-learn 
9151, PyTorch 
9152,  Scikit-learn 
9152, Keras 
9152,  TensorFlow 
9153,  Scikit-learn 
9154, Caret 
9154,  Scikit-learn 
9154,  TensorFlow 
9154, Keras 
9157,  Scikit-learn 
9157,  TensorFlow 
9158,  Scikit-learn 
9158, Xgboost 
9159, PyTorch 
9159,  TensorFlow 
9159,  Scikit-learn 
9160, CatBoost 
9160, Xgboost 
9160, Keras 
9160,  TensorFlow 
9160, Huggingface 
9160, LightGBM 
9160,  Scikit-learn 
9160, PyTorch 
9161,  TensorFlow 
9161, JAX 
9161, Tidymodels 
9161, CatBoost 
9161,  Scikit-learn 
9161, PyTorch Lightning 
9161, LightGBM 
9161, PyTorch 
9161, Caret 
9161, Keras 
9161, Huggingface 
9161, Xgboost 
9161, Fast.ai 
9162, Xgboost 
9162, CatBoost 
9162,  Scikit-learn 
9162, Keras 
9162,  TensorFlow 
9163,  Scikit-learn 
9163, Xgboost 
9164, CatBoost 
9164,  TensorFlow 
9164,  Scikit-learn 
9164, Xgboost 
9164, Keras 
9165, Caret 
9165,  Scikit-learn 
9166,  Scikit-learn 
9168,  TensorFlow 
9168, Keras 
9169,  Scikit-learn 
9170,  TensorFlow 
9170, Xgboost 
9170, Keras 
9170, PyTorch 
9170,  Scikit-learn 
9171,Other
9173,  TensorFlow 
9173,  Scikit-learn 
9176,  Scikit-learn 
9177,  TensorFlow 
9177,  Scikit-learn 
9177, Keras 
9178, PyTorch Lightning 
9178, PyTorch 
9178, Tidymodels 
9178, Xgboost 
9179,  Scikit-learn 
9180,  TensorFlow 
9180,  Scikit-learn 
9180, PyTorch 
9181, CatBoost 
9181,  Scikit-learn 
9181, LightGBM 
9181, Caret 
9181, Xgboost 
9182, Xgboost 
9182,  Scikit-learn 
9184, LightGBM 
9184, Xgboost 
9184,  Scikit-learn 
9184, Keras 
9184, PyTorch 
9184,  TensorFlow 
9185,  Scikit-learn 
9185,  TensorFlow 
9185, Keras 
9185, PyTorch 
9185, LightGBM 
9185, Xgboost 
9187,  TensorFlow 
9187, Keras 
9187,  Scikit-learn 
9188, Keras 
9188, PyTorch 
9188,  Scikit-learn 
9188,  TensorFlow 
9189,  Scikit-learn 
9190, Xgboost 
9190,  TensorFlow 
9190,  Scikit-learn 
9191,  TensorFlow 
9191,  Scikit-learn 
9191, Keras 
9192,  TensorFlow 
9192,  Scikit-learn 
9192, Xgboost 
9192, Keras 
9193, PyTorch 
9193, Keras 
9193,  Scikit-learn 
9193,  TensorFlow 
9193, Xgboost 
9195, Caret 
9196, CatBoost 
9196, LightGBM 
9196,  Scikit-learn 
9197, Tidymodels 
9198, Keras 
9198, PyTorch 
9198,  TensorFlow 
9198,  Scikit-learn 
9199, PyTorch 
9201,  Scikit-learn 
9203, Keras 
9203,  TensorFlow 
9203,  Scikit-learn 
9204,Other
9205,  Scikit-learn 
9206, PyTorch 
9206, PyTorch Lightning 
9208,  TensorFlow 
9208,  Scikit-learn 
9208, Keras 
9209,Other
9210, Keras 
9210, PyTorch 
9210,  Scikit-learn 
9214,  Scikit-learn 
9214, Xgboost 
9215, Xgboost 
9215,Other
9215,  Scikit-learn 
9215, LightGBM 
9216, PyTorch 
9217,  Scikit-learn 
9217, LightGBM 
9217, Xgboost 
9219,  Scikit-learn 
9219, Xgboost 
9219,  TensorFlow 
9219, Keras 
9220,  Scikit-learn 
9221,  Scikit-learn 
9222, PyTorch 
9223, PyTorch 
9223,  Scikit-learn 
9223, Xgboost 
9223, Keras 
9223,  TensorFlow 
9224, Xgboost 
9224,  Scikit-learn 
9227,  Scikit-learn 
9229, Keras 
9229,  TensorFlow 
9229,  Scikit-learn 
9229, PyTorch 
9232, Xgboost 
9232,  Scikit-learn 
9233, PyTorch 
9235, CatBoost 
9235, LightGBM 
9235,  Scikit-learn 
9235, Xgboost 
9237,  Scikit-learn 
9237,  TensorFlow 
9237, Huggingface 
9237, Keras 
9238,  Scikit-learn 
9238,Other
9239, Keras 
9239,  TensorFlow 
9240, PyTorch 
9242, Xgboost 
9242,  Scikit-learn 
9242, LightGBM 
9243,  TensorFlow 
9243, Xgboost 
9243,  Scikit-learn 
9246,  Scikit-learn 
9246,  TensorFlow 
9246, Keras 
9246, Xgboost 
9246, PyTorch 
9247,  Scikit-learn 
9248, PyTorch 
9250, LightGBM 
9251, LightGBM 
9251, PyTorch 
9251,  TensorFlow 
9251, PyTorch Lightning 
9252, Keras 
9252,  TensorFlow 
9254, Caret 
9254,  Scikit-learn 
9255, Xgboost 
9255,  TensorFlow 
9260,  Scikit-learn 
9260, Keras 
9260, Xgboost 
9260,  TensorFlow 
9261,  Scikit-learn 
9261,  TensorFlow 
9261, Xgboost 
9261, Keras 
9265,  TensorFlow 
9265,  Scikit-learn 
9265, Keras 
9265, Xgboost 
9266,  TensorFlow 
9266, Xgboost 
9266, Caret 
9266,  Scikit-learn 
9266, Keras 
9267, Keras 
9267,  TensorFlow 
9267, PyTorch 
9267,  Scikit-learn 
9267, Xgboost 
9268, PyTorch Lightning 
9268, Keras 
9268, PyTorch 
9268,  TensorFlow 
9268,  Scikit-learn 
9269, LightGBM 
9269,  Scikit-learn 
9269, Xgboost 
9269, CatBoost 
9270,  Scikit-learn 
9270,  TensorFlow 
9272, Xgboost 
9272,  TensorFlow 
9272,  Scikit-learn 
9272, Keras 
9274, Huggingface 
9274, PyTorch Lightning 
9274, Xgboost 
9274, PyTorch 
9274, Fast.ai 
9274,  Scikit-learn 
9275,  Scikit-learn 
9275, Xgboost 
9276,  Scikit-learn 
9277, Xgboost 
9277, LightGBM 
9277,  Scikit-learn 
9280, Keras 
9280,  TensorFlow 
9280, PyTorch 
9281, Huggingface 
9281, JAX 
9281, PyTorch 
9281, Keras 
9281,  TensorFlow 
9282, Xgboost 
9282,  TensorFlow 
9282, Keras 
9282, PyTorch 
9283, Xgboost 
9283,  TensorFlow 
9283, Keras 
9283,  Scikit-learn 
9285,  TensorFlow 
9286, Keras 
9286, CatBoost 
9286, LightGBM 
9286,  Scikit-learn 
9286, PyTorch Lightning 
9287, PyTorch 
9287,  Scikit-learn 
9288, Keras 
9288,  TensorFlow 
9288,  Scikit-learn 
9290,  Scikit-learn 
9291,  TensorFlow 
9292, Tidymodels 
9292,  Scikit-learn 
9293,  Scikit-learn 
9293,  TensorFlow 
9297, PyTorch 
9297,  Scikit-learn 
9298, PyTorch Lightning 
9298,  Scikit-learn 
9298,  TensorFlow 
9298, CatBoost 
9298, Xgboost 
9298, PyTorch 
9300, Fast.ai 
9300,  Scikit-learn 
9302, Xgboost 
9302, PyTorch 
9302,  Scikit-learn 
9302,  TensorFlow 
9302, Keras 
9303,  Scikit-learn 
9303,  TensorFlow 
9304, Xgboost 
9304, Keras 
9304, LightGBM 
9304,  Scikit-learn 
9305, LightGBM 
9305, Xgboost 
9305,  Scikit-learn 
9305, PyTorch Lightning 
9305,  TensorFlow 
9305, PyTorch 
9305, Keras 
9308,  Scikit-learn 
9308,  TensorFlow 
9309,  TensorFlow 
9309, Xgboost 
9309, Keras 
9309,  Scikit-learn 
9312,  Scikit-learn 
9312,  TensorFlow 
9315,  TensorFlow 
9317, Keras 
9317,  TensorFlow 
9317,Other
9317,  Scikit-learn 
9317, Caret 
9319,Other
9320,  TensorFlow 
9321, PyTorch 
9322,  Scikit-learn 
9322, Keras 
9322,  TensorFlow 
9323, Xgboost 
9323, Huggingface 
9323,  Scikit-learn 
9323, Keras 
9323,  TensorFlow 
9323, LightGBM 
9323, CatBoost 
9326,  Scikit-learn 
9326, PyTorch 
9326, Xgboost 
9326, Keras 
9326, LightGBM 
9326, CatBoost 
9326,  TensorFlow 
9326, PyTorch Lightning 
9327,  Scikit-learn 
9328, Xgboost 
9328,  Scikit-learn 
9328, Keras 
9329,  Scikit-learn 
9330,  Scikit-learn 
9330, Keras 
9330,  TensorFlow 
9331, Keras 
9331,  TensorFlow 
9331,  Scikit-learn 
9332, LightGBM 
9332,  Scikit-learn 
9332,  TensorFlow 
9334, LightGBM 
9334, PyTorch 
9334,  TensorFlow 
9334, PyTorch Lightning 
9336, Keras 
9336, Xgboost 
9336,  TensorFlow 
9336, PyTorch 
9336,  Scikit-learn 
9336, Huggingface 
9336, PyTorch Lightning 
9337, Keras 
9337,  Scikit-learn 
9337,  TensorFlow 
9337, PyTorch 
9338, PyTorch Lightning 
9338,  Scikit-learn 
9340,  Scikit-learn 
9340,  TensorFlow 
9340, Keras 
9341,  Scikit-learn 
9341,  TensorFlow 
9342,  Scikit-learn 
9342, Xgboost 
9344,  Scikit-learn 
9344, Keras 
9344, Xgboost 
9344,  TensorFlow 
9346, Keras 
9346,  TensorFlow 
9348, Xgboost 
9348, Keras 
9348,  TensorFlow 
9348, PyTorch 
9348,  Scikit-learn 
9349,  Scikit-learn 
9350,  Scikit-learn 
9350,  TensorFlow 
9350, Keras 
9350, PyTorch 
9352, PyTorch Lightning 
9352,  Scikit-learn 
9355,  Scikit-learn 
9355, Keras 
9355, PyTorch Lightning 
9355, Fast.ai 
9357, JAX 
9358, Tidymodels 
9359,  TensorFlow 
9359,  Scikit-learn 
9359, Keras 
9359, Xgboost 
9360,  Scikit-learn 
9362,  Scikit-learn 
9362, Xgboost 
9363,  Scikit-learn 
9363,  TensorFlow 
9363, Keras 
9364,  Scikit-learn 
9364, PyTorch 
9364,  TensorFlow 
9365, Xgboost 
9365,  Scikit-learn 
9366,  Scikit-learn 
9367,  Scikit-learn 
9368, PyTorch 
9368, PyTorch Lightning 
9368, JAX 
9369,  Scikit-learn 
9369, PyTorch 
9370, CatBoost 
9370,  Scikit-learn 
9370, PyTorch 
9370, LightGBM 
9370,  TensorFlow 
9370, Xgboost 
9372, Huggingface 
9372, PyTorch 
9372, CatBoost 
9372,  Scikit-learn 
9373,  Scikit-learn 
9374,  TensorFlow 
9374, Keras 
9374,  Scikit-learn 
9376,  TensorFlow 
9376,  Scikit-learn 
9377,  Scikit-learn 
9379,  Scikit-learn 
9379, Xgboost 
9382, Keras 
9382,  Scikit-learn 
9382,  TensorFlow 
9383, PyTorch 
9383,  Scikit-learn 
9383, Keras 
9384,  Scikit-learn 
9384,  TensorFlow 
9384, CatBoost 
9384, PyTorch Lightning 
9384, PyTorch 
9384, LightGBM 
9384, Fast.ai 
9384, Keras 
9386,  Scikit-learn 
9389,  Scikit-learn 
9391,  Scikit-learn 
9391,  TensorFlow 
9391, Keras 
9392,  Scikit-learn 
9393,  Scikit-learn 
9395,  Scikit-learn 
9395,  TensorFlow 
9397, Xgboost 
9397,  Scikit-learn 
9397, Caret 
9397, CatBoost 
9401, Caret 
9402, Keras 
9402,  TensorFlow 
9404,  Scikit-learn 
9408, Xgboost 
9408,  Scikit-learn 
9410, Caret 
9410, Xgboost 
9413,  TensorFlow 
9413,  Scikit-learn 
9414, Xgboost 
9414, Keras 
9414,  Scikit-learn 
9414,  TensorFlow 
9414, PyTorch 
9415, PyTorch 
9415,  TensorFlow 
9416, Xgboost 
9416,  Scikit-learn 
9416, Keras 
9416, Caret 
9416,  TensorFlow 
9417,Other
9418, Keras 
9418, PyTorch 
9418,  Scikit-learn 
9418,  TensorFlow 
9419, PyTorch 
9419,  Scikit-learn 
9419,  TensorFlow 
9419, Keras 
9420,  TensorFlow 
9420, Xgboost 
9420, Keras 
9420, LightGBM 
9420,  Scikit-learn 
9421, Huggingface 
9421, PyTorch 
9421,  TensorFlow 
9422,  Scikit-learn 
9422,  TensorFlow 
9422, Keras 
9425, PyTorch 
9426,  Scikit-learn 
9427,  Scikit-learn 
9428,  TensorFlow 
9428, Keras 
9428, Xgboost 
9429, Huggingface 
9429, Keras 
9429, PyTorch 
9430, Tidymodels 
9431,  Scikit-learn 
9431,  TensorFlow 
9433, Huggingface 
9433,  Scikit-learn 
9433, Fast.ai 
9433, PyTorch 
9433,  TensorFlow 
9433, Keras 
9434, Xgboost 
9434,  Scikit-learn 
9436,  Scikit-learn 
9437,  Scikit-learn 
9438, Fast.ai 
9438,  TensorFlow 
9438, Xgboost 
9438, Huggingface 
9438, PyTorch 
9438,  Scikit-learn 
9438, Keras 
9438, Caret 
9438, LightGBM 
9440,  TensorFlow 
9440,  Scikit-learn 
9440, Keras 
9441,  Scikit-learn 
9442,  Scikit-learn 
9442, Keras 
9442,  TensorFlow 
9442,Other
9445,  Scikit-learn 
9445, CatBoost 
9445,  TensorFlow 
9445, Keras 
9445, Xgboost 
9447, PyTorch 
9447, Keras 
9447, CatBoost 
9447,  TensorFlow 
9447, Xgboost 
9447, PyTorch Lightning 
9447,  Scikit-learn 
9448,  TensorFlow 
9448, Xgboost 
9448, LightGBM 
9448, CatBoost 
9448, Keras 
9448,  Scikit-learn 
9449,  Scikit-learn 
9450,  Scikit-learn 
9452,Other
9453,Other
9454,  TensorFlow 
9454, Keras 
9454, PyTorch 
9454,  Scikit-learn 
9455, PyTorch Lightning 
9455, PyTorch 
9455,  TensorFlow 
9456,  Scikit-learn 
9457, Xgboost 
9457,  TensorFlow 
9457, LightGBM 
9457, Keras 
9457, Huggingface 
9457,  Scikit-learn 
9458,  TensorFlow 
9458,  Scikit-learn 
9458, LightGBM 
9458, Xgboost 
9458, Keras 
9459,  TensorFlow 
9459,  Scikit-learn 
9460, Keras 
9460,  Scikit-learn 
9460,  TensorFlow 
9461, Huggingface 
9461, Xgboost 
9461, PyTorch 
9461,  Scikit-learn 
9461,  TensorFlow 
9461, CatBoost 
9461, LightGBM 
9461, PyTorch Lightning 
9463, Xgboost 
9463,  Scikit-learn 
9463, Keras 
9463, CatBoost 
9465, Keras 
9466,  Scikit-learn 
9466, Xgboost 
9468, PyTorch 
9468, Huggingface 
9472,  TensorFlow 
9472, Keras 
9472,  Scikit-learn 
9473, Keras 
9473, PyTorch 
9473,  TensorFlow 
9475,  Scikit-learn 
9475, PyTorch 
9477, Xgboost 
9482, LightGBM 
9482,  Scikit-learn 
9485,  Scikit-learn 
9485,  TensorFlow 
9486, Xgboost 
9486, Caret 
9486,  Scikit-learn 
9487,  Scikit-learn 
9487,Other
9489, Keras 
9489,  TensorFlow 
9489,  Scikit-learn 
9490,  Scikit-learn 
9491,  Scikit-learn 
9491, LightGBM 
9491, Xgboost 
9491, CatBoost 
9491,  TensorFlow 
9491, Keras 
9491, PyTorch 
9492,  TensorFlow 
9492, Keras 
9492,  Scikit-learn 
9494,  Scikit-learn 
9494, Xgboost 
9494, LightGBM 
9498, LightGBM 
9498, Fast.ai 
9498, PyTorch 
9498,  TensorFlow 
9498, Keras 
9498, Xgboost 
9500,  Scikit-learn 
9501,  Scikit-learn 
9501,Other
9501, PyTorch Lightning 
9501,  TensorFlow 
9501, PyTorch 
9501, Keras 
9502,  TensorFlow 
9502,  Scikit-learn 
9505,  Scikit-learn 
9506, PyTorch 
9506,  Scikit-learn 
9506, Keras 
9506,  TensorFlow 
9508,  Scikit-learn 
9508, Xgboost 
9509, PyTorch 
9509,  Scikit-learn 
9510, LightGBM 
9510, Xgboost 
9510,  Scikit-learn 
9510, Huggingface 
9510, PyTorch 
9510, Fast.ai 
9512,  Scikit-learn 
9512, PyTorch 
9513,  Scikit-learn 
9513,  TensorFlow 
9515,  Scikit-learn 
9515, Caret 
9515, PyTorch Lightning 
9517,  Scikit-learn 
9517, Xgboost 
9517,  TensorFlow 
9517, Huggingface 
9517, Keras 
9519,  Scikit-learn 
9521, Xgboost 
9521, LightGBM 
9521,  Scikit-learn 
9522, Huggingface 
9522,  TensorFlow 
9522, PyTorch 
9523, PyTorch 
9524, Xgboost 
9524,  Scikit-learn 
9525,  Scikit-learn 
9525, LightGBM 
9525, Xgboost 
9526,  Scikit-learn 
9529, PyTorch 
9529, Tidymodels 
9529,  TensorFlow 
9529, Keras 
9529,  Scikit-learn 
9530,  Scikit-learn 
9530, PyTorch 
9530,  TensorFlow 
9530, Keras 
9531, Fast.ai 
9531,  Scikit-learn 
9532, Keras 
9532, Xgboost 
9532,  TensorFlow 
9532, Huggingface 
9532,  Scikit-learn 
9533, PyTorch 
9533,  Scikit-learn 
9533, Keras 
9533, PyTorch Lightning 
9533,  TensorFlow 
9534, PyTorch Lightning 
9534, PyTorch 
9535, Keras 
9535,  Scikit-learn 
9535,  TensorFlow 
9542,  TensorFlow 
9542, Keras 
9542,  Scikit-learn 
9543,  TensorFlow 
9543,  Scikit-learn 
9543, Keras 
9544,  Scikit-learn 
9545, PyTorch 
9546,  Scikit-learn 
9546, PyTorch 
9546,  TensorFlow 
9546, PyTorch Lightning 
9547, CatBoost 
9547,  TensorFlow 
9547, Keras 
9547, Xgboost 
9548, Xgboost 
9548,  Scikit-learn 
9548, Caret 
9549,  Scikit-learn 
9549,  TensorFlow 
9550,  Scikit-learn 
9550, PyTorch Lightning 
9550, LightGBM 
9550, Xgboost 
9550, Huggingface 
9550, Fast.ai 
9550, PyTorch 
9552, PyTorch 
9552,  Scikit-learn 
9552,Other
9552,  TensorFlow 
9553,  Scikit-learn 
9557, Caret 
9558,  Scikit-learn 
9558,  TensorFlow 
9558, Xgboost 
9558, Keras 
9561, PyTorch 
9561, Xgboost 
9561, Keras 
9561,  Scikit-learn 
9561,  TensorFlow 
9561, Huggingface 
9562,  Scikit-learn 
9562,  TensorFlow 
9563, Keras 
9563,  TensorFlow 
9563,  Scikit-learn 
9564,  Scikit-learn 
9564, Xgboost 
9565,  Scikit-learn 
9568,  Scikit-learn 
9569, CatBoost 
9569,  Scikit-learn 
9571,  TensorFlow 
9571, Keras 
9571,  Scikit-learn 
9572,  Scikit-learn 
9573,  Scikit-learn 
9574,  Scikit-learn 
9575,  TensorFlow 
9575, Keras 
9575, PyTorch Lightning 
9575,  Scikit-learn 
9575, Xgboost 
9575, PyTorch 
9577,  TensorFlow 
9577, PyTorch 
9577,  Scikit-learn 
9578, PyTorch 
9578,  TensorFlow 
9580, Keras 
9580,  Scikit-learn 
9580,  TensorFlow 
9581, Keras 
9581, Xgboost 
9581, Tidymodels 
9581, Caret 
9581,  TensorFlow 
9582,  TensorFlow 
9582, CatBoost 
9582,  Scikit-learn 
9582, LightGBM 
9582, Fast.ai 
9582, Xgboost 
9582, Huggingface 
9582, PyTorch 
9582, Keras 
9584,  TensorFlow 
9586,  Scikit-learn 
9586,  TensorFlow 
9592, Caret 
9592,  Scikit-learn 
9593, Xgboost 
9593,  Scikit-learn 
9594, PyTorch 
9594,  Scikit-learn 
9594,  TensorFlow 
9595, Xgboost 
9595, Keras 
9595, PyTorch 
9595, LightGBM 
9595, PyTorch Lightning 
9595,  TensorFlow 
9595, Tidymodels 
9595,  Scikit-learn 
9597, Xgboost 
9597,  Scikit-learn 
9599,  TensorFlow 
9599, Keras 
9599,  Scikit-learn 
9599, Xgboost 
9600,  Scikit-learn 
9602, Keras 
9602,  Scikit-learn 
9602, CatBoost 
9603, Keras 
9603,  TensorFlow 
9604, Xgboost 
9604, CatBoost 
9604, LightGBM 
9607, CatBoost 
9607,  Scikit-learn 
9607, Xgboost 
9607, LightGBM 
9608, Keras 
9608, LightGBM 
9608,  Scikit-learn 
9608, Xgboost 
9608,  TensorFlow 
9610, PyTorch 
9610, Keras 
9610,  TensorFlow 
9612,  TensorFlow 
9614,  Scikit-learn 
9615,  Scikit-learn 
9616, Keras 
9616,  Scikit-learn 
9616,  TensorFlow 
9619,  TensorFlow 
9619,  Scikit-learn 
9620,  Scikit-learn 
9620,  TensorFlow 
9620, PyTorch 
9620, Keras 
9621,  TensorFlow 
9621,  Scikit-learn 
9621, Xgboost 
9621, Keras 
9623, Keras 
9623,Other
9623, PyTorch 
9623,  TensorFlow 
9623, Xgboost 
9623,  Scikit-learn 
9625,  TensorFlow 
9626, PyTorch 
9626, Huggingface 
9626,  Scikit-learn 
9626, PyTorch Lightning 
9627,  Scikit-learn 
9629, PyTorch 
9629, Fast.ai 
9629,  Scikit-learn 
9629,  TensorFlow 
9629, Keras 
9630,  Scikit-learn 
9631, Keras 
9631,  TensorFlow 
9631,  Scikit-learn 
9632,  Scikit-learn 
9632,  TensorFlow 
9633, Fast.ai 
9633, PyTorch Lightning 
9633, PyTorch 
9633, Xgboost 
9633,  Scikit-learn 
9633, Keras 
9633, Caret 
9633,  TensorFlow 
9634,  Scikit-learn 
9634, CatBoost 
9634, PyTorch Lightning 
9634, LightGBM 
9634, PyTorch 
9634, Xgboost 
9635,  Scikit-learn 
9637, Tidymodels 
9637, Caret 
9640, Keras 
9640,  TensorFlow 
9640,  Scikit-learn 
9643, Keras 
9643, Caret 
9643, PyTorch Lightning 
9643,  TensorFlow 
9643, PyTorch 
9644, PyTorch 
9644,  TensorFlow 
9646,  TensorFlow 
9646, PyTorch 
9646,  Scikit-learn 
9646, Keras 
9650,  Scikit-learn 
9651, Huggingface 
9651, CatBoost 
9651,  Scikit-learn 
9651, LightGBM 
9651, PyTorch 
9653,  Scikit-learn 
9653,  TensorFlow 
9654, PyTorch 
9654,  TensorFlow 
9654, Keras 
9657,  TensorFlow 
9657, PyTorch 
9659, PyTorch 
9659,  TensorFlow 
9659,  Scikit-learn 
9659, Keras 
9659, Xgboost 
9661,  Scikit-learn 
9663, Xgboost 
9663,  Scikit-learn 
9663, Keras 
9664,  Scikit-learn 
9665,  TensorFlow 
9666,  Scikit-learn 
9666, Keras 
9666,  TensorFlow 
9667,  Scikit-learn 
9667, Keras 
9668, Xgboost 
9668,  Scikit-learn 
9670,  Scikit-learn 
9670, Huggingface 
9670, PyTorch 
9670,  TensorFlow 
9671,  TensorFlow 
9671,  Scikit-learn 
9671, Keras 
9672,  Scikit-learn 
9675, Huggingface 
9675, PyTorch Lightning 
9675,  Scikit-learn 
9675, PyTorch 
9676,  Scikit-learn 
9677, CatBoost 
9677,  Scikit-learn 
9677, Keras 
9677, Xgboost 
9677,  TensorFlow 
9678,  Scikit-learn 
9678, Keras 
9678, PyTorch 
9678, Xgboost 
9678,  TensorFlow 
9678, LightGBM 
9679,  Scikit-learn 
9679,  TensorFlow 
9679, Keras 
9679, Xgboost 
9681,  TensorFlow 
9681,  Scikit-learn 
9682,  Scikit-learn 
9682,  TensorFlow 
9682, PyTorch Lightning 
9683, Keras 
9683, PyTorch 
9683, Huggingface 
9683, Xgboost 
9684, Fast.ai 
9684, Keras 
9684,  Scikit-learn 
9684,  TensorFlow 
9685,  TensorFlow 
9685, Keras 
9685,  Scikit-learn 
9686, Keras 
9686,  Scikit-learn 
9686, Xgboost 
9686,  TensorFlow 
9687,  Scikit-learn 
9687,  TensorFlow 
9688,Other
9689, PyTorch 
9689,  Scikit-learn 
9689, Keras 
9689,  TensorFlow 
9690,  TensorFlow 
9690, PyTorch 
9690, Keras 
9691,  Scikit-learn 
9694,  TensorFlow 
9694,  Scikit-learn 
9698,  TensorFlow 
9698,  Scikit-learn 
9698, PyTorch 
9699,Other
9700,  Scikit-learn 
9701, Tidymodels 
9701, Caret 
9701, Xgboost 
9702,  Scikit-learn 
9703,  TensorFlow 
9704,  TensorFlow 
9704, Keras 
9706,  Scikit-learn 
9707,  Scikit-learn 
9709, Keras 
9709,  TensorFlow 
9709,Other
9710,  TensorFlow 
9710, PyTorch 
9712,  TensorFlow 
9712, Keras 
9712,  Scikit-learn 
9714, Xgboost 
9714,  Scikit-learn 
9715,  TensorFlow 
9715, PyTorch 
9715, Keras 
9715,  Scikit-learn 
9716,  Scikit-learn 
9721,  Scikit-learn 
9722,  Scikit-learn 
9722, LightGBM 
9723, Xgboost 
9723, LightGBM 
9723,  Scikit-learn 
9723, JAX 
9723, PyTorch 
9724,  Scikit-learn 
9724, Xgboost 
9725,  TensorFlow 
9725,  Scikit-learn 
9726, PyTorch 
9726,  TensorFlow 
9726,  Scikit-learn 
9727,  Scikit-learn 
9727, Keras 
9727, LightGBM 
9727, Xgboost 
9727, CatBoost 
9730, PyTorch 
9731,  Scikit-learn 
9732, PyTorch 
9732,  Scikit-learn 
9733,  Scikit-learn 
9734, PyTorch 
9734, Fast.ai 
9735,  Scikit-learn 
9735, Keras 
9738,  Scikit-learn 
9738, CatBoost 
9739, Xgboost 
9739, CatBoost 
9739, LightGBM 
9739,  Scikit-learn 
9739,  TensorFlow 
9740,  Scikit-learn 
9743, PyTorch 
9743, Keras 
9743,  TensorFlow 
9743,  Scikit-learn 
9744,Other
9745, Xgboost 
9748,  Scikit-learn 
9748, Keras 
9748,  TensorFlow 
9749, PyTorch 
9749, Huggingface 
9749,  Scikit-learn 
9749,  TensorFlow 
9750, Keras 
9750,  Scikit-learn 
9751, Huggingface 
9751,  Scikit-learn 
9751, Keras 
9751, Xgboost 
9751, PyTorch 
9751, CatBoost 
9751, LightGBM 
9751,  TensorFlow 
9752, PyTorch 
9752,  Scikit-learn 
9753, Keras 
9753,  Scikit-learn 
9755, Tidymodels 
9755,  Scikit-learn 
9756,  TensorFlow 
9756,  Scikit-learn 
9756, Keras 
9760,  Scikit-learn 
9760, LightGBM 
9760, PyTorch 
9760, Huggingface 
9760, PyTorch Lightning 
9763, PyTorch 
9763, LightGBM 
9763,  Scikit-learn 
9765,  Scikit-learn 
9765, LightGBM 
9765, Xgboost 
9766,  Scikit-learn 
9767, Xgboost 
9767, Keras 
9767,  Scikit-learn 
9767,  TensorFlow 
9768,  TensorFlow 
9768,  Scikit-learn 
9771, LightGBM 
9771, PyTorch 
9771,  Scikit-learn 
9773, Xgboost 
9773,  Scikit-learn 
9773, Keras 
9773, LightGBM 
9773,  TensorFlow 
9773, Caret 
9778,  TensorFlow 
9778, Keras 
9779, PyTorch 
9779,  Scikit-learn 
9783, JAX 
9783,  TensorFlow 
9784,  Scikit-learn 
9784, Keras 
9784,  TensorFlow 
9784, PyTorch 
9786,  Scikit-learn 
9787,  Scikit-learn 
9789, PyTorch Lightning 
9789, Huggingface 
9789,  TensorFlow 
9789, Xgboost 
9789, CatBoost 
9789, LightGBM 
9789, PyTorch 
9790,  Scikit-learn 
9790,  TensorFlow 
9790, CatBoost 
9790, Keras 
9790, Xgboost 
9790, PyTorch 
9791, Keras 
9792, Keras 
9792, PyTorch 
9792, PyTorch Lightning 
9792,  TensorFlow 
9792,  Scikit-learn 
9792,Other
9793, Xgboost 
9793, LightGBM 
9793,  Scikit-learn 
9793,  TensorFlow 
9794,  TensorFlow 
9794, Keras 
9794,  Scikit-learn 
9795,  Scikit-learn 
9795, PyTorch 
9796, PyTorch 
9796,  Scikit-learn 
9796, Keras 
9797,  Scikit-learn 
9798,  Scikit-learn 
9798,  TensorFlow 
9801,  Scikit-learn 
9801, LightGBM 
9801, Huggingface 
9801, PyTorch 
9802, PyTorch 
9802, Keras 
9802,  TensorFlow 
9805, Xgboost 
9805,  Scikit-learn 
9806,  TensorFlow 
9806,  Scikit-learn 
9807, Keras 
9807,  TensorFlow 
9807,  Scikit-learn 
9807, PyTorch 
9808,  TensorFlow 
9808, Keras 
9808, PyTorch 
9808,  Scikit-learn 
9811,  Scikit-learn 
9811, Huggingface 
9811, JAX 
9811, PyTorch 
9811, Xgboost 
9811,  TensorFlow 
9812, PyTorch 
9812,  Scikit-learn 
9812, Keras 
9812,  TensorFlow 
9813, PyTorch 
9813,  Scikit-learn 
9814, Keras 
9814,  Scikit-learn 
9814,  TensorFlow 
9815, Tidymodels 
9816, LightGBM 
9816, CatBoost 
9816, Caret 
9816,  Scikit-learn 
9816, Xgboost 
9817,  Scikit-learn 
9818,  Scikit-learn 
9821, CatBoost 
9821, Xgboost 
9821,  Scikit-learn 
9821, PyTorch 
9821, LightGBM 
9825,  Scikit-learn 
9825,  TensorFlow 
9825, PyTorch 
9826, PyTorch 
9826,  Scikit-learn 
9828, PyTorch 
9828,  TensorFlow 
9830,  Scikit-learn 
9830, Xgboost 
9831,  Scikit-learn 
9833, PyTorch 
9833, LightGBM 
9833,  TensorFlow 
9833, Keras 
9833, Xgboost 
9833,  Scikit-learn 
9834,Other
9834, Xgboost 
9834, Caret 
9834, Tidymodels 
9838,Other
9840, Keras 
9840,  Scikit-learn 
9840,  TensorFlow 
9841,  TensorFlow 
9841,  Scikit-learn 
9842,Other
9844,  Scikit-learn 
9845, Xgboost 
9845,  Scikit-learn 
9847, LightGBM 
9847, PyTorch Lightning 
9847, Keras 
9847,  Scikit-learn 
9847, PyTorch 
9847,  TensorFlow 
9847, Huggingface 
9849, Xgboost 
9849,  Scikit-learn 
9849, CatBoost 
9849, LightGBM 
9849, Tidymodels 
9849, Caret 
9851,  Scikit-learn 
9852, LightGBM 
9852, CatBoost 
9852,  Scikit-learn 
9853,  Scikit-learn 
9853, Xgboost 
9853,  TensorFlow 
9856,  Scikit-learn 
9856, Xgboost 
9856, LightGBM 
9856, CatBoost 
9858, Keras 
9858,  Scikit-learn 
9858,  TensorFlow 
9859, Keras 
9859,  Scikit-learn 
9859, PyTorch 
9859,  TensorFlow 
9860, Xgboost 
9860,  Scikit-learn 
9861,  Scikit-learn 
9862,  Scikit-learn 
9862, PyTorch 
9862, Keras 
9862, Xgboost 
9863,  TensorFlow 
9863, PyTorch 
9863,  Scikit-learn 
9864,  Scikit-learn 
9865,  Scikit-learn 
9866,  Scikit-learn 
9866, PyTorch 
9866,  TensorFlow 
9869, Huggingface 
9869, LightGBM 
9869, PyTorch 
9871, Fast.ai 
9871,  Scikit-learn 
9871, Huggingface 
9873, Keras 
9873,  TensorFlow 
9874, PyTorch 
9874,  Scikit-learn 
9875, Keras 
9875, PyTorch 
9875, Huggingface 
9875,  TensorFlow 
9875,  Scikit-learn 
9877,  Scikit-learn 
9877,  TensorFlow 
9877, Keras 
9882, PyTorch 
9882,  TensorFlow 
9882, Keras 
9882, JAX 
9883, PyTorch 
9883, Xgboost 
9883,  Scikit-learn 
9887,  TensorFlow 
9887, Keras 
9887,  Scikit-learn 
9890,  Scikit-learn 
9891,Other
9892,  Scikit-learn 
9893, Keras 
9893,  Scikit-learn 
9894,  TensorFlow 
9894, PyTorch Lightning 
9894,  Scikit-learn 
9894, PyTorch 
9895,  TensorFlow 
9896,  TensorFlow 
9896, Keras 
9896,  Scikit-learn 
9897,  Scikit-learn 
9897,  TensorFlow 
9897, PyTorch 
9897, Keras 
9898,Other
9899,  Scikit-learn 
9899,  TensorFlow 
9899, Xgboost 
9901, Xgboost 
9901, LightGBM 
9901,  TensorFlow 
9901,  Scikit-learn 
9901, CatBoost 
9902,  TensorFlow 
9902,  Scikit-learn 
9902, Keras 
9902, PyTorch 
9903,  Scikit-learn 
9903, PyTorch 
9904, PyTorch 
9904,  Scikit-learn 
9904,  TensorFlow 
9904, Keras 
9905,  Scikit-learn 
9906,Other
9907, LightGBM 
9907, CatBoost 
9907, PyTorch Lightning 
9907,  Scikit-learn 
9907, Keras 
9907, Xgboost 
9907,  TensorFlow 
9907, PyTorch 
9909, PyTorch 
9909, Xgboost 
9909,  Scikit-learn 
9909, Keras 
9909, Huggingface 
9910,  Scikit-learn 
9910, Xgboost 
9910,  TensorFlow 
9913,  TensorFlow 
9913,  Scikit-learn 
9913, PyTorch 
9914,  Scikit-learn 
9914, Xgboost 
9914, Keras 
9915,  Scikit-learn 
9915, Keras 
9915, PyTorch 
9915,  TensorFlow 
9916,  TensorFlow 
9916, Keras 
9917,  Scikit-learn 
9917, Keras 
9917,  TensorFlow 
9919, Keras 
9919,  Scikit-learn 
9919,  TensorFlow 
9919, Xgboost 
9920,  Scikit-learn 
9921, Caret 
9922,  TensorFlow 
9922, PyTorch 
9923,  TensorFlow 
9923,  Scikit-learn 
9923, Keras 
9923, PyTorch Lightning 
9923, PyTorch 
9924,  TensorFlow 
9924,  Scikit-learn 
9924, Keras 
9926,  Scikit-learn 
9927, PyTorch 
9927,  Scikit-learn 
9927, Keras 
9927,  TensorFlow 
9927, Fast.ai 
9929,  Scikit-learn 
9932, PyTorch 
9932,  TensorFlow 
9932,  Scikit-learn 
9932, Keras 
9933, PyTorch 
9933,  Scikit-learn 
9933, Huggingface 
9933,  TensorFlow 
9936, Xgboost 
9936, PyTorch 
9936, LightGBM 
9937,  Scikit-learn 
9937, PyTorch 
9937,  TensorFlow 
9938,  Scikit-learn 
9939, Xgboost 
9939,  Scikit-learn 
9940, Caret 
9940,  TensorFlow 
9940, Xgboost 
9940, Tidymodels 
9940,  Scikit-learn 
9941, Keras 
9941, PyTorch 
9941, Xgboost 
9941,  Scikit-learn 
9941, Huggingface 
9941,  TensorFlow 
9943, PyTorch 
9943, Keras 
9943,  TensorFlow 
9944,  Scikit-learn 
9944, Xgboost 
9944, Fast.ai 
9944, PyTorch 
9944, Keras 
9945, Xgboost 
9945,  Scikit-learn 
9946,  Scikit-learn 
9946, Keras 
9946, PyTorch 
9946,  TensorFlow 
9947, PyTorch 
9947, Keras 
9947,  TensorFlow 
9948,  TensorFlow 
9948,  Scikit-learn 
9949,  TensorFlow 
9949, Fast.ai 
9949, Xgboost 
9949, Keras 
9949, PyTorch 
9949,  Scikit-learn 
9953, Keras 
9954, PyTorch Lightning 
9954, PyTorch 
9954,  Scikit-learn 
9956,  Scikit-learn 
9956, PyTorch 
9956,  TensorFlow 
9956, Keras 
9957, Xgboost 
9957, Keras 
9957,  Scikit-learn 
9957,  TensorFlow 
9958,  Scikit-learn 
9958, Keras 
9958,  TensorFlow 
9958, Xgboost 
9958, PyTorch Lightning 
9960,  Scikit-learn 
9960, CatBoost 
9961, PyTorch Lightning 
9961, JAX 
9961,  TensorFlow 
9961, Xgboost 
9961,  Scikit-learn 
9961, PyTorch 
9961, Keras 
9961, Huggingface 
9963, Keras 
9963,  TensorFlow 
9963,  Scikit-learn 
9964, Xgboost 
9964,  TensorFlow 
9964,  Scikit-learn 
9964, Keras 
9965, Xgboost 
9965,  Scikit-learn 
9966,  Scikit-learn 
9967,  TensorFlow 
9967,  Scikit-learn 
9967, Keras 
9968,  Scikit-learn 
9968,  TensorFlow 
9969, Caret 
9974,  TensorFlow 
9974, Xgboost 
9976,  Scikit-learn 
9976, Fast.ai 
9976, Keras 
9976,  TensorFlow 
9977, PyTorch 
9977, Keras 
9977,  Scikit-learn 
9977,  TensorFlow 
9978,  TensorFlow 
9978,  Scikit-learn 
9978, Keras 
9978, PyTorch 
9979,  Scikit-learn 
9979, PyTorch 
9979,  TensorFlow 
9979, Keras 
9980,  Scikit-learn 
9981,  TensorFlow 
9981, Keras 
9981,  Scikit-learn 
9984,  Scikit-learn 
9984, CatBoost 
9984, Xgboost 
9984,  TensorFlow 
9987, Keras 
9987,  TensorFlow 
9988, Tidymodels 
9988,  Scikit-learn 
9989, Keras 
9989,  TensorFlow 
9989,  Scikit-learn 
9992,  Scikit-learn 
9993,  Scikit-learn 
9994, Tidymodels 
9994, Keras 
9995, Huggingface 
9995, PyTorch 
9995,  TensorFlow 
9995, Xgboost 
9995, Keras 
9995, LightGBM 
9995,  Scikit-learn 
9996, PyTorch 
9997, PyTorch 
9997, Huggingface 
9999,  Scikit-learn 
10001,  Scikit-learn 
10002, PyTorch 
10002,  Scikit-learn 
10002,  TensorFlow 
10005, Keras 
10005,  TensorFlow 
10008,  Scikit-learn 
10008, Keras 
10009,  Scikit-learn 
10009, Keras 
10013,  Scikit-learn 
10016, Huggingface 
10016,  Scikit-learn 
10016,  TensorFlow 
10017, PyTorch 
10017, Huggingface 
10017, Xgboost 
10017, LightGBM 
10017, PyTorch Lightning 
10017,  TensorFlow 
10017,  Scikit-learn 
10019, Fast.ai 
10021, CatBoost 
10022, PyTorch 
10022,  Scikit-learn 
10022, Huggingface 
10022,  TensorFlow 
10022, LightGBM 
10022, Xgboost 
10023,  Scikit-learn 
10025, Keras 
10025, PyTorch 
10025,  Scikit-learn 
10025,  TensorFlow 
10028,  TensorFlow 
10028, Keras 
10030,Other
10031,  Scikit-learn 
10033,  Scikit-learn 
10033, PyTorch 
10033,  TensorFlow 
10034,  TensorFlow 
10034,Other
10034,  Scikit-learn 
10034, PyTorch 
10036, PyTorch 
10036,  TensorFlow 
10036, Huggingface 
10036,  Scikit-learn 
10037,  Scikit-learn 
10038,  Scikit-learn 
10038, Keras 
10038,  TensorFlow 
10039,  Scikit-learn 
10039, PyTorch 
10039, Xgboost 
10039, Keras 
10039,  TensorFlow 
10041, Keras 
10041,  Scikit-learn 
10041,  TensorFlow 
10044, Xgboost 
10044,  TensorFlow 
10044,  Scikit-learn 
10044, Keras 
10046,  Scikit-learn 
10046, PyTorch 
10046, Xgboost 
10048,  TensorFlow 
10048,  Scikit-learn 
10050,  Scikit-learn 
10052,  Scikit-learn 
10052, Xgboost 
10052,  TensorFlow 
10052, Keras 
10052, LightGBM 
10052, PyTorch 
10053, PyTorch 
10053, Fast.ai 
10053,  Scikit-learn 
10054,  Scikit-learn 
10056, Keras 
10056, LightGBM 
10056, PyTorch 
10056,  Scikit-learn 
10056, Huggingface 
10056,  TensorFlow 
10056, Xgboost 
10057, Keras 
10057,  Scikit-learn 
10057,  TensorFlow 
10058,  Scikit-learn 
10058,  TensorFlow 
10058, CatBoost 
10058, Keras 
10058, PyTorch 
10058, Xgboost 
10059, Keras 
10059,  TensorFlow 
10061, PyTorch Lightning 
10061, PyTorch 
10061,  Scikit-learn 
10061, Huggingface 
10061, Fast.ai 
10062,  TensorFlow 
10062, Keras 
10063, Caret 
10064,  Scikit-learn 
10070,  Scikit-learn 
10070, Xgboost 
10072, Keras 
10072,  TensorFlow 
10076,  Scikit-learn 
10077,  Scikit-learn 
10077, PyTorch 
10078,  TensorFlow 
10078, Xgboost 
10078,  Scikit-learn 
10079,  TensorFlow 
10079, Xgboost 
10079, PyTorch 
10079, Keras 
10079,  Scikit-learn 
10081, PyTorch 
10082,  Scikit-learn 
10082,  TensorFlow 
10082, Keras 
10082, PyTorch 
10083,  TensorFlow 
10086, Keras 
10086,  TensorFlow 
10086,  Scikit-learn 
10091,  Scikit-learn 
10091, Keras 
10091,  TensorFlow 
10092, Keras 
10092,  Scikit-learn 
10098,  Scikit-learn 
10098, Keras 
10099,  TensorFlow 
10099, Keras 
10099,  Scikit-learn 
10101,  Scikit-learn 
10104,  TensorFlow 
10106,  TensorFlow 
10106, Keras 
10106,  Scikit-learn 
10106, PyTorch 
10107,  TensorFlow 
10107, Huggingface 
10107,  Scikit-learn 
10108, Huggingface 
10108, Xgboost 
10108,  Scikit-learn 
10108, Fast.ai 
10108, PyTorch 
10109, Huggingface 
10109, PyTorch 
10109,  Scikit-learn 
10110,  Scikit-learn 
10110, CatBoost 
10110, Keras 
10110, LightGBM 
10110, Xgboost 
10110, PyTorch 
10110, PyTorch Lightning 
10110,  TensorFlow 
10111,  Scikit-learn 
10112,  Scikit-learn 
10114, PyTorch 
10114,  Scikit-learn 
10115, PyTorch 
10115, PyTorch Lightning 
10118,  TensorFlow 
10118,  Scikit-learn 
10120,  TensorFlow 
10121,  TensorFlow 
10121, PyTorch 
10121, Keras 
10122,  Scikit-learn 
10122, Xgboost 
10123, Xgboost 
10123,  TensorFlow 
10123, Keras 
10125, Xgboost 
10125, Tidymodels 
10126,  Scikit-learn 
10126,  TensorFlow 
10126, Xgboost 
10127, Keras 
10127,  TensorFlow 
10128,  TensorFlow 
10128,  Scikit-learn 
10128, Xgboost 
10128, Keras 
10130,  Scikit-learn 
10131,  Scikit-learn 
10132,  Scikit-learn 
10132, Keras 
10132,  TensorFlow 
10132, PyTorch Lightning 
10135, Keras 
10135,  Scikit-learn 
10135,  TensorFlow 
10137,  Scikit-learn 
10137, Caret 
10137, CatBoost 
10137,  TensorFlow 
10137, Keras 
10137, Xgboost 
10137, LightGBM 
10140,  TensorFlow 
10142,Other
10145,Other
10145,  Scikit-learn 
10150, Xgboost 
10150,  TensorFlow 
10150, LightGBM 
10150, Huggingface 
10150, PyTorch 
10150,  Scikit-learn 
10150, Caret 
10150, Keras 
10151, Tidymodels 
10151, Caret 
10152,  Scikit-learn 
10152,  TensorFlow 
10153, Caret 
10155,  TensorFlow 
10155, CatBoost 
10155,  Scikit-learn 
10156,  Scikit-learn 
10157,  Scikit-learn 
10158,Other
10158, Caret 
10159, LightGBM 
10159, PyTorch 
10159, PyTorch Lightning 
10159, Caret 
10159, CatBoost 
10160,  TensorFlow 
10160,  Scikit-learn 
10163,  Scikit-learn 
10164,  Scikit-learn 
10164, PyTorch 
10164, Keras 
10165, Caret 
10167,  Scikit-learn 
10171, Huggingface 
10171, JAX 
10171, PyTorch Lightning 
10171, PyTorch 
10172, Keras 
10172, Xgboost 
10172,  TensorFlow 
10172,  Scikit-learn 
10173,  Scikit-learn 
10173, PyTorch 
10173, Xgboost 
10173, Huggingface 
10173, LightGBM 
10174, Keras 
10174,  TensorFlow 
10174,  Scikit-learn 
10175, Xgboost 
10175, PyTorch 
10175,  TensorFlow 
10175, LightGBM 
10175, PyTorch Lightning 
10175, Keras 
10175,  Scikit-learn 
10177, Xgboost 
10177,  Scikit-learn 
10177, PyTorch 
10177,  TensorFlow 
10179, PyTorch 
10181,  Scikit-learn 
10182, Keras 
10182,  Scikit-learn 
10183,  Scikit-learn 
10184, PyTorch 
10184, PyTorch Lightning 
10184,  TensorFlow 
10184, Fast.ai 
10184,  Scikit-learn 
10184, Keras 
10185,  TensorFlow 
10185, Keras 
10186, Fast.ai 
10186, Xgboost 
10186,  TensorFlow 
10186,  Scikit-learn 
10187,  Scikit-learn 
10189, Fast.ai 
10189, Huggingface 
10189, Keras 
10189, PyTorch 
10189,  Scikit-learn 
10189,  TensorFlow 
10191,  Scikit-learn 
10192, PyTorch 
10192, JAX 
10192, LightGBM 
10193, CatBoost 
10193,  Scikit-learn 
10193, Xgboost 
10194,  Scikit-learn 
10194, PyTorch 
10194,  TensorFlow 
10194, Huggingface 
10194, Keras 
10195,  Scikit-learn 
10196, CatBoost 
10196, LightGBM 
10196, Caret 
10196,  Scikit-learn 
10196, Xgboost 
10196, PyTorch 
10197,  TensorFlow 
10197, Xgboost 
10197, PyTorch 
10197, PyTorch Lightning 
10197, CatBoost 
10197,  Scikit-learn 
10199, Xgboost 
10199, Keras 
10199, LightGBM 
10199,  TensorFlow 
10199, Caret 
10199, CatBoost 
10200,  TensorFlow 
10204, Keras 
10204,  TensorFlow 
10204, PyTorch 
10204,  Scikit-learn 
10207,  Scikit-learn 
10207, Xgboost 
10209,  TensorFlow 
10210, Xgboost 
10210,  TensorFlow 
10210, Keras 
10210,  Scikit-learn 
10211,  Scikit-learn 
10211,  TensorFlow 
10211, Keras 
10211, PyTorch 
10211, Fast.ai 
10212,  TensorFlow 
10212,  Scikit-learn 
10216,  TensorFlow 
10216, PyTorch 
10216, Keras 
10216,  Scikit-learn 
10217, Xgboost 
10217,  Scikit-learn 
10217, LightGBM 
10217, CatBoost 
10218, Keras 
10218, Xgboost 
10218,  TensorFlow 
10218,  Scikit-learn 
10220,  Scikit-learn 
10220, Keras 
10221, Xgboost 
10221,  Scikit-learn 
10223,  Scikit-learn 
10223, PyTorch 
10223, Keras 
10223,  TensorFlow 
10226, PyTorch 
10226,  TensorFlow 
10226,  Scikit-learn 
10229, Xgboost 
10229,  TensorFlow 
10229, CatBoost 
10229,  Scikit-learn 
10229, Keras 
10230, LightGBM 
10230, Xgboost 
10230, Keras 
10230,  Scikit-learn 
10232,Other
10232,  Scikit-learn 
10233, PyTorch 
10233,  Scikit-learn 
10235, CatBoost 
10235,  TensorFlow 
10235, LightGBM 
10235, Xgboost 
10235,  Scikit-learn 
10235, Keras 
10237,  Scikit-learn 
10237,  TensorFlow 
10238,  TensorFlow 
10238,  Scikit-learn 
10238, Keras 
10239,  Scikit-learn 
10239,  TensorFlow 
10239, Keras 
10240,  TensorFlow 
10240, Xgboost 
10240,  Scikit-learn 
10240, PyTorch 
10242, Xgboost 
10243,  Scikit-learn 
10243, Xgboost 
10243, JAX 
10243, CatBoost 
10243, Huggingface 
10243, PyTorch 
10243, LightGBM 
10243,  TensorFlow 
10244,  TensorFlow 
10244, Keras 
10245, PyTorch 
10245,  TensorFlow 
10245, PyTorch Lightning 
10245, Keras 
10246,  Scikit-learn 
10247,  Scikit-learn 
10247, Xgboost 
10248,  TensorFlow 
10248, Fast.ai 
10248,  Scikit-learn 
10248, Keras 
10248, Huggingface 
10248, PyTorch 
10250,  TensorFlow 
10250,  Scikit-learn 
10252,Other
10254, PyTorch 
10254,  TensorFlow 
10254, Xgboost 
10256,  TensorFlow 
10256, Xgboost 
10256,  Scikit-learn 
10256, Keras 
10258, Huggingface 
10258,  Scikit-learn 
10258, Xgboost 
10258, JAX 
10258, PyTorch 
10258, PyTorch Lightning 
10258,  TensorFlow 
10259,  Scikit-learn 
10259, PyTorch 
10259,  TensorFlow 
10261,  TensorFlow 
10261, Xgboost 
10261,  Scikit-learn 
10262,  Scikit-learn 
10262, PyTorch 
10262, Tidymodels 
10263, PyTorch 
10263,  Scikit-learn 
10264, PyTorch 
10264, PyTorch Lightning 
10264,  TensorFlow 
10264,  Scikit-learn 
10264, Keras 
10265,  Scikit-learn 
10265, Xgboost 
10268, JAX 
10268,Other
10269,  Scikit-learn 
10269, Keras 
10269, PyTorch 
10270,  Scikit-learn 
10271,  TensorFlow 
10271, Xgboost 
10271, LightGBM 
10271,  Scikit-learn 
10271, CatBoost 
10271, Keras 
10271, PyTorch 
10273,  TensorFlow 
10273, PyTorch 
10274, PyTorch 
10275, LightGBM 
10275,  Scikit-learn 
10275,  TensorFlow 
10276,  Scikit-learn 
10279,  Scikit-learn 
10279, Xgboost 
10279, PyTorch 
10280, Xgboost 
10280,  Scikit-learn 
10281, Xgboost 
10281, Huggingface 
10281,  Scikit-learn 
10282, Tidymodels 
10284, PyTorch Lightning 
10284, PyTorch 
10286,  Scikit-learn 
10286, Keras 
10286,  TensorFlow 
10288, Tidymodels 
10289, Huggingface 
10289,  TensorFlow 
10289, PyTorch 
10289, Keras 
10291, Keras 
10291,  TensorFlow 
10292, PyTorch 
10292,  TensorFlow 
10293, LightGBM 
10293, Caret 
10295,  Scikit-learn 
10296,  Scikit-learn 
10296, Keras 
10296,  TensorFlow 
10296, PyTorch 
10298,  Scikit-learn 
10298, Xgboost 
10299,  TensorFlow 
10300, Xgboost 
10300,  Scikit-learn 
10300, Keras 
10300,  TensorFlow 
10300, PyTorch 
10303,  Scikit-learn 
10303, Keras 
10303,  TensorFlow 
10304, PyTorch Lightning 
10309, Keras 
10309, Xgboost 
10309,  TensorFlow 
10309,  Scikit-learn 
10310,  Scikit-learn 
10310, Keras 
10310, PyTorch Lightning 
10311, Xgboost 
10311,  TensorFlow 
10311, Keras 
10312, Keras 
10312, PyTorch 
10312,  TensorFlow 
10313,  Scikit-learn 
10313, Xgboost 
10314,  Scikit-learn 
10314, Xgboost 
10315, Keras 
10317,  Scikit-learn 
10318,  Scikit-learn 
10318,  TensorFlow 
10320,  TensorFlow 
10320, Keras 
10320,  Scikit-learn 
10322,  Scikit-learn 
10322, CatBoost 
10322, Keras 
10322,  TensorFlow 
10322, LightGBM 
10322, Xgboost 
10323, CatBoost 
10323, LightGBM 
10323, Xgboost 
10323,  Scikit-learn 
10324, Keras 
10324,  Scikit-learn 
10325,  Scikit-learn 
10325,  TensorFlow 
10326, Huggingface 
10326,  TensorFlow 
10326, Keras 
10326,  Scikit-learn 
10328, Keras 
10328,  Scikit-learn 
10328, PyTorch 
10329,  Scikit-learn 
10330,  TensorFlow 
10330, Keras 
10331,  Scikit-learn 
10333,  Scikit-learn 
10337,  TensorFlow 
10337,  Scikit-learn 
10337, PyTorch 
10337, Xgboost 
10339,  TensorFlow 
10339, Keras 
10339, Tidymodels 
10340, Xgboost 
10340,  TensorFlow 
10340, Keras 
10341, PyTorch 
10341,  Scikit-learn 
10341, Keras 
10341,  TensorFlow 
10342,  TensorFlow 
10342,  Scikit-learn 
10342, Keras 
10344,  Scikit-learn 
10346,  Scikit-learn 
10346, PyTorch 
10349, Keras 
10349, Xgboost 
10349,  TensorFlow 
10349,  Scikit-learn 
10351, Caret 
10351, Keras 
10351, Xgboost 
10351,  Scikit-learn 
10352,  TensorFlow 
10353,  Scikit-learn 
10354,  TensorFlow 
10354, Keras 
10354,  Scikit-learn 
10356,  Scikit-learn 
10356, Keras 
10356, Caret 
10356, Xgboost 
10356, Fast.ai 
10356,  TensorFlow 
10356, Huggingface 
10356, LightGBM 
10356, PyTorch 
10357,  Scikit-learn 
10357, Keras 
10358, Xgboost 
10358, JAX 
10358, PyTorch Lightning 
10358, LightGBM 
10358, CatBoost 
10358, PyTorch 
10358,  TensorFlow 
10358, Keras 
10358,  Scikit-learn 
10359,  TensorFlow 
10359, PyTorch 
10360, Keras 
10360,  TensorFlow 
10360,  Scikit-learn 
10360, Xgboost 
10363,  Scikit-learn 
10363, Xgboost 
10364, Keras 
10364,  TensorFlow 
10364,  Scikit-learn 
10366,  Scikit-learn 
10366,  TensorFlow 
10367,  TensorFlow 
10371,  Scikit-learn 
10371, Caret 
10372, Tidymodels 
10372,  Scikit-learn 
10372, PyTorch 
10373,  Scikit-learn 
10373, Huggingface 
10373,  TensorFlow 
10373, JAX 
10373, Keras 
10373, Xgboost 
10374, Keras 
10374,  TensorFlow 
10374,  Scikit-learn 
10375, Xgboost 
10375,  Scikit-learn 
10376,  Scikit-learn 
10376,  TensorFlow 
10376, Keras 
10376, Xgboost 
10378,  Scikit-learn 
10379,  TensorFlow 
10379, Keras 
10383, Keras 
10383,  Scikit-learn 
10383, CatBoost 
10383, Xgboost 
10383,  TensorFlow 
10384,  TensorFlow 
10384, CatBoost 
10384, Caret 
10384, Tidymodels 
10384,  Scikit-learn 
10384, Xgboost 
10384, LightGBM 
10384, Keras 
10385, Keras 
10385,  TensorFlow 
10385,  Scikit-learn 
10385, Huggingface 
10385, PyTorch 
10386,  Scikit-learn 
10386, Keras 
10386, PyTorch 
10386, PyTorch Lightning 
10387,  TensorFlow 
10387,  Scikit-learn 
10387, Keras 
10387, PyTorch 
10388,  TensorFlow 
10388, Huggingface 
10388, PyTorch 
10388, Keras 
10388,  Scikit-learn 
10389, Xgboost 
10389, LightGBM 
10389,  Scikit-learn 
10389, Keras 
10390, PyTorch 
10390, CatBoost 
10390,  Scikit-learn 
10390, Xgboost 
10391, PyTorch 
10392, LightGBM 
10392, Tidymodels 
10392, PyTorch Lightning 
10393, Keras 
10393, Xgboost 
10393, PyTorch 
10393, LightGBM 
10393,  Scikit-learn 
10393,  TensorFlow 
10395,  Scikit-learn 
10396, Xgboost 
10399, PyTorch Lightning 
10399, PyTorch 
10399,  Scikit-learn 
10402, Caret 
10402, Xgboost 
10402, LightGBM 
10402, Keras 
10402, Tidymodels 
10402,  TensorFlow 
10403,  Scikit-learn 
10403,  TensorFlow 
10403, Xgboost 
10403, PyTorch 
10403, Keras 
10404, Keras 
10404,  TensorFlow 
10404,  Scikit-learn 
10406, PyTorch 
10406,  Scikit-learn 
10407, Xgboost 
10407,  TensorFlow 
10407,  Scikit-learn 
10408, Xgboost 
10409,  Scikit-learn 
10411, JAX 
10411,  Scikit-learn 
10411, PyTorch 
10411, Xgboost 
10411, Keras 
10411,  TensorFlow 
10411, Fast.ai 
10412, Keras 
10412,  TensorFlow 
10412,  Scikit-learn 
10412, PyTorch 
10418, LightGBM 
10418,  TensorFlow 
10418, Xgboost 
10418, PyTorch Lightning 
10418,  Scikit-learn 
10418, PyTorch 
10418, Keras 
10422, Keras 
10422,  Scikit-learn 
10422, Xgboost 
10422,  TensorFlow 
10423, Keras 
10423,  TensorFlow 
10423, JAX 
10423, PyTorch Lightning 
10425, Keras 
10425,  Scikit-learn 
10425,  TensorFlow 
10425, Xgboost 
10425, LightGBM 
10425, CatBoost 
10425, PyTorch 
10426, Keras 
10426,  Scikit-learn 
10426,  TensorFlow 
10427,  Scikit-learn 
10427, Huggingface 
10427, PyTorch 
10427, PyTorch Lightning 
10427,  TensorFlow 
10428, PyTorch Lightning 
10428,  TensorFlow 
10428, Keras 
10428,  Scikit-learn 
10428, PyTorch 
10429, Keras 
10429,  TensorFlow 
10429,  Scikit-learn 
10430,  TensorFlow 
10431, Xgboost 
10431,  TensorFlow 
10431,  Scikit-learn 
10431, Keras 
10432, Xgboost 
10432,  Scikit-learn 
10433,  TensorFlow 
10433,  Scikit-learn 
10435,  Scikit-learn 
10435, PyTorch Lightning 
10435, Keras 
10435, PyTorch 
10435,  TensorFlow 
10435, Xgboost 
10436, Huggingface 
10436, Keras 
10436,  Scikit-learn 
10436, PyTorch 
10437, PyTorch 
10437, Xgboost 
10437,  TensorFlow 
10437,  Scikit-learn 
10440,  Scikit-learn 
10440,  TensorFlow 
10440, Xgboost 
10440, Keras 
10441, Keras 
10441,  TensorFlow 
10441, PyTorch 
10441,  Scikit-learn 
10442,  TensorFlow 
10442, PyTorch 
10443,  Scikit-learn 
10444,  Scikit-learn 
10444, PyTorch Lightning 
10447,  Scikit-learn 
10447, Keras 
10447,  TensorFlow 
10448,  Scikit-learn 
10448, PyTorch Lightning 
10448, PyTorch 
10448,  TensorFlow 
10450,  Scikit-learn 
10450, Xgboost 
10451, PyTorch 
10451, Xgboost 
10451,  TensorFlow 
10451, Keras 
10451,  Scikit-learn 
10452, JAX 
10452, Keras 
10452,  Scikit-learn 
10452, PyTorch Lightning 
10452,  TensorFlow 
10452, PyTorch 
10454, LightGBM 
10454, Xgboost 
10454, PyTorch 
10454,  Scikit-learn 
10459,  Scikit-learn 
10459,  TensorFlow 
10460,  Scikit-learn 
10461,  Scikit-learn 
10461, LightGBM 
10461, PyTorch 
10461, Fast.ai 
10461, PyTorch Lightning 
10461, Keras 
10461, CatBoost 
10461, Xgboost 
10462, Keras 
10462,  Scikit-learn 
10462,  TensorFlow 
10463,  TensorFlow 
10463,  Scikit-learn 
10463, Keras 
10465, Keras 
10465,  TensorFlow 
10465, PyTorch 
10470, Caret 
10470,  Scikit-learn 
10470, Tidymodels 
10470, Keras 
10470, PyTorch 
10470,  TensorFlow 
10472,  Scikit-learn 
10473,  Scikit-learn 
10474,Other
10478, Tidymodels 
10480, Keras 
10480,  Scikit-learn 
10480,  TensorFlow 
10481, PyTorch Lightning 
10481, Huggingface 
10481, PyTorch 
10482, Tidymodels 
10482, PyTorch 
10483,  Scikit-learn 
10485,  Scikit-learn 
10485,  TensorFlow 
10486, Xgboost 
10486, PyTorch 
10486,  Scikit-learn 
10487,  TensorFlow 
10487, Xgboost 
10487,  Scikit-learn 
10487, Keras 
10489,  TensorFlow 
10489,  Scikit-learn 
10493,  TensorFlow 
10493,  Scikit-learn 
10493, Keras 
10495,  Scikit-learn 
10495, PyTorch 
10497, Keras 
10497,  Scikit-learn 
10497,  TensorFlow 
10498, PyTorch 
10498, Keras 
10498,  Scikit-learn 
10498,  TensorFlow 
10498, Huggingface 
10499, Keras 
10499,  Scikit-learn 
10499,  TensorFlow 
10500, PyTorch 
10500, Huggingface 
10500,  Scikit-learn 
10501,  Scikit-learn 
10503, Keras 
10503,  TensorFlow 
10503, PyTorch 
10503, JAX 
10504, LightGBM 
10504, CatBoost 
10504, Fast.ai 
10504, Caret 
10504,  TensorFlow 
10504, PyTorch 
10504, Keras 
10504, Huggingface 
10504, Tidymodels 
10504, JAX 
10504, PyTorch Lightning 
10504,  Scikit-learn 
10504, Xgboost 
10506,  Scikit-learn 
10507, Keras 
10507,  Scikit-learn 
10507, PyTorch 
10509,  TensorFlow 
10509,  Scikit-learn 
10509, Keras 
10511,  TensorFlow 
10513, Keras 
10514,Other
10514,  Scikit-learn 
10515, Keras 
10515, PyTorch 
10515,  TensorFlow 
10515,  Scikit-learn 
10517, PyTorch 
10519,  Scikit-learn 
10520,  Scikit-learn 
10520, PyTorch 
10521,  Scikit-learn 
10523,  Scikit-learn 
10525, PyTorch Lightning 
10525, CatBoost 
10526, Keras 
10526,  Scikit-learn 
10526,Other
10526,  TensorFlow 
10529,  Scikit-learn 
10529,  TensorFlow 
10529, Keras 
10530, Caret 
10530, Tidymodels 
10530, Xgboost 
10530, LightGBM 
10530, CatBoost 
10530,  Scikit-learn 
10531, PyTorch 
10531, Xgboost 
10531,  Scikit-learn 
10531, Huggingface 
10531, LightGBM 
10531, PyTorch Lightning 
10533, Xgboost 
10533,  Scikit-learn 
10536,  Scikit-learn 
10536,  TensorFlow 
10537,  TensorFlow 
10537,  Scikit-learn 
10542,  Scikit-learn 
10542,  TensorFlow 
10542, Keras 
10542, PyTorch Lightning 
10542, CatBoost 
10542, Xgboost 
10542, PyTorch 
10543,  Scikit-learn 
10544, Keras 
10544,  Scikit-learn 
10544, PyTorch 
10544,  TensorFlow 
10546,Other
10546,  Scikit-learn 
10549,  TensorFlow 
10549, PyTorch 
10554, PyTorch 
10554,  Scikit-learn 
10556,  Scikit-learn 
10556,  TensorFlow 
10556, Keras 
10556, PyTorch 
10556, Huggingface 
10556, PyTorch Lightning 
10559,  TensorFlow 
10559, Keras 
10560, PyTorch 
10561,  Scikit-learn 
10562, PyTorch 
10562, PyTorch Lightning 
10562,  TensorFlow 
10565,  TensorFlow 
10565, PyTorch 
10565,  Scikit-learn 
10565, Keras 
10566, Keras 
10566,  Scikit-learn 
10566, PyTorch 
10566,  TensorFlow 
10567, PyTorch 
10567,  Scikit-learn 
10567,  TensorFlow 
10570,  Scikit-learn 
10570, LightGBM 
10570, Xgboost 
10570, CatBoost 
10571, Fast.ai 
10571,  TensorFlow 
10571, Keras 
10571, PyTorch 
10571, Huggingface 
10571,  Scikit-learn 
10571, Xgboost 
10573,  Scikit-learn 
10574,Other
10575,  Scikit-learn 
10576, LightGBM 
10576,  Scikit-learn 
10576, PyTorch 
10577,  Scikit-learn 
10582, LightGBM 
10583, Xgboost 
10583,  Scikit-learn 
10583, Keras 
10583,  TensorFlow 
10585, PyTorch 
10586,  Scikit-learn 
10586, Keras 
10586, Xgboost 
10586, LightGBM 
10586, PyTorch 
10586,  TensorFlow 
10589,  Scikit-learn 
10589, Xgboost 
10590, Keras 
10590, PyTorch 
10590,  TensorFlow 
10590,  Scikit-learn 
10592, Huggingface 
10592,Other
10592,  Scikit-learn 
10594,  TensorFlow 
10594, Keras 
10595,  Scikit-learn 
10596,  Scikit-learn 
10598,  Scikit-learn 
10598, Keras 
10598,  TensorFlow 
10598, PyTorch 
10600, Keras 
10600,  TensorFlow 
10601,  Scikit-learn 
10601,  TensorFlow 
10602, Xgboost 
10602,  Scikit-learn 
10603,  Scikit-learn 
10603, Xgboost 
10603, LightGBM 
10604, PyTorch 
10605, Xgboost 
10605, Keras 
10605,  Scikit-learn 
10605, PyTorch 
10605,  TensorFlow 
10606, PyTorch 
10606,  Scikit-learn 
10606,  TensorFlow 
10606, Keras 
10608, Keras 
10608, PyTorch 
10608, Xgboost 
10608,  Scikit-learn 
10608,  TensorFlow 
10608, LightGBM 
10608, CatBoost 
10609, Xgboost 
10613,  Scikit-learn 
10613, PyTorch 
10613,  TensorFlow 
10614,  Scikit-learn 
10616, Keras 
10616,  TensorFlow 
10616, Xgboost 
10617, PyTorch Lightning 
10617,  Scikit-learn 
10619, Huggingface 
10619,  TensorFlow 
10619,  Scikit-learn 
10620, PyTorch 
10626, Keras 
10626, Xgboost 
10627, PyTorch Lightning 
10627, PyTorch 
10627,  TensorFlow 
10627,  Scikit-learn 
10627, Keras 
10628, Fast.ai 
10632,  TensorFlow 
10632, PyTorch 
10632,  Scikit-learn 
10634, Fast.ai 
10634,  Scikit-learn 
10639,  Scikit-learn 
10640, PyTorch 
10641, Keras 
10641,  Scikit-learn 
10641,  TensorFlow 
10642, Xgboost 
10642,  TensorFlow 
10642, PyTorch 
10642, Keras 
10643, Keras 
10643,  Scikit-learn 
10643,  TensorFlow 
10644, Keras 
10644,  TensorFlow 
10644, PyTorch 
10644,  Scikit-learn 
10649, PyTorch 
10650,  TensorFlow 
10651,  TensorFlow 
10651, Keras 
10651,  Scikit-learn 
10651, Xgboost 
10652, LightGBM 
10652, Huggingface 
10652, JAX 
10653, Huggingface 
10653, Keras 
10653,  TensorFlow 
10653,  Scikit-learn 
10654, PyTorch 
10655,  Scikit-learn 
10655, PyTorch 
10655,  TensorFlow 
10655, Keras 
10655, Xgboost 
10656,  Scikit-learn 
10657, Xgboost 
10657,  TensorFlow 
10657, Keras 
10657,  Scikit-learn 
10660,  TensorFlow 
10660, Keras 
10660,  Scikit-learn 
10662,  TensorFlow 
10662,  Scikit-learn 
10663,  Scikit-learn 
10665, Xgboost 
10665, LightGBM 
10665,  Scikit-learn 
10668,  Scikit-learn 
10668, Keras 
10669,  TensorFlow 
10669, Keras 
10669, PyTorch 
10669,  Scikit-learn 
10670,Other
10672,  TensorFlow 
10672, PyTorch 
10673,  Scikit-learn 
10673, Keras 
10673,  TensorFlow 
10674,  Scikit-learn 
10674, Xgboost 
10674, LightGBM 
10675, Keras 
10675,  TensorFlow 
10675, PyTorch 
10675, Huggingface 
10675,  Scikit-learn 
10679,  Scikit-learn 
10679, Keras 
10679,  TensorFlow 
10680,  Scikit-learn 
10680, CatBoost 
10680, Xgboost 
10682, LightGBM 
10682, CatBoost 
10682, Xgboost 
10682, Huggingface 
10682, Keras 
10682, PyTorch 
10682,  TensorFlow 
10682,  Scikit-learn 
10682, Fast.ai 
10685, PyTorch 
10685, PyTorch Lightning 
10685,  Scikit-learn 
10685, Huggingface 
10686,  Scikit-learn 
10686, LightGBM 
10686, Xgboost 
10687, Keras 
10687,  TensorFlow 
10687,  Scikit-learn 
10688,  TensorFlow 
10688, Keras 
10688,  Scikit-learn 
10689,  TensorFlow 
10689,  Scikit-learn 
10690, PyTorch 
10690,  TensorFlow 
10691,  Scikit-learn 
10691,  TensorFlow 
10692, Keras 
10693, PyTorch Lightning 
10693, LightGBM 
10693, CatBoost 
10693, Xgboost 
10693, Huggingface 
10693, PyTorch 
10693,  Scikit-learn 
10698, PyTorch 
10698, PyTorch Lightning 
10702,  Scikit-learn 
10702, Keras 
10702,  TensorFlow 
10703,  TensorFlow 
10703, Keras 
10703, PyTorch 
10703,  Scikit-learn 
10707, Keras 
10707,  TensorFlow 
10708, Xgboost 
10708,  Scikit-learn 
10708,  TensorFlow 
10708, PyTorch 
10708, Keras 
10710, Xgboost 
10710,  Scikit-learn 
10710, LightGBM 
10710,  TensorFlow 
10710, Keras 
10710, Fast.ai 
10711,Other
10712, PyTorch 
10713,  Scikit-learn 
10714, Xgboost 
10714,  Scikit-learn 
10716,  Scikit-learn 
10718,  Scikit-learn 
10718, Xgboost 
10720,  TensorFlow 
10720,  Scikit-learn 
10720, PyTorch 
10721,  Scikit-learn 
10723,  TensorFlow 
10725,  Scikit-learn 
10727,  TensorFlow 
10728,  Scikit-learn 
10728, LightGBM 
10730, Keras 
10730,  TensorFlow 
10730, PyTorch Lightning 
10731,  TensorFlow 
10731, Keras 
10731,  Scikit-learn 
10731, Huggingface 
10732, Xgboost 
10732,  Scikit-learn 
10733,  TensorFlow 
10733,  Scikit-learn 
10733, PyTorch 
10734, Keras 
10734, Xgboost 
10734,  TensorFlow 
10735,  Scikit-learn 
10736, CatBoost 
10736, Keras 
10736,  TensorFlow 
10736, Xgboost 
10736,  Scikit-learn 
10737, Xgboost 
10737,  Scikit-learn 
10737,  TensorFlow 
10737, LightGBM 
10737, CatBoost 
10744, Xgboost 
10744,  Scikit-learn 
10744, PyTorch 
10744, CatBoost 
10744, LightGBM 
10746,  TensorFlow 
10746, Keras 
10746,  Scikit-learn 
10746, PyTorch 
10750, Xgboost 
10750,  TensorFlow 
10750, Keras 
10750, PyTorch 
10751,  Scikit-learn 
10751, Keras 
10751,  TensorFlow 
10752,  Scikit-learn 
10753, PyTorch 
10753, CatBoost 
10753,  Scikit-learn 
10753,  TensorFlow 
10753, Xgboost 
10753, Keras 
10754,  Scikit-learn 
10757,  Scikit-learn 
10757,Other
10762, Keras 
10762, CatBoost 
10762, LightGBM 
10762, PyTorch 
10762, Xgboost 
10762,  Scikit-learn 
10763, Tidymodels 
10764,  Scikit-learn 
10764, PyTorch 
10764, Keras 
10764, Xgboost 
10764,  TensorFlow 
10765, PyTorch 
10765,  Scikit-learn 
10766, PyTorch 
10766,  Scikit-learn 
10768, LightGBM 
10768,  Scikit-learn 
10768, PyTorch 
10770,  Scikit-learn 
10772,  Scikit-learn 
10772,  TensorFlow 
10772, Keras 
10773, Keras 
10773, Tidymodels 
10773,  TensorFlow 
10773, PyTorch Lightning 
10773,  Scikit-learn 
10773, PyTorch 
10775, PyTorch 
10776, Tidymodels 
10776, Xgboost 
10777,  Scikit-learn 
10777, Keras 
10777,  TensorFlow 
10778, Huggingface 
10778,  Scikit-learn 
10778, PyTorch 
10778, Fast.ai 
10779,  Scikit-learn 
10779, Keras 
10779,  TensorFlow 
10780, PyTorch 
10780,  Scikit-learn 
10780,  TensorFlow 
10780, Keras 
10783,  Scikit-learn 
10785, PyTorch 
10785,  Scikit-learn 
10785,  TensorFlow 
10785, Keras 
10788, Keras 
10788,  Scikit-learn 
10789,  Scikit-learn 
10789, Keras 
10790, Xgboost 
10790, LightGBM 
10790,  Scikit-learn 
10791,  Scikit-learn 
10791, Keras 
10792,  Scikit-learn 
10792, Huggingface 
10792, Tidymodels 
10792, PyTorch 
10793,  TensorFlow 
10796,  TensorFlow 
10796, Huggingface 
10796,  Scikit-learn 
10796, Xgboost 
10797,  Scikit-learn 
10800,  Scikit-learn 
10800, Keras 
10801,  TensorFlow 
10806,  TensorFlow 
10806, PyTorch 
10806, Keras 
10806,  Scikit-learn 
10808, Keras 
10808,  TensorFlow 
10808, CatBoost 
10808,  Scikit-learn 
10810, PyTorch 
10810, CatBoost 
10810, Huggingface 
10810, LightGBM 
10810,  Scikit-learn 
10810, PyTorch Lightning 
10810, Xgboost 
10810, Fast.ai 
10811,  Scikit-learn 
10811, Keras 
10811,  TensorFlow 
10811, PyTorch 
10812,  TensorFlow 
10814, Xgboost 
10814, PyTorch 
10815,  TensorFlow 
10815,  Scikit-learn 
10815, Tidymodels 
10815, PyTorch 
10816,  Scikit-learn 
10816, Huggingface 
10816, Xgboost 
10818, PyTorch Lightning 
10818,  TensorFlow 
10818,  Scikit-learn 
10818, PyTorch 
10818, Keras 
10819,  TensorFlow 
10819, LightGBM 
10820,  Scikit-learn 
10820, Fast.ai 
10820, PyTorch 
10821, Keras 
10821, Xgboost 
10821,  Scikit-learn 
10821,  TensorFlow 
10822,  TensorFlow 
10822, PyTorch 
10822, Xgboost 
10822,  Scikit-learn 
10822, Huggingface 
10822, LightGBM 
10822, Keras 
10823,  TensorFlow 
10823,  Scikit-learn 
10823, Keras 
10823, PyTorch 
10824,Other
10824, PyTorch 
10824,  Scikit-learn 
10825, CatBoost 
10825, Xgboost 
10825, Keras 
10825, PyTorch 
10825, LightGBM 
10825,  TensorFlow 
10825,  Scikit-learn 
10826,Other
10826, Caret 
10826, Keras 
10826,  Scikit-learn 
10826,  TensorFlow 
10827,  Scikit-learn 
10827, PyTorch 
10827, Keras 
10827, PyTorch Lightning 
10827,  TensorFlow 
10828,Other
10829, PyTorch 
10829,  TensorFlow 
10829, Keras 
10835, Keras 
10835, Xgboost 
10835,  Scikit-learn 
10835,  TensorFlow 
10836, Caret 
10841,Other
10842, Keras 
10842,  TensorFlow 
10842,  Scikit-learn 
10845,  Scikit-learn 
10845, Keras 
10845, PyTorch 
10845,  TensorFlow 
10846, PyTorch 
10846, LightGBM 
10846,  Scikit-learn 
10846,  TensorFlow 
10846, Keras 
10847,  Scikit-learn 
10849, Caret 
10850, Xgboost 
10850,  Scikit-learn 
10851,  Scikit-learn 
10852,  Scikit-learn 
10855,  TensorFlow 
10855,  Scikit-learn 
10855, PyTorch 
10856,  Scikit-learn 
10856, Huggingface 
10858,  Scikit-learn 
10860,  TensorFlow 
10860, Keras 
10860,  Scikit-learn 
10860, PyTorch 
10865, Xgboost 
10865, CatBoost 
10865, PyTorch 
10865, PyTorch Lightning 
10865, LightGBM 
10865,  Scikit-learn 
10866, Keras 
10866,  Scikit-learn 
10866, Xgboost 
10866,  TensorFlow 
10867,  Scikit-learn 
10867,  TensorFlow 
10867, Xgboost 
10867, CatBoost 
10867, Keras 
10869,  Scikit-learn 
10870,  Scikit-learn 
10870, PyTorch 
10870, Keras 
10870,  TensorFlow 
10873, PyTorch 
10873, LightGBM 
10873,  TensorFlow 
10873,  Scikit-learn 
10876,  TensorFlow 
10876, PyTorch 
10877, PyTorch 
10877,  Scikit-learn 
10878,  Scikit-learn 
10878, Fast.ai 
10878, PyTorch 
10879,  Scikit-learn 
10879,  TensorFlow 
10879, Keras 
10881,  Scikit-learn 
10881, Xgboost 
10881, LightGBM 
10882, Keras 
10882,  Scikit-learn 
10888,  TensorFlow 
10888, Keras 
10888,  Scikit-learn 
10888, Xgboost 
10889, Xgboost 
10889,  TensorFlow 
10889,  Scikit-learn 
10891,  Scikit-learn 
10892,  Scikit-learn 
10893,  Scikit-learn 
10893, Xgboost 
10893, Keras 
10894,  Scikit-learn 
10894, Xgboost 
10899, Keras 
10899, LightGBM 
10899, PyTorch 
10899,  Scikit-learn 
10899,  TensorFlow 
10900,  TensorFlow 
10900,  Scikit-learn 
10900, Keras 
10901,  Scikit-learn 
10901, Xgboost 
10903, Keras 
10903,  TensorFlow 
10903,  Scikit-learn 
10903, Xgboost 
10904,  Scikit-learn 
10906, Caret 
10906, Keras 
10906, PyTorch Lightning 
10906, LightGBM 
10906, Huggingface 
10906,  Scikit-learn 
10906, Xgboost 
10906, Tidymodels 
10906,  TensorFlow 
10906, CatBoost 
10906, JAX 
10906, Fast.ai 
10906, PyTorch 
10907, PyTorch Lightning 
10908, Xgboost 
10908,  Scikit-learn 
10909, PyTorch 
10909, Xgboost 
10909, Keras 
10909, LightGBM 
10909,  Scikit-learn 
10909,  TensorFlow 
10909, CatBoost 
10910,  Scikit-learn 
10910, CatBoost 
10911,  Scikit-learn 
10912,  TensorFlow 
10912, PyTorch 
10912, Keras 
10912,  Scikit-learn 
10917, PyTorch 
10917,  Scikit-learn 
10917, Keras 
10917, Fast.ai 
10919,  TensorFlow 
10920,  TensorFlow 
10920,  Scikit-learn 
10921, Tidymodels 
10921, Xgboost 
10921, Caret 
10921, PyTorch 
10921,  Scikit-learn 
10922,  TensorFlow 
10922,  Scikit-learn 
10922, PyTorch 
10924,  TensorFlow 
10924,  Scikit-learn 
10925,  Scikit-learn 
10925, Keras 
10925, LightGBM 
10925, Xgboost 
10925, PyTorch 
10925,  TensorFlow 
10925, CatBoost 
10926,  TensorFlow 
10926,  Scikit-learn 
10926, Keras 
10934, Tidymodels 
10934, Caret 
10934, Xgboost 
10934,  Scikit-learn 
10934,  TensorFlow 
10934, Huggingface 
10934, PyTorch 
10934, Keras 
10934, LightGBM 
10937,  Scikit-learn 
10937, Xgboost 
10942, LightGBM 
10942,  Scikit-learn 
10942, PyTorch 
10942, Xgboost 
10942, Keras 
10942,  TensorFlow 
10943, Caret 
10943,  TensorFlow 
10943, Keras 
10943,  Scikit-learn 
10945,  TensorFlow 
10945,  Scikit-learn 
10947,  Scikit-learn 
10947, PyTorch 
10947, PyTorch Lightning 
10948,  TensorFlow 
10948,  Scikit-learn 
10948, Keras 
10948, Xgboost 
10950, PyTorch 
10953, Tidymodels 
10953,  Scikit-learn 
10953, Fast.ai 
10954, PyTorch 
10954,  Scikit-learn 
10957,  Scikit-learn 
10957, Keras 
10958,  Scikit-learn 
10958, Keras 
10958, PyTorch 
10958, PyTorch Lightning 
10958, Xgboost 
10959,  TensorFlow 
10959,  Scikit-learn 
10959,Other
10959, Xgboost 
10959, Tidymodels 
10959, Keras 
10960,  Scikit-learn 
10962, Keras 
10962, PyTorch 
10962, PyTorch Lightning 
10962,  TensorFlow 
10966,  TensorFlow 
10967, PyTorch Lightning 
10968, CatBoost 
10968,  Scikit-learn 
10968, Huggingface 
10968, PyTorch 
10968, Xgboost 
10970,  TensorFlow 
10970, PyTorch 
10972, PyTorch 
10972, Fast.ai 
10974,  TensorFlow 
10974,  Scikit-learn 
10974, Keras 
10975,Other
10975, Xgboost 
10977, Fast.ai 
10978,  TensorFlow 
10978,  Scikit-learn 
10979, PyTorch 
10979,  Scikit-learn 
10981,Other
10981, Keras 
10981,  TensorFlow 
10981, PyTorch 
10981,  Scikit-learn 
10982, Xgboost 
10982, Keras 
10983, Keras 
10983,  Scikit-learn 
10983,  TensorFlow 
10983, Caret 
10984,  Scikit-learn 
10984,  TensorFlow 
10984, Keras 
10986, CatBoost 
10986, Xgboost 
10986,  Scikit-learn 
10987, PyTorch 
10988, Caret 
10992, Keras 
10993, Tidymodels 
10993,  TensorFlow 
10993, PyTorch 
10993,  Scikit-learn 
10994,  Scikit-learn 
10994,  TensorFlow 
10994, Keras 
10998,  Scikit-learn 
10998, Xgboost 
10998, CatBoost 
10998, LightGBM 
11000,  Scikit-learn 
11001,  Scikit-learn 
11004, Keras 
11004, PyTorch 
11004,  TensorFlow 
11004,  Scikit-learn 
11006,Other
11009, PyTorch 
11009,  Scikit-learn 
11009,  TensorFlow 
11010,  Scikit-learn 
11010, CatBoost 
11010, Xgboost 
11010, LightGBM 
11010, Tidymodels 
11011, Keras 
11011,  TensorFlow 
11011,  Scikit-learn 
11012,  TensorFlow 
11013, Keras 
11013, LightGBM 
11013, CatBoost 
11013, Xgboost 
11014,  Scikit-learn 
11014, PyTorch 
11014,  TensorFlow 
11015, Keras 
11015,  TensorFlow 
11016, Caret 
11016, Keras 
11016,  TensorFlow 
11017,  Scikit-learn 
11019,  Scikit-learn 
11019,  TensorFlow 
11020,  TensorFlow 
11020,  Scikit-learn 
11021,  Scikit-learn 
11022,  Scikit-learn 
11022,  TensorFlow 
11024, JAX 
11024, Keras 
11024,  TensorFlow 
11024,  Scikit-learn 
11025, Keras 
11026,  TensorFlow 
11026, Keras 
11027,  TensorFlow 
11027, Keras 
11027, Xgboost 
11027,  Scikit-learn 
11028, PyTorch Lightning 
11028, LightGBM 
11028,  TensorFlow 
11028, PyTorch 
11028, Keras 
11028, Xgboost 
11028, CatBoost 
11028,  Scikit-learn 
11029,  Scikit-learn 
11029,  TensorFlow 
11029, Keras 
11030, PyTorch 
11030,  Scikit-learn 
11030, PyTorch Lightning 
11032,Other
11033,  Scikit-learn 
11033,  TensorFlow 
11034, PyTorch 
11035, Huggingface 
11035, Keras 
11035, PyTorch 
11035,  Scikit-learn 
11035, Xgboost 
11035, Caret 
11035,  TensorFlow 
11035, JAX 
11035, Fast.ai 
11037,  Scikit-learn 
11037,  TensorFlow 
11037, Keras 
11038,  Scikit-learn 
11038, Xgboost 
11041, Keras 
11041,  Scikit-learn 
11041, CatBoost 
11042, Keras 
11042,  TensorFlow 
11042,  Scikit-learn 
11044, Keras 
11044, PyTorch 
11044,  Scikit-learn 
11044, LightGBM 
11044, Xgboost 
11044, CatBoost 
11044, PyTorch Lightning 
11044,  TensorFlow 
11045, CatBoost 
11045,  TensorFlow 
11045, Keras 
11046,  Scikit-learn 
11047,  Scikit-learn 
11047, Xgboost 
11047, PyTorch 
11047, Keras 
11048,  Scikit-learn 
11048, Keras 
11048,  TensorFlow 
11048, Caret 
11050,  Scikit-learn 
11050, CatBoost 
11050, Caret 
11050, LightGBM 
11050, Xgboost 
11050, Keras 
11050,  TensorFlow 
11053,Other
11056, Keras 
11056,  Scikit-learn 
11056,  TensorFlow 
11060,  TensorFlow 
11060, Huggingface 
11060, Keras 
11060, PyTorch 
11060,  Scikit-learn 
11060, PyTorch Lightning 
11064,  TensorFlow 
11064, Xgboost 
11064,  Scikit-learn 
11066, Xgboost 
11066,  Scikit-learn 
11068, PyTorch 
11069, Keras 
11069, Xgboost 
11069, LightGBM 
11069,  TensorFlow 
11071, LightGBM 
11071, CatBoost 
11071, Xgboost 
11071,  Scikit-learn 
11073, Xgboost 
11073,  Scikit-learn 
11073,  TensorFlow 
11073, Keras 
11074, PyTorch 
11074, Keras 
11078,  Scikit-learn 
11079, Xgboost 
11079, LightGBM 
11079, CatBoost 
11079, Keras 
11079,  Scikit-learn 
11080,  TensorFlow 
11080,  Scikit-learn 
11081, Huggingface 
11081,  TensorFlow 
11081,  Scikit-learn 
11081, Keras 
11082, Keras 
11082, Xgboost 
11082,  Scikit-learn 
11082,  TensorFlow 
11083,  Scikit-learn 
11084, Fast.ai 
11084, Xgboost 
11084, Caret 
11084, PyTorch 
11084,  Scikit-learn 
11086,  Scikit-learn 
11086, Keras 
11086, Xgboost 
11086,  TensorFlow 
11087, PyTorch 
11087, Huggingface 
11087,  Scikit-learn 
11088,  Scikit-learn 
11088, PyTorch 
11088, Keras 
11088,  TensorFlow 
11089, Keras 
11089,  Scikit-learn 
11090, Xgboost 
11090,  Scikit-learn 
11090,  TensorFlow 
11090, Caret 
11090, PyTorch 
11091,  Scikit-learn 
11095, Keras 
11095,  Scikit-learn 
11095,  TensorFlow 
11099, Fast.ai 
11100, CatBoost 
11100, Keras 
11100,  Scikit-learn 
11100,  TensorFlow 
11100, Xgboost 
11101,  Scikit-learn 
11102,  TensorFlow 
11102,  Scikit-learn 
11104,  Scikit-learn 
11105, Keras 
11105,  TensorFlow 
11105, Huggingface 
11105,  Scikit-learn 
11107, Keras 
11107,  Scikit-learn 
11107,  TensorFlow 
11108, Xgboost 
11108,  TensorFlow 
11108,  Scikit-learn 
11111,  TensorFlow 
11111,  Scikit-learn 
11111, Keras 
11113,  Scikit-learn 
11113, Keras 
11114, Keras 
11114, PyTorch 
11114, Huggingface 
11114,  Scikit-learn 
11114,  TensorFlow 
11114, Caret 
11114, Tidymodels 
11114, Xgboost 
11114, LightGBM 
11115,  TensorFlow 
11115,  Scikit-learn 
11115, Keras 
11115, PyTorch 
11116,  Scikit-learn 
11116,  TensorFlow 
11117,  TensorFlow 
11118,  Scikit-learn 
11118, LightGBM 
11118, Xgboost 
11118, CatBoost 
11119,  TensorFlow 
11119, Keras 
11119, LightGBM 
11119,  Scikit-learn 
11119, Xgboost 
11119, PyTorch 
11120, Keras 
11120,  Scikit-learn 
11120,  TensorFlow 
11121,Other
11122, Keras 
11122,  Scikit-learn 
11122,  TensorFlow 
11123,  TensorFlow 
11123,  Scikit-learn 
11125, PyTorch 
11125,  Scikit-learn 
11125,  TensorFlow 
11125, Xgboost 
11125, Fast.ai 
11125, Keras 
11126, PyTorch 
11127, PyTorch 
11128,Other
11132, LightGBM 
11132, Xgboost 
11132,  Scikit-learn 
11132, Huggingface 
11132, PyTorch 
11132, Keras 
11132,  TensorFlow 
11133,  Scikit-learn 
11133, Keras 
11133, Fast.ai 
11133,  TensorFlow 
11134,  TensorFlow 
11134, Keras 
11136,  TensorFlow 
11136,  Scikit-learn 
11136, Keras 
11137, Xgboost 
11138,  Scikit-learn 
11138, Keras 
11139, PyTorch 
11139,  TensorFlow 
11139,  Scikit-learn 
11140,  TensorFlow 
11140,  Scikit-learn 
11140, LightGBM 
11140, Keras 
11142, PyTorch 
11144, Keras 
11144, PyTorch 
11144,  Scikit-learn 
11144,  TensorFlow 
11144, Huggingface 
11147,  Scikit-learn 
11147, Huggingface 
11147,  TensorFlow 
11147, Keras 
11147, PyTorch 
11149,  TensorFlow 
11149, Keras 
11149, JAX 
11152,  Scikit-learn 
11153,Other
11154,  Scikit-learn 
11154, PyTorch 
11154,  TensorFlow 
11154, Keras 
11155, Keras 
11155,  TensorFlow 
11155,  Scikit-learn 
11156, Keras 
11156,  TensorFlow 
11156,  Scikit-learn 
11156, Xgboost 
11156, LightGBM 
11157,  Scikit-learn 
11157, PyTorch 
11157,  TensorFlow 
11157, Xgboost 
11157, Keras 
11157, PyTorch Lightning 
11158, Keras 
11158,  Scikit-learn 
11158,  TensorFlow 
11159, Keras 
11159, CatBoost 
11159,  Scikit-learn 
11159, LightGBM 
11162, PyTorch 
11162, CatBoost 
11162,  Scikit-learn 
11162, Keras 
11162, Xgboost 
11162, LightGBM 
11163, PyTorch 
11163, JAX 
11163,  Scikit-learn 
11165, PyTorch 
11166,  TensorFlow 
11168, Keras 
11168, PyTorch 
11168, Huggingface 
11168, PyTorch Lightning 
11168,  TensorFlow 
11168,  Scikit-learn 
11169, Keras 
11170, PyTorch 
11171,  Scikit-learn 
11171, Huggingface 
11172,  Scikit-learn 
11172,  TensorFlow 
11172, Keras 
11173, Keras 
11174,  TensorFlow 
11174, PyTorch 
11174,  Scikit-learn 
11177, Keras 
11177, PyTorch 
11177,  Scikit-learn 
11177,  TensorFlow 
11178,  TensorFlow 
11178,  Scikit-learn 
11178, Keras 
11179, PyTorch 
11180, Xgboost 
11180,  Scikit-learn 
11181,  Scikit-learn 
11182,  Scikit-learn 
11183,  TensorFlow 
11183, Keras 
11183, PyTorch 
11183,  Scikit-learn 
11187,  Scikit-learn 
11189,  Scikit-learn 
11190, Keras 
11190,  TensorFlow 
11191,  TensorFlow 
11192,Other
11194, Keras 
11194, PyTorch 
11194,  TensorFlow 
11194, Fast.ai 
11195,Other
11195,  Scikit-learn 
11195, Keras 
11198,  Scikit-learn 
11198, LightGBM 
11198, Xgboost 
11199, Keras 
11199, Xgboost 
11199,  Scikit-learn 
11199,  TensorFlow 
11200,  TensorFlow 
11200, Keras 
11200,Other
11201,  TensorFlow 
11202,  Scikit-learn 
11203, CatBoost 
11204,  Scikit-learn 
11204,Other
11209,  TensorFlow 
11209, PyTorch 
11209,  Scikit-learn 
11209, Keras 
11210, Huggingface 
11210, Tidymodels 
11210, PyTorch Lightning 
11210, PyTorch 
11210, Fast.ai 
11210, Keras 
11210,  TensorFlow 
11210, CatBoost 
11210, Caret 
11210, LightGBM 
11210,  Scikit-learn 
11210, Xgboost 
11211,  Scikit-learn 
11211, PyTorch 
11211,  TensorFlow 
11212,Other
11213, Keras 
11213, Huggingface 
11213,  Scikit-learn 
11213,  TensorFlow 
11214, PyTorch 
11216, CatBoost 
11217, Huggingface 
11217,  Scikit-learn 
11217, LightGBM 
11217, PyTorch 
11217, Keras 
11217, Fast.ai 
11217, CatBoost 
11217,  TensorFlow 
11217, Xgboost 
11218, Keras 
11218, LightGBM 
11218, Xgboost 
11218,  TensorFlow 
11218, CatBoost 
11218,  Scikit-learn 
11218, Huggingface 
11219, Caret 
11220,  TensorFlow 
11220, Keras 
11220,  Scikit-learn 
11220, Fast.ai 
11222, Keras 
11222, Xgboost 
11222,  TensorFlow 
11222,  Scikit-learn 
11223, PyTorch 
11223,  TensorFlow 
11223, CatBoost 
11223, PyTorch Lightning 
11223, Xgboost 
11223, Huggingface 
11223, Keras 
11224,  TensorFlow 
11224, PyTorch 
11224, Fast.ai 
11224,  Scikit-learn 
11225, LightGBM 
11225, Keras 
11225, PyTorch 
11225, CatBoost 
11225, Xgboost 
11225,  TensorFlow 
11225, Huggingface 
11225,  Scikit-learn 
11226,  Scikit-learn 
11226, Keras 
11226, Caret 
11227, PyTorch Lightning 
11227, PyTorch 
11229,  Scikit-learn 
11231,  Scikit-learn 
11232,  Scikit-learn 
11232, Keras 
11232,  TensorFlow 
11232, Fast.ai 
11232, PyTorch 
11233,  Scikit-learn 
11233, Keras 
11233,  TensorFlow 
11233, Xgboost 
11234,Other
11235, Xgboost 
11235,  TensorFlow 
11235,  Scikit-learn 
11235, LightGBM 
11235, Keras 
11237, Keras 
11237, LightGBM 
11237, PyTorch 
11237,  TensorFlow 
11237, Xgboost 
11237, PyTorch Lightning 
11238,  TensorFlow 
11238, PyTorch Lightning 
11238, Keras 
11238, Xgboost 
11238,  Scikit-learn 
11238, PyTorch 
11244,  Scikit-learn 
11244,  TensorFlow 
11246,  TensorFlow 
11246,  Scikit-learn 
11247, Keras 
11247,  TensorFlow 
11249, Keras 
11249,  Scikit-learn 
11249,  TensorFlow 
11250, CatBoost 
11250, JAX 
11250,  TensorFlow 
11250,  Scikit-learn 
11252,  Scikit-learn 
11253,  Scikit-learn 
11253,  TensorFlow 
11255,  TensorFlow 
11255, PyTorch 
11257,  TensorFlow 
11257, Keras 
11257, PyTorch 
11257, Xgboost 
11260,Other
11262,  Scikit-learn 
11263,  Scikit-learn 
11263, PyTorch 
11267, Keras 
11267,  Scikit-learn 
11267, PyTorch 
11267, Xgboost 
11267, PyTorch Lightning 
11267, Huggingface 
11267, CatBoost 
11267,  TensorFlow 
11267, LightGBM 
11272, Huggingface 
11272,  Scikit-learn 
11272,  TensorFlow 
11272, Keras 
11274,  TensorFlow 
11274, Keras 
11274,  Scikit-learn 
11275, PyTorch 
11276,  Scikit-learn 
11278,  Scikit-learn 
11278, Keras 
11280,  Scikit-learn 
11280, Keras 
11280, Huggingface 
11280, Xgboost 
11280, Fast.ai 
11280,  TensorFlow 
11281, PyTorch 
11281, Xgboost 
11281, Huggingface 
11281, LightGBM 
11281,  Scikit-learn 
11282,  TensorFlow 
11282, Keras 
11282, Xgboost 
11282, LightGBM 
11282,  Scikit-learn 
11282, PyTorch 
11283,  Scikit-learn 
11283, Xgboost 
11283, PyTorch 
11283, Keras 
11283,  TensorFlow 
11283, Huggingface 
11285,  Scikit-learn 
11285, PyTorch 
11285, Keras 
11286,  TensorFlow 
11286,  Scikit-learn 
11288,  Scikit-learn 
11293, Keras 
11293,  Scikit-learn 
11293,  TensorFlow 
11293, Xgboost 
11296,  Scikit-learn 
11297, Keras 
11297,  TensorFlow 
11297, PyTorch 
11297,  Scikit-learn 
11297, Xgboost 
11298,  Scikit-learn 
11298, Keras 
11298, Huggingface 
11298,  TensorFlow 
11299,  Scikit-learn 
11300,  Scikit-learn 
11300, Keras 
11300,  TensorFlow 
11301,  Scikit-learn 
11302,  Scikit-learn 
11302, Keras 
11302,  TensorFlow 
11303,  Scikit-learn 
11303, PyTorch 
11306,  TensorFlow 
11306, Xgboost 
11306,  Scikit-learn 
11307,Other
11307,  Scikit-learn 
11309, Keras 
11309,  Scikit-learn 
11309,  TensorFlow 
11310, Xgboost 
11310,  Scikit-learn 
11310, Keras 
11311, Caret 
11311,  Scikit-learn 
11311, Tidymodels 
11312,  Scikit-learn 
11313, Keras 
11313,  TensorFlow 
11316,  TensorFlow 
11316, Keras 
11316, PyTorch 
11316,  Scikit-learn 
11316, Xgboost 
11317, Tidymodels 
11321,  TensorFlow 
11321,  Scikit-learn 
11323,  Scikit-learn 
11324, Huggingface 
11324,  Scikit-learn 
11324, Xgboost 
11324, Keras 
11324, PyTorch 
11324,  TensorFlow 
11326,  TensorFlow 
11326,  Scikit-learn 
11326, Xgboost 
11326, Keras 
11327,  TensorFlow 
11327, Keras 
11327,  Scikit-learn 
11330, PyTorch 
11330, Huggingface 
11330, Keras 
11330,  TensorFlow 
11330,  Scikit-learn 
11333, Fast.ai 
11333,  Scikit-learn 
11333, Caret 
11333, Xgboost 
11333, Huggingface 
11333, PyTorch 
11334,  Scikit-learn 
11337,  Scikit-learn 
11339, Huggingface 
11339, PyTorch 
11339, Xgboost 
11339, Caret 
11339, LightGBM 
11339, CatBoost 
11340, Xgboost 
11340,  Scikit-learn 
11340, Keras 
11340, LightGBM 
11340, PyTorch 
11341, Keras 
11341,  Scikit-learn 
11341,  TensorFlow 
11341, PyTorch 
11342, Keras 
11342,  Scikit-learn 
11342,  TensorFlow 
11343, CatBoost 
11343, Xgboost 
11343,  Scikit-learn 
11344,  Scikit-learn 
11344,  TensorFlow 
11344, JAX 
11344, PyTorch Lightning 
11345, Xgboost 
11345,  Scikit-learn 
11345, PyTorch 
11345,  TensorFlow 
11345, Keras 
11345, Huggingface 
11346,  TensorFlow 
11346, CatBoost 
11346, PyTorch Lightning 
11346, Fast.ai 
11346, Tidymodels 
11346, Huggingface 
11346, Caret 
11346, PyTorch 
11346, JAX 
11346, LightGBM 
11346, Keras 
11346, Xgboost 
11346,  Scikit-learn 
11348, Xgboost 
11348, Keras 
11348,  Scikit-learn 
11348, LightGBM 
11349, PyTorch 
11349,  TensorFlow 
11349, Keras 
11350, PyTorch Lightning 
11351, PyTorch Lightning 
11351,  Scikit-learn 
11352,Other
11354,  Scikit-learn 
11354,  TensorFlow 
11355, PyTorch 
11355,  Scikit-learn 
11355,  TensorFlow 
11355, Keras 
11358, Xgboost 
11358, LightGBM 
11358,  Scikit-learn 
11359, Fast.ai 
11359, PyTorch 
11359, Xgboost 
11359, LightGBM 
11359,  Scikit-learn 
11361,  Scikit-learn 
11361,  TensorFlow 
11361,Other
11361, Keras 
11361, Xgboost 
11361, Tidymodels 
11362, Huggingface 
11362, Xgboost 
11362, CatBoost 
11362, PyTorch 
11362, PyTorch Lightning 
11362, LightGBM 
11362,  Scikit-learn 
11366, Keras 
11366,  TensorFlow 
11366, Fast.ai 
11366, PyTorch 
11366, LightGBM 
11368,  Scikit-learn 
11372,  TensorFlow 
11373, Xgboost 
11373, Keras 
11373,  TensorFlow 
11373, Caret 
11374,  Scikit-learn 
11375, PyTorch 
11375, Keras 
11375,  TensorFlow 
11377, PyTorch 
11377, Keras 
11377,  TensorFlow 
11382,  TensorFlow 
11382, Keras 
11382,  Scikit-learn 
11382, PyTorch 
11383,  Scikit-learn 
11385,  Scikit-learn 
11386, Keras 
11386,  TensorFlow 
11386,  Scikit-learn 
11387, Keras 
11387,  TensorFlow 
11389,  TensorFlow 
11389, Huggingface 
11389, Xgboost 
11389,  Scikit-learn 
11390,  TensorFlow 
11393,  Scikit-learn 
11393, Keras 
11393,  TensorFlow 
11397, PyTorch 
11397,  Scikit-learn 
11397, Huggingface 
11398, PyTorch 
11399,  TensorFlow 
11399, Keras 
11399,  Scikit-learn 
11400,  Scikit-learn 
11402,  Scikit-learn 
11403, PyTorch 
11404,  Scikit-learn 
11405,  Scikit-learn 
11405,  TensorFlow 
11405, Keras 
11409, PyTorch 
11409,  TensorFlow 
11409, Keras 
11411, PyTorch 
11411,  TensorFlow 
11411, Keras 
11412, Xgboost 
11413, Caret 
11413, Tidymodels 
11413, Keras 
11415, Keras 
11415,  Scikit-learn 
11415, PyTorch 
11415,  TensorFlow 
11416,  TensorFlow 
11416, Keras 
11416, PyTorch 
11416,  Scikit-learn 
11418,  Scikit-learn 
11419, CatBoost 
11419, Keras 
11419,  TensorFlow 
11419,  Scikit-learn 
11420, PyTorch 
11420,  Scikit-learn 
11420, Fast.ai 
11420, Xgboost 
11421,Other
11424,  Scikit-learn 
11425,  Scikit-learn 
11425, LightGBM 
11425, PyTorch 
11425, Huggingface 
11431,  TensorFlow 
11432,  Scikit-learn 
11433,  TensorFlow 
11433,  Scikit-learn 
11434,  Scikit-learn 
11435, Keras 
11435,  TensorFlow 
11436, Xgboost 
11436,  Scikit-learn 
11436, PyTorch 
11436, Keras 
11436,  TensorFlow 
11439,  TensorFlow 
11439, Fast.ai 
11439, PyTorch 
11439,  Scikit-learn 
11440, PyTorch 
11440,  TensorFlow 
11440, LightGBM 
11440, Xgboost 
11440, Keras 
11440, Huggingface 
11440, CatBoost 
11440,  Scikit-learn 
11441, Xgboost 
11441,  TensorFlow 
11441,  Scikit-learn 
11442, Xgboost 
11442, Tidymodels 
11442,  Scikit-learn 
11443,  Scikit-learn 
11443, LightGBM 
11443, PyTorch 
11444, Keras 
11444,  Scikit-learn 
11444,  TensorFlow 
11445,  Scikit-learn 
11446,Other
11447, Xgboost 
11447, Keras 
11447,  Scikit-learn 
11447,  TensorFlow 
11449, Fast.ai 
11449, PyTorch 
11450,  TensorFlow 
11450,  Scikit-learn 
11450, PyTorch 
11450, Huggingface 
11450, Xgboost 
11450, Keras 
11451, PyTorch 
11451, Caret 
11451, Tidymodels 
11451,  Scikit-learn 
11452,  TensorFlow 
11453,  Scikit-learn 
11453, Keras 
11453,  TensorFlow 
11453, PyTorch 
11454, JAX 
11454,  TensorFlow 
11454,Other
11454,  Scikit-learn 
11455,  Scikit-learn 
11457,  Scikit-learn 
11457,  TensorFlow 
11457, PyTorch 
11457, LightGBM 
11457, Keras 
11457, Xgboost 
11460, Xgboost 
11460,  Scikit-learn 
11461, Keras 
11461, Xgboost 
11461,  Scikit-learn 
11461,  TensorFlow 
11462, Tidymodels 
11463,Other
11463, Keras 
11464, LightGBM 
11464, Huggingface 
11464,  Scikit-learn 
11464, PyTorch 
11464, Keras 
11466,  TensorFlow 
11466,  Scikit-learn 
11466, Keras 
11467,  Scikit-learn 
11467, Xgboost 
11467, PyTorch 
11467, PyTorch Lightning 
11467,  TensorFlow 
11467, Keras 
11468,  Scikit-learn 
11469, Keras 
11471,  Scikit-learn 
11471, PyTorch 
11471,  TensorFlow 
11471, Keras 
11473, PyTorch 
11473,  Scikit-learn 
11473, Xgboost 
11473,  TensorFlow 
11474,  TensorFlow 
11475,  Scikit-learn 
11476,  Scikit-learn 
11477,  TensorFlow 
11477, Xgboost 
11477, Keras 
11477,  Scikit-learn 
11477, LightGBM 
11479, Keras 
11479, PyTorch 
11480,  TensorFlow 
11480,  Scikit-learn 
11480, Keras 
11483, Keras 
11483, Xgboost 
11483,  Scikit-learn 
11484,  Scikit-learn 
11484,  TensorFlow 
11484, PyTorch 
11484, Keras 
11486,  TensorFlow 
11486, Keras 
11486,  Scikit-learn 
11488, Xgboost 
11488,  TensorFlow 
11488, LightGBM 
11488, Keras 
11488, PyTorch 
11488,  Scikit-learn 
11489,  Scikit-learn 
11489,  TensorFlow 
11490,Other
11496,  Scikit-learn 
11496, Xgboost 
11496, PyTorch 
11497,  Scikit-learn 
11499,  Scikit-learn 
11499,  TensorFlow 
11500,  TensorFlow 
11500, PyTorch 
11504, PyTorch 
11504, Xgboost 
11504,  Scikit-learn 
11505, LightGBM 
11505,Other
11505, Xgboost 
11506, Keras 
11506, Caret 
11506,  Scikit-learn 
11506,  TensorFlow 
11506, PyTorch Lightning 
11506, PyTorch 
11507, PyTorch 
11517, Keras 
11517,  Scikit-learn 
11517, PyTorch 
11517,  TensorFlow 
11519, Keras 
11519,  Scikit-learn 
11519,  TensorFlow 
11520, Keras 
11520,  Scikit-learn 
11521,  Scikit-learn 
11522,  TensorFlow 
11522, PyTorch 
11523,  Scikit-learn 
11526, Keras 
11526,  Scikit-learn 
11526,  TensorFlow 
11527,  TensorFlow 
11527, Caret 
11527, Keras 
11527, Tidymodels 
11527,  Scikit-learn 
11527, Huggingface 
11527, PyTorch 
11528,  Scikit-learn 
11531, Xgboost 
11531, Keras 
11531,  Scikit-learn 
11531, PyTorch 
11531,  TensorFlow 
11532,  Scikit-learn 
11532, PyTorch 
11532,  TensorFlow 
11534, Huggingface 
11534,  Scikit-learn 
11537, Xgboost 
11537,  Scikit-learn 
11537,  TensorFlow 
11537, Keras 
11538, Xgboost 
11538, CatBoost 
11538,  Scikit-learn 
11539,  Scikit-learn 
11539, Keras 
11542,  TensorFlow 
11542,  Scikit-learn 
11544, PyTorch 
11544,  Scikit-learn 
11544, PyTorch Lightning 
11544, Keras 
11544,  TensorFlow 
11546,  TensorFlow 
11546, PyTorch 
11546,  Scikit-learn 
11546, Keras 
11546, LightGBM 
11546, Xgboost 
11547,  TensorFlow 
11547, PyTorch 
11549, Caret 
11549,  Scikit-learn 
11549, PyTorch Lightning 
11549, LightGBM 
11549, Xgboost 
11552,  Scikit-learn 
11552, PyTorch 
11552,  TensorFlow 
11552, Huggingface 
11552, Keras 
11552, Xgboost 
11553,  TensorFlow 
11554, Keras 
11554, Xgboost 
11554,  Scikit-learn 
11554,  TensorFlow 
11555,  Scikit-learn 
11556,  Scikit-learn 
11556, Keras 
11556,  TensorFlow 
11558, Xgboost 
11558,  TensorFlow 
11559,  Scikit-learn 
11559, PyTorch 
11559, PyTorch Lightning 
11561,  TensorFlow 
11561,  Scikit-learn 
11561, Keras 
11561, Xgboost 
11562, Keras 
11562, Xgboost 
11562,  Scikit-learn 
11562, LightGBM 
11563,  Scikit-learn 
11563, Keras 
11563,  TensorFlow 
11566,  Scikit-learn 
11568,  Scikit-learn 
11568, PyTorch Lightning 
11568, PyTorch 
11569,  TensorFlow 
11569, Keras 
11569, PyTorch 
11569,  Scikit-learn 
11569, Xgboost 
11571, LightGBM 
11571,  Scikit-learn 
11571, Xgboost 
11572,  TensorFlow 
11572, PyTorch 
11572, Keras 
11573,  Scikit-learn 
11573, LightGBM 
11574,  Scikit-learn 
11574, PyTorch 
11574,  TensorFlow 
11575,  TensorFlow 
11575, PyTorch 
11575, Keras 
11575,  Scikit-learn 
11578,  Scikit-learn 
11578, Keras 
11578,  TensorFlow 
11578, PyTorch 
11578, PyTorch Lightning 
11579, CatBoost 
11579, LightGBM 
11579, Xgboost 
11579,  Scikit-learn 
11579, Keras 
11582,  Scikit-learn 
11582, CatBoost 
11582, LightGBM 
11583,  Scikit-learn 
11584,  TensorFlow 
11585,  Scikit-learn 
11586,  Scikit-learn 
11586, PyTorch 
11586, PyTorch Lightning 
11586, Keras 
11586,  TensorFlow 
11587,  Scikit-learn 
11587, PyTorch 
11588,  Scikit-learn 
11592,  Scikit-learn 
11592,  TensorFlow 
11592, Keras 
11593, Caret 
11593,  Scikit-learn 
11593, Keras 
11593,  TensorFlow 
11594, Fast.ai 
11594,  TensorFlow 
11595, PyTorch 
11595, Keras 
11595,  Scikit-learn 
11596, Xgboost 
11596,  Scikit-learn 
11598,  Scikit-learn 
11601, Xgboost 
11601,  Scikit-learn 
11601, LightGBM 
11601, Keras 
11601, CatBoost 
11601, PyTorch 
11602,  Scikit-learn 
11603, LightGBM 
11603,  TensorFlow 
11603, Keras 
11603,  Scikit-learn 
11603, Xgboost 
11603, CatBoost 
11605,  Scikit-learn 
11605, Fast.ai 
11606,  Scikit-learn 
11607,  Scikit-learn 
11607,  TensorFlow 
11613,  Scikit-learn 
11614, PyTorch 
11614,  Scikit-learn 
11615,  Scikit-learn 
11615, PyTorch 
11615,  TensorFlow 
11615, Keras 
11616, PyTorch 
11616,  Scikit-learn 
11616,  TensorFlow 
11617,  TensorFlow 
11617, PyTorch 
11617,  Scikit-learn 
11617, Xgboost 
11619,  TensorFlow 
11619, Keras 
11619, PyTorch 
11619,  Scikit-learn 
11620,Other
11621,  Scikit-learn 
11621, Keras 
11621,  TensorFlow 
11623,  Scikit-learn 
11625,  Scikit-learn 
11625, Xgboost 
11625, Keras 
11625, LightGBM 
11626, PyTorch 
11626,  TensorFlow 
11626, Keras 
11628, Xgboost 
11628, Keras 
11628,Other
11628,  Scikit-learn 
11629,  TensorFlow 
11629, Keras 
11629, Xgboost 
11631,  Scikit-learn 
11631, Xgboost 
11632, LightGBM 
11632,  Scikit-learn 
11632, Xgboost 
11634,Other
11634,  Scikit-learn 
11634, JAX 
11634, Keras 
11634,  TensorFlow 
11635, Xgboost 
11635,  Scikit-learn 
11635,  TensorFlow 
11635, LightGBM 
11635, Caret 
11636,  Scikit-learn 
11637, Keras 
11637, PyTorch 
11637,  TensorFlow 
11637,  Scikit-learn 
11642,  Scikit-learn 
11643,  TensorFlow 
11643, Keras 
11644,  TensorFlow 
11644,  Scikit-learn 
11645, Caret 
11645,  Scikit-learn 
11646,  Scikit-learn 
11649,  Scikit-learn 
11650,  Scikit-learn 
11650, Keras 
11650,  TensorFlow 
11651, Keras 
11651,  TensorFlow 
11651,  Scikit-learn 
11652,  TensorFlow 
11652,  Scikit-learn 
11652, Keras 
11653,  Scikit-learn 
11655,  Scikit-learn 
11655, Xgboost 
11655, PyTorch Lightning 
11655, PyTorch 
11655,  TensorFlow 
11657, PyTorch 
11658,  Scikit-learn 
11658, CatBoost 
11659, Keras 
11659, PyTorch 
11659,  TensorFlow 
11659,  Scikit-learn 
11659, LightGBM 
11659, Fast.ai 
11659, Caret 
11659, Xgboost 
11660, Keras 
11660, PyTorch 
11660,  TensorFlow 
11660,  Scikit-learn 
11660, Xgboost 
11660, Huggingface 
11661,  Scikit-learn 
11662, Keras 
11662,  TensorFlow 
11662, LightGBM 
11662, Xgboost 
11662, CatBoost 
11662,  Scikit-learn 
11665,  Scikit-learn 
11665, PyTorch 
11665,  TensorFlow 
11666,  TensorFlow 
11666, Xgboost 
11666, Keras 
11666, PyTorch 
11670, Fast.ai 
11670, LightGBM 
11670, PyTorch 
11670, Keras 
11670,  Scikit-learn 
11673,  Scikit-learn 
11675, Keras 
11675,  TensorFlow 
11675,  Scikit-learn 
11676,  Scikit-learn 
11677, PyTorch Lightning 
11679, Keras 
11679,  Scikit-learn 
11679, PyTorch 
11679,  TensorFlow 
11680,Other
11681,  Scikit-learn 
11683,  TensorFlow 
11683,  Scikit-learn 
11683, Keras 
11684, Keras 
11684, PyTorch Lightning 
11684, Xgboost 
11684, PyTorch 
11684,  Scikit-learn 
11684,  TensorFlow 
11686, JAX 
11686, Tidymodels 
11686, PyTorch 
11686, Fast.ai 
11686,  TensorFlow 
11686,  Scikit-learn 
11686, Huggingface 
11686, Keras 
11690, Xgboost 
11690, Keras 
11690,  TensorFlow 
11690,  Scikit-learn 
11691,  Scikit-learn 
11691,Other
11691,  TensorFlow 
11694,  TensorFlow 
11694, PyTorch 
11694,  Scikit-learn 
11694, Keras 
11695,  Scikit-learn 
11696,  Scikit-learn 
11696, Keras 
11696,  TensorFlow 
11700, PyTorch Lightning 
11700, Huggingface 
11700, Keras 
11700,  Scikit-learn 
11700,  TensorFlow 
11700, PyTorch 
11700, Xgboost 
11704,  TensorFlow 
11706,  TensorFlow 
11706, Keras 
11706,  Scikit-learn 
11710,  Scikit-learn 
11710,  TensorFlow 
11710, Xgboost 
11710, Keras 
11710, LightGBM 
11712, Keras 
11712,  TensorFlow 
11712,  Scikit-learn 
11713,  Scikit-learn 
11713, Xgboost 
11714,  Scikit-learn 
11714,  TensorFlow 
11715,  Scikit-learn 
11717,  TensorFlow 
11718, Xgboost 
11718, Huggingface 
11718,  Scikit-learn 
11718, Keras 
11718,  TensorFlow 
11718, LightGBM 
11718, CatBoost 
11719,  TensorFlow 
11719, Huggingface 
11719, PyTorch 
11719, Keras 
11719,  Scikit-learn 
11720, Xgboost 
11720,  Scikit-learn 
11720, PyTorch 
11721,  TensorFlow 
11721, LightGBM 
11725, Huggingface 
11725,  Scikit-learn 
11725,  TensorFlow 
11729,  TensorFlow 
11729, Keras 
11729,  Scikit-learn 
11729, PyTorch 
11729, LightGBM 
11729, Xgboost 
11731,  Scikit-learn 
11732,  Scikit-learn 
11732, Keras 
11733, Caret 
11733, CatBoost 
11733, Fast.ai 
11733, PyTorch Lightning 
11733, PyTorch 
11736,  TensorFlow 
11736, Huggingface 
11736,  Scikit-learn 
11737,  Scikit-learn 
11738,  TensorFlow 
11738, PyTorch 
11738, Keras 
11738,  Scikit-learn 
11740, LightGBM 
11740, PyTorch 
11740,  Scikit-learn 
11741,  Scikit-learn 
11741, Xgboost 
11742, PyTorch 
11742,  TensorFlow 
11742, Keras 
11742, Huggingface 
11742, Fast.ai 
11742, Xgboost 
11743,  Scikit-learn 
11744,  Scikit-learn 
11744, PyTorch 
11745, Keras 
11745,  TensorFlow 
11745,  Scikit-learn 
11746,  Scikit-learn 
11746, Xgboost 
11747, Keras 
11747,  TensorFlow 
11747,  Scikit-learn 
11747, PyTorch 
11750, PyTorch 
11750, Xgboost 
11750,  TensorFlow 
11750,  Scikit-learn 
11750, Keras 
11751, Xgboost 
11751, PyTorch 
11751,  Scikit-learn 
11752,  TensorFlow 
11752,  Scikit-learn 
11753,  Scikit-learn 
11753, LightGBM 
11753, Xgboost 
11753, PyTorch 
11755, Keras 
11755,  Scikit-learn 
11755,  TensorFlow 
11756, Xgboost 
11756,  Scikit-learn 
11756,  TensorFlow 
11756, Keras 
11757,  Scikit-learn 
11757,  TensorFlow 
11757, Keras 
11758,  Scikit-learn 
11758,  TensorFlow 
11758, Keras 
11759,  TensorFlow 
11760, PyTorch Lightning 
11760, PyTorch 
11760, Huggingface 
11760,  Scikit-learn 
11763, PyTorch 
11763, Fast.ai 
11763,  Scikit-learn 
11763, Xgboost 
11764,  Scikit-learn 
11764, PyTorch 
11764,  TensorFlow 
11764, Xgboost 
11764, Keras 
11765,  Scikit-learn 
11768, Keras 
11768,  Scikit-learn 
11768, PyTorch 
11768,  TensorFlow 
11769,  Scikit-learn 
11770,  Scikit-learn 
11771,  Scikit-learn 
11771, Keras 
11771, Fast.ai 
11771,  TensorFlow 
11771, Huggingface 
11771, PyTorch 
11773, PyTorch 
11773, Keras 
11773,  TensorFlow 
11773,  Scikit-learn 
11774,  Scikit-learn 
11774, Keras 
11775,  TensorFlow 
11775, Keras 
11775, Xgboost 
11775, PyTorch 
11775,  Scikit-learn 
11775, LightGBM 
11775, CatBoost 
11775,Other
11775, Caret 
11776,Other
11778,  Scikit-learn 
11780,  TensorFlow 
11780, Keras 
11780, Xgboost 
11780,  Scikit-learn 
11781,  Scikit-learn 
11781, Xgboost 
11781, Keras 
11781,  TensorFlow 
11781, PyTorch 
11784,  Scikit-learn 
11785, PyTorch 
11785, Keras 
11785,  TensorFlow 
11785,  Scikit-learn 
11786,  Scikit-learn 
11786, PyTorch 
11786, Huggingface 
11786,  TensorFlow 
11788, Keras 
11788,  Scikit-learn 
11788,  TensorFlow 
11788, PyTorch 
11790,  Scikit-learn 
11790, Caret 
11790, Tidymodels 
11790, Xgboost 
11791,  TensorFlow 
11791,  Scikit-learn 
11791, Keras 
11794, PyTorch 
11794,  Scikit-learn 
11794, Xgboost 
11797,  TensorFlow 
11797,  Scikit-learn 
11798,  Scikit-learn 
11798, Xgboost 
11799,  Scikit-learn 
11799,  TensorFlow 
11799, Keras 
11800,  TensorFlow 
11800, Xgboost 
11800,  Scikit-learn 
11800, Keras 
11800, LightGBM 
11801, Caret 
11801, LightGBM 
11801,  Scikit-learn 
11801, CatBoost 
11801, Xgboost 
11801,  TensorFlow 
11801, Keras 
11802,  Scikit-learn 
11802, LightGBM 
11802,  TensorFlow 
11802, CatBoost 
11802, Xgboost 
11802, Fast.ai 
11802, Keras 
11805,  Scikit-learn 
11805, Keras 
11805,  TensorFlow 
11809, LightGBM 
11809, Xgboost 
11809, CatBoost 
11809,  Scikit-learn 
11810, Xgboost 
11810,  Scikit-learn 
11813, Xgboost 
11813,Other
11813,  Scikit-learn 
11814,  Scikit-learn 
11815,  Scikit-learn 
11815,  TensorFlow 
11815, Keras 
11815, Xgboost 
11815, Caret 
11815, PyTorch 
11817, PyTorch 
11817,  Scikit-learn 
11817, Keras 
11817, LightGBM 
11817,  TensorFlow 
11818,  Scikit-learn 
11818, Xgboost 
11819,  Scikit-learn 
11819,  TensorFlow 
11820,  Scikit-learn 
11821, Keras 
11821,  Scikit-learn 
11821, PyTorch 
11821,  TensorFlow 
11823,  TensorFlow 
11823, PyTorch 
11823, Keras 
11825, PyTorch 
11825,  TensorFlow 
11826,  TensorFlow 
11826, Keras 
11826,  Scikit-learn 
11827, Xgboost 
11827,  TensorFlow 
11827,  Scikit-learn 
11827, Keras 
11827, LightGBM 
11828,  Scikit-learn 
11829,  Scikit-learn 
11829, JAX 
11829, PyTorch 
11830, Xgboost 
11830,  Scikit-learn 
11833,  TensorFlow 
11835,  TensorFlow 
11835,  Scikit-learn 
11835, CatBoost 
11835, Xgboost 
11835, Keras 
11837,  TensorFlow 
11837,  Scikit-learn 
11837, Keras 
11838, Keras 
11838, Xgboost 
11838, LightGBM 
11838,  Scikit-learn 
11839, PyTorch 
11839,  Scikit-learn 
11839, Keras 
11839,  TensorFlow 
11843, Keras 
11843,  TensorFlow 
11843,  Scikit-learn 
11846,  TensorFlow 
11848,  TensorFlow 
11849, Keras 
11849,  TensorFlow 
11849,  Scikit-learn 
11850, Xgboost 
11850, LightGBM 
11850,  TensorFlow 
11850,  Scikit-learn 
11850, Keras 
11851, Xgboost 
11851, Keras 
11851,  Scikit-learn 
11853, Xgboost 
11853,  TensorFlow 
11853, Keras 
11853,  Scikit-learn 
11856,  Scikit-learn 
11856,  TensorFlow 
11856, Keras 
11857, PyTorch 
11857,Other
11857, Keras 
11857,  Scikit-learn 
11857,  TensorFlow 
11859, PyTorch 
11859,  Scikit-learn 
11859, Keras 
11859,  TensorFlow 
11860,  Scikit-learn 
11860,  TensorFlow 
11860, Xgboost 
11863, Huggingface 
11863,  Scikit-learn 
11863, PyTorch Lightning 
11863, LightGBM 
11863, Fast.ai 
11863, Xgboost 
11863,  TensorFlow 
11863, Keras 
11864,  Scikit-learn 
11864, Keras 
11865,  TensorFlow 
11865,  Scikit-learn 
11866, Keras 
11868,  Scikit-learn 
11868, Xgboost 
11870, Xgboost 
11870,  Scikit-learn 
11870, PyTorch 
11870, LightGBM 
11870, CatBoost 
11870,Other
11870,  TensorFlow 
11870, Keras 
11871, Keras 
11871,  TensorFlow 
11874, PyTorch 
11874, Fast.ai 
11874,  TensorFlow 
11874,  Scikit-learn 
11874, Xgboost 
11875,  Scikit-learn 
11877, Keras 
11877,  Scikit-learn 
11877,  TensorFlow 
11878, PyTorch 
11879, Xgboost 
11881,  TensorFlow 
11881,  Scikit-learn 
11882, PyTorch 
11885, Keras 
11885,  TensorFlow 
11887, PyTorch 
11887, Xgboost 
11887,  TensorFlow 
11888,  Scikit-learn 
11890,  Scikit-learn 
11892, PyTorch 
11892, Keras 
11892,  Scikit-learn 
11892,  TensorFlow 
11892, Huggingface 
11893,  TensorFlow 
11893, Keras 
11893,  Scikit-learn 
11895, CatBoost 
11895, Xgboost 
11895, LightGBM 
11895,  Scikit-learn 
11897,  Scikit-learn 
11898,  Scikit-learn 
11898, Keras 
11898,  TensorFlow 
11899, Keras 
11899, Xgboost 
11899,  Scikit-learn 
11902, PyTorch 
11902,  TensorFlow 
11902, Keras 
11902,  Scikit-learn 
11903,  Scikit-learn 
11903, PyTorch 
11903,  TensorFlow 
11903, Keras 
11905, Xgboost 
11907,  Scikit-learn 
11907,  TensorFlow 
11908,  Scikit-learn 
11909,  Scikit-learn 
11909,  TensorFlow 
11909, Keras 
11910, Xgboost 
11910,  Scikit-learn 
11910, LightGBM 
11910, PyTorch 
11911, Xgboost 
11911,  Scikit-learn 
11911, Keras 
11911,  TensorFlow 
11912,  Scikit-learn 
11913, PyTorch 
11913,  Scikit-learn 
11913, Huggingface 
11913, Keras 
11913,  TensorFlow 
11918, PyTorch 
11918,  TensorFlow 
11918,  Scikit-learn 
11918, Keras 
11918, Xgboost 
11919,  Scikit-learn 
11920, Fast.ai 
11920, CatBoost 
11920, Xgboost 
11920,  Scikit-learn 
11920, Keras 
11923,  Scikit-learn 
11924,  TensorFlow 
11924, PyTorch 
11924,  Scikit-learn 
11924, Keras 
11925, Xgboost 
11925,  Scikit-learn 
11927, Keras 
11927, PyTorch 
11927,  TensorFlow 
11927,  Scikit-learn 
11928, Keras 
11928,  Scikit-learn 
11928, PyTorch 
11929, Keras 
11929,Other
11929,  Scikit-learn 
11929,  TensorFlow 
11930,  Scikit-learn 
11930, LightGBM 
11932, Keras 
11932,  Scikit-learn 
11932,  TensorFlow 
11934,Other
11935,Other
11935,  Scikit-learn 
11936,  Scikit-learn 
11936, Keras 
11936, Xgboost 
11936,  TensorFlow 
11937,  Scikit-learn 
11937, Xgboost 
11937, LightGBM 
11937, PyTorch 
11939, Keras 
11939,  Scikit-learn 
11939,  TensorFlow 
11941, Keras 
11941,  TensorFlow 
11941, PyTorch 
11942, PyTorch Lightning 
11942, PyTorch 
11942, Xgboost 
11942,  Scikit-learn 
11943,  Scikit-learn 
11944, PyTorch 
11944,  Scikit-learn 
11947, Xgboost 
11947,  TensorFlow 
11947,  Scikit-learn 
11947, LightGBM 
11947, Keras 
11948, PyTorch 
11948,  TensorFlow 
11948, PyTorch Lightning 
11950,  TensorFlow 
11951, Keras 
11951,  Scikit-learn 
11951,  TensorFlow 
11951, PyTorch 
11952, PyTorch 
11952,  Scikit-learn 
11952, Xgboost 
11952, LightGBM 
11953, Xgboost 
11953, Keras 
11953, PyTorch 
11953, PyTorch Lightning 
11957, Xgboost 
11957,  Scikit-learn 
11957,  TensorFlow 
11957, Keras 
11958,  Scikit-learn 
11959,  Scikit-learn 
11959,  TensorFlow 
11959, Keras 
11960,  Scikit-learn 
11963,Other
11965, PyTorch Lightning 
11965, Huggingface 
11965, PyTorch 
11966,  TensorFlow 
11966, Xgboost 
11966, PyTorch 
11966,  Scikit-learn 
11967, PyTorch 
11967,  Scikit-learn 
11968,  TensorFlow 
11968, PyTorch 
11968, Xgboost 
11968,  Scikit-learn 
11968, Huggingface 
11968, Tidymodels 
11969, PyTorch 
11969,  TensorFlow 
11969,  Scikit-learn 
11969, Keras 
11970, Keras 
11970,  Scikit-learn 
11970,  TensorFlow 
11971,  TensorFlow 
11971,  Scikit-learn 
11971, PyTorch 
11974, Fast.ai 
11974, Xgboost 
11974, Huggingface 
11974,  Scikit-learn 
11974,  TensorFlow 
11974, Keras 
11974, PyTorch 
11975,  Scikit-learn 
11975, PyTorch Lightning 
11975, PyTorch 
11977,  TensorFlow 
11979,  Scikit-learn 
11979,  TensorFlow 
11979, Keras 
11979, PyTorch 
11980, PyTorch Lightning 
11981,  TensorFlow 
11981,  Scikit-learn 
11981, Keras 
11981,Other
11983,  Scikit-learn 
11983, PyTorch 
11986,  TensorFlow 
11986, Huggingface 
11986, LightGBM 
11986,  Scikit-learn 
11986, Xgboost 
11986, Keras 
11987,  Scikit-learn 
11987,  TensorFlow 
11988,  Scikit-learn 
11989, Tidymodels 
11989,  TensorFlow 
11989,  Scikit-learn 
11989, PyTorch 
11989, Keras 
11991, Xgboost 
11991,  Scikit-learn 
11991, Keras 
11994,  TensorFlow 
11994,  Scikit-learn 
11995,  Scikit-learn 
11997,  Scikit-learn 
11999,  Scikit-learn 
11999, LightGBM 
11999,  TensorFlow 
11999, Xgboost 
11999, Keras 
12001,  TensorFlow 
12001, PyTorch Lightning 
12002,  TensorFlow 
12002, LightGBM 
12002, Keras 
12002, Xgboost 
12002,  Scikit-learn 
12002, CatBoost 
12003, PyTorch 
12003,  TensorFlow 
12004,  TensorFlow 
12004, PyTorch 
12004,  Scikit-learn 
12006,  TensorFlow 
12006, Xgboost 
12006, LightGBM 
12006,  Scikit-learn 
12006, Keras 
12006, CatBoost 
12007, PyTorch 
12008, Keras 
12008, PyTorch Lightning 
12011,Other
12013,  Scikit-learn 
12014,  Scikit-learn 
12014, Xgboost 
12014, Caret 
12016, PyTorch 
12016,  TensorFlow 
12016, Xgboost 
12016, LightGBM 
12016, Keras 
12017,  Scikit-learn 
12019, PyTorch 
12019,  Scikit-learn 
12019,  TensorFlow 
12019, Keras 
12020, CatBoost 
12020, JAX 
12021,  Scikit-learn 
12021, Xgboost 
12021, LightGBM 
12023,Other
12023,  Scikit-learn 
12023, PyTorch 
12023, Huggingface 
12025,  TensorFlow 
12026, PyTorch 
12028, PyTorch 
12028,  TensorFlow 
12030,  TensorFlow 
12030,  Scikit-learn 
12031,  Scikit-learn 
12031, Keras 
12031, PyTorch 
12031,  TensorFlow 
12032, Xgboost 
12032, Keras 
12032,  TensorFlow 
12033, CatBoost 
12033, JAX 
12035,  Scikit-learn 
12035,  TensorFlow 
12035, PyTorch 
12035, Huggingface 
12035, Keras 
12037, Keras 
12038, Xgboost 
12038,Other
12039,Other
12041,  TensorFlow 
12041, CatBoost 
12041, Xgboost 
12041, LightGBM 
12041,  Scikit-learn 
12042,  Scikit-learn 
12042, Tidymodels 
12042,  TensorFlow 
12043, Keras 
12043,  Scikit-learn 
12044,  TensorFlow 
12044, Keras 
12044,  Scikit-learn 
12044, Huggingface 
12046, Keras 
12046,  TensorFlow 
12046,  Scikit-learn 
12046, Xgboost 
12049,  TensorFlow 
12050, PyTorch 
12050,  Scikit-learn 
12051,  TensorFlow 
12054, PyTorch 
12054,  TensorFlow 
12054, Keras 
12054,  Scikit-learn 
12055, Xgboost 
12055,  Scikit-learn 
12056,  Scikit-learn 
12060,  TensorFlow 
12060,  Scikit-learn 
12061, Xgboost 
12061,  Scikit-learn 
12061,  TensorFlow 
12061, Keras 
12061, PyTorch 
12062,  Scikit-learn 
12062, Tidymodels 
12066, Tidymodels 
12066, Caret 
12066, Xgboost 
12068,  TensorFlow 
12068,  Scikit-learn 
12068, Fast.ai 
12070, Xgboost 
12070,  TensorFlow 
12070, Keras 
12070,  Scikit-learn 
12071, Keras 
12071,  TensorFlow 
12071, PyTorch 
12071, LightGBM 
12071,  Scikit-learn 
12071, Xgboost 
12072, Huggingface 
12072, Tidymodels 
12072,  Scikit-learn 
12072, PyTorch 
12073,  Scikit-learn 
12073, Xgboost 
12074, Xgboost 
12074,  Scikit-learn 
12074,  TensorFlow 
12075,  Scikit-learn 
12075,  TensorFlow 
12075, PyTorch 
12079, PyTorch 
12081,  TensorFlow 
12081, Xgboost 
12081,  Scikit-learn 
12081, Keras 
12083, PyTorch 
12083, PyTorch Lightning 
12083, Keras 
12083,  TensorFlow 
12085,  Scikit-learn 
12085, Xgboost 
12085, Keras 
12085,  TensorFlow 
12087, LightGBM 
12087,  Scikit-learn 
12087, PyTorch 
12088, Xgboost 
12088,  Scikit-learn 
12088,  TensorFlow 
12088, LightGBM 
12088, PyTorch 
12089,  TensorFlow 
12092,  Scikit-learn 
12094, Keras 
12094,  TensorFlow 
12100, Keras 
12100,  TensorFlow 
12100, PyTorch 
12100,  Scikit-learn 
12102,  TensorFlow 
12102, Keras 
12104,  Scikit-learn 
12105, Caret 
12109, PyTorch 
12109,  TensorFlow 
12109,  Scikit-learn 
12109, Xgboost 
12109, Keras 
12109, LightGBM 
12110, Keras 
12110, PyTorch 
12112,  Scikit-learn 
12112, PyTorch 
12112, Keras 
12112,  TensorFlow 
12114, Keras 
12114,  Scikit-learn 
12114,  TensorFlow 
12116, PyTorch 
12116,  Scikit-learn 
12117,  Scikit-learn 
12120, CatBoost 
12120,  TensorFlow 
12120,  Scikit-learn 
12122,  TensorFlow 
12122, Xgboost 
12122, CatBoost 
12122,  Scikit-learn 
12122, LightGBM 
12123,  Scikit-learn 
12125, Xgboost 
12125, PyTorch 
12125, CatBoost 
12125,  Scikit-learn 
12126,  TensorFlow 
12126,  Scikit-learn 
12126, Keras 
12127, Keras 
12127,  Scikit-learn 
12127,  TensorFlow 
12128, JAX 
12129,  Scikit-learn 
12130,  Scikit-learn 
12130,  TensorFlow 
12130, Keras 
12133,  Scikit-learn 
12133, Keras 
12133, Xgboost 
12133, PyTorch 
12133,  TensorFlow 
12134, Keras 
12134,  Scikit-learn 
12135, Keras 
12135,  TensorFlow 
12137, Keras 
12137,  TensorFlow 
12138, PyTorch 
12140,  Scikit-learn 
12141, PyTorch 
12142, Keras 
12142,  TensorFlow 
12142, PyTorch 
12144, Keras 
12144,  TensorFlow 
12144, PyTorch 
12145, Keras 
12145,  TensorFlow 
12146,  TensorFlow 
12146, Caret 
12146,  Scikit-learn 
12146, Keras 
12149, PyTorch 
12149,  Scikit-learn 
12149, Huggingface 
12149,  TensorFlow 
12152, PyTorch 
12152, Xgboost 
12152, Fast.ai 
12152,  Scikit-learn 
12152, CatBoost 
12152, LightGBM 
12152,  TensorFlow 
12152, Keras 
12152, Huggingface 
12152, PyTorch Lightning 
12153,  Scikit-learn 
12153, Keras 
12153,  TensorFlow 
12153, Xgboost 
12154, Keras 
12154,  TensorFlow 
12154,  Scikit-learn 
12154, Fast.ai 
12156,  Scikit-learn 
12157, PyTorch 
12157,  TensorFlow 
12157,  Scikit-learn 
12157, Keras 
12160,Other
12161, PyTorch 
12161, Keras 
12161,  TensorFlow 
12164,  TensorFlow 
12164, Keras 
12164, PyTorch 
12164,  Scikit-learn 
12165, Xgboost 
12165, Caret 
12166, LightGBM 
12166, Keras 
12166, CatBoost 
12166,  TensorFlow 
12166,  Scikit-learn 
12166, Xgboost 
12172, Keras 
12172,  Scikit-learn 
12172,  TensorFlow 
12175, Keras 
12175,  Scikit-learn 
12176, Xgboost 
12176, LightGBM 
12176,Other
12176,  Scikit-learn 
12177,  TensorFlow 
12180, Xgboost 
12180, Keras 
12180,  Scikit-learn 
12180,  TensorFlow 
12182,  Scikit-learn 
12182, PyTorch 
12182, Huggingface 
12182, Keras 
12182,  TensorFlow 
12182, Xgboost 
12182, CatBoost 
12188,  Scikit-learn 
12188,  TensorFlow 
12189,  Scikit-learn 
12191,  Scikit-learn 
12192,  Scikit-learn 
12193,  Scikit-learn 
12193, Keras 
12193,  TensorFlow 
12194, Xgboost 
12194,  Scikit-learn 
12194, Keras 
12194, Caret 
12194, PyTorch 
12194,  TensorFlow 
12198,  TensorFlow 
12198, Keras 
12198,  Scikit-learn 
12200,  TensorFlow 
12200, Keras 
12200, Xgboost 
12201, Caret 
12201,  Scikit-learn 
12201, Xgboost 
12201, Keras 
12201, LightGBM 
12201,  TensorFlow 
12203,  Scikit-learn 
12205,  Scikit-learn 
12209,  TensorFlow 
12209, Keras 
12210,  TensorFlow 
12210,  Scikit-learn 
12211, CatBoost 
12211, Xgboost 
12211, LightGBM 
12211, Caret 
12211,  Scikit-learn 
12213, PyTorch 
12213, Huggingface 
12213, Xgboost 
12213,  Scikit-learn 
12215, Keras 
12215,  TensorFlow 
12217,  TensorFlow 
12217, Keras 
12217,  Scikit-learn 
12218, Caret 
12219,  Scikit-learn 
12220, Keras 
12220, PyTorch 
12220,  TensorFlow 
12220,  Scikit-learn 
12221, PyTorch Lightning 
12223,  TensorFlow 
12223, Xgboost 
12223,  Scikit-learn 
12224, PyTorch Lightning 
12224, PyTorch 
12224,  Scikit-learn 
12224,  TensorFlow 
12224, Keras 
12225, Xgboost 
12225, Keras 
12225,  TensorFlow 
12228, Xgboost 
12228,  Scikit-learn 
12228,  TensorFlow 
12228, PyTorch 
12229,  TensorFlow 
12229, Keras 
12229,  Scikit-learn 
12230,  Scikit-learn 
12230, Xgboost 
12230, LightGBM 
12233,  Scikit-learn 
12235,  Scikit-learn 
12236, Keras 
12236,  Scikit-learn 
12236,  TensorFlow 
12237,  Scikit-learn 
12237,  TensorFlow 
12238,  Scikit-learn 
12238, PyTorch 
12239,  Scikit-learn 
12240,  TensorFlow 
12240, Keras 
12241, PyTorch 
12241,  Scikit-learn 
12241,  TensorFlow 
12242,  Scikit-learn 
12242,  TensorFlow 
12242, PyTorch 
12243,  Scikit-learn 
12243, Xgboost 
12243, PyTorch 
12243, Keras 
12244,  Scikit-learn 
12246,  Scikit-learn 
12247, Keras 
12247,  TensorFlow 
12247, PyTorch 
12250,  TensorFlow 
12250, PyTorch 
12250,  Scikit-learn 
12250, Keras 
12251, Xgboost 
12255,  Scikit-learn 
12255, Xgboost 
12255, LightGBM 
12255, PyTorch 
12255, Fast.ai 
12255, CatBoost 
12256, PyTorch 
12256, Huggingface 
12256,  Scikit-learn 
12256, Xgboost 
12256, Keras 
12256,  TensorFlow 
12258, PyTorch Lightning 
12258,  TensorFlow 
12258, Xgboost 
12258,  Scikit-learn 
12258, Keras 
12258, PyTorch 
12261, Huggingface 
12261, PyTorch 
12261,  Scikit-learn 
12262,  Scikit-learn 
12265, PyTorch 
12265, Xgboost 
12265,  TensorFlow 
12265, Keras 
12265,  Scikit-learn 
12266, Xgboost 
12266,  Scikit-learn 
12267, Keras 
12267,  Scikit-learn 
12267,  TensorFlow 
12268,  Scikit-learn 
12269,  Scikit-learn 
12270,  Scikit-learn 
12272, Keras 
12272, PyTorch 
12272,  TensorFlow 
12272,  Scikit-learn 
12273,  TensorFlow 
12273,  Scikit-learn 
12273, PyTorch 
12273, Keras 
12274,  Scikit-learn 
12275,  TensorFlow 
12275,  Scikit-learn 
12275, Keras 
12276,  Scikit-learn 
12278,  TensorFlow 
12279, Xgboost 
12279,  Scikit-learn 
12280,  Scikit-learn 
12280, Xgboost 
12280, Keras 
12281,Other
12283, Keras 
12283,  TensorFlow 
12285, PyTorch 
12285,  TensorFlow 
12286,  Scikit-learn 
12286, Xgboost 
12287,  TensorFlow 
12287, Keras 
12288, Xgboost 
12288,  Scikit-learn 
12289,  Scikit-learn 
12289,  TensorFlow 
12292, PyTorch 
12292,  Scikit-learn 
12292, Huggingface 
12292, Xgboost 
12295, Huggingface 
12295,  Scikit-learn 
12295, LightGBM 
12297, Keras 
12297,  Scikit-learn 
12297,  TensorFlow 
12298, LightGBM 
12298, Keras 
12298,  Scikit-learn 
12298,  TensorFlow 
12298, Xgboost 
12299,  Scikit-learn 
12300, CatBoost 
12300, JAX 
12301,  TensorFlow 
12301,  Scikit-learn 
12301, Xgboost 
12301, Keras 
12307,  Scikit-learn 
12308,  Scikit-learn 
12308,  TensorFlow 
12308, Keras 
12309, Keras 
12309,  TensorFlow 
12309,  Scikit-learn 
12311,  TensorFlow 
12311, Huggingface 
12311, Fast.ai 
12311, LightGBM 
12311, PyTorch Lightning 
12311, PyTorch 
12311,  Scikit-learn 
12311, Keras 
12311, CatBoost 
12312,  Scikit-learn 
12312, PyTorch 
12314,  Scikit-learn 
12318, Xgboost 
12318,  Scikit-learn 
12320,  Scikit-learn 
12320, Keras 
12320,  TensorFlow 
12320, Xgboost 
12322,  Scikit-learn 
12324, Huggingface 
12324,  TensorFlow 
12324,  Scikit-learn 
12324, Keras 
12325, LightGBM 
12325, Keras 
12325,  TensorFlow 
12325,  Scikit-learn 
12325, CatBoost 
12325, PyTorch 
12326,  Scikit-learn 
12326, Keras 
12329, PyTorch 
12329, Xgboost 
12329,  Scikit-learn 
12330, LightGBM 
12330, Caret 
12330, CatBoost 
12330, Xgboost 
12330, Fast.ai 
12330,  Scikit-learn 
12332,  Scikit-learn 
12332,  TensorFlow 
12334, Keras 
12334,  Scikit-learn 
12335,  Scikit-learn 
12336,  Scikit-learn 
12336, Huggingface 
12336, PyTorch 
12337,Other
12339,  Scikit-learn 
12340,  Scikit-learn 
12340,  TensorFlow 
12341,  Scikit-learn 
12343,  TensorFlow 
12343, Keras 
12343,  Scikit-learn 
12346,  Scikit-learn 
12346, Xgboost 
12346, Keras 
12346,  TensorFlow 
12350, Xgboost 
12350,  TensorFlow 
12350,  Scikit-learn 
12350, PyTorch 
12350, Fast.ai 
12350,Other
12350, Keras 
12352, Xgboost 
12352, Keras 
12352,  Scikit-learn 
12352,  TensorFlow 
12353,  TensorFlow 
12355,  TensorFlow 
12355,  Scikit-learn 
12355, Keras 
12355, Xgboost 
12356, Keras 
12356, Xgboost 
12356,  Scikit-learn 
12357,  TensorFlow 
12357, PyTorch 
12357,  Scikit-learn 
12357, Xgboost 
12358,  Scikit-learn 
12358, CatBoost 
12358, Xgboost 
12361,  TensorFlow 
12361, Huggingface 
12361, Keras 
12361,  Scikit-learn 
12363, Keras 
12363,  TensorFlow 
12364, PyTorch 
12364,  Scikit-learn 
12364, Keras 
12364,  TensorFlow 
12365,  TensorFlow 
12366, Huggingface 
12366, PyTorch 
12366,  Scikit-learn 
12366,  TensorFlow 
12366, PyTorch Lightning 
12367,  TensorFlow 
12368,  Scikit-learn 
12368, PyTorch 
12369, Xgboost 
12369, Tidymodels 
12369,  Scikit-learn 
12372,  TensorFlow 
12372,  Scikit-learn 
12372, Keras 
12373,  TensorFlow 
12373, PyTorch 
12373, Keras 
12377,  Scikit-learn 
12378, PyTorch 
12378,  TensorFlow 
12378,  Scikit-learn 
12379,  Scikit-learn 
12381, Huggingface 
12381,  Scikit-learn 
12381, Xgboost 
12381, Keras 
12381,  TensorFlow 
12381, CatBoost 
12382,  Scikit-learn 
12384,  Scikit-learn 
12384, Keras 
12384,  TensorFlow 
12391,  TensorFlow 
12391, PyTorch 
12392,  Scikit-learn 
12395,  Scikit-learn 
12398, PyTorch 
12398,  TensorFlow 
12398, Keras 
12398, Tidymodels 
12398,  Scikit-learn 
12399,  TensorFlow 
12400,  Scikit-learn 
12400,  TensorFlow 
12400,Other
12401,  Scikit-learn 
12401,  TensorFlow 
12401, Xgboost 
12401, PyTorch 
12403,  Scikit-learn 
12403, PyTorch 
12403,  TensorFlow 
12404,  Scikit-learn 
12405,  TensorFlow 
12412,  TensorFlow 
12413, Keras 
12413,  Scikit-learn 
12413,  TensorFlow 
12413, Huggingface 
12413, Xgboost 
12413, PyTorch 
12415,  Scikit-learn 
12417,  Scikit-learn 
12417, PyTorch 
12418,  Scikit-learn 
12419, Keras 
12419,  Scikit-learn 
12423,  Scikit-learn 
12423,  TensorFlow 
12425,  Scikit-learn 
12425, Keras 
12425, Xgboost 
12425,  TensorFlow 
12426,  TensorFlow 
12426, PyTorch Lightning 
12426,  Scikit-learn 
12426, Xgboost 
12426, Keras 
12426, PyTorch 
12427, Keras 
12427,  TensorFlow 
12427, Fast.ai 
12427,  Scikit-learn 
12427, LightGBM 
12427, Caret 
12427, Xgboost 
12428, Xgboost 
12428, Keras 
12428, LightGBM 
12429, Keras 
12429,  TensorFlow 
12430,  Scikit-learn 
12432, Keras 
12432,  Scikit-learn 
12432, Huggingface 
12432,  TensorFlow 
12432, PyTorch 
12433,  Scikit-learn 
12435,  TensorFlow 
12435,  Scikit-learn 
12435, Keras 
12435, Xgboost 
12438, Keras 
12438,  TensorFlow 
12441, Xgboost 
12441,  Scikit-learn 
12441,  TensorFlow 
12442, PyTorch 
12442,  Scikit-learn 
12444, Caret 
12445,  TensorFlow 
12445,  Scikit-learn 
12445, Huggingface 
12448,  Scikit-learn 
12448,  TensorFlow 
12448, Xgboost 
12448, LightGBM 
12448, Keras 
12449,  TensorFlow 
12449, Keras 
12449, PyTorch 
12449,  Scikit-learn 
12451, Keras 
12451,  Scikit-learn 
12451, PyTorch 
12454,  TensorFlow 
12455,  Scikit-learn 
12456,  Scikit-learn 
12456, CatBoost 
12456, LightGBM 
12456, Keras 
12456, Caret 
12456, Xgboost 
12456, PyTorch 
12457,  Scikit-learn 
12458,  Scikit-learn 
12458,  TensorFlow 
12458, LightGBM 
12458, Xgboost 
12458, Keras 
12460, PyTorch 
12460,  Scikit-learn 
12461,  Scikit-learn 
12461,  TensorFlow 
12461, Keras 
12461, Xgboost 
12462, Huggingface 
12462,  Scikit-learn 
12462, PyTorch Lightning 
12462, PyTorch 
12463,  Scikit-learn 
12465,  Scikit-learn 
12465, Fast.ai 
12465, Huggingface 
12471, Keras 
12471,  Scikit-learn 
12471,  TensorFlow 
12472,  Scikit-learn 
12472, Keras 
12473,  Scikit-learn 
12474, Keras 
12474,  TensorFlow 
12474,  Scikit-learn 
12475,  TensorFlow 
12475,  Scikit-learn 
12476,  TensorFlow 
12476, JAX 
12476, Keras 
12477,  Scikit-learn 
12479,  Scikit-learn 
12480, LightGBM 
12481, Keras 
12481,  Scikit-learn 
12483, PyTorch 
12484, Keras 
12484, PyTorch 
12484, Xgboost 
12484,  TensorFlow 
12484, CatBoost 
12484, LightGBM 
12484,  Scikit-learn 
12487, Keras 
12487, Tidymodels 
12487,  Scikit-learn 
12487, PyTorch 
12487,  TensorFlow 
12487, Xgboost 
12488, Xgboost 
12488, Keras 
12488,  TensorFlow 
12488,  Scikit-learn 
12489, Keras 
12492, Keras 
12492,  TensorFlow 
12493,  TensorFlow 
12493, Keras 
12493, JAX 
12493, Xgboost 
12493,  Scikit-learn 
12493, Huggingface 
12495,  Scikit-learn 
12496,  TensorFlow 
12496, Keras 
12496,  Scikit-learn 
12500, Keras 
12500,  TensorFlow 
12500,  Scikit-learn 
12502,Other
12503,  Scikit-learn 
12504, PyTorch 
12504,  Scikit-learn 
12504, Keras 
12504,  TensorFlow 
12506,  Scikit-learn 
12508, Keras 
12508,  TensorFlow 
12508,  Scikit-learn 
12509, Keras 
12509,  TensorFlow 
12511,  Scikit-learn 
12512, LightGBM 
12512, CatBoost 
12512, Xgboost 
12512,  Scikit-learn 
12515,  Scikit-learn 
12516,  Scikit-learn 
12517, PyTorch 
12517,  Scikit-learn 
12517, Fast.ai 
12518,  Scikit-learn 
12518, PyTorch 
12519,Other
12519, Keras 
12519,  TensorFlow 
12519,  Scikit-learn 
12521, Fast.ai 
12521, PyTorch 
12524, PyTorch 
12524,  TensorFlow 
12525, PyTorch 
12525, LightGBM 
12525, Keras 
12525,  Scikit-learn 
12525,  TensorFlow 
12525, Huggingface 
12529, LightGBM 
12529,  Scikit-learn 
12530,  Scikit-learn 
12533,  TensorFlow 
12533, LightGBM 
12533, Keras 
12533,  Scikit-learn 
12533, Xgboost 
12534, Keras 
12534,  Scikit-learn 
12534,  TensorFlow 
12535,  Scikit-learn 
12535,  TensorFlow 
12537, PyTorch 
12537, Keras 
12537,  Scikit-learn 
12537, Xgboost 
12537,  TensorFlow 
12539,  Scikit-learn 
12542,  Scikit-learn 
12546,  Scikit-learn 
12546, Keras 
12548,  TensorFlow 
12548, Keras 
12548, PyTorch 
12548,  Scikit-learn 
12551, Keras 
12551,  Scikit-learn 
12551, PyTorch 
12551,  TensorFlow 
12552,  Scikit-learn 
12552, Huggingface 
12553,  Scikit-learn 
12553, Fast.ai 
12553, Xgboost 
12553, Keras 
12553, PyTorch 
12553,  TensorFlow 
12554,  TensorFlow 
12554,  Scikit-learn 
12554, Keras 
12555, CatBoost 
12555,  Scikit-learn 
12555, LightGBM 
12555, Keras 
12555,  TensorFlow 
12555, Xgboost 
12557,Other
12558,  TensorFlow 
12558,  Scikit-learn 
12558, Keras 
12559, Tidymodels 
12559, Xgboost 
12559,  TensorFlow 
12559,  Scikit-learn 
12559, LightGBM 
12559, Keras 
12560,  Scikit-learn 
12561, Xgboost 
12561,  Scikit-learn 
12561, Fast.ai 
12561,  TensorFlow 
12561, Tidymodels 
12561, PyTorch 
12561, PyTorch Lightning 
12563, PyTorch 
12563,  TensorFlow 
12564, Keras 
12564,  Scikit-learn 
12564,  TensorFlow 
12565,  Scikit-learn 
12566, PyTorch 
12566, Huggingface 
12568,  TensorFlow 
12571,  TensorFlow 
12571,  Scikit-learn 
12571, Huggingface 
12571, PyTorch 
12571, Keras 
12572, Keras 
12572,  Scikit-learn 
12572, Xgboost 
12572, PyTorch 
12573,  TensorFlow 
12574, Fast.ai 
12578,  TensorFlow 
12578, Keras 
12579, Keras 
12579,  TensorFlow 
12579,  Scikit-learn 
12580,  Scikit-learn 
12580,  TensorFlow 
12583,  TensorFlow 
12584,  Scikit-learn 
12587,  Scikit-learn 
12588,  TensorFlow 
12589, Keras 
12589, PyTorch 
12589,  Scikit-learn 
12589,  TensorFlow 
12589, Xgboost 
12591, Caret 
12595, PyTorch 
12595,  Scikit-learn 
12595,  TensorFlow 
12595, Keras 
12596,  Scikit-learn 
12596, PyTorch 
12596,  TensorFlow 
12597, PyTorch 
12597,  Scikit-learn 
12599,  Scikit-learn 
12602, PyTorch 
12602, Keras 
12602,  TensorFlow 
12604,  TensorFlow 
12604,  Scikit-learn 
12604, Keras 
12605, Xgboost 
12605,  TensorFlow 
12605, Keras 
12605, LightGBM 
12605,  Scikit-learn 
12605, CatBoost 
12606, Keras 
12606, Xgboost 
12606, CatBoost 
12606,  Scikit-learn 
12606, Caret 
12606, PyTorch 
12606,  TensorFlow 
12611,  TensorFlow 
12611,  Scikit-learn 
12612, PyTorch 
12612,  TensorFlow 
12612, Keras 
12613,  TensorFlow 
12613, PyTorch 
12613,  Scikit-learn 
12614, Keras 
12614,  Scikit-learn 
12614, PyTorch 
12614,  TensorFlow 
12615, Xgboost 
12615,  TensorFlow 
12615,  Scikit-learn 
12615, PyTorch 
12616, PyTorch 
12616,  Scikit-learn 
12616,  TensorFlow 
12617,  TensorFlow 
12617,  Scikit-learn 
12617, Keras 
12618,  Scikit-learn 
12618, Keras 
12618,  TensorFlow 
12618, Xgboost 
12618, LightGBM 
12627,  Scikit-learn 
12627, Keras 
12627, PyTorch 
12627,  TensorFlow 
12628,  TensorFlow 
12628, PyTorch 
12628, PyTorch Lightning 
12628, Keras 
12629, Huggingface 
12629, Xgboost 
12629, Keras 
12629,  TensorFlow 
12629, PyTorch 
12630,  TensorFlow 
12630, Xgboost 
12633, Keras 
12633,  TensorFlow 
12637,Other
12638,  TensorFlow 
12638, PyTorch 
12638,  Scikit-learn 
12638, Keras 
12639, Xgboost 
12639, PyTorch 
12639,  TensorFlow 
12639,  Scikit-learn 
12640, Xgboost 
12640, Huggingface 
12640,  Scikit-learn 
12642,  Scikit-learn 
12642, PyTorch 
12642, Keras 
12642,  TensorFlow 
12644,  TensorFlow 
12644,  Scikit-learn 
12644, PyTorch 
12644, Keras 
12645, Xgboost 
12645,  Scikit-learn 
12645, Keras 
12645,  TensorFlow 
12646,  Scikit-learn 
12646, PyTorch 
12646, Keras 
12646,  TensorFlow 
12646,Other
12649, Xgboost 
12649,  TensorFlow 
12649,  Scikit-learn 
12649, Keras 
12650, Keras 
12650,  TensorFlow 
12651, Huggingface 
12651, PyTorch 
12654,  TensorFlow 
12654,  Scikit-learn 
12654, Keras 
12655, Caret 
12655, PyTorch 
12655,  Scikit-learn 
12657,  Scikit-learn 
12657,  TensorFlow 
12657, Keras 
12659,  Scikit-learn 
12659,  TensorFlow 
12659, Xgboost 
12660,  Scikit-learn 
12660, PyTorch 
12660, Huggingface 
12660,  TensorFlow 
12660, Keras 
12660, LightGBM 
12661,  TensorFlow 
12663, Huggingface 
12663,  TensorFlow 
12663, Keras 
12665,  Scikit-learn 
12665, Fast.ai 
12665, PyTorch 
12667,  Scikit-learn 
12667, Keras 
12667,  TensorFlow 
12667, PyTorch 
12667, Huggingface 
12669,  TensorFlow 
12669, PyTorch 
12669,  Scikit-learn 
12669, PyTorch Lightning 
12669, Xgboost 
12670,  Scikit-learn 
12670, Keras 
12674,  Scikit-learn 
12675, Keras 
12675,  TensorFlow 
12676,  Scikit-learn 
12676, PyTorch 
12676, Fast.ai 
12676, PyTorch Lightning 
12677,  TensorFlow 
12677, Keras 
12677,  Scikit-learn 
12678, Xgboost 
12678, PyTorch 
12678,  Scikit-learn 
12679, Keras 
12679,  TensorFlow 
12679,  Scikit-learn 
12680, Keras 
12680,  TensorFlow 
12680,  Scikit-learn 
12682,  Scikit-learn 
12682, Xgboost 
12682, Caret 
12683, LightGBM 
12683, Xgboost 
12683,  Scikit-learn 
12684,  TensorFlow 
12684,  Scikit-learn 
12684, Xgboost 
12684, Keras 
12685,  Scikit-learn 
12685, PyTorch 
12687, Xgboost 
12687,  Scikit-learn 
12687,  TensorFlow 
12687, PyTorch Lightning 
12687, PyTorch 
12688, Keras 
12688,  TensorFlow 
12689, PyTorch 
12691,  Scikit-learn 
12692, PyTorch 
12692,  TensorFlow 
12696, Keras 
12696,  Scikit-learn 
12699, PyTorch 
12699, Keras 
12699,  Scikit-learn 
12701,  Scikit-learn 
12701, Xgboost 
12701, LightGBM 
12702,  Scikit-learn 
12702, Keras 
12703, Keras 
12703,  Scikit-learn 
12703,  TensorFlow 
12704, Keras 
12704,  Scikit-learn 
12707, LightGBM 
12707,  Scikit-learn 
12708,  TensorFlow 
12708,  Scikit-learn 
12710, Keras 
12710,  TensorFlow 
12710,  Scikit-learn 
12711,  Scikit-learn 
12714,  Scikit-learn 
12714, Keras 
12714, Xgboost 
12715, Huggingface 
12715, Keras 
12715,  TensorFlow 
12715,  Scikit-learn 
12718, Xgboost 
12718,  Scikit-learn 
12719, CatBoost 
12720,  Scikit-learn 
12721,  Scikit-learn 
12721, PyTorch 
12721, LightGBM 
12723,  Scikit-learn 
12724, Keras 
12725,  Scikit-learn 
12725, Keras 
12726, Tidymodels 
12726, JAX 
12726, LightGBM 
12727, PyTorch Lightning 
12727,  TensorFlow 
12727, Huggingface 
12727, JAX 
12727, PyTorch 
12728,  Scikit-learn 
12728, Huggingface 
12729, Keras 
12729,  TensorFlow 
12729, PyTorch 
12730, PyTorch 
12730,  Scikit-learn 
12730, Keras 
12734,  Scikit-learn 
12734, PyTorch 
12734, Xgboost 
12734, Keras 
12734, LightGBM 
12734,  TensorFlow 
12736,  Scikit-learn 
12739,  Scikit-learn 
12741, Xgboost 
12741, Keras 
12741,  Scikit-learn 
12741, LightGBM 
12742, Xgboost 
12742,  TensorFlow 
12742,  Scikit-learn 
12742, Keras 
12742, CatBoost 
12743, PyTorch 
12743,  Scikit-learn 
12745,  TensorFlow 
12745, Keras 
12745,  Scikit-learn 
12747,  Scikit-learn 
12749,  Scikit-learn 
12749, Keras 
12749,  TensorFlow 
12752, Keras 
12752,  TensorFlow 
12752,  Scikit-learn 
12757, Keras 
12757,  Scikit-learn 
12757, Xgboost 
12757, PyTorch 
12757,  TensorFlow 
12759,  Scikit-learn 
12760,  TensorFlow 
12760,  Scikit-learn 
12760, Keras 
12760, PyTorch 
12762, PyTorch 
12762, Huggingface 
12764,  Scikit-learn 
12764,  TensorFlow 
12764, Keras 
12765, Xgboost 
12765,  Scikit-learn 
12765,  TensorFlow 
12765, PyTorch 
12765, Keras 
12766,  Scikit-learn 
12766, Xgboost 
12768,  Scikit-learn 
12768,  TensorFlow 
12769, LightGBM 
12769, CatBoost 
12769, Xgboost 
12769, Huggingface 
12769,  TensorFlow 
12769, Keras 
12769,  Scikit-learn 
12771,  TensorFlow 
12771,  Scikit-learn 
12771, Huggingface 
12771, PyTorch 
12771, Keras 
12772,  TensorFlow 
12772,  Scikit-learn 
12772, Xgboost 
12773, Keras 
12773, PyTorch 
12773, Xgboost 
12777,  TensorFlow 
12777, Keras 
12777,  Scikit-learn 
12777, Xgboost 
12778,  Scikit-learn 
12778, PyTorch 
12778, PyTorch Lightning 
12779,  Scikit-learn 
12779, Keras 
12779, Xgboost 
12779,  TensorFlow 
12780, Huggingface 
12780, CatBoost 
12780, LightGBM 
12780, Xgboost 
12780, Keras 
12780,  Scikit-learn 
12781, Keras 
12781,  TensorFlow 
12781, PyTorch 
12781, LightGBM 
12781, CatBoost 
12781, Xgboost 
12781,  Scikit-learn 
12783,  TensorFlow 
12783,  Scikit-learn 
12784,  Scikit-learn 
12784,  TensorFlow 
12785, JAX 
12785,  Scikit-learn 
12785, PyTorch 
12785, Xgboost 
12785,  TensorFlow 
12786, Keras 
12786,  Scikit-learn 
12786,  TensorFlow 
12787, CatBoost 
12787,  TensorFlow 
12787, LightGBM 
12787,  Scikit-learn 
12787, Keras 
12790, Keras 
12790, PyTorch 
12790,  TensorFlow 
12791,  TensorFlow 
12791, PyTorch 
12792,  Scikit-learn 
12792, Keras 
12792,  TensorFlow 
12792, Xgboost 
12794,  Scikit-learn 
12794, Keras 
12794, Xgboost 
12795,  TensorFlow 
12795, Keras 
12796,  Scikit-learn 
12798,  Scikit-learn 
12801,  TensorFlow 
12801,  Scikit-learn 
12802,  TensorFlow 
12802, PyTorch 
12802,  Scikit-learn 
12802, Xgboost 
12804,  Scikit-learn 
12804,  TensorFlow 
12804, Keras 
12807,  Scikit-learn 
12807,  TensorFlow 
12807, PyTorch Lightning 
12807, Fast.ai 
12808, Xgboost 
12808, LightGBM 
12808, PyTorch Lightning 
12808, PyTorch 
12808,  Scikit-learn 
12811,  Scikit-learn 
12811, PyTorch 
12811, Xgboost 
12812,Other
12812,  Scikit-learn 
12814,  Scikit-learn 
12814, Keras 
12814, LightGBM 
12815,  Scikit-learn 
12815, Xgboost 
12815, LightGBM 
12817, PyTorch 
12817, Keras 
12817,  Scikit-learn 
12817,  TensorFlow 
12817, Huggingface 
12819, Xgboost 
12819,Other
12819,  Scikit-learn 
12819, PyTorch 
12819, LightGBM 
12820,  TensorFlow 
12821,Other
12823,  Scikit-learn 
12823, Xgboost 
12826,  TensorFlow 
12828, Keras 
12828,  TensorFlow 
12828, Tidymodels 
12828, Fast.ai 
12828, PyTorch Lightning 
12828, PyTorch 
12828, Xgboost 
12828, LightGBM 
12828, CatBoost 
12828,  Scikit-learn 
12829,  TensorFlow 
12829,  Scikit-learn 
12829, Keras 
12830, Huggingface 
12830, Caret 
12830, Keras 
12830,  Scikit-learn 
12830, Tidymodels 
12830,  TensorFlow 
12831, PyTorch 
12831,  Scikit-learn 
12832, Keras 
12832, Xgboost 
12832,  TensorFlow 
12832, LightGBM 
12832, CatBoost 
12832,  Scikit-learn 
12832, PyTorch 
12834, PyTorch Lightning 
12834,  Scikit-learn 
12834, PyTorch 
12836,  Scikit-learn 
12838,Other
12839,  TensorFlow 
12839,  Scikit-learn 
12840, Keras 
12840,  Scikit-learn 
12840, Xgboost 
12840, PyTorch 
12841,  TensorFlow 
12841, Keras 
12841,  Scikit-learn 
12845,  Scikit-learn 
12845,  TensorFlow 
12845, Keras 
12845, PyTorch 
12847, Keras 
12847,  TensorFlow 
12847,  Scikit-learn 
12847, PyTorch 
12849, Keras 
12849,  TensorFlow 
12850, Keras 
12850,  Scikit-learn 
12850, Xgboost 
12850,  TensorFlow 
12853,  Scikit-learn 
12854,  TensorFlow 
12854,  Scikit-learn 
12854, Xgboost 
12854, Keras 
12854, LightGBM 
12855,  Scikit-learn 
12855, Keras 
12855, Xgboost 
12855, CatBoost 
12855,  TensorFlow 
12857,  Scikit-learn 
12857,  TensorFlow 
12857, Keras 
12860, Keras 
12860,  Scikit-learn 
12860,  TensorFlow 
12861,  TensorFlow 
12861,  Scikit-learn 
12861, Xgboost 
12861, Keras 
12862,  Scikit-learn 
12862,  TensorFlow 
12863,  TensorFlow 
12863, PyTorch 
12863,  Scikit-learn 
12863, Keras 
12864, Xgboost 
12864, LightGBM 
12864, CatBoost 
12864, Keras 
12864,  Scikit-learn 
12866, Caret 
12866,  Scikit-learn 
12866, Xgboost 
12867, PyTorch 
12867, Tidymodels 
12867, PyTorch Lightning 
12867, Fast.ai 
12867, Keras 
12870,  Scikit-learn 
12871,  Scikit-learn 
12873, Keras 
12873,  Scikit-learn 
12876,  Scikit-learn 
12878,  TensorFlow 
12878,  Scikit-learn 
12879,  Scikit-learn 
12880, PyTorch 
12880,  TensorFlow 
12880,  Scikit-learn 
12882,  Scikit-learn 
12882, Xgboost 
12882,  TensorFlow 
12883, Keras 
12883,  Scikit-learn 
12883,  TensorFlow 
12883, PyTorch 
12884, Keras 
12884,  Scikit-learn 
12884, Xgboost 
12884, LightGBM 
12884,  TensorFlow 
12885, PyTorch 
12885, Xgboost 
12885,  TensorFlow 
12885, Keras 
12885,  Scikit-learn 
12887, Tidymodels 
12887,  Scikit-learn 
12887, Fast.ai 
12889,  Scikit-learn 
12890, LightGBM 
12890, Xgboost 
12890, CatBoost 
12890, PyTorch 
12891,  TensorFlow 
12891, Keras 
12891, PyTorch Lightning 
12891, Fast.ai 
12891,  Scikit-learn 
12891, PyTorch 
12894,  Scikit-learn 
12894,  TensorFlow 
12894, Keras 
12895,  Scikit-learn 
12896,  TensorFlow 
12896,  Scikit-learn 
12896, Keras 
12898, Xgboost 
12898,  TensorFlow 
12898, Caret 
12898,  Scikit-learn 
12901, Xgboost 
12901, PyTorch 
12901,  Scikit-learn 
12902,  Scikit-learn 
12902,  TensorFlow 
12902, Xgboost 
12902, Keras 
12903, Xgboost 
12903,  TensorFlow 
12904, Keras 
12904, PyTorch 
12904, Huggingface 
12904,  TensorFlow 
12904,  Scikit-learn 
12905,  Scikit-learn 
12905, Xgboost 
12907,  Scikit-learn 
12908,  TensorFlow 
12908, Xgboost 
12909,  Scikit-learn 
12909, LightGBM 
12909, PyTorch Lightning 
12909, Xgboost 
12909,  TensorFlow 
12909, PyTorch 
12909, CatBoost 
12909, Huggingface 
12909, Keras 
12911,  TensorFlow 
12911,  Scikit-learn 
12915,  Scikit-learn 
12917,  Scikit-learn 
12917, PyTorch 
12918, Keras 
12918, CatBoost 
12918, PyTorch Lightning 
12918,  TensorFlow 
12918, Huggingface 
12918, Xgboost 
12918, PyTorch 
12918,  Scikit-learn 
12918, LightGBM 
12920,  TensorFlow 
12920,  Scikit-learn 
12920, Caret 
12920, Xgboost 
12920, Keras 
12925,  Scikit-learn 
12926, LightGBM 
12926, Xgboost 
12926, Huggingface 
12926, PyTorch 
12926,  Scikit-learn 
12926, PyTorch Lightning 
12926, Keras 
12926,  TensorFlow 
12926, CatBoost 
12928,  Scikit-learn 
12928,  TensorFlow 
12928, JAX 
12928, Keras 
12928, PyTorch Lightning 
12928, Xgboost 
12928, Tidymodels 
12928, PyTorch 
12928, Huggingface 
12928, LightGBM 
12929,  Scikit-learn 
12929, Keras 
12929,  TensorFlow 
12929, Huggingface 
12930,  Scikit-learn 
12931, PyTorch 
12933, Keras 
12933, PyTorch 
12933,  Scikit-learn 
12933,  TensorFlow 
12934, PyTorch 
12934,  TensorFlow 
12934, Keras 
12935,Other
12935,  TensorFlow 
12935, PyTorch 
12943, Huggingface 
12943, PyTorch Lightning 
12943, Xgboost 
12943, PyTorch 
12943,  Scikit-learn 
12944,  Scikit-learn 
12944,  TensorFlow 
12944, Keras 
12948,  TensorFlow 
12948, LightGBM 
12948, Xgboost 
12948,  Scikit-learn 
12948, Keras 
12951, Keras 
12951,  TensorFlow 
12951,  Scikit-learn 
12953,  TensorFlow 
12953,  Scikit-learn 
12953, Keras 
12953, Xgboost 
12954,  Scikit-learn 
12954, PyTorch 
12954,  TensorFlow 
12955,  Scikit-learn 
12957, Caret 
12958,Other
12959,  Scikit-learn 
12963, PyTorch 
12963, Keras 
12963,  TensorFlow 
12963, LightGBM 
12963, CatBoost 
12963, Xgboost 
12963,  Scikit-learn 
12965, LightGBM 
12965,  Scikit-learn 
12967,  TensorFlow 
12967, Xgboost 
12967,  Scikit-learn 
12967, Keras 
12969,  TensorFlow 
12969, PyTorch 
12969, Keras 
12972, LightGBM 
12972,  Scikit-learn 
12972, PyTorch 
12974, Keras 
12974,  Scikit-learn 
12974,  TensorFlow 
12975,  Scikit-learn 
12978,  TensorFlow 
12978,  Scikit-learn 
12980,  Scikit-learn 
12981,  Scikit-learn 
12983,  Scikit-learn 
12983,  TensorFlow 
12983, Keras 
12986,  Scikit-learn 
12987,  Scikit-learn 
12987, Xgboost 
12988, Tidymodels 
12988, PyTorch 
12988,  Scikit-learn 
12989, Keras 
12989,  Scikit-learn 
12989,  TensorFlow 
12990,  Scikit-learn 
12991, Xgboost 
12991, LightGBM 
12991,  Scikit-learn 
12992,  TensorFlow 
12992,  Scikit-learn 
12992, PyTorch 
12992, Xgboost 
12992, Huggingface 
12993,  Scikit-learn 
12994,  TensorFlow 
12994, PyTorch Lightning 
12994, LightGBM 
12994, Keras 
12995,  Scikit-learn 
12996,  Scikit-learn 
12996, Keras 
12996,  TensorFlow 
12996, Xgboost 
12997, Keras 
12997,  TensorFlow 
12997,  Scikit-learn 
13000, Caret 
13000, Tidymodels 
13002, PyTorch 
13002,  Scikit-learn 
13002, Xgboost 
13004, LightGBM 
13005,  Scikit-learn 
13006,  TensorFlow 
13006,  Scikit-learn 
13009, Tidymodels 
13009, Xgboost 
13009, PyTorch 
13009,  TensorFlow 
13009, Keras 
13009,  Scikit-learn 
13009, LightGBM 
13010,  TensorFlow 
13010,  Scikit-learn 
13010, Keras 
13011, PyTorch 
13011,  Scikit-learn 
13012,  TensorFlow 
13012, Keras 
13014,  TensorFlow 
13014, Keras 
13014,  Scikit-learn 
13014, PyTorch 
13016, PyTorch 
13016,  Scikit-learn 
13017,Other
13019, PyTorch 
13019,  Scikit-learn 
13020, Fast.ai 
13020, Xgboost 
13020,  Scikit-learn 
13020, PyTorch 
13021,  Scikit-learn 
13021,  TensorFlow 
13022, PyTorch 
13022,  Scikit-learn 
13022,  TensorFlow 
13023, Tidymodels 
13025, Huggingface 
13025, Keras 
13025,  TensorFlow 
13026,  Scikit-learn 
13026, Keras 
13026,  TensorFlow 
13026, PyTorch 
13026, Xgboost 
13027, Keras 
13027,  Scikit-learn 
13027, LightGBM 
13027, CatBoost 
13027, Xgboost 
13028, Xgboost 
13028, PyTorch 
13028, Huggingface 
13028,  TensorFlow 
13028, Keras 
13029,  TensorFlow 
13029,  Scikit-learn 
13030, Keras 
13030,  TensorFlow 
13031, PyTorch 
13032,  Scikit-learn 
13033,  TensorFlow 
13033, Keras 
13033,  Scikit-learn 
13034, PyTorch 
13038,  Scikit-learn 
13039, Keras 
13039, PyTorch 
13039,  TensorFlow 
13039,  Scikit-learn 
13039, Fast.ai 
13040, Caret 
13043, PyTorch 
13043,  TensorFlow 
13043, Keras 
13043, Huggingface 
13043,  Scikit-learn 
13045,  Scikit-learn 
13046, Tidymodels 
13049,  Scikit-learn 
13049,  TensorFlow 
13050,  Scikit-learn 
13050, Xgboost 
13050, Keras 
13050,  TensorFlow 
13053,  Scikit-learn 
13054,  TensorFlow 
13054, Keras 
13054, PyTorch 
13056,  Scikit-learn 
13056, Xgboost 
13058,  Scikit-learn 
13062, PyTorch 
13062, Keras 
13062, Xgboost 
13062,  TensorFlow 
13062,  Scikit-learn 
13063,  Scikit-learn 
13063, Caret 
13065,  Scikit-learn 
13065,Other
13066,  Scikit-learn 
13066, Keras 
13066,  TensorFlow 
13069, PyTorch 
13069,  TensorFlow 
13069,  Scikit-learn 
13069, Keras 
13071,  TensorFlow 
13071, Keras 
13071, PyTorch 
13071,  Scikit-learn 
13072,  Scikit-learn 
13072,  TensorFlow 
13072, Keras 
13073, Huggingface 
13073,  TensorFlow 
13073, PyTorch 
13075, Keras 
13075, LightGBM 
13075, Xgboost 
13075,  Scikit-learn 
13075,  TensorFlow 
13075, PyTorch 
13076,  Scikit-learn 
13076,  TensorFlow 
13076, PyTorch 
13076, Keras 
13077,  Scikit-learn 
13078,  Scikit-learn 
13079,  TensorFlow 
13079,  Scikit-learn 
13080,  TensorFlow 
13080, PyTorch 
13082, PyTorch 
13082, LightGBM 
13083, LightGBM 
13083,  Scikit-learn 
13083, Xgboost 
13083, Keras 
13083, Huggingface 
13083,  TensorFlow 
13084,  Scikit-learn 
13084, Keras 
13084,  TensorFlow 
13084, PyTorch 
13084, Xgboost 
13086, Huggingface 
13086,Other
13086, PyTorch 
13086,  TensorFlow 
13087, Xgboost 
13087, Keras 
13087,  Scikit-learn 
13087,  TensorFlow 
13088, Caret 
13089,  Scikit-learn 
13090, Keras 
13090,  TensorFlow 
13090,  Scikit-learn 
13090, PyTorch 
13091,  Scikit-learn 
13091, Xgboost 
13092,  Scikit-learn 
13092,  TensorFlow 
13094, Keras 
13094,  TensorFlow 
13094,  Scikit-learn 
13094, Xgboost 
13095, Keras 
13095,  Scikit-learn 
13095, PyTorch 
13095, Xgboost 
13095,  TensorFlow 
13096,  Scikit-learn 
13097,  Scikit-learn 
13097, CatBoost 
13097, Xgboost 
13097, LightGBM 
13097, Keras 
13099,Other
13099,  Scikit-learn 
13099, Fast.ai 
13102,  Scikit-learn 
13102, Caret 
13106,  Scikit-learn 
13106, Xgboost 
13107, Caret 
13107, PyTorch 
13107, LightGBM 
13107, Xgboost 
13107,  Scikit-learn 
13108,  TensorFlow 
13108,  Scikit-learn 
13112, Huggingface 
13112, Xgboost 
13112, PyTorch Lightning 
13112, PyTorch 
13113,  Scikit-learn 
13113, Xgboost 
13113,  TensorFlow 
13119,  Scikit-learn 
13119, Keras 
13119,  TensorFlow 
13120, Keras 
13120,  TensorFlow 
13125,Other
13125, Keras 
13125, PyTorch 
13125,  TensorFlow 
13125, Fast.ai 
13126, Tidymodels 
13126, Caret 
13126,  TensorFlow 
13126,  Scikit-learn 
13126, Keras 
13127, CatBoost 
13127,  TensorFlow 
13129,  Scikit-learn 
13129, Xgboost 
13132,  Scikit-learn 
13134,  Scikit-learn 
13134,  TensorFlow 
13134, Xgboost 
13134, PyTorch 
13134, CatBoost 
13134, LightGBM 
13135,  TensorFlow 
13135,  Scikit-learn 
13136,  Scikit-learn 
13138,  Scikit-learn 
13138, Tidymodels 
13138, PyTorch 
13138,  TensorFlow 
13139,  TensorFlow 
13139,  Scikit-learn 
13139, Keras 
13141,  Scikit-learn 
13141, Tidymodels 
13141, Xgboost 
13141, LightGBM 
13141, Caret 
13142,  Scikit-learn 
13142,  TensorFlow 
13142, Keras 
13143, Keras 
13143, PyTorch 
13143,  Scikit-learn 
13143,  TensorFlow 
13144, Keras 
13144,  Scikit-learn 
13144, Caret 
13144, Xgboost 
13144,  TensorFlow 
13145,Other
13146, CatBoost 
13146,  TensorFlow 
13146, Keras 
13146,  Scikit-learn 
13146, Xgboost 
13147, PyTorch 
13147, Xgboost 
13147,  Scikit-learn 
13149,  TensorFlow 
13149, PyTorch 
13149, Keras 
13150,  Scikit-learn 
13150, PyTorch 
13150, Keras 
13150,  TensorFlow 
13150, Caret 
13154,  TensorFlow 
13154, Keras 
13154, Xgboost 
13154,  Scikit-learn 
13155, Keras 
13155,  TensorFlow 
13155,  Scikit-learn 
13158,  TensorFlow 
13159, CatBoost 
13160, LightGBM 
13161, PyTorch 
13161,  TensorFlow 
13161,  Scikit-learn 
13161, CatBoost 
13161, Fast.ai 
13161, Keras 
13161, JAX 
13161, Caret 
13161, LightGBM 
13162,  Scikit-learn 
13162, Xgboost 
13162,  TensorFlow 
13163, PyTorch 
13164,  Scikit-learn 
13164, Keras 
13165, Xgboost 
13165,  Scikit-learn 
13165,  TensorFlow 
13166, CatBoost 
13166, LightGBM 
13166,  TensorFlow 
13166,  Scikit-learn 
13167,  Scikit-learn 
13167, Keras 
13169, PyTorch 
13171, Xgboost 
13171, Keras 
13171,  Scikit-learn 
13171,  TensorFlow 
13171, LightGBM 
13172, PyTorch 
13172,  TensorFlow 
13172,  Scikit-learn 
13173,  Scikit-learn 
13174, Xgboost 
13174,  Scikit-learn 
13175, PyTorch 
13175, PyTorch Lightning 
13175,  TensorFlow 
13175, Keras 
13175,  Scikit-learn 
13177, Fast.ai 
13177,  TensorFlow 
13177, PyTorch 
13178,  Scikit-learn 
13181,  Scikit-learn 
13181, Keras 
13181, PyTorch 
13181,  TensorFlow 
13182,  Scikit-learn 
13182,  TensorFlow 
13182, Keras 
13183,  Scikit-learn 
13183, PyTorch 
13184,  Scikit-learn 
13184, CatBoost 
13184, Xgboost 
13184, Keras 
13185,  Scikit-learn 
13188, Keras 
13188, PyTorch 
13188,  Scikit-learn 
13188,  TensorFlow 
13189,  TensorFlow 
13189,  Scikit-learn 
13189, PyTorch 
13189, Keras 
13192, Huggingface 
13192,  Scikit-learn 
13192, Keras 
13192,  TensorFlow 
13196,  Scikit-learn 
13196, Huggingface 
13196, Xgboost 
13196, PyTorch Lightning 
13196, JAX 
13196, Fast.ai 
13196, CatBoost 
13196,  TensorFlow 
13196, Keras 
13196, Caret 
13196, PyTorch 
13196, LightGBM 
13197,  TensorFlow 
13199,  TensorFlow 
13199, Keras 
13199,  Scikit-learn 
13199, PyTorch Lightning 
13200,  Scikit-learn 
13202,  Scikit-learn 
13202,  TensorFlow 
13202, PyTorch 
13202, Keras 
13204,  TensorFlow 
13204, PyTorch 
13204, Keras 
13205, PyTorch 
13206, Xgboost 
13206,  Scikit-learn 
13209, Xgboost 
13209, Keras 
13209, PyTorch 
13209,  Scikit-learn 
13209,  TensorFlow 
13210,  TensorFlow 
13210, PyTorch 
13210, PyTorch Lightning 
13210, Keras 
13210,  Scikit-learn 
13211,  TensorFlow 
13211,  Scikit-learn 
13214, Huggingface 
13216,  Scikit-learn 
13216, CatBoost 
13216, PyTorch 
13216, LightGBM 
13216, PyTorch Lightning 
13220, Keras 
13220,  TensorFlow 
13220, PyTorch 
13223,  TensorFlow 
13223,  Scikit-learn 
13223, PyTorch Lightning 
13223, Keras 
13225, Fast.ai 
13225, Tidymodels 
13227,Other
13230,Other
13231, Keras 
13231, PyTorch 
13231,  TensorFlow 
13231,  Scikit-learn 
13233,  Scikit-learn 
13233,  TensorFlow 
13233, Tidymodels 
13233, Keras 
13237, Keras 
13237, PyTorch 
13237,  Scikit-learn 
13239, LightGBM 
13239, Xgboost 
13239,  Scikit-learn 
13239, Huggingface 
13239, CatBoost 
13239, Keras 
13239, Caret 
13241,  Scikit-learn 
13242, PyTorch 
13242, Keras 
13242, Xgboost 
13242,  Scikit-learn 
13242,  TensorFlow 
13243, PyTorch 
13243, Keras 
13243,  TensorFlow 
13243,  Scikit-learn 
13244, Keras 
13244,  Scikit-learn 
13245, LightGBM 
13245,  Scikit-learn 
13245, Huggingface 
13245,  TensorFlow 
13245, Keras 
13245, Xgboost 
13246, Keras 
13246, Xgboost 
13246,  Scikit-learn 
13246,  TensorFlow 
13247, PyTorch 
13248,  Scikit-learn 
13249, CatBoost 
13251, PyTorch 
13252, PyTorch 
13252,  Scikit-learn 
13252,  TensorFlow 
13252, Keras 
13253,  Scikit-learn 
13253, Tidymodels 
13253,  TensorFlow 
13254, PyTorch 
13254,  Scikit-learn 
13254,  TensorFlow 
13255, PyTorch 
13255,  Scikit-learn 
13255, Keras 
13255,  TensorFlow 
13256, PyTorch 
13256, Keras 
13256, Huggingface 
13256,  TensorFlow 
13257, Caret 
13257, Keras 
13257,  TensorFlow 
13257, Xgboost 
13257,  Scikit-learn 
13258, Keras 
13258,  TensorFlow 
13258,  Scikit-learn 
13259, Huggingface 
13259,  TensorFlow 
13259, Keras 
13259, PyTorch 
13259,  Scikit-learn 
13260,  TensorFlow 
13260, Keras 
13261, Keras 
13261,  TensorFlow 
13261,  Scikit-learn 
13262,  Scikit-learn 
13263,  Scikit-learn 
13264, LightGBM 
13264, PyTorch 
13264,  TensorFlow 
13264, Xgboost 
13264,  Scikit-learn 
13265, LightGBM 
13265,  Scikit-learn 
13265, PyTorch 
13265, Fast.ai 
13265, Xgboost 
13267, PyTorch 
13267, PyTorch Lightning 
13270, Keras 
13270,  TensorFlow 
13270,  Scikit-learn 
13271, Xgboost 
13271,  Scikit-learn 
13273, PyTorch 
13273, Huggingface 
13273, PyTorch Lightning 
13273, Keras 
13273,  Scikit-learn 
13273, Xgboost 
13273,  TensorFlow 
13275, Xgboost 
13276, Keras 
13276, CatBoost 
13276, JAX 
13276, PyTorch Lightning 
13276, Xgboost 
13276,  TensorFlow 
13276, PyTorch 
13276,  Scikit-learn 
13279,  Scikit-learn 
13279, Xgboost 
13280,  Scikit-learn 
13281,  TensorFlow 
13283, Keras 
13283,  TensorFlow 
13284, Keras 
13284,  TensorFlow 
13284, Huggingface 
13284,  Scikit-learn 
13285,  Scikit-learn 
13285, Keras 
13285,  TensorFlow 
13286,  TensorFlow 
13286, Keras 
13287, Keras 
13287,  Scikit-learn 
13291,  Scikit-learn 
13291, PyTorch 
13291,  TensorFlow 
13291, Keras 
13293,  TensorFlow 
13293, JAX 
13293, Huggingface 
13293, LightGBM 
13293, PyTorch Lightning 
13293, Keras 
13293, PyTorch 
13293,  Scikit-learn 
13293, Xgboost 
13294, Xgboost 
13294,  Scikit-learn 
13295,  Scikit-learn 
13295, Xgboost 
13300,  Scikit-learn 
13300, LightGBM 
13300, PyTorch Lightning 
13300, Xgboost 
13300, PyTorch 
13301, Huggingface 
13301, Tidymodels 
13301, Caret 
13301, CatBoost 
13301, LightGBM 
13301, PyTorch Lightning 
13301, JAX 
13301, Xgboost 
13301, Keras 
13301, PyTorch 
13301, Fast.ai 
13301,  Scikit-learn 
13301,  TensorFlow 
13304,  Scikit-learn 
13304, Keras 
13304,  TensorFlow 
13304, PyTorch 
13304, Xgboost 
13305, Keras 
13305,  Scikit-learn 
13305,  TensorFlow 
13306,  Scikit-learn 
13307, PyTorch 
13307, Xgboost 
13307,  Scikit-learn 
13309,  Scikit-learn 
13310, Keras 
13310,  TensorFlow 
13310,  Scikit-learn 
13312, PyTorch 
13312, Xgboost 
13312, PyTorch Lightning 
13312, JAX 
13312, CatBoost 
13312, Keras 
13312,  Scikit-learn 
13312,  TensorFlow 
13314, PyTorch 
13314, LightGBM 
13314, Keras 
13314, CatBoost 
13314, PyTorch Lightning 
13314,  TensorFlow 
13314,  Scikit-learn 
13314, Xgboost 
13315, Xgboost 
13315, PyTorch 
13315, Caret 
13315, JAX 
13315, Huggingface 
13315,  Scikit-learn 
13315, Keras 
13315,  TensorFlow 
13316,Other
13317, Fast.ai 
13317, Xgboost 
13317, LightGBM 
13317, Keras 
13317, PyTorch 
13317, Caret 
13317,  TensorFlow 
13317,  Scikit-learn 
13317, CatBoost 
13318,  TensorFlow 
13318, PyTorch 
13318, Keras 
13318,  Scikit-learn 
13321,  TensorFlow 
13321,  Scikit-learn 
13321, Caret 
13321, Fast.ai 
13322,  Scikit-learn 
13322, Xgboost 
13323,  Scikit-learn 
13323,  TensorFlow 
13324,  TensorFlow 
13324,  Scikit-learn 
13325,  TensorFlow 
13325, Keras 
13325,  Scikit-learn 
13325, PyTorch 
13327,  Scikit-learn 
13327, Xgboost 
13328, Huggingface 
13328,  TensorFlow 
13328,  Scikit-learn 
13328, Keras 
13328, Xgboost 
13329,  TensorFlow 
13329,  Scikit-learn 
13329, Xgboost 
13329, Keras 
13330, PyTorch 
13330,  Scikit-learn 
13331,  Scikit-learn 
13334, Keras 
13334,  Scikit-learn 
13334,  TensorFlow 
13339,  Scikit-learn 
13341, Keras 
13341, PyTorch 
13341, Caret 
13341,  Scikit-learn 
13341,  TensorFlow 
13341, Xgboost 
13342, Keras 
13342,  Scikit-learn 
13343,  Scikit-learn 
13343, PyTorch 
13344,  Scikit-learn 
13344, CatBoost 
13345, PyTorch 
13345,  TensorFlow 
13346, Xgboost 
13346,  TensorFlow 
13346, Keras 
13346,  Scikit-learn 
13346, Caret 
13347, Caret 
13347, Huggingface 
13347, PyTorch 
13347, Fast.ai 
13347,  Scikit-learn 
13347, Xgboost 
13347, LightGBM 
13347, CatBoost 
13349,  Scikit-learn 
13350, Keras 
13350,  Scikit-learn 
13350, Xgboost 
13353,  TensorFlow 
13354, PyTorch 
13358,  Scikit-learn 
13359,  Scikit-learn 
13360,  TensorFlow 
13360, Keras 
13360,  Scikit-learn 
13361, PyTorch 
13361,  Scikit-learn 
13361,  TensorFlow 
13362,  Scikit-learn 
13363, Keras 
13363, PyTorch Lightning 
13363, PyTorch 
13363, Huggingface 
13363,  Scikit-learn 
13364,  TensorFlow 
13364,  Scikit-learn 
13364, PyTorch 
13365, Keras 
13365,  TensorFlow 
13365, Xgboost 
13365,  Scikit-learn 
13365, PyTorch 
13366,  Scikit-learn 
13366,  TensorFlow 
13366, Xgboost 
13366, Keras 
13367,  Scikit-learn 
13367,  TensorFlow 
13368, Keras 
13368,  Scikit-learn 
13368,  TensorFlow 
13369, Xgboost 
13369,  Scikit-learn 
13370,  TensorFlow 
13371, PyTorch 
13372,  Scikit-learn 
13372, Keras 
13372,  TensorFlow 
13373,  Scikit-learn 
13373,  TensorFlow 
13373, Keras 
13373, PyTorch 
13374,  Scikit-learn 
13374, Xgboost 
13375, CatBoost 
13375, Xgboost 
13375, LightGBM 
13375,  Scikit-learn 
13375, Keras 
13375, PyTorch 
13376, PyTorch 
13376, LightGBM 
13376,  Scikit-learn 
13376,  TensorFlow 
13378,  TensorFlow 
13378, Keras 
13379, Xgboost 
13379, Keras 
13379,  Scikit-learn 
13381,  TensorFlow 
13381,  Scikit-learn 
13381, Keras 
13382, PyTorch Lightning 
13382,  Scikit-learn 
13383, Xgboost 
13383, Caret 
13383,  Scikit-learn 
13383,  TensorFlow 
13383, LightGBM 
13384,  TensorFlow 
13384, Keras 
13384,  Scikit-learn 
13385,  Scikit-learn 
13385, Keras 
13385,  TensorFlow 
13386,Other
13388,  TensorFlow 
13388,  Scikit-learn 
13388, PyTorch 
13388, Keras 
13389, Caret 
13395,  Scikit-learn 
13395, Xgboost 
13395,  TensorFlow 
13395, Keras 
13396,  TensorFlow 
13401, Xgboost 
13401, Huggingface 
13401, Keras 
13401,  TensorFlow 
13401, PyTorch 
13401,  Scikit-learn 
13402,  Scikit-learn 
13402, Keras 
13402,  TensorFlow 
13403, Tidymodels 
13407,  TensorFlow 
13407,  Scikit-learn 
13407, Keras 
13409, Xgboost 
13409,  TensorFlow 
13409, LightGBM 
13409, Keras 
13410, Keras 
13410, PyTorch 
13410, Xgboost 
13410, JAX 
13410,  TensorFlow 
13412, PyTorch 
13412,  TensorFlow 
13412,  Scikit-learn 
13412, Keras 
13412, PyTorch Lightning 
13413,  Scikit-learn 
13413, PyTorch 
13415,  TensorFlow 
13415,  Scikit-learn 
13416, Xgboost 
13416, PyTorch 
13416,  TensorFlow 
13416,  Scikit-learn 
13416, Keras 
13417,  Scikit-learn 
13418,  Scikit-learn 
13418, Keras 
13418, PyTorch 
13418,  TensorFlow 
13418, Xgboost 
13418, CatBoost 
13418, Caret 
13418, PyTorch Lightning 
13420, Keras 
13420, PyTorch 
13420,  Scikit-learn 
13420, PyTorch Lightning 
13420,  TensorFlow 
13422,  TensorFlow 
13422,  Scikit-learn 
13422, Keras 
13422, PyTorch 
13425,  TensorFlow 
13425,  Scikit-learn 
13425, Xgboost 
13426, CatBoost 
13426,  Scikit-learn 
13426, PyTorch 
13428,  Scikit-learn 
13428, Xgboost 
13428, Keras 
13429,  TensorFlow 
13429,  Scikit-learn 
13429, Keras 
13430, Xgboost 
13430,  Scikit-learn 
13430, Keras 
13430, CatBoost 
13430,  TensorFlow 
13430, LightGBM 
13431, Keras 
13431,  TensorFlow 
13431, Xgboost 
13431,  Scikit-learn 
13433, PyTorch 
13433,  TensorFlow 
13433, Xgboost 
13434, Keras 
13434, PyTorch 
13434,  Scikit-learn 
13437, LightGBM 
13437, PyTorch 
13437, CatBoost 
13437,  TensorFlow 
13437, Xgboost 
13437, Keras 
13437,  Scikit-learn 
13438, Keras 
13438,  Scikit-learn 
13438,  TensorFlow 
13439, Xgboost 
13439, PyTorch 
13439,  Scikit-learn 
13439, Keras 
13439,  TensorFlow 
13441, Caret 
13443,  TensorFlow 
13443,  Scikit-learn 
13443, Keras 
13445, Fast.ai 
13446,Other
13447,  Scikit-learn 
13447, LightGBM 
13447, Xgboost 
13449, Xgboost 
13449,  Scikit-learn 
13452, Keras 
13452, Fast.ai 
13452,  TensorFlow 
13452,  Scikit-learn 
13453,  TensorFlow 
13455,  Scikit-learn 
13455,  TensorFlow 
13456,  Scikit-learn 
13456,  TensorFlow 
13457, LightGBM 
13457,  TensorFlow 
13457,  Scikit-learn 
13457, Xgboost 
13457, Keras 
13458,  Scikit-learn 
13458,  TensorFlow 
13458, Keras 
13460,  TensorFlow 
13460,  Scikit-learn 
13461,  Scikit-learn 
13462,  Scikit-learn 
13463,  Scikit-learn 
13465, Keras 
13465, PyTorch 
13465,  Scikit-learn 
13470,  Scikit-learn 
13471, Xgboost 
13471, LightGBM 
13471, CatBoost 
13471, PyTorch 
13471,  Scikit-learn 
13473,  Scikit-learn 
13475,  TensorFlow 
13476, Huggingface 
13476, Xgboost 
13476, Fast.ai 
13476,  Scikit-learn 
13476,  TensorFlow 
13476, Keras 
13476, PyTorch 
13477,  Scikit-learn 
13479,  TensorFlow 
13479, Huggingface 
13479, Keras 
13481,  Scikit-learn 
13481,  TensorFlow 
13481, Xgboost 
13482,  Scikit-learn 
13483, PyTorch Lightning 
13485, PyTorch Lightning 
13485,  TensorFlow 
13485,  Scikit-learn 
13485, Keras 
13485, LightGBM 
13487, PyTorch 
13487, Keras 
13487,  Scikit-learn 
13487,  TensorFlow 
13488, Fast.ai 
13488, PyTorch 
13489, Keras 
13489,  Scikit-learn 
13489,  TensorFlow 
13493,  Scikit-learn 
13494,  Scikit-learn 
13500,  Scikit-learn 
13500,  TensorFlow 
13501, PyTorch Lightning 
13501,  Scikit-learn 
13501, Xgboost 
13501, Keras 
13501,  TensorFlow 
13501, PyTorch 
13503, PyTorch 
13503, Keras 
13503,  Scikit-learn 
13503, Huggingface 
13505,  Scikit-learn 
13505, Keras 
13505, Tidymodels 
13505,  TensorFlow 
13507,  Scikit-learn 
13509,  Scikit-learn 
13511,  TensorFlow 
13511, LightGBM 
13511, CatBoost 
13511, Xgboost 
13511, Keras 
13511,  Scikit-learn 
13515,Other
13516,  Scikit-learn 
13516, LightGBM 
13516, Xgboost 
13517,  Scikit-learn 
13518, PyTorch 
13518, Huggingface 
13518,  Scikit-learn 
13522,  Scikit-learn 
13522, Keras 
13522,  TensorFlow 
13522, Fast.ai 
13524, Xgboost 
13524, Huggingface 
13524, LightGBM 
13524, CatBoost 
13524,  TensorFlow 
13524, PyTorch 
13524, Keras 
13524,  Scikit-learn 
13525,  Scikit-learn 
13526, Xgboost 
13526, Keras 
13526,  Scikit-learn 
13526, PyTorch 
13526,  TensorFlow 
13526, LightGBM 
13529, Keras 
13529, PyTorch 
13529, PyTorch Lightning 
13529,  TensorFlow 
13529,  Scikit-learn 
13530, PyTorch 
13530, Fast.ai 
13530,  Scikit-learn 
13530, Huggingface 
13530, CatBoost 
13530, LightGBM 
13531, LightGBM 
13531, Keras 
13531, PyTorch 
13531,  Scikit-learn 
13531,  TensorFlow 
13531, Xgboost 
13532,  Scikit-learn 
13532, PyTorch 
13533, PyTorch 
13533,  TensorFlow 
13533, Keras 
13534,  Scikit-learn 
13535, PyTorch 
13535,  TensorFlow 
13537,  TensorFlow 
13538,  TensorFlow 
13539,  Scikit-learn 
13539, Xgboost 
13540,  Scikit-learn 
13543, Huggingface 
13543, Keras 
13543, PyTorch 
13543,  Scikit-learn 
13543,  TensorFlow 
13544,  TensorFlow 
13544,  Scikit-learn 
13544, Keras 
13547,  TensorFlow 
13547, PyTorch 
13548, Huggingface 
13548, Xgboost 
13548, LightGBM 
13548,  Scikit-learn 
13548,  TensorFlow 
13548, CatBoost 
13548, PyTorch 
13548, Keras 
13549, PyTorch 
13549, PyTorch Lightning 
13549,Other
13550, Xgboost 
13550,  Scikit-learn 
13550,  TensorFlow 
13550, Keras 
13550, PyTorch 
13551, PyTorch 
13552,  TensorFlow 
13552, CatBoost 
13552, Fast.ai 
13554,  Scikit-learn 
13554, Xgboost 
13554, Keras 
13554,  TensorFlow 
13554, PyTorch 
13555, PyTorch 
13555,  Scikit-learn 
13558,  Scikit-learn 
13558,  TensorFlow 
13558, Keras 
13559, Keras 
13559,  TensorFlow 
13559,  Scikit-learn 
13560, Keras 
13560,  TensorFlow 
13562,  TensorFlow 
13562, Keras 
13562,  Scikit-learn 
13563, PyTorch 
13564,  TensorFlow 
13564,  Scikit-learn 
13564, Keras 
13565, Huggingface 
13565, Xgboost 
13565,  Scikit-learn 
13565,  TensorFlow 
13565, LightGBM 
13565, Keras 
13567,  Scikit-learn 
13570, Keras 
13570,  Scikit-learn 
13570, PyTorch 
13571,  TensorFlow 
13571, Keras 
13571, Xgboost 
13571,  Scikit-learn 
13572,  TensorFlow 
13572, Keras 
13572,  Scikit-learn 
13572, PyTorch 
13575, Keras 
13575,  Scikit-learn 
13575,  TensorFlow 
13576,  TensorFlow 
13576, Keras 
13578,  Scikit-learn 
13579, Keras 
13579,  Scikit-learn 
13580,  Scikit-learn 
13580,  TensorFlow 
13580, Keras 
13581, CatBoost 
13581,Other
13581, Huggingface 
13581, Xgboost 
13581, PyTorch 
13581, LightGBM 
13581, PyTorch Lightning 
13581,  TensorFlow 
13581, Keras 
13581,  Scikit-learn 
13582, Keras 
13582, Tidymodels 
13582,  Scikit-learn 
13584,  Scikit-learn 
13584,  TensorFlow 
13590, LightGBM 
13590,  TensorFlow 
13590, Xgboost 
13590, Keras 
13590,  Scikit-learn 
13591,  Scikit-learn 
13591, Keras 
13591,  TensorFlow 
13592,  Scikit-learn 
13595,Other
13600,  TensorFlow 
13600,  Scikit-learn 
13603, PyTorch 
13603,  TensorFlow 
13604,  TensorFlow 
13605, PyTorch 
13605, Huggingface 
13605, Xgboost 
13605,  Scikit-learn 
13605, PyTorch Lightning 
13605, CatBoost 
13605, LightGBM 
13606,  TensorFlow 
13606,  Scikit-learn 
13606, Xgboost 
13606, Keras 
13607,  TensorFlow 
13609, Tidymodels 
13609,  TensorFlow 
13609, LightGBM 
13609, Xgboost 
13609,  Scikit-learn 
13609, Keras 
13610, Huggingface 
13610, Keras 
13610,  Scikit-learn 
13610,  TensorFlow 
13610, PyTorch 
13611, Xgboost 
13611,  TensorFlow 
13611, Keras 
13612, LightGBM 
13612,  Scikit-learn 
13612, Xgboost 
13612, CatBoost 
13613,  TensorFlow 
13613, PyTorch 
13613,  Scikit-learn 
13615,Other
13617,  Scikit-learn 
13617, Keras 
13617,  TensorFlow 
13618,  Scikit-learn 
13618, Keras 
13619,  TensorFlow 
13619, PyTorch 
13620,  Scikit-learn 
13620, Keras 
13620, Xgboost 
13620, LightGBM 
13620,  TensorFlow 
13620, PyTorch 
13624,  Scikit-learn 
13626,  Scikit-learn 
13628, Huggingface 
13628,  Scikit-learn 
13628, PyTorch 
13628, Xgboost 
13628, Keras 
13628, CatBoost 
13628, LightGBM 
13628,  TensorFlow 
13629,  TensorFlow 
13629,  Scikit-learn 
13629, Keras 
13630,  TensorFlow 
13630, PyTorch 
13630,  Scikit-learn 
13630, Keras 
13634, Keras 
13634, PyTorch 
13634,  TensorFlow 
13635, Xgboost 
13635,  Scikit-learn 
13638, Keras 
13638,  TensorFlow 
13638, Fast.ai 
13638,  Scikit-learn 
13638, PyTorch 
13638, Huggingface 
13639, PyTorch 
13639,  TensorFlow 
13639, Keras 
13639, Huggingface 
13642, Keras 
13642,  TensorFlow 
13642, PyTorch 
13643, PyTorch 
13644, Xgboost 
13644,  Scikit-learn 
13646,  TensorFlow 
13646,  Scikit-learn 
13651,  Scikit-learn 
13652, Keras 
13652,  TensorFlow 
13653, Huggingface 
13653,Other
13655, PyTorch 
13655,  TensorFlow 
13655, Xgboost 
13655, CatBoost 
13655, Caret 
13655,  Scikit-learn 
13658,  TensorFlow 
13658, PyTorch Lightning 
13658, Xgboost 
13658, LightGBM 
13658, PyTorch 
13658, Huggingface 
13658,  Scikit-learn 
13658, CatBoost 
13658, Keras 
13659,  Scikit-learn 
13661,  Scikit-learn 
13661, PyTorch 
13661,  TensorFlow 
13661, PyTorch Lightning 
13663,  Scikit-learn 
13663, PyTorch 
13664, PyTorch 
13665, Fast.ai 
13665,  Scikit-learn 
13665,  TensorFlow 
13665, PyTorch 
13666, PyTorch 
13666, PyTorch Lightning 
13666,  Scikit-learn 
13669,  Scikit-learn 
13669,  TensorFlow 
13670, Xgboost 
13670,  Scikit-learn 
13670, Keras 
13671,  Scikit-learn 
13671, Xgboost 
13671, CatBoost 
13673, Keras 
13673, PyTorch 
13674, PyTorch 
13674,  TensorFlow 
13674,  Scikit-learn 
13675, LightGBM 
13675, CatBoost 
13675,  Scikit-learn 
13675, Xgboost 
13675, PyTorch 
13676,  Scikit-learn 
13678, Keras 
13678, PyTorch 
13678,  TensorFlow 
13678,  Scikit-learn 
13681, Xgboost 
13681,  Scikit-learn 
13681, Fast.ai 
13682,Other
13684,  Scikit-learn 
13684, Keras 
13686,  TensorFlow 
13686, Keras 
13686, JAX 
13686,  Scikit-learn 
13691, PyTorch Lightning 
13691, PyTorch 
13692,  Scikit-learn 
13693,  Scikit-learn 
13693, Xgboost 
13695,  TensorFlow 
13695,  Scikit-learn 
13695, Keras 
13695, Xgboost 
13696,  Scikit-learn 
13697, PyTorch 
13697,  Scikit-learn 
13698, PyTorch Lightning 
13698,  Scikit-learn 
13698, Huggingface 
13698, Xgboost 
13698, PyTorch 
13698, LightGBM 
13699,  TensorFlow 
13699, JAX 
13701,  TensorFlow 
13701, LightGBM 
13701, Keras 
13701, Huggingface 
13701, Xgboost 
13701,  Scikit-learn 
13701, PyTorch 
13702, Xgboost 
13702,  Scikit-learn 
13703, Keras 
13703,  TensorFlow 
13704,  Scikit-learn 
13704,  TensorFlow 
13704, PyTorch 
13704, Caret 
13704, LightGBM 
13704, Xgboost 
13704, Keras 
13705, LightGBM 
13705,  TensorFlow 
13705, Xgboost 
13705,  Scikit-learn 
13705, Keras 
13705, PyTorch Lightning 
13705, PyTorch 
13707, Keras 
13707, PyTorch 
13708, Keras 
13708,  TensorFlow 
13708,  Scikit-learn 
13709, PyTorch 
13709, Keras 
13710, Huggingface 
13710, PyTorch 
13710,  Scikit-learn 
13710, Xgboost 
13710, Keras 
13710,  TensorFlow 
13710, LightGBM 
13710, CatBoost 
13711,  Scikit-learn 
13711, Keras 
13711,  TensorFlow 
13711, LightGBM 
13711, Xgboost 
13712,  Scikit-learn 
13713,  Scikit-learn 
13713, PyTorch 
13713,  TensorFlow 
13713, PyTorch Lightning 
13713, Keras 
13715,  Scikit-learn 
13716,  TensorFlow 
13718, Xgboost 
13718,  TensorFlow 
13718, Keras 
13718,  Scikit-learn 
13723, Xgboost 
13723,  TensorFlow 
13723,  Scikit-learn 
13723, Keras 
13724, Xgboost 
13724, Keras 
13724,  Scikit-learn 
13724,  TensorFlow 
13725,  TensorFlow 
13725,  Scikit-learn 
13729,  Scikit-learn 
13729, Huggingface 
13729,  TensorFlow 
13730, PyTorch 
13730, Huggingface 
13730,  TensorFlow 
13732, Keras 
13732, PyTorch 
13732,  TensorFlow 
13733,  TensorFlow 
13734,  Scikit-learn 
13737,  Scikit-learn 
13737, Tidymodels 
13737, Caret 
13737,  TensorFlow 
13737, PyTorch 
13737, Xgboost 
13737, Keras 
13739,  Scikit-learn 
13739,  TensorFlow 
13740,  TensorFlow 
13740,  Scikit-learn 
13740, Keras 
13741, LightGBM 
13741, PyTorch 
13741,  Scikit-learn 
13741, PyTorch Lightning 
13742,  Scikit-learn 
13742,  TensorFlow 
13742, Keras 
13743,  Scikit-learn 
13743,  TensorFlow 
13743, PyTorch 
13743, Keras 
13744, PyTorch 
13744,  Scikit-learn 
13744, Xgboost 
13744, LightGBM 
13744, CatBoost 
13744, Huggingface 
13746,  Scikit-learn 
13746,  TensorFlow 
13746, PyTorch 
13746, LightGBM 
13746, Keras 
13746, Xgboost 
13747, Caret 
13747, Keras 
13747, Xgboost 
13747,  Scikit-learn 
13747, PyTorch 
13747,  TensorFlow 
13747, Tidymodels 
13750, PyTorch 
13750, Tidymodels 
13750,  TensorFlow 
13754, PyTorch 
13754, PyTorch Lightning 
13754,  Scikit-learn 
13755,  Scikit-learn 
13755,  TensorFlow 
13755, Keras 
13755, PyTorch 
13756, PyTorch 
13756,  Scikit-learn 
13756, Xgboost 
13756, Keras 
13756,  TensorFlow 
13764, Keras 
13764, PyTorch 
13764,  TensorFlow 
13766, Caret 
13767, Huggingface 
13767, PyTorch Lightning 
13767, PyTorch 
13768,  Scikit-learn 
13771,  TensorFlow 
13771, PyTorch 
13771,  Scikit-learn 
13775,  Scikit-learn 
13776, Keras 
13776,  TensorFlow 
13776, PyTorch Lightning 
13776,  Scikit-learn 
13777, PyTorch Lightning 
13777, Huggingface 
13777,  Scikit-learn 
13777, PyTorch 
13778,  Scikit-learn 
13778, Xgboost 
13778, LightGBM 
13778, Keras 
13778, PyTorch 
13778, CatBoost 
13778,  TensorFlow 
13779,  Scikit-learn 
13780, Keras 
13780,  TensorFlow 
13783,Other
13787, Xgboost 
13787,  Scikit-learn 
13787, PyTorch Lightning 
13787,  TensorFlow 
13787, Huggingface 
13787, Fast.ai 
13787, Keras 
13787, PyTorch 
13788,  TensorFlow 
13788, Keras 
13788, PyTorch 
13788, Huggingface 
13788,  Scikit-learn 
13789, Xgboost 
13789, PyTorch 
13789, Keras 
13789, Huggingface 
13789,  TensorFlow 
13789,  Scikit-learn 
13790,  Scikit-learn 
13792, PyTorch 
13792,  TensorFlow 
13792, Keras 
13793, Xgboost 
13793,  Scikit-learn 
13794,  TensorFlow 
13795,  Scikit-learn 
13795, PyTorch 
13795, Caret 
13795, Fast.ai 
13795, Tidymodels 
13796, Xgboost 
13796, Keras 
13796,  TensorFlow 
13796,  Scikit-learn 
13801,  Scikit-learn 
13802, Xgboost 
13802, CatBoost 
13802, Huggingface 
13802,  Scikit-learn 
13802,  TensorFlow 
13802, Keras 
13802, LightGBM 
13805, Xgboost 
13805,  TensorFlow 
13805, PyTorch 
13805,  Scikit-learn 
13806,  TensorFlow 
13806, LightGBM 
13806,  Scikit-learn 
13806, Keras 
13807,  Scikit-learn 
13807, Xgboost 
13808, Tidymodels 
13808, Caret 
13808,  Scikit-learn 
13809, Xgboost 
13809,  Scikit-learn 
13812,  Scikit-learn 
13813, PyTorch Lightning 
13819,  TensorFlow 
13820, Keras 
13820,  Scikit-learn 
13822,  TensorFlow 
13824,  Scikit-learn 
13824, CatBoost 
13824, Huggingface 
13824, Keras 
13824,  TensorFlow 
13824, PyTorch 
13824, Xgboost 
13824, LightGBM 
13825,  Scikit-learn 
13825, Xgboost 
13826,  Scikit-learn 
13826, Huggingface 
13826, Fast.ai 
13826, PyTorch 
13827, Caret 
13827,  TensorFlow 
13827, LightGBM 
13827,  Scikit-learn 
13827, Keras 
13827, Huggingface 
13827, CatBoost 
13827, PyTorch 
13827, Xgboost 
13829, PyTorch 
13829, CatBoost 
13829,  TensorFlow 
13829, Xgboost 
13829, Keras 
13829,  Scikit-learn 
13830,  Scikit-learn 
13832, PyTorch 
13832,  TensorFlow 
13832,  Scikit-learn 
13832, Xgboost 
13833,  Scikit-learn 
13833,  TensorFlow 
13833, Keras 
13834,  Scikit-learn 
13834,  TensorFlow 
13834, Xgboost 
13834, Keras 
13835, Keras 
13835, PyTorch 
13835,  TensorFlow 
13838,  Scikit-learn 
13839, PyTorch 
13839, Xgboost 
13839,  Scikit-learn 
13839,  TensorFlow 
13840,  Scikit-learn 
13842, Keras 
13842,  TensorFlow 
13842,  Scikit-learn 
13842, Huggingface 
13843,  Scikit-learn 
13846, Keras 
13846, Xgboost 
13846,  Scikit-learn 
13848,Other
13849,  TensorFlow 
13849,  Scikit-learn 
13849, PyTorch 
13850,  Scikit-learn 
13851, PyTorch 
13852,  Scikit-learn 
13852, PyTorch 
13856, PyTorch 
13856,  TensorFlow 
13857, CatBoost 
13857, Xgboost 
13857,  Scikit-learn 
13857, Keras 
13857, LightGBM 
13858,  TensorFlow 
13858,  Scikit-learn 
13858, Keras 
13860,  Scikit-learn 
13860,  TensorFlow 
13860, PyTorch Lightning 
13860, Huggingface 
13860, Keras 
13860, Xgboost 
13860, PyTorch 
13860, Caret 
13860, CatBoost 
13861,  Scikit-learn 
13861,  TensorFlow 
13861, Xgboost 
13864,  Scikit-learn 
13864, PyTorch 
13864, Keras 
13864,  TensorFlow 
13865,Other
13869, Xgboost 
13869,  TensorFlow 
13869, Keras 
13869,  Scikit-learn 
13873,  Scikit-learn 
13874, Xgboost 
13874, PyTorch 
13874,  TensorFlow 
13874,  Scikit-learn 
13874, Keras 
13874, JAX 
13875, PyTorch 
13875,  Scikit-learn 
13875,  TensorFlow 
13875, Xgboost 
13875, LightGBM 
13875, Keras 
13877, Huggingface 
13877, JAX 
13877, CatBoost 
13877, PyTorch Lightning 
13877, PyTorch 
13877,  TensorFlow 
13877, Keras 
13877, Caret 
13877, Tidymodels 
13877, LightGBM 
13877, Xgboost 
13877,  Scikit-learn 
13877, Fast.ai 
13878,  Scikit-learn 
13880,  Scikit-learn 
13881,  TensorFlow 
13881, Keras 
13881,  Scikit-learn 
13884,  TensorFlow 
13884, PyTorch 
13884,  Scikit-learn 
13886,  Scikit-learn 
13886, LightGBM 
13887,  TensorFlow 
13887, Keras 
13887,  Scikit-learn 
13888,  TensorFlow 
13888,  Scikit-learn 
13888, PyTorch 
13888, Keras 
13888, Huggingface 
13889, PyTorch Lightning 
13889, Keras 
13889, Huggingface 
13889,  TensorFlow 
13889, PyTorch 
13889,  Scikit-learn 
13890, Keras 
13890,  TensorFlow 
13890, Xgboost 
13890,  Scikit-learn 
13891, PyTorch 
13891, Fast.ai 
13891,  Scikit-learn 
13891, LightGBM 
13892,  TensorFlow 
13893, Keras 
13893,  Scikit-learn 
13893, PyTorch 
13893,  TensorFlow 
13893, Xgboost 
13894, Keras 
13894, Xgboost 
13894,  TensorFlow 
13894,  Scikit-learn 
13895,  TensorFlow 
13897, Keras 
13897,  TensorFlow 
13897,  Scikit-learn 
13899,  TensorFlow 
13899,  Scikit-learn 
13900,  Scikit-learn 
13902,  Scikit-learn 
13902, Keras 
13904,Other
13906,  TensorFlow 
13906,  Scikit-learn 
13906, Keras 
13908,  TensorFlow 
13908, Keras 
13908,  Scikit-learn 
13909,  Scikit-learn 
13910, PyTorch 
13910, Keras 
13910,  TensorFlow 
13910,  Scikit-learn 
13911,  Scikit-learn 
13912,  TensorFlow 
13912, Keras 
13914,  Scikit-learn 
13914, Xgboost 
13915,  Scikit-learn 
13916, Xgboost 
13916,  Scikit-learn 
13916,  TensorFlow 
13916, Keras 
13918, Xgboost 
13918, PyTorch 
13918,  TensorFlow 
13918, PyTorch Lightning 
13918, Huggingface 
13918, Keras 
13918,  Scikit-learn 
13918, LightGBM 
13919, PyTorch 
13919, Xgboost 
13919,  Scikit-learn 
13920, LightGBM 
13920, PyTorch Lightning 
13920, PyTorch 
13920,  Scikit-learn 
13920, Keras 
13920, CatBoost 
13920,  TensorFlow 
13920, Xgboost 
13922, PyTorch 
13922,  Scikit-learn 
13923, Xgboost 
13923, Keras 
13923,  Scikit-learn 
13923,  TensorFlow 
13926,  Scikit-learn 
13928,  TensorFlow 
13932, Keras 
13932,  Scikit-learn 
13932, Fast.ai 
13932, PyTorch 
13932,  TensorFlow 
13934, Huggingface 
13934, Keras 
13934, Xgboost 
13934,  TensorFlow 
13934, PyTorch Lightning 
13934, JAX 
13934, PyTorch 
13934,  Scikit-learn 
13936, Xgboost 
13936,  Scikit-learn 
13936, Keras 
13938,Other
13939,  TensorFlow 
13939, Keras 
13939,  Scikit-learn 
13940, Xgboost 
13940,  Scikit-learn 
13941,  Scikit-learn 
13941, PyTorch Lightning 
13941, Keras 
13941, PyTorch 
13942,  Scikit-learn 
13943,  Scikit-learn 
13943,Other
13943, Keras 
13946, PyTorch 
13946, Keras 
13946,  TensorFlow 
13946, JAX 
13947, PyTorch 
13947, Keras 
13947,  TensorFlow 
13947,  Scikit-learn 
13948,  TensorFlow 
13948, Keras 
13950, JAX 
13950, PyTorch 
13950,Other
13950,  Scikit-learn 
13951,  TensorFlow 
13951, Keras 
13951,  Scikit-learn 
13952,  TensorFlow 
13952,  Scikit-learn 
13952, LightGBM 
13952, Xgboost 
13952, Keras 
13953, PyTorch 
13953, Xgboost 
13953, Keras 
13953,  Scikit-learn 
13953,  TensorFlow 
13954,  TensorFlow 
13954,  Scikit-learn 
13956, Xgboost 
13957,  TensorFlow 
13957, Keras 
13957, Xgboost 
13957,  Scikit-learn 
13957, PyTorch 
13957, LightGBM 
13957, CatBoost 
13959, PyTorch 
13959, Keras 
13959,  TensorFlow 
13959,  Scikit-learn 
13961, Keras 
13961,  TensorFlow 
13961, Xgboost 
13961,  Scikit-learn 
13962,  TensorFlow 
13963,  Scikit-learn 
13964, Keras 
13964, PyTorch 
13964,  TensorFlow 
13964,  Scikit-learn 
13965,  Scikit-learn 
13969,  TensorFlow 
13969, PyTorch 
13969,  Scikit-learn 
13969, Keras 
13969, PyTorch Lightning 
13971,  Scikit-learn 
13971, Xgboost 
13973,  TensorFlow 
13975, Caret 
13975, Xgboost 
13975,  TensorFlow 
13975, PyTorch 
13975,  Scikit-learn 
13975, Keras 
13980, Xgboost 
13980,  Scikit-learn 
13981,  Scikit-learn 
13983,  Scikit-learn 
13983, LightGBM 
13983, Xgboost 
13983, CatBoost 
13984,  TensorFlow 
13984, Xgboost 
13987, PyTorch 
13987,  TensorFlow 
13987, Xgboost 
13987, Keras 
13987,  Scikit-learn 
13987, Huggingface 
13988, Fast.ai 
13989,  TensorFlow 
13991,  TensorFlow 
13991, Xgboost 
13991,  Scikit-learn 
13991, Keras 
13992, PyTorch Lightning 
13995,  Scikit-learn 
13998, PyTorch Lightning 
13998, Keras 
13998,  TensorFlow 
14002, PyTorch 
14004,  Scikit-learn 
14004,  TensorFlow 
14005,  Scikit-learn 
14005, Tidymodels 
14006,  Scikit-learn 
14006,  TensorFlow 
14008, Xgboost 
14009, Keras 
14009, PyTorch Lightning 
14009,  TensorFlow 
14009, PyTorch 
14011,  Scikit-learn 
14011, Keras 
14012, Keras 
14012,  TensorFlow 
14012, Huggingface 
14012, PyTorch 
14012, PyTorch Lightning 
14013, PyTorch 
14013,  Scikit-learn 
14014, Tidymodels 
14015,  TensorFlow 
14015,  Scikit-learn 
14016, PyTorch 
14016, LightGBM 
14016,  Scikit-learn 
14016, PyTorch Lightning 
14016, Xgboost 
14017,  Scikit-learn 
14017,  TensorFlow 
14017, Xgboost 
14017, Keras 
14022,  Scikit-learn 
14023, Keras 
14023,  Scikit-learn 
14023, Xgboost 
14027,  Scikit-learn 
14027, Keras 
14027, Tidymodels 
14027,  TensorFlow 
14030, Xgboost 
14030,  Scikit-learn 
14030, Huggingface 
14032,  Scikit-learn 
14035,  Scikit-learn 
14035,  TensorFlow 
14035, Keras 
14035, PyTorch 
14036, Caret 
14036,  Scikit-learn 
14036, PyTorch 
14037,  Scikit-learn 
14037,  TensorFlow 
14041, Xgboost 
14041,  Scikit-learn 
14041, Keras 
14042, Keras 
14042, Xgboost 
14042,  TensorFlow 
14042, PyTorch 
14044, Fast.ai 
14044, PyTorch 
14044,  TensorFlow 
14044, Keras 
14044,  Scikit-learn 
14046, PyTorch 
14048,  Scikit-learn 
14048, PyTorch 
14049,Other
14053,  Scikit-learn 
14053, Keras 
14053, Tidymodels 
14053, PyTorch 
14053,  TensorFlow 
14054, PyTorch 
14054,  TensorFlow 
14054, Caret 
14057,  Scikit-learn 
14057,  TensorFlow 
14057, Keras 
14058,  TensorFlow 
14058,  Scikit-learn 
14058, PyTorch 
14058, Keras 
14060,  Scikit-learn 
14061, Xgboost 
14061, Tidymodels 
14061, Caret 
14062, Keras 
14062,  TensorFlow 
14062,  Scikit-learn 
14063, Keras 
14063,  TensorFlow 
14063,  Scikit-learn 
14063, Xgboost 
14064,  Scikit-learn 
14065,  Scikit-learn 
14065, PyTorch 
14065,  TensorFlow 
14065, Keras 
14066, PyTorch 
14066,  Scikit-learn 
14066,  TensorFlow 
14068,  Scikit-learn 
14069,  Scikit-learn 
14071, LightGBM 
14071,  TensorFlow 
14071,  Scikit-learn 
14071, Keras 
14072,  Scikit-learn 
14074,  Scikit-learn 
14075,  Scikit-learn 
14076, Xgboost 
14076,  TensorFlow 
14076, Keras 
14076,  Scikit-learn 
14076, Caret 
14076, CatBoost 
14076, LightGBM 
14077, PyTorch 
14080, Xgboost 
14080,  TensorFlow 
14080, Keras 
14080,  Scikit-learn 
14081, PyTorch 
14081,  Scikit-learn 
14081, Keras 
14081,  TensorFlow 
14081, CatBoost 
14081, Xgboost 
14082,  Scikit-learn 
14082,  TensorFlow 
14083, Keras 
14083,  TensorFlow 
14083,  Scikit-learn 
14083, CatBoost 
14083, LightGBM 
14083, Xgboost 
14084, Keras 
14084,  TensorFlow 
14084, PyTorch 
14084,  Scikit-learn 
14084, Xgboost 
14084,Other
14084, Huggingface 
14085,  Scikit-learn 
14087, Keras 
14087,  Scikit-learn 
14087,  TensorFlow 
14088,  Scikit-learn 
14088, Xgboost 
14088,  TensorFlow 
14089,  Scikit-learn 
14091,  Scikit-learn 
14091,  TensorFlow 
14091, Xgboost 
14091, LightGBM 
14091, Keras 
14093,  TensorFlow 
14093,  Scikit-learn 
14095,Other
14095,  Scikit-learn 
14095, PyTorch 
14095, Keras 
14095, Xgboost 
14095,  TensorFlow 
14096,  Scikit-learn 
14098, PyTorch 
14098,  TensorFlow 
14098,  Scikit-learn 
14101, Xgboost 
14101,  TensorFlow 
14101, PyTorch 
14101, Keras 
14101,  Scikit-learn 
14104,  Scikit-learn 
14104, Xgboost 
14105,  Scikit-learn 
14105,Other
14110,  TensorFlow 
14114,  Scikit-learn 
14115,  Scikit-learn 
14117, Xgboost 
14117,  Scikit-learn 
14117,  TensorFlow 
14120,  Scikit-learn 
14121,  TensorFlow 
14121,  Scikit-learn 
14121, Keras 
14121, Xgboost 
14122,  TensorFlow 
14122,  Scikit-learn 
14122, Keras 
14124,  Scikit-learn 
14124, Huggingface 
14124, Keras 
14124,  TensorFlow 
14124, PyTorch 
14124, PyTorch Lightning 
14125,  Scikit-learn 
14125, Keras 
14127, Xgboost 
14127,  TensorFlow 
14127, Keras 
14127,  Scikit-learn 
14129,  TensorFlow 
14129, Keras 
14129,  Scikit-learn 
14129, Xgboost 
14131, PyTorch 
14131, Xgboost 
14131, Caret 
14131,  Scikit-learn 
14131,  TensorFlow 
14134,Other
14136,  TensorFlow 
14136, Huggingface 
14136, PyTorch 
14136, Keras 
14136,  Scikit-learn 
14137, Keras 
14137,  TensorFlow 
14137, PyTorch 
14137, LightGBM 
14137, Xgboost 
14137,  Scikit-learn 
14139,  Scikit-learn 
14140, CatBoost 
14140, Keras 
14140, Huggingface 
14140, LightGBM 
14140,  TensorFlow 
14140,  Scikit-learn 
14140, Xgboost 
14140, PyTorch 
14141, PyTorch 
14141, Keras 
14141, LightGBM 
14141,  TensorFlow 
14141,  Scikit-learn 
14141, Xgboost 
14144, CatBoost 
14145,  TensorFlow 
14145,  Scikit-learn 
14145, Keras 
14146,  Scikit-learn 
14147,  TensorFlow 
14151, PyTorch 
14151,  TensorFlow 
14151, Keras 
14152,  Scikit-learn 
14153,  Scikit-learn 
14154,  TensorFlow 
14154, Keras 
14154,  Scikit-learn 
14154, PyTorch 
14155,  Scikit-learn 
14156,Other
14157,  Scikit-learn 
14158, LightGBM 
14158, Keras 
14158, Xgboost 
14158,  Scikit-learn 
14159,  TensorFlow 
14159, Keras 
14159,  Scikit-learn 
14160,Other
14162,Other
14162,  TensorFlow 
14162, Keras 
14162, PyTorch 
14166,  Scikit-learn 
14166,  TensorFlow 
14167,  TensorFlow 
14167, Xgboost 
14167,  Scikit-learn 
14167, PyTorch 
14168,  Scikit-learn 
14168,  TensorFlow 
14170,  Scikit-learn 
14173,  Scikit-learn 
14173,  TensorFlow 
14173, Keras 
14175, PyTorch 
14175,  Scikit-learn 
14176,  Scikit-learn 
14176, Keras 
14176, PyTorch 
14176,  TensorFlow 
14177,  Scikit-learn 
14180, Xgboost 
14180, Keras 
14180,  Scikit-learn 
14180,  TensorFlow 
14181, PyTorch 
14182, PyTorch 
14182, Fast.ai 
14182,  Scikit-learn 
14182, Huggingface 
14184, PyTorch 
14184, PyTorch Lightning 
14184, Keras 
14184,  Scikit-learn 
14184,  TensorFlow 
14185,  Scikit-learn 
14188,  Scikit-learn 
14188, Xgboost 
14189,  TensorFlow 
14190, Keras 
14190,  Scikit-learn 
14192,  TensorFlow 
14192, Keras 
14192,  Scikit-learn 
14194,  TensorFlow 
14194,  Scikit-learn 
14194, Keras 
14194, PyTorch 
14197, PyTorch 
14197, LightGBM 
14198,  Scikit-learn 
14198, PyTorch 
14198,  TensorFlow 
14199, PyTorch 
14199,  Scikit-learn 
14199,Other
14200,  Scikit-learn 
14201, PyTorch 
14203,  TensorFlow 
14203, PyTorch 
14203, Keras 
14204,Other
14205, Keras 
14205,  Scikit-learn 
14207, PyTorch 
14208, Keras 
14208,  TensorFlow 
14209,  TensorFlow 
14209,  Scikit-learn 
14210, Xgboost 
14210, PyTorch 
14210, CatBoost 
14210, Fast.ai 
14210, PyTorch Lightning 
14211, Fast.ai 
14212,  TensorFlow 
14212, Xgboost 
14213,  TensorFlow 
14213, PyTorch 
14213, Keras 
14214,  Scikit-learn 
14219, PyTorch 
14219, Keras 
14219,  TensorFlow 
14219, JAX 
14221,  Scikit-learn 
14221, PyTorch 
14221, Xgboost 
14221,  TensorFlow 
14222,  Scikit-learn 
14223,  Scikit-learn 
14223,  TensorFlow 
14225,  Scikit-learn 
14226,  TensorFlow 
14226,  Scikit-learn 
14226, Keras 
14227,  TensorFlow 
14227, PyTorch 
14229, LightGBM 
14229,  Scikit-learn 
14229, Xgboost 
14229, CatBoost 
14231,  Scikit-learn 
14231, Xgboost 
14231, Keras 
14231,  TensorFlow 
14232,  TensorFlow 
14233,  TensorFlow 
14233, Huggingface 
14233,  Scikit-learn 
14233, Xgboost 
14233, Keras 
14233, PyTorch 
14235,  Scikit-learn 
14239,  Scikit-learn 
14241,  Scikit-learn 
14241, PyTorch 
14242,  Scikit-learn 
14243,  Scikit-learn 
14243, Caret 
14245,  Scikit-learn 
14246,  Scikit-learn 
14247,  TensorFlow 
14248, PyTorch 
14248,  TensorFlow 
14248, Xgboost 
14248, Keras 
14248,  Scikit-learn 
14249,  TensorFlow 
14249, Keras 
14249,  Scikit-learn 
14250, Keras 
14250,  TensorFlow 
14251,  Scikit-learn 
14251, Xgboost 
14252,  Scikit-learn 
14252, Xgboost 
14252,Other
14254, Keras 
14254, LightGBM 
14254,  Scikit-learn 
14254, PyTorch 
14254, Xgboost 
14254,  TensorFlow 
14257,  TensorFlow 
14257, Xgboost 
14257, CatBoost 
14257, PyTorch 
14257, Huggingface 
14257,  Scikit-learn 
14257, LightGBM 
14257, Keras 
14258,  Scikit-learn 
14258, PyTorch 
14258, Huggingface 
14258, Xgboost 
14260, PyTorch 
14260,  TensorFlow 
14260, LightGBM 
14260, Xgboost 
14260, Keras 
14260,  Scikit-learn 
14260, CatBoost 
14261,  Scikit-learn 
14261, Xgboost 
14261, CatBoost 
14261, Keras 
14261,  TensorFlow 
14261, LightGBM 
14262,  Scikit-learn 
14262, Xgboost 
14262, Caret 
14262,  TensorFlow 
14262, Keras 
14263, Keras 
14263, PyTorch Lightning 
14263,  TensorFlow 
14263, PyTorch 
14263,  Scikit-learn 
14264, LightGBM 
14264, Xgboost 
14264,  Scikit-learn 
14265, Keras 
14265, PyTorch 
14265,  Scikit-learn 
14265,  TensorFlow 
14266, PyTorch 
14266,  TensorFlow 
14266, Keras 
14269, Keras 
14269,  TensorFlow 
14269, PyTorch 
14269, Xgboost 
14270,  TensorFlow 
14270,  Scikit-learn 
14270, Keras 
14271,  Scikit-learn 
14275, PyTorch 
14276, PyTorch 
14276,  Scikit-learn 
14278,  Scikit-learn 
14280,  TensorFlow 
14280,  Scikit-learn 
14281,  Scikit-learn 
14282, Keras 
14282,  Scikit-learn 
14282, Caret 
14282, Xgboost 
14285,  TensorFlow 
14285, Xgboost 
14286,  TensorFlow 
14287,  Scikit-learn 
14287, Keras 
14287,  TensorFlow 
14290,  Scikit-learn 
14293,  TensorFlow 
14293,  Scikit-learn 
14293, Keras 
14294,  Scikit-learn 
14295, PyTorch 
14295,  Scikit-learn 
14297, PyTorch Lightning 
14298,  Scikit-learn 
14300,  Scikit-learn 
14300, Huggingface 
14300, CatBoost 
14300, Keras 
14300,  TensorFlow 
14300, Xgboost 
14301, Keras 
14301,  Scikit-learn 
14301,  TensorFlow 
14302, PyTorch 
14302,  TensorFlow 
14302, Keras 
14302,  Scikit-learn 
14302, Xgboost 
14303,  Scikit-learn 
14306, Xgboost 
14306,  Scikit-learn 
14306,  TensorFlow 
14306, Fast.ai 
14306, PyTorch 
14306, LightGBM 
14306, Keras 
14306, CatBoost 
14308, PyTorch 
14310,Other
14313, PyTorch 
14313,  TensorFlow 
14313,  Scikit-learn 
14314,  Scikit-learn 
14315,  Scikit-learn 
14316,Other
14317,  TensorFlow 
14317,  Scikit-learn 
14319,  Scikit-learn 
14319, Xgboost 
14319, CatBoost 
14319,  TensorFlow 
14319, Keras 
14320, Keras 
14320, PyTorch 
14320,  TensorFlow 
14320,  Scikit-learn 
14321, Xgboost 
14321,  TensorFlow 
14321,  Scikit-learn 
14323, PyTorch 
14323,  Scikit-learn 
14323,  TensorFlow 
14323, Keras 
14327,  TensorFlow 
14327, Keras 
14327, Xgboost 
14327,  Scikit-learn 
14327, PyTorch 
14330,  Scikit-learn 
14331,  Scikit-learn 
14332,Other
14333,  TensorFlow 
14333, PyTorch 
14333,  Scikit-learn 
14334,  Scikit-learn 
14335,  TensorFlow 
14335, Keras 
14336, Xgboost 
14336, Keras 
14336,  Scikit-learn 
14337,Other
14338,  Scikit-learn 
14340,  Scikit-learn 
14343, Keras 
14343,  TensorFlow 
14343,  Scikit-learn 
14344,  TensorFlow 
14345,  TensorFlow 
14345, PyTorch 
14345, Xgboost 
14345, LightGBM 
14345,  Scikit-learn 
14345, Huggingface 
14345, Keras 
14345, CatBoost 
14349,  TensorFlow 
14349,  Scikit-learn 
14349, Keras 
14351, Xgboost 
14351, Caret 
14351,  Scikit-learn 
14351, Tidymodels 
14351, LightGBM 
14352,  TensorFlow 
14352,  Scikit-learn 
14352, Keras 
14353,Other
14354,  Scikit-learn 
14354,  TensorFlow 
14356,  TensorFlow 
14356,  Scikit-learn 
14358,  Scikit-learn 
14360, Xgboost 
14360,  Scikit-learn 
14360,  TensorFlow 
14360, Keras 
14360, PyTorch Lightning 
14360, PyTorch 
14361,  TensorFlow 
14361,  Scikit-learn 
14362, Keras 
14362,  Scikit-learn 
14362,  TensorFlow 
14362, PyTorch 
14364, Keras 
14364,  TensorFlow 
14364,  Scikit-learn 
14366, Keras 
14366,  Scikit-learn 
14369,  Scikit-learn 
14370, LightGBM 
14370, Xgboost 
14372, PyTorch 
14372,  Scikit-learn 
14372, Xgboost 
14373, Keras 
14373,  TensorFlow 
14374,  Scikit-learn 
14379,  Scikit-learn 
14379, Xgboost 
14379,  TensorFlow 
14380, Caret 
14380,  Scikit-learn 
14381,  Scikit-learn 
14381, Keras 
14381,  TensorFlow 
14381, Xgboost 
14382,  TensorFlow 
14384,  Scikit-learn 
14385,  Scikit-learn 
14385, Keras 
14386,  TensorFlow 
14386, Keras 
14386, LightGBM 
14386, Xgboost 
14386,  Scikit-learn 
14387,  Scikit-learn 
14388, Keras 
14388,  TensorFlow 
14388, Caret 
14388,  Scikit-learn 
14389,  TensorFlow 
14391, Keras 
14391,  Scikit-learn 
14393, CatBoost 
14393, LightGBM 
14393, Xgboost 
14393,  Scikit-learn 
14394,  Scikit-learn 
14394, Xgboost 
14395,  Scikit-learn 
14395, Keras 
14395,  TensorFlow 
14396,  Scikit-learn 
14396,  TensorFlow 
14397, CatBoost 
14397, LightGBM 
14397,Other
14397, PyTorch Lightning 
14397,  Scikit-learn 
14397, Xgboost 
14397, PyTorch 
14398,  TensorFlow 
14398, Keras 
14398,  Scikit-learn 
14399, Keras 
14399, PyTorch 
14399,  TensorFlow 
14401,  Scikit-learn 
14402,  Scikit-learn 
14404, LightGBM 
14404,  Scikit-learn 
14405, PyTorch 
14405,  TensorFlow 
14405, Keras 
14407,  Scikit-learn 
14407, Keras 
14407, PyTorch 
14407,  TensorFlow 
14412,  Scikit-learn 
14413, Xgboost 
14413,  TensorFlow 
14413, Keras 
14413,  Scikit-learn 
14414, PyTorch 
14414, Keras 
14414,  TensorFlow 
14415,  TensorFlow 
14415, Xgboost 
14415, Keras 
14416, PyTorch Lightning 
14416, Huggingface 
14416,  Scikit-learn 
14416, Keras 
14416, PyTorch 
14416, Xgboost 
14417, Keras 
14417,  Scikit-learn 
14419, Keras 
14419,  TensorFlow 
14420,  TensorFlow 
14420, Xgboost 
14420,  Scikit-learn 
14421, Xgboost 
14421,  Scikit-learn 
14421, Keras 
14421,  TensorFlow 
14422,  Scikit-learn 
14422, CatBoost 
14422, Keras 
14422,  TensorFlow 
14422, LightGBM 
14423,  TensorFlow 
14423,  Scikit-learn 
14423, Xgboost 
14423, Keras 
14423, PyTorch 
14424, PyTorch 
14424,  Scikit-learn 
14424, Huggingface 
14424, LightGBM 
14425,  TensorFlow 
14425, PyTorch 
14426,  Scikit-learn 
14426, Caret 
14427,  TensorFlow 
14427,  Scikit-learn 
14427, Keras 
14427, PyTorch 
14428, Keras 
14428, CatBoost 
14428, Xgboost 
14428, PyTorch 
14428,  Scikit-learn 
14428,  TensorFlow 
14428, LightGBM 
14429,  TensorFlow 
14431,  Scikit-learn 
14431,  TensorFlow 
14431, Keras 
14433, Keras 
14433,  Scikit-learn 
14433,  TensorFlow 
14434, LightGBM 
14434, CatBoost 
14434,  Scikit-learn 
14434,  TensorFlow 
14434, Fast.ai 
14434, Keras 
14434, PyTorch 
14434, Xgboost 
14435,  Scikit-learn 
14435,  TensorFlow 
14435, Xgboost 
14435, Keras 
14436,Other
14438,Other
14439, Keras 
14439,  TensorFlow 
14439, Huggingface 
14439,  Scikit-learn 
14439, PyTorch 
14440,Other
14442, Caret 
14442, Xgboost 
14442, LightGBM 
14442,  Scikit-learn 
14443,Other
14446,  TensorFlow 
14446,  Scikit-learn 
14446, PyTorch 
14446, Keras 
14447,  TensorFlow 
14447,  Scikit-learn 
14447, Keras 
14448,  TensorFlow 
14448,  Scikit-learn 
14448, PyTorch 
14448, Keras 
14449,  TensorFlow 
14449, Xgboost 
14449, Keras 
14449,  Scikit-learn 
14450, Caret 
14451, Keras 
14451, PyTorch 
14451,  TensorFlow 
14451, Xgboost 
14451, CatBoost 
14451,  Scikit-learn 
14452, Keras 
14452, CatBoost 
14452,  Scikit-learn 
14452, PyTorch Lightning 
14452, Xgboost 
14452, LightGBM 
14452, PyTorch 
14452,  TensorFlow 
14453, Xgboost 
14453, LightGBM 
14453,  Scikit-learn 
14453, Keras 
14453,  TensorFlow 
14456, Keras 
14456,  Scikit-learn 
14456,  TensorFlow 
14456, PyTorch 
14458, PyTorch Lightning 
14458, Xgboost 
14458, Fast.ai 
14458, Keras 
14458,  Scikit-learn 
14458, PyTorch 
14458,  TensorFlow 
14458, Huggingface 
14459, Xgboost 
14459,  Scikit-learn 
14459, Keras 
14460,  Scikit-learn 
14460, Keras 
14460,  TensorFlow 
14462, Keras 
14462,  TensorFlow 
14462,  Scikit-learn 
14462, PyTorch 
14464,  Scikit-learn 
14464,  TensorFlow 
14464, Huggingface 
14465,  TensorFlow 
14465, Keras 
14465,  Scikit-learn 
14466,  TensorFlow 
14466, Keras 
14466,  Scikit-learn 
14467, PyTorch 
14467,  Scikit-learn 
14467, Keras 
14468,  Scikit-learn 
14468,  TensorFlow 
14469,Other
14471, Xgboost 
14471,  TensorFlow 
14471, Keras 
14471,  Scikit-learn 
14472,  Scikit-learn 
14473, PyTorch 
14474,  Scikit-learn 
14474, Xgboost 
14475, PyTorch Lightning 
14475, Tidymodels 
14475, Keras 
14475, PyTorch 
14475,  TensorFlow 
14475,  Scikit-learn 
14477,  Scikit-learn 
14477,  TensorFlow 
14477, PyTorch 
14477, Keras 
14478,  Scikit-learn 
14478, PyTorch 
14479,  Scikit-learn 
14482, Keras 
14482,  TensorFlow 
14482,  Scikit-learn 
14485,  Scikit-learn 
14492, PyTorch 
14492, Keras 
14492,  TensorFlow 
14494,  Scikit-learn 
14495, PyTorch 
14495, Keras 
14495,  Scikit-learn 
14495,  TensorFlow 
14495, Xgboost 
14496,  TensorFlow 
14496,  Scikit-learn 
14496, Keras 
14496, Xgboost 
14497, Fast.ai 
14497,  TensorFlow 
14497, Tidymodels 
14499,  Scikit-learn 
14500,  TensorFlow 
14500, Keras 
14500, Xgboost 
14500,  Scikit-learn 
14501, Keras 
14501,  TensorFlow 
14505,  Scikit-learn 
14505,  TensorFlow 
14505, Keras 
14508, Xgboost 
14508,  Scikit-learn 
14509, PyTorch 
14509, Huggingface 
14509, LightGBM 
14509, Tidymodels 
14509, PyTorch Lightning 
14509, Xgboost 
14509, Caret 
14509,  TensorFlow 
14509, Keras 
14509,  Scikit-learn 
14510, Keras 
14510, LightGBM 
14510,  TensorFlow 
14510, PyTorch 
14510, Xgboost 
14510, Fast.ai 
14510,  Scikit-learn 
14513,  Scikit-learn 
14514,  Scikit-learn 
14515, PyTorch 
14515,  Scikit-learn 
14515, Keras 
14515, Caret 
14515, LightGBM 
14515, Huggingface 
14515, CatBoost 
14515, Xgboost 
14516,  Scikit-learn 
14519, PyTorch 
14519,  TensorFlow 
14519, Keras 
14519,  Scikit-learn 
14521,  TensorFlow 
14521,  Scikit-learn 
14522, Keras 
14522,  TensorFlow 
14522,  Scikit-learn 
14523, Keras 
14523,  Scikit-learn 
14523,  TensorFlow 
14524,  Scikit-learn 
14525,  Scikit-learn 
14525, PyTorch 
14526, Keras 
14526,  Scikit-learn 
14526, Xgboost 
14527,  TensorFlow 
14527, Xgboost 
14527, Fast.ai 
14527,  Scikit-learn 
14527, Keras 
14528, Keras 
14528, PyTorch 
14528,  Scikit-learn 
14529,  TensorFlow 
14529,  Scikit-learn 
14529, Keras 
14529, Xgboost 
14531, Keras 
14531,  Scikit-learn 
14532,  TensorFlow 
14532, PyTorch 
14532, Keras 
14532,  Scikit-learn 
14535, Keras 
14535, PyTorch 
14536,  TensorFlow 
14536, PyTorch 
14536, Keras 
14536,  Scikit-learn 
14540,  TensorFlow 
14544,  Scikit-learn 
14544, Xgboost 
14546,  TensorFlow 
14546, Keras 
14546, Tidymodels 
14546, PyTorch 
14546,  Scikit-learn 
14546, Caret 
14547,  Scikit-learn 
14549,  TensorFlow 
14551, Xgboost 
14551,  Scikit-learn 
14551, LightGBM 
14552,  Scikit-learn 
14552,  TensorFlow 
14552, PyTorch 
14552, Fast.ai 
14552, Keras 
14552, Xgboost 
14553,  TensorFlow 
14553, PyTorch Lightning 
14553,  Scikit-learn 
14553, PyTorch 
14554,  Scikit-learn 
14554, Xgboost 
14554, CatBoost 
14554,  TensorFlow 
14554, PyTorch 
14554, LightGBM 
14554, Keras 
14556, Keras 
14556,  TensorFlow 
14556,  Scikit-learn 
14556, LightGBM 
14556, Xgboost 
14556, CatBoost 
14557, Keras 
14557,  Scikit-learn 
14557, LightGBM 
14557, Xgboost 
14557,  TensorFlow 
14561, Xgboost 
14561,  Scikit-learn 
14562, Keras 
14562, PyTorch 
14562,  Scikit-learn 
14563,  Scikit-learn 
14564, Keras 
14564,  TensorFlow 
14564, PyTorch 
14564,  Scikit-learn 
14565,  Scikit-learn 
14566,  TensorFlow 
14566,  Scikit-learn 
14566, Keras 
14569, Xgboost 
14569,  Scikit-learn 
14569,  TensorFlow 
14569, Huggingface 
14569, LightGBM 
14574,  Scikit-learn 
14575, Huggingface 
14575, Fast.ai 
14575, Keras 
14575, PyTorch 
14575,  TensorFlow 
14575, Xgboost 
14575, LightGBM 
14576,  Scikit-learn 
14577, PyTorch 
14577,  Scikit-learn 
14578, Huggingface 
14579, PyTorch Lightning 
14579, Keras 
14579,  TensorFlow 
14579, PyTorch 
14582,  Scikit-learn 
14586,  Scikit-learn 
14586, CatBoost 
14586, LightGBM 
14586, Xgboost 
14587, Tidymodels 
14587,  Scikit-learn 
14589,  Scikit-learn 
14589, Xgboost 
14592, Keras 
14592,  TensorFlow 
14592, PyTorch 
14592,  Scikit-learn 
14594, CatBoost 
14594, Tidymodels 
14594, Xgboost 
14594, Caret 
14596, PyTorch 
14596, Huggingface 
14596,  TensorFlow 
14596, Xgboost 
14596,  Scikit-learn 
14596, Keras 
14603, Xgboost 
14603, Huggingface 
14603,  TensorFlow 
14603,  Scikit-learn 
14603, LightGBM 
14603, Keras 
14604,  Scikit-learn 
14609,  TensorFlow 
14609, PyTorch 
14609,  Scikit-learn 
14609, Keras 
14609, LightGBM 
14609, Xgboost 
14610,  Scikit-learn 
14610, PyTorch 
14614, PyTorch 
14614,  TensorFlow 
14614,  Scikit-learn 
14614, Caret 
14615, Huggingface 
14615,  TensorFlow 
14615, PyTorch 
14615,  Scikit-learn 
14616,  TensorFlow 
14618,  TensorFlow 
14618, Xgboost 
14618,  Scikit-learn 
14619,  TensorFlow 
14619, PyTorch 
14619, PyTorch Lightning 
14619, Keras 
14620,  TensorFlow 
14620, PyTorch 
14620,  Scikit-learn 
14622,  TensorFlow 
14623,  TensorFlow 
14627,  Scikit-learn 
14627, PyTorch 
14627, Xgboost 
14628, PyTorch 
14628,  Scikit-learn 
14628,  TensorFlow 
14629,  Scikit-learn 
14629, PyTorch 
14629, Huggingface 
14629, PyTorch Lightning 
14630,  Scikit-learn 
14630, Caret 
14630, Tidymodels 
14630,  TensorFlow 
14630, PyTorch Lightning 
14630, PyTorch 
14632,Other
14635,  TensorFlow 
14635, PyTorch 
14635, Keras 
14639,  TensorFlow 
14639, Keras 
14640,  Scikit-learn 
14640, PyTorch 
14641,  TensorFlow 
14647,  Scikit-learn 
14647, Xgboost 
14647, Keras 
14647,  TensorFlow 
14647, PyTorch 
14647, Huggingface 
14648, PyTorch 
14650,  Scikit-learn 
14652, Caret 
14652, PyTorch 
14652,  TensorFlow 
14653,  Scikit-learn 
14653, Xgboost 
14654,  Scikit-learn 
14654, PyTorch 
14654, Keras 
14654, Xgboost 
14654, Fast.ai 
14654,  TensorFlow 
14654, LightGBM 
14657,  TensorFlow 
14657, Keras 
14657, PyTorch 
14658, PyTorch 
14658,  TensorFlow 
14658,  Scikit-learn 
14658, Keras 
14659,  Scikit-learn 
14661,  Scikit-learn 
14663, Xgboost 
14665,  Scikit-learn 
14665,  TensorFlow 
14665, Keras 
14665, PyTorch 
14667, Xgboost 
14667, Keras 
14667, Caret 
14667,  TensorFlow 
14667,  Scikit-learn 
14667, Tidymodels 
14670,  Scikit-learn 
14670, PyTorch 
14670, Huggingface 
14677,  Scikit-learn 
14680, Xgboost 
14680,  Scikit-learn 
14680, Keras 
14680, LightGBM 
14680, CatBoost 
14682, Keras 
14682,  TensorFlow 
14682,  Scikit-learn 
14684, Huggingface 
14684, Keras 
14684, PyTorch 
14684, Xgboost 
14684, LightGBM 
14684,  Scikit-learn 
14685,  Scikit-learn 
14685, PyTorch 
14685, Xgboost 
14685, Huggingface 
14685,  TensorFlow 
14686, Fast.ai 
14686,  Scikit-learn 
14686, Keras 
14686,  TensorFlow 
14688,  TensorFlow 
14692,  TensorFlow 
14692, Xgboost 
14692,  Scikit-learn 
14692, Keras 
14693,  Scikit-learn 
14696, Xgboost 
14696, CatBoost 
14696,  Scikit-learn 
14696,  TensorFlow 
14696, PyTorch Lightning 
14696, PyTorch 
14696, Keras 
14696, LightGBM 
14696, Huggingface 
14698, Xgboost 
14698,  Scikit-learn 
14698, PyTorch 
14698, LightGBM 
14699,  Scikit-learn 
14700, Keras 
14700,  TensorFlow 
14701,  TensorFlow 
14702,Other
14702, Caret 
14706, PyTorch 
14706, Keras 
14707, Xgboost 
14707, Caret 
14707, Tidymodels 
14709, PyTorch 
14709,  Scikit-learn 
14709,  TensorFlow 
14709, Keras 
14710, Xgboost 
14712,Other
14715,  Scikit-learn 
14715, Xgboost 
14715,  TensorFlow 
14717,  TensorFlow 
14717, PyTorch 
14717,  Scikit-learn 
14717, Xgboost 
14719,  Scikit-learn 
14720, Xgboost 
14720,  Scikit-learn 
14720, Keras 
14720,  TensorFlow 
14721,  Scikit-learn 
14721, CatBoost 
14721, LightGBM 
14721, Keras 
14721,  TensorFlow 
14721, Xgboost 
14722, LightGBM 
14722, Xgboost 
14722, Tidymodels 
14722, Caret 
14722,  TensorFlow 
14722, PyTorch 
14722,  Scikit-learn 
14722, Keras 
14723,  Scikit-learn 
14723, LightGBM 
14724, Fast.ai 
14724, PyTorch 
14724,  Scikit-learn 
14724, Xgboost 
14724, Huggingface 
14725,  Scikit-learn 
14727, Keras 
14727, Xgboost 
14727,  Scikit-learn 
14727,  TensorFlow 
14728,  Scikit-learn 
14728, Keras 
14728,  TensorFlow 
14729, PyTorch 
14729,  TensorFlow 
14730, PyTorch 
14730, JAX 
14730,  TensorFlow 
14730, Xgboost 
14730, Keras 
14730, Caret 
14730,  Scikit-learn 
14730, LightGBM 
14730, Fast.ai 
14730, Huggingface 
14730, Tidymodels 
14730, PyTorch Lightning 
14730, CatBoost 
14731, PyTorch 
14731,  TensorFlow 
14731, Xgboost 
14731, Keras 
14731,  Scikit-learn 
14734, Xgboost 
14734, PyTorch 
14734, Caret 
14734, PyTorch Lightning 
14734, Keras 
14735, Xgboost 
14735, Keras 
14735, PyTorch 
14735,  Scikit-learn 
14735, LightGBM 
14735, Tidymodels 
14738,  TensorFlow 
14738,  Scikit-learn 
14739,  Scikit-learn 
14740, Xgboost 
14740,  Scikit-learn 
14740, Keras 
14740,  TensorFlow 
14741, Huggingface 
14741, Fast.ai 
14741,  Scikit-learn 
14741, Xgboost 
14741,  TensorFlow 
14741, PyTorch 
14743,  TensorFlow 
14746,  Scikit-learn 
14747,  TensorFlow 
14747, PyTorch 
14748,  Scikit-learn 
14748,  TensorFlow 
14748, Keras 
14749,  Scikit-learn 
14749, PyTorch 
14749,  TensorFlow 
14749, JAX 
14749, Keras 
14750, Fast.ai 
14750, CatBoost 
14751, Keras 
14751,  Scikit-learn 
14751, Xgboost 
14751, Caret 
14752,  TensorFlow 
14752, Keras 
14753,  TensorFlow 
14753, Huggingface 
14753,  Scikit-learn 
14753, Xgboost 
14755, Tidymodels 
14755,  TensorFlow 
14755, PyTorch 
14755,  Scikit-learn 
14757,  Scikit-learn 
14757,  TensorFlow 
14757, Keras 
14758, PyTorch 
14758,  TensorFlow 
14758, Keras 
14758,  Scikit-learn 
14763,  Scikit-learn 
14764, PyTorch 
14764,  Scikit-learn 
14765, Xgboost 
14765, Keras 
14765, LightGBM 
14765,  TensorFlow 
14765,  Scikit-learn 
14766, PyTorch Lightning 
14766, Huggingface 
14766,  Scikit-learn 
14766, Keras 
14766, LightGBM 
14766, Xgboost 
14766,  TensorFlow 
14766, PyTorch 
14767,  Scikit-learn 
14768, Xgboost 
14768,  Scikit-learn 
14768, PyTorch Lightning 
14768, PyTorch 
14768, LightGBM 
14768, CatBoost 
14769, Caret 
14769,  Scikit-learn 
14769, Xgboost 
14770,  Scikit-learn 
14771,  Scikit-learn 
14771, PyTorch Lightning 
14774, Keras 
14774, Xgboost 
14774, LightGBM 
14774, CatBoost 
14774,  Scikit-learn 
14776,  TensorFlow 
14776, Huggingface 
14776, PyTorch Lightning 
14776,  Scikit-learn 
14776, Keras 
14776, PyTorch 
14783, PyTorch Lightning 
14783, PyTorch 
14788,  Scikit-learn 
14788, Keras 
14788,  TensorFlow 
14789, Keras 
14789, PyTorch 
14789, Fast.ai 
14789,  Scikit-learn 
14789, Xgboost 
14789,  TensorFlow 
14790, Xgboost 
14790, PyTorch 
14790, Keras 
14790,  TensorFlow 
14790,  Scikit-learn 
14792, Keras 
14792,  Scikit-learn 
14792,  TensorFlow 
14793,  Scikit-learn 
14796,  Scikit-learn 
14796, Keras 
14796, PyTorch 
14798,  Scikit-learn 
14798,  TensorFlow 
14799,  Scikit-learn 
14799,  TensorFlow 
14800, Keras 
14800,  Scikit-learn 
14800, Xgboost 
14800,  TensorFlow 
14800, Caret 
14800, PyTorch 
14804,  TensorFlow 
14804, PyTorch 
14805,  TensorFlow 
14805,  Scikit-learn 
14806,  TensorFlow 
14806, Xgboost 
14806, Keras 
14806,  Scikit-learn 
14807, PyTorch 
14807,  Scikit-learn 
14807, Keras 
14807,  TensorFlow 
14809, Xgboost 
14809, Keras 
14809,  Scikit-learn 
14809,  TensorFlow 
14809, LightGBM 
14809, PyTorch 
14811,  Scikit-learn 
14812,  Scikit-learn 
14812, Keras 
14812,  TensorFlow 
14812, PyTorch 
14813, PyTorch 
14813,  Scikit-learn 
14815, Xgboost 
14815,  Scikit-learn 
14815, LightGBM 
14818,  TensorFlow 
14818,  Scikit-learn 
14819,  Scikit-learn 
14819,  TensorFlow 
14819, Keras 
14820,  Scikit-learn 
14821,  TensorFlow 
14821, Keras 
14822, PyTorch 
14822, PyTorch Lightning 
14822,  Scikit-learn 
14822, Keras 
14822,  TensorFlow 
14824,  Scikit-learn 
14830, Xgboost 
14830, Caret 
14830, CatBoost 
14830,  Scikit-learn 
14830, Keras 
14830, Huggingface 
14830, LightGBM 
14830,  TensorFlow 
14830, PyTorch 
14831, PyTorch 
14833,  TensorFlow 
14833,  Scikit-learn 
14833, Keras 
14835, Xgboost 
14835,  Scikit-learn 
14835, Keras 
14836, PyTorch 
14836, Keras 
14836,  TensorFlow 
14837,  Scikit-learn 
14838,  Scikit-learn 
14839,  Scikit-learn 
14839, Xgboost 
14839, LightGBM 
14840,  Scikit-learn 
14840, PyTorch 
14840,  TensorFlow 
14840, Keras 
14840, LightGBM 
14841,  TensorFlow 
14841, PyTorch 
14841,  Scikit-learn 
14842,  TensorFlow 
14842,  Scikit-learn 
14842, Keras 
14843, PyTorch 
14844,  Scikit-learn 
14844, Keras 
14845, Xgboost 
14845,  TensorFlow 
14847, Tidymodels 
14849, PyTorch Lightning 
14849, PyTorch 
14849, Keras 
14849,  Scikit-learn 
14850, Xgboost 
14851,  TensorFlow 
14851,  Scikit-learn 
14851, PyTorch 
14851, Keras 
14852,  Scikit-learn 
14852, PyTorch 
14852,  TensorFlow 
14853,  Scikit-learn 
14856, Fast.ai 
14857,  TensorFlow 
14857, Keras 
14857,  Scikit-learn 
14857, PyTorch 
14860, PyTorch 
14860,  Scikit-learn 
14860, PyTorch Lightning 
14860,  TensorFlow 
14860, Xgboost 
14860, Keras 
14861, PyTorch 
14863, PyTorch 
14864, PyTorch 
14864,  Scikit-learn 
14865, LightGBM 
14865, Xgboost 
14865, Keras 
14865,  Scikit-learn 
14865, PyTorch 
14868, Keras 
14868,  Scikit-learn 
14870,  TensorFlow 
14870,  Scikit-learn 
14870, PyTorch 
14870, Keras 
14872,  TensorFlow 
14872,  Scikit-learn 
14873, Xgboost 
14873, Keras 
14873,  Scikit-learn 
14873,  TensorFlow 
14875,  Scikit-learn 
14875, PyTorch Lightning 
14875,  TensorFlow 
14875, LightGBM 
14875, Keras 
14877,  Scikit-learn 
14878,  TensorFlow 
14878, PyTorch 
14879, PyTorch 
14880,  TensorFlow 
14880, Keras 
14881,Other
14881,  Scikit-learn 
14884, Keras 
14884, Caret 
14888,  TensorFlow 
14888, PyTorch 
14888,  Scikit-learn 
14888, Keras 
14890, PyTorch 
14890,  Scikit-learn 
14890, Keras 
14891,  Scikit-learn 
14891, Keras 
14891, Xgboost 
14891,  TensorFlow 
14893,  Scikit-learn 
14894, PyTorch 
14894, Huggingface 
14894, PyTorch Lightning 
14895, Keras 
14895,  TensorFlow 
14895, PyTorch 
14895, PyTorch Lightning 
14895,  Scikit-learn 
14896,  TensorFlow 
14896, Keras 
14896,  Scikit-learn 
14896, Xgboost 
14896, LightGBM 
14896, PyTorch 
14896, Caret 
14897, LightGBM 
14897, PyTorch 
14898,  Scikit-learn 
14901, Keras 
14901,  Scikit-learn 
14901,  TensorFlow 
14902,  Scikit-learn 
14904,  TensorFlow 
14904, PyTorch 
14904,  Scikit-learn 
14904, Keras 
14905, Huggingface 
14905,  TensorFlow 
14905, Xgboost 
14905,  Scikit-learn 
14905, CatBoost 
14905, Keras 
14905, PyTorch 
14905, LightGBM 
14906,  Scikit-learn 
14908,  TensorFlow 
14908,  Scikit-learn 
14909,  TensorFlow 
14909, Keras 
14909, Xgboost 
14909,  Scikit-learn 
14909, PyTorch 
14910,  TensorFlow 
14910, Keras 
14910, PyTorch 
14911,  Scikit-learn 
14912,  Scikit-learn 
14912,  TensorFlow 
14912, Keras 
14914, Tidymodels 
14914,  TensorFlow 
14915,  Scikit-learn 
14916,  TensorFlow 
14916,  Scikit-learn 
14917,  Scikit-learn 
14917, PyTorch 
14917,  TensorFlow 
14918, Fast.ai 
14918,  Scikit-learn 
14918, Keras 
14918,  TensorFlow 
14919, Caret 
14919,  TensorFlow 
14919, JAX 
14919, Xgboost 
14919, Keras 
14919, PyTorch 
14919,  Scikit-learn 
14919, LightGBM 
14921,  TensorFlow 
14921, Keras 
14921,  Scikit-learn 
14923, Xgboost 
14923, Keras 
14923,  Scikit-learn 
14923, PyTorch 
14923,  TensorFlow 
14923, Huggingface 
14925,  Scikit-learn 
14925, PyTorch 
14925,  TensorFlow 
14927,  Scikit-learn 
14929,  Scikit-learn 
14930,  Scikit-learn 
14930, Xgboost 
14930, Keras 
14930,  TensorFlow 
14931,  Scikit-learn 
14931, PyTorch 
14931, PyTorch Lightning 
14931, LightGBM 
14934,  TensorFlow 
14934, PyTorch 
14934,  Scikit-learn 
14935,  TensorFlow 
14935, PyTorch 
14937, Keras 
14937, Fast.ai 
14937,  TensorFlow 
14938,Other
14938,  Scikit-learn 
14939, Xgboost 
14939, Tidymodels 
14939,  TensorFlow 
14939, Keras 
14939, LightGBM 
14940, Keras 
14940,  Scikit-learn 
14940,  TensorFlow 
14940, LightGBM 
14944,Other
14950,  Scikit-learn 
14950, Keras 
14950,  TensorFlow 
14954,  Scikit-learn 
14955,  Scikit-learn 
14956,  Scikit-learn 
14956, Keras 
14956,  TensorFlow 
14957,  Scikit-learn 
14957,  TensorFlow 
14957, Keras 
14957, Xgboost 
14957, LightGBM 
14957, PyTorch Lightning 
14957, CatBoost 
14957, PyTorch 
14958, PyTorch 
14958,  TensorFlow 
14958, Keras 
14958,  Scikit-learn 
14958, CatBoost 
14958, Xgboost 
14958, LightGBM 
14959, Keras 
14959,  Scikit-learn 
14959,  TensorFlow 
14960, PyTorch 
14960, Huggingface 
14960,  Scikit-learn 
14961,  Scikit-learn 
14961, PyTorch 
14961,  TensorFlow 
14963, Keras 
14963, PyTorch 
14963,  TensorFlow 
14963,  Scikit-learn 
14964, Keras 
14964,  TensorFlow 
14964, PyTorch 
14964,  Scikit-learn 
14964, Huggingface 
14966, Huggingface 
14966, Fast.ai 
14966, PyTorch 
14966,  TensorFlow 
14966, Keras 
14966,  Scikit-learn 
14966, CatBoost 
14966, LightGBM 
14966, Xgboost 
14966, PyTorch Lightning 
14967,  Scikit-learn 
14967, Keras 
14967,  TensorFlow 
14970,  Scikit-learn 
14970, Keras 
14970,  TensorFlow 
14970, PyTorch 
14970, Xgboost 
14970, Fast.ai 
14971, PyTorch 
14971,  TensorFlow 
14972,  TensorFlow 
14972, Keras 
14972,  Scikit-learn 
14972, PyTorch 
14974, Keras 
14974,  TensorFlow 
14974,  Scikit-learn 
14975, CatBoost 
14975, Xgboost 
14975, LightGBM 
14975,Other
14976,  Scikit-learn 
14976,  TensorFlow 
14978,  TensorFlow 
14979, Xgboost 
14982,  TensorFlow 
14982, Keras 
14982, PyTorch 
14982,  Scikit-learn 
14982, Xgboost 
14983, PyTorch 
14984,  Scikit-learn 
14985,  Scikit-learn 
14985,  TensorFlow 
14985, LightGBM 
14989, PyTorch 
14989,  TensorFlow 
14989,  Scikit-learn 
14990,  Scikit-learn 
14990,  TensorFlow 
14990, PyTorch 
14990, Keras 
14991, Keras 
14991,  Scikit-learn 
14993, Keras 
14993,  Scikit-learn 
14994,  Scikit-learn 
14994, Keras 
14994,  TensorFlow 
14996,  TensorFlow 
14996, Keras 
14996,  Scikit-learn 
14997,  Scikit-learn 
14998,  Scikit-learn 
15000, PyTorch 
15000,  Scikit-learn 
15000, Keras 
15001,  Scikit-learn 
15001, CatBoost 
15001, PyTorch 
15001,  TensorFlow 
15001, LightGBM 
15001, Xgboost 
15003,  TensorFlow 
15004,  TensorFlow 
15004, Fast.ai 
15004, PyTorch 
15005, Keras 
15005, LightGBM 
15005, PyTorch 
15005,  TensorFlow 
15005, CatBoost 
15005, Xgboost 
15005,  Scikit-learn 
15006,  Scikit-learn 
15006,  TensorFlow 
15006, Keras 
15007, Keras 
15007,  TensorFlow 
15007, PyTorch 
15007,  Scikit-learn 
15007, Xgboost 
15007, PyTorch Lightning 
15008, PyTorch 
15010, CatBoost 
15010,  Scikit-learn 
15010, PyTorch 
15010, LightGBM 
15010,  TensorFlow 
15010, Xgboost 
15010, Keras 
15010, Huggingface 
15011, Keras 
15011,  TensorFlow 
15011, Xgboost 
15011, Caret 
15011,  Scikit-learn 
15011, CatBoost 
15011, LightGBM 
15012,  TensorFlow 
15012,  Scikit-learn 
15014, Keras 
15014,  TensorFlow 
15014,  Scikit-learn 
15016,  Scikit-learn 
15016, Xgboost 
15016, PyTorch 
15016, Keras 
15016,  TensorFlow 
15017, PyTorch Lightning 
15017, PyTorch 
15017, LightGBM 
15017, Xgboost 
15017,  Scikit-learn 
15017,  TensorFlow 
15018, PyTorch 
15018, Keras 
15018, Huggingface 
15018,  TensorFlow 
15018, LightGBM 
15019,  TensorFlow 
15019,  Scikit-learn 
15019, Xgboost 
15019, Keras 
15022,  Scikit-learn 
15023,  Scikit-learn 
15023, Huggingface 
15023, CatBoost 
15023, LightGBM 
15023, PyTorch 
15025,  Scikit-learn 
15026, Xgboost 
15026,  Scikit-learn 
15028,  Scikit-learn 
15029,  Scikit-learn 
15033,  TensorFlow 
15033, Keras 
15033,  Scikit-learn 
15033, Xgboost 
15034, Keras 
15034,  Scikit-learn 
15034,  TensorFlow 
15035,  Scikit-learn 
15035,  TensorFlow 
15035, Keras 
15037, Keras 
15037,  Scikit-learn 
15037,  TensorFlow 
15039, Caret 
15041,  Scikit-learn 
15041, LightGBM 
15041, Fast.ai 
15041, Keras 
15041,  TensorFlow 
15042,  TensorFlow 
15042, LightGBM 
15042, CatBoost 
15042,  Scikit-learn 
15046, PyTorch 
15046,  TensorFlow 
15046,  Scikit-learn 
15046, Keras 
15046, PyTorch Lightning 
15047, LightGBM 
15047,  Scikit-learn 
15047, Xgboost 
15047, Keras 
15048, PyTorch 
15049,  TensorFlow 
15049, PyTorch Lightning 
15049, PyTorch 
15050, Keras 
15050,  Scikit-learn 
15050, Huggingface 
15051, Tidymodels 
15051, Keras 
15051,  TensorFlow 
15052, Keras 
15052, Caret 
15052,  TensorFlow 
15052,  Scikit-learn 
15052, PyTorch 
15052, Xgboost 
15053, CatBoost 
15053,  TensorFlow 
15053, Xgboost 
15053, LightGBM 
15053,  Scikit-learn 
15053, Keras 
15055, LightGBM 
15055, PyTorch 
15056, Huggingface 
15056, Xgboost 
15056, LightGBM 
15056,  Scikit-learn 
15056, PyTorch 
15056,  TensorFlow 
15056, CatBoost 
15056, Keras 
15057, LightGBM 
15057, Xgboost 
15057, Keras 
15057,  Scikit-learn 
15058,  Scikit-learn 
15058, Keras 
15058, Xgboost 
15058, PyTorch Lightning 
15058, LightGBM 
15058, PyTorch 
15058, Huggingface 
15059, LightGBM 
15059,  TensorFlow 
15059, Keras 
15059, PyTorch 
15059, Huggingface 
15060,  Scikit-learn 
15060,  TensorFlow 
15061,  Scikit-learn 
15062,  Scikit-learn 
15062, Xgboost 
15063,Other
15066,  TensorFlow 
15066, Keras 
15067, Keras 
15067,  TensorFlow 
15068,  Scikit-learn 
15068,  TensorFlow 
15068, Keras 
15068, PyTorch 
15069,  Scikit-learn 
15071, Keras 
15071, Xgboost 
15071,  TensorFlow 
15071, PyTorch 
15071, CatBoost 
15071,  Scikit-learn 
15071, LightGBM 
15072,  Scikit-learn 
15072, CatBoost 
15072, Huggingface 
15072, PyTorch 
15072, Xgboost 
15074,  Scikit-learn 
15075,  Scikit-learn 
15075, Xgboost 
15075,  TensorFlow 
15075, CatBoost 
15075, Tidymodels 
15076, Xgboost 
15076, Keras 
15076,  TensorFlow 
15076,  Scikit-learn 
15077,  Scikit-learn 
15078, Keras 
15078,  Scikit-learn 
15078, PyTorch 
15081,  Scikit-learn 
15081, LightGBM 
15081, Keras 
15081, Xgboost 
15081, PyTorch 
15082,  Scikit-learn 
15082,  TensorFlow 
15082, Keras 
15083,  Scikit-learn 
15083,  TensorFlow 
15085,  Scikit-learn 
15085, Xgboost 
15087, Xgboost 
15087, Keras 
15087, Fast.ai 
15087, PyTorch 
15087, LightGBM 
15087,  Scikit-learn 
15088, PyTorch 
15088, PyTorch Lightning 
15089, Tidymodels 
15093,  TensorFlow 
15095,  Scikit-learn 
15097,  TensorFlow 
15097, Xgboost 
15097,  Scikit-learn 
15097, Keras 
15099,  Scikit-learn 
15100, Keras 
15100,  Scikit-learn 
15100,  TensorFlow 
15100, PyTorch 
15103,Other
15105, Keras 
15105,  Scikit-learn 
15105,  TensorFlow 
15107,  Scikit-learn 
15108, PyTorch 
15108,  Scikit-learn 
15108,  TensorFlow 
15110,  Scikit-learn 
15110, CatBoost 
15110, LightGBM 
15110, Xgboost 
15110, Keras 
15110, Caret 
15111, Keras 
15111, PyTorch 
15111,  TensorFlow 
15112,  Scikit-learn 
15112, PyTorch 
15112,  TensorFlow 
15113,  Scikit-learn 
15114,  Scikit-learn 
15114, PyTorch 
15114, Keras 
15114,  TensorFlow 
15115, Xgboost 
15115, LightGBM 
15115,  TensorFlow 
15115,  Scikit-learn 
15116,  TensorFlow 
15118, Keras 
15118,  Scikit-learn 
15118, PyTorch 
15118,  TensorFlow 
15118, Xgboost 
15119,  Scikit-learn 
15119, Xgboost 
15121,  Scikit-learn 
15121,  TensorFlow 
15121, Keras 
15121, Xgboost 
15122, Xgboost 
15122,  TensorFlow 
15122,  Scikit-learn 
15122, Keras 
15123,  TensorFlow 
15123,  Scikit-learn 
15123, Keras 
15125, LightGBM 
15125,  Scikit-learn 
15125, PyTorch 
15126,  Scikit-learn 
15126, Xgboost 
15126, PyTorch 
15127,  TensorFlow 
15127, Keras 
15129, Xgboost 
15129,  Scikit-learn 
15129, PyTorch Lightning 
15129, PyTorch 
15129, Keras 
15129, LightGBM 
15129,  TensorFlow 
15129, CatBoost 
15133,Other
15138,  TensorFlow 
15138, PyTorch 
15139,  TensorFlow 
15139, PyTorch 
15139, LightGBM 
15139,  Scikit-learn 
15139, Xgboost 
15139, Caret 
15140,  Scikit-learn 
15141,  TensorFlow 
15141, PyTorch 
15144, Keras 
15144,  TensorFlow 
15144, PyTorch 
15144,  Scikit-learn 
15145, Huggingface 
15145, Xgboost 
15145,  Scikit-learn 
15145, CatBoost 
15145,  TensorFlow 
15145, PyTorch 
15146, PyTorch 
15146,  TensorFlow 
15146, Keras 
15146,  Scikit-learn 
15146, Xgboost 
15149,  Scikit-learn 
15149, PyTorch 
15150, LightGBM 
15150,  Scikit-learn 
15150, Caret 
15150, Xgboost 
15150, Keras 
15150, PyTorch 
15150, CatBoost 
15150,  TensorFlow 
15150, Huggingface 
15152, PyTorch 
15153, Caret 
15153,  TensorFlow 
15153,  Scikit-learn 
15155,  Scikit-learn 
15159, Xgboost 
15159,  TensorFlow 
15161,  TensorFlow 
15163,  Scikit-learn 
15164,  Scikit-learn 
15164, Xgboost 
15167,  Scikit-learn 
15167,  TensorFlow 
15172, LightGBM 
15172,  Scikit-learn 
15172, Xgboost 
15173, Caret 
15173, LightGBM 
15173, Xgboost 
15173,  Scikit-learn 
15174,  Scikit-learn 
15174, Caret 
15174, PyTorch 
15174,  TensorFlow 
15174, Keras 
15177,  TensorFlow 
15177,  Scikit-learn 
15177, Keras 
15177, Fast.ai 
15179,  Scikit-learn 
15184, Keras 
15184, PyTorch 
15184,  Scikit-learn 
15184,  TensorFlow 
15185, Keras 
15185,  TensorFlow 
15185,  Scikit-learn 
15186, PyTorch 
15186,  TensorFlow 
15188, Keras 
15188,  Scikit-learn 
15188,  TensorFlow 
15188, Xgboost 
15188, PyTorch 
15189, Tidymodels 
15190, PyTorch 
15190, Xgboost 
15190, Huggingface 
15190,  TensorFlow 
15190,  Scikit-learn 
15192,  TensorFlow 
15192,  Scikit-learn 
15192, PyTorch 
15192, LightGBM 
15192, Xgboost 
15193, Xgboost 
15193,  Scikit-learn 
15193,  TensorFlow 
15197,  Scikit-learn 
15197,  TensorFlow 
15197, Keras 
15198,  Scikit-learn 
15198,  TensorFlow 
15198, Keras 
15199,  TensorFlow 
15199,  Scikit-learn 
15200,  Scikit-learn 
15200, Xgboost 
15200, LightGBM 
15205, Xgboost 
15205, PyTorch 
15205, LightGBM 
15205,  Scikit-learn 
15205, JAX 
15205, PyTorch Lightning 
15205, Fast.ai 
15205, Keras 
15205,  TensorFlow 
15205, Huggingface 
15205, CatBoost 
15206, PyTorch Lightning 
15206, LightGBM 
15206, Xgboost 
15206,  Scikit-learn 
15206, PyTorch 
15207, PyTorch 
15216,  Scikit-learn 
15216,  TensorFlow 
15216, Huggingface 
15217, Keras 
15217,  TensorFlow 
15217,  Scikit-learn 
15217,Other
15219, PyTorch Lightning 
15219,  TensorFlow 
15219, Keras 
15220, Keras 
15220,  TensorFlow 
15220, PyTorch 
15221,  Scikit-learn 
15221,  TensorFlow 
15221, Keras 
15223, Keras 
15223,  TensorFlow 
15223,Other
15223,  Scikit-learn 
15224,  Scikit-learn 
15224,  TensorFlow 
15225, Keras 
15225,  TensorFlow 
15225,  Scikit-learn 
15226, Xgboost 
15226, LightGBM 
15226, Keras 
15226,  Scikit-learn 
15226,  TensorFlow 
15226, Caret 
15227,  TensorFlow 
15227, Keras 
15227, Huggingface 
15227, JAX 
15229,  Scikit-learn 
15232, LightGBM 
15232,  Scikit-learn 
15232, CatBoost 
15232,  TensorFlow 
15232, Keras 
15232, Tidymodels 
15233, Xgboost 
15233, PyTorch 
15233, PyTorch Lightning 
15233,  Scikit-learn 
15233, LightGBM 
15234, PyTorch 
15234, LightGBM 
15234,  Scikit-learn 
15234,  TensorFlow 
15234, Keras 
15234, Xgboost 
15235,  TensorFlow 
15236,  Scikit-learn 
15236, Xgboost 
15236, LightGBM 
15239, Keras 
15239,  Scikit-learn 
15239,  TensorFlow 
15239, Xgboost 
15242,  Scikit-learn 
15243,  Scikit-learn 
15245, Xgboost 
15245,  Scikit-learn 
15246,  TensorFlow 
15246, PyTorch 
15246, Tidymodels 
15247, Keras 
15248, Caret 
15248, LightGBM 
15248, Xgboost 
15248,  Scikit-learn 
15249,  Scikit-learn 
15249, Xgboost 
15251,  Scikit-learn 
15254, Xgboost 
15254,  Scikit-learn 
15255,  TensorFlow 
15255,  Scikit-learn 
15255, PyTorch 
15255, Xgboost 
15255, LightGBM 
15255, CatBoost 
15255, Keras 
15255, Caret 
15256,  Scikit-learn 
15256, Xgboost 
15257,  Scikit-learn 
15259,  Scikit-learn 
15261,  Scikit-learn 
15261, Huggingface 
15261, PyTorch 
15261, CatBoost 
15261, Xgboost 
15261, LightGBM 
15262,  Scikit-learn 
15264,  TensorFlow 
15264,  Scikit-learn 
15264, PyTorch 
15264, Keras 
15264, Xgboost 
15264, LightGBM 
15266, Keras 
15266, Xgboost 
15266,  TensorFlow 
15266,  Scikit-learn 
15267,  TensorFlow 
15268,  TensorFlow 
15268, PyTorch Lightning 
15269, Xgboost 
15269,  Scikit-learn 
15270,  TensorFlow 
15272,  Scikit-learn 
15272,  TensorFlow 
15273, Keras 
15273,  Scikit-learn 
15273,  TensorFlow 
15275,  Scikit-learn 
15276,  Scikit-learn 
15281,Other
15282, Xgboost 
15282,  Scikit-learn 
15283,  TensorFlow 
15283,  Scikit-learn 
15284, Xgboost 
15284,Other
15286,  Scikit-learn 
15287,  TensorFlow 
15287, Keras 
15288,  Scikit-learn 
15288,  TensorFlow 
15288, Keras 
15290, Keras 
15290,  TensorFlow 
15290, PyTorch 
15290,  Scikit-learn 
15291, Keras 
15291,  TensorFlow 
15291,  Scikit-learn 
15292, LightGBM 
15292, Xgboost 
15292,  Scikit-learn 
15293, Keras 
15293,  Scikit-learn 
15295,  TensorFlow 
15295, LightGBM 
15295,  Scikit-learn 
15295, Xgboost 
15295, CatBoost 
15295, Keras 
15295, PyTorch 
15295, Huggingface 
15296, Keras 
15296,  Scikit-learn 
15296,  TensorFlow 
15297, PyTorch 
15299,  Scikit-learn 
15300,  TensorFlow 
15301, Keras 
15301,  Scikit-learn 
15301, Xgboost 
15303,  TensorFlow 
15303, Keras 
15303,  Scikit-learn 
15305,  Scikit-learn 
15305, PyTorch 
15305, Keras 
15306, Huggingface 
15306,  Scikit-learn 
15306, PyTorch 
15306,  TensorFlow 
15307, PyTorch 
15309,  Scikit-learn 
15312, Xgboost 
15312,  Scikit-learn 
15312, Huggingface 
15312,  TensorFlow 
15312, Keras 
15317, Keras 
15317, Xgboost 
15317,  Scikit-learn 
15317, LightGBM 
15318,  Scikit-learn 
15318, PyTorch 
15318,  TensorFlow 
15319, PyTorch 
15319,  TensorFlow 
15319, Huggingface 
15320, Xgboost 
15320, Keras 
15320,  Scikit-learn 
15321, PyTorch 
15321, Huggingface 
15321,  Scikit-learn 
15321, Fast.ai 
15322, Keras 
15322,  Scikit-learn 
15322, Xgboost 
15322,  TensorFlow 
15325,  TensorFlow 
15325, Keras 
15325,  Scikit-learn 
15329,  Scikit-learn 
15330,  Scikit-learn 
15330, PyTorch 
15330, Xgboost 
15330,  TensorFlow 
15331,Other
15332, Keras 
15332, PyTorch Lightning 
15332,  TensorFlow 
15332, PyTorch 
15332,  Scikit-learn 
15333,  Scikit-learn 
15334,  Scikit-learn 
15334, PyTorch 
15336,  Scikit-learn 
15336, PyTorch 
15336, PyTorch Lightning 
15336, Xgboost 
15340, Keras 
15340, Xgboost 
15340,  Scikit-learn 
15340,  TensorFlow 
15342, Fast.ai 
15343,  Scikit-learn 
15343, Keras 
15343, Huggingface 
15343, PyTorch 
15345,  Scikit-learn 
15346, Xgboost 
15346,  Scikit-learn 
15346,  TensorFlow 
15347,  Scikit-learn 
15347, LightGBM 
15349, Xgboost 
15349, PyTorch 
15349, LightGBM 
15349, Keras 
15349,  TensorFlow 
15349,  Scikit-learn 
15349, Fast.ai 
15350, Keras 
15350,  TensorFlow 
15351,  TensorFlow 
15351,  Scikit-learn 
15351, Keras 
15352, Keras 
15352, PyTorch 
15352,  Scikit-learn 
15353, PyTorch 
15353,  Scikit-learn 
15353, Keras 
15353, Huggingface 
15358, Xgboost 
15358, PyTorch 
15358,  TensorFlow 
15358, Keras 
15358, LightGBM 
15358,  Scikit-learn 
15358, Caret 
15360,  Scikit-learn 
15362, PyTorch 
15363, CatBoost 
15363, PyTorch 
15363, PyTorch Lightning 
15363, Caret 
15364, LightGBM 
15364, Xgboost 
15364, Keras 
15364,  Scikit-learn 
15366,  Scikit-learn 
15369,  Scikit-learn 
15370, LightGBM 
15370, Keras 
15370,  Scikit-learn 
15370, Xgboost 
15370, Huggingface 
15372, Xgboost 
15372, Keras 
15372, CatBoost 
15372, PyTorch 
15372, LightGBM 
15372,Other
15372,  Scikit-learn 
15372,  TensorFlow 
15373,  Scikit-learn 
15375,  Scikit-learn 
15375,  TensorFlow 
15375, Keras 
15376, CatBoost 
15376, PyTorch 
15376,  TensorFlow 
15376, LightGBM 
15376,  Scikit-learn 
15376, JAX 
15376, Fast.ai 
15376, Huggingface 
15376, PyTorch Lightning 
15376, Caret 
15376, Tidymodels 
15376, Keras 
15376, Xgboost 
15377, Keras 
15377,  Scikit-learn 
15378,  TensorFlow 
15378, PyTorch 
15380,  Scikit-learn 
15380,  TensorFlow 
15381, PyTorch 
15381, PyTorch Lightning 
15381,  TensorFlow 
15381,  Scikit-learn 
15382,  TensorFlow 
15383,  Scikit-learn 
15385,  Scikit-learn 
15386, Xgboost 
15386, Keras 
15386,  Scikit-learn 
15386,  TensorFlow 
15386, CatBoost 
15388,  TensorFlow 
15388,  Scikit-learn 
15388, Xgboost 
15388, Keras 
15392, Keras 
15392,  TensorFlow 
15393,  Scikit-learn 
15396, Fast.ai 
15396,  Scikit-learn 
15397, Fast.ai 
15397, PyTorch 
15400,  TensorFlow 
15400, Keras 
15400,  Scikit-learn 
15400, PyTorch 
15403,  Scikit-learn 
15404,  Scikit-learn 
15405, Xgboost 
15405,  Scikit-learn 
15405,  TensorFlow 
15406,Other
15406, Keras 
15406,  Scikit-learn 
15407,  Scikit-learn 
15408,  Scikit-learn 
15409,  Scikit-learn 
15410,Other
15412, Keras 
15412,  Scikit-learn 
15412, PyTorch 
15412,  TensorFlow 
15414,  Scikit-learn 
15414, PyTorch 
15414,  TensorFlow 
15414, Keras 
15415, PyTorch 
15415,  TensorFlow 
15415, PyTorch Lightning 
15415, Keras 
15415, Xgboost 
15415,  Scikit-learn 
15415, LightGBM 
15420, Xgboost 
15420,  TensorFlow 
15422,  TensorFlow 
15423,  TensorFlow 
15423,  Scikit-learn 
15423, PyTorch 
15423, Keras 
15424, Keras 
15424, JAX 
15424, Fast.ai 
15424, PyTorch 
15426,  Scikit-learn 
15426, PyTorch 
15426, Keras 
15426,  TensorFlow 
15427,  Scikit-learn 
15427, Xgboost 
15427, LightGBM 
15427, Keras 
15427,  TensorFlow 
15428, Keras 
15430, Fast.ai 
15430, Xgboost 
15430, LightGBM 
15430,  Scikit-learn 
15431,  Scikit-learn 
15431, Xgboost 
15431, PyTorch 
15431,  TensorFlow 
15431, Keras 
15432, PyTorch 
15432,  Scikit-learn 
15432,  TensorFlow 
15432, Keras 
15433,  Scikit-learn 
15433, Xgboost 
15437, Keras 
15437,  Scikit-learn 
15437,  TensorFlow 
15441,  TensorFlow 
15441, Fast.ai 
15441, Keras 
15442, Huggingface 
15442, Xgboost 
15442, PyTorch 
15442,  Scikit-learn 
15442, Keras 
15442,  TensorFlow 
15442, LightGBM 
15444, Keras 
15444,  Scikit-learn 
15444,  TensorFlow 
15445, Keras 
15445, LightGBM 
15445, CatBoost 
15445, Xgboost 
15445, PyTorch 
15445,  Scikit-learn 
15447, Keras 
15447, Caret 
15447,  TensorFlow 
15447,  Scikit-learn 
15448,  Scikit-learn 
15448,  TensorFlow 
15448, Keras 
15450, Huggingface 
15450, PyTorch 
15450,  Scikit-learn 
15451,  Scikit-learn 
15456, Xgboost 
15456, Keras 
15456,  Scikit-learn 
15456,  TensorFlow 
15457,  Scikit-learn 
15458,  Scikit-learn 
15458, LightGBM 
15458, Keras 
15458,  TensorFlow 
15459, PyTorch 
15459,  Scikit-learn 
15460,  Scikit-learn 
15460, PyTorch 
15460,  TensorFlow 
15461,  TensorFlow 
15461, PyTorch 
15461,  Scikit-learn 
15461, Keras 
15462, PyTorch 
15462,  Scikit-learn 
15462,  TensorFlow 
15462, Keras 
15463,  TensorFlow 
15463, Keras 
15463,  Scikit-learn 
15466, PyTorch 
15466,  TensorFlow 
15466, Xgboost 
15466,  Scikit-learn 
15466, Keras 
15471,  Scikit-learn 
15472, Xgboost 
15472, LightGBM 
15472,  Scikit-learn 
15473,  Scikit-learn 
15473,  TensorFlow 
15473, Keras 
15473, PyTorch 
15473, Xgboost 
15474, CatBoost 
15474, Fast.ai 
15474, Keras 
15474,  TensorFlow 
15474, PyTorch 
15474, JAX 
15474, PyTorch Lightning 
15477,  Scikit-learn 
15477, PyTorch 
15477,  TensorFlow 
15477, Keras 
15477, Huggingface 
15478, Tidymodels 
15479,Other
15479,  Scikit-learn 
15480,  Scikit-learn 
15480, Keras 
15481, Keras 
15481,  Scikit-learn 
15481,  TensorFlow 
15482,  TensorFlow 
15482,  Scikit-learn 
15482, Keras 
15483, LightGBM 
15485, Fast.ai 
15485, Huggingface 
15485, PyTorch 
15485, Keras 
15485, JAX 
15485,  TensorFlow 
15485,  Scikit-learn 
15485, PyTorch Lightning 
15487,  TensorFlow 
15487,  Scikit-learn 
15487, Keras 
15489,  TensorFlow 
15489,  Scikit-learn 
15491, PyTorch 
15491,  Scikit-learn 
15491,  TensorFlow 
15491, Keras 
15493,  Scikit-learn 
15494,  Scikit-learn 
15496, Caret 
15496, Keras 
15496,  TensorFlow 
15496,  Scikit-learn 
15497, Xgboost 
15497, Caret 
15497, Tidymodels 
15497, LightGBM 
15497,  Scikit-learn 
15498, PyTorch 
15499,  Scikit-learn 
15499,  TensorFlow 
15499, Keras 
15499, PyTorch 
15500, Keras 
15502, Keras 
15502,  TensorFlow 
15505, Keras 
15505, PyTorch 
15506,  Scikit-learn 
15506,  TensorFlow 
15507, Xgboost 
15507,  Scikit-learn 
15509,  Scikit-learn 
15513,  Scikit-learn 
15513, Keras 
15513,  TensorFlow 
15515, Xgboost 
15515,  Scikit-learn 
15517, Xgboost 
15517,  Scikit-learn 
15518,  Scikit-learn 
15518, Xgboost 
15518, Keras 
15518,  TensorFlow 
15519, PyTorch 
15519,  TensorFlow 
15519,  Scikit-learn 
15520, LightGBM 
15520, JAX 
15521,  Scikit-learn 
15521, Xgboost 
15521, PyTorch 
15521,  TensorFlow 
15521, CatBoost 
15521, Fast.ai 
15521, Keras 
15522,  Scikit-learn 
15522, PyTorch 
15522,  TensorFlow 
15523, Xgboost 
15523,  TensorFlow 
15523,  Scikit-learn 
15524,Other
15528, PyTorch 
15529, PyTorch 
15529,  Scikit-learn 
15531,  Scikit-learn 
15531, Keras 
15531,  TensorFlow 
15531, Xgboost 
15532,  Scikit-learn 
15532,Other
15535,  TensorFlow 
15535, Keras 
15535,  Scikit-learn 
15535, Huggingface 
15536,  TensorFlow 
15536,  Scikit-learn 
15536, Keras 
15541, Xgboost 
15541, Fast.ai 
15541,  Scikit-learn 
15543, Caret 
15543,  Scikit-learn 
15545,  TensorFlow 
15545, PyTorch 
15545,  Scikit-learn 
15545, Keras 
15547,  Scikit-learn 
15550, Xgboost 
15550,  Scikit-learn 
15552, Keras 
15559,  Scikit-learn 
15563,  TensorFlow 
15563,  Scikit-learn 
15563, Keras 
15565,  TensorFlow 
15566, Xgboost 
15566,  Scikit-learn 
15566, LightGBM 
15568,  TensorFlow 
15568, Keras 
15568, Huggingface 
15568,  Scikit-learn 
15569,  Scikit-learn 
15569, PyTorch 
15569,  TensorFlow 
15569, Keras 
15569, Xgboost 
15571,  TensorFlow 
15571,  Scikit-learn 
15572,  Scikit-learn 
15572, Xgboost 
15573,  Scikit-learn 
15574, PyTorch 
15574,  Scikit-learn 
15574,  TensorFlow 
15574, Tidymodels 
15575,  Scikit-learn 
15576, Keras 
15576, Xgboost 
15576,  Scikit-learn 
15576,  TensorFlow 
15577, PyTorch 
15577, Keras 
15577,  TensorFlow 
15577,  Scikit-learn 
15578,  TensorFlow 
15578, Keras 
15580,  TensorFlow 
15580, PyTorch Lightning 
15580, PyTorch 
15580, LightGBM 
15580,  Scikit-learn 
15580, Xgboost 
15580, Keras 
15581,  TensorFlow 
15581, Huggingface 
15581, PyTorch 
15581,  Scikit-learn 
15582,  TensorFlow 
15582,  Scikit-learn 
15582, Huggingface 
15582, Xgboost 
15582, CatBoost 
15583, Keras 
15583, PyTorch 
15584,  TensorFlow 
15584,  Scikit-learn 
15584, Xgboost 
15584, LightGBM 
15584, Keras 
15585, Tidymodels 
15587, Keras 
15587,  TensorFlow 
15589,  TensorFlow 
15589,  Scikit-learn 
15589, PyTorch 
15590, LightGBM 
15590,  Scikit-learn 
15590, PyTorch 
15590, Fast.ai 
15590, Xgboost 
15590, CatBoost 
15590,  TensorFlow 
15590, Keras 
15591, Keras 
15591, Xgboost 
15591,  Scikit-learn 
15591,  TensorFlow 
15591, PyTorch 
15592, Huggingface 
15592, Keras 
15592,  TensorFlow 
15592,  Scikit-learn 
15592, PyTorch 
15593, Caret 
15593, Xgboost 
15594, PyTorch 
15595,  TensorFlow 
15596,  TensorFlow 
15596,  Scikit-learn 
15597,  TensorFlow 
15597, Keras 
15597,  Scikit-learn 
15598,  TensorFlow 
15598,  Scikit-learn 
15598, PyTorch Lightning 
15598, Xgboost 
15598, LightGBM 
15598, PyTorch 
15598, Keras 
15599, PyTorch 
15599,  TensorFlow 
15600, Xgboost 
15600, LightGBM 
15600,  Scikit-learn 
15603,  Scikit-learn 
15603,  TensorFlow 
15604, Keras 
15604,  TensorFlow 
15605, Fast.ai 
15605, LightGBM 
15606, LightGBM 
15606, Xgboost 
15606, PyTorch 
15606, CatBoost 
15606,  TensorFlow 
15606, Keras 
15606, Huggingface 
15606,  Scikit-learn 
15607,  Scikit-learn 
15607, Keras 
15607, CatBoost 
15607,  TensorFlow 
15607, Xgboost 
15610,  Scikit-learn 
15610, Keras 
15610, Xgboost 
15610,  TensorFlow 
15611, PyTorch Lightning 
15611, PyTorch 
15611,  Scikit-learn 
15611, Huggingface 
15614,  TensorFlow 
15614, Fast.ai 
15614, Xgboost 
15614, PyTorch 
15614,  Scikit-learn 
15614, Keras 
15616,  TensorFlow 
15616, Keras 
15616, PyTorch 
15616,  Scikit-learn 
15617,  Scikit-learn 
15617,  TensorFlow 
15617, Keras 
15618, Keras 
15618,  Scikit-learn 
15620,  Scikit-learn 
15626, PyTorch 
15626, Keras 
15626, PyTorch Lightning 
15626,  Scikit-learn 
15627,  TensorFlow 
15627,  Scikit-learn 
15627, Xgboost 
15627, PyTorch 
15628,  Scikit-learn 
15629, Keras 
15629,  Scikit-learn 
15629, Xgboost 
15629,  TensorFlow 
15631,  TensorFlow 
15631, Keras 
15631, PyTorch 
15631,  Scikit-learn 
15634,Other
15635,  Scikit-learn 
15636, Xgboost 
15636, Keras 
15636,  Scikit-learn 
15637, Xgboost 
15637, LightGBM 
15637,  Scikit-learn 
15639,Other
15643, Keras 
15643,  TensorFlow 
15644,  Scikit-learn 
15645,  TensorFlow 
15647, PyTorch 
15647, Huggingface 
15648, Xgboost 
15648,  Scikit-learn 
15651,  TensorFlow 
15651, Keras 
15651,  Scikit-learn 
15651, Xgboost 
15652, Huggingface 
15652, PyTorch 
15652,  TensorFlow 
15652,  Scikit-learn 
15652, Keras 
15653, Keras 
15653,  TensorFlow 
15653,  Scikit-learn 
15657, Huggingface 
15657, PyTorch 
15658, PyTorch 
15658,  Scikit-learn 
15660, Keras 
15660,  Scikit-learn 
15660,  TensorFlow 
15661,  Scikit-learn 
15661,Other
15662,  TensorFlow 
15662,  Scikit-learn 
15662, LightGBM 
15665,  Scikit-learn 
15670, LightGBM 
15670,  TensorFlow 
15670,  Scikit-learn 
15670, Xgboost 
15670, Keras 
15670, CatBoost 
15671, LightGBM 
15674,  TensorFlow 
15674, Caret 
15674, Keras 
15674,  Scikit-learn 
15674, Xgboost 
15675,  Scikit-learn 
15678, PyTorch 
15679, Keras 
15679,  Scikit-learn 
15679,  TensorFlow 
15680,Other
15680, Xgboost 
15682, Keras 
15682,  TensorFlow 
15685,  TensorFlow 
15687, Keras 
15687,  TensorFlow 
15687,  Scikit-learn 
15687, Xgboost 
15687, PyTorch 
15688,  Scikit-learn 
15690,  TensorFlow 
15690,  Scikit-learn 
15690, Xgboost 
15690, Keras 
15692,  Scikit-learn 
15693,  TensorFlow 
15693, PyTorch 
15694,  Scikit-learn 
15698, PyTorch Lightning 
15699,Other
15701,  TensorFlow 
15701, Keras 
15701, Xgboost 
15701,  Scikit-learn 
15701, PyTorch 
15707, PyTorch 
15707,  Scikit-learn 
15708,  Scikit-learn 
15708, LightGBM 
15708, PyTorch 
15708,  TensorFlow 
15708, Keras 
15708, Caret 
15708, Xgboost 
15710,  Scikit-learn 
15710, Keras 
15710,  TensorFlow 
15711, Keras 
15711,  TensorFlow 
15711,  Scikit-learn 
15711, Huggingface 
15712,  Scikit-learn 
15714, Xgboost 
15714, Caret 
15715,  TensorFlow 
15715,  Scikit-learn 
15715, Keras 
15715, PyTorch 
15718, Xgboost 
15718,  Scikit-learn 
15719,  Scikit-learn 
15719,  TensorFlow 
15720, Keras 
15720,  Scikit-learn 
15721, PyTorch 
15721,  Scikit-learn 
15723,  Scikit-learn 
15723, PyTorch 
15724, Caret 
15724,  TensorFlow 
15724, Keras 
15724,  Scikit-learn 
15725,  Scikit-learn 
15727, Xgboost 
15727, Huggingface 
15727,  Scikit-learn 
15727, PyTorch 
15728,  Scikit-learn 
15729, Keras 
15729,  TensorFlow 
15729,  Scikit-learn 
15730, Xgboost 
15730, LightGBM 
15730,  TensorFlow 
15730,  Scikit-learn 
15731,  Scikit-learn 
15732,  TensorFlow 
15732,  Scikit-learn 
15732, Xgboost 
15732, Keras 
15733,  TensorFlow 
15733, CatBoost 
15733,  Scikit-learn 
15733, LightGBM 
15733, Keras 
15733, Xgboost 
15734,  Scikit-learn 
15734,  TensorFlow 
15737,  TensorFlow 
15737, Keras 
15738,  Scikit-learn 
15738, PyTorch 
15740, PyTorch 
15740, Huggingface 
15740,  Scikit-learn 
15740,  TensorFlow 
15741,  Scikit-learn 
15741, CatBoost 
15741, LightGBM 
15741, Xgboost 
15742,  Scikit-learn 
15743,  TensorFlow 
15743, PyTorch 
15743, JAX 
15744,  Scikit-learn 
15744, CatBoost 
15744, Xgboost 
15744,  TensorFlow 
15745, PyTorch 
15747,  TensorFlow 
15747, Huggingface 
15747, Xgboost 
15747,  Scikit-learn 
15747, Keras 
15748, Keras 
15748,  Scikit-learn 
15748,  TensorFlow 
15750, PyTorch 
15750,  Scikit-learn 
15750, Keras 
15751,  TensorFlow 
15751, Keras 
15751, PyTorch Lightning 
15751, PyTorch 
15751, Huggingface 
15752, PyTorch 
15752,  Scikit-learn 
15753, PyTorch 
15753,  Scikit-learn 
15753,  TensorFlow 
15753, Keras 
15754, Keras 
15754,  TensorFlow 
15754, PyTorch 
15754,  Scikit-learn 
15755,  Scikit-learn 
15755, PyTorch 
15756,  Scikit-learn 
15759, Keras 
15759,  TensorFlow 
15761,  Scikit-learn 
15763,  Scikit-learn 
15763, Keras 
15764, Tidymodels 
15764,  Scikit-learn 
15764, Caret 
15766, Keras 
15766,  TensorFlow 
15767, PyTorch 
15768,  TensorFlow 
15768, PyTorch 
15769, PyTorch 
15771,  TensorFlow 
15771,  Scikit-learn 
15773, Keras 
15773,  Scikit-learn 
15773, Xgboost 
15773,  TensorFlow 
15773, CatBoost 
15773, LightGBM 
15775, Keras 
15775,  Scikit-learn 
15775,  TensorFlow 
15776,  TensorFlow 
15778, Huggingface 
15778,  Scikit-learn 
15778, Xgboost 
15779,  Scikit-learn 
15784,  Scikit-learn 
15787, PyTorch 
15787,  Scikit-learn 
15789,  Scikit-learn 
15789,  TensorFlow 
15789, Keras 
15790, Huggingface 
15790, Xgboost 
15791, Xgboost 
15791, Caret 
15791, LightGBM 
15792,  TensorFlow 
15792,  Scikit-learn 
15792, Xgboost 
15792, Keras 
15795, Keras 
15795,  TensorFlow 
15796, PyTorch 
15796,  TensorFlow 
15796, Fast.ai 
15797, Xgboost 
15797, PyTorch 
15797, Keras 
15797,  Scikit-learn 
15798, Keras 
15798, Xgboost 
15798, PyTorch Lightning 
15798,  Scikit-learn 
15798,  TensorFlow 
15798, PyTorch 
15798, Huggingface 
15798, Fast.ai 
15799, Xgboost 
15799,  Scikit-learn 
15801, Xgboost 
15801,  Scikit-learn 
15803,  TensorFlow 
15804,  Scikit-learn 
15805,  Scikit-learn 
15806, PyTorch Lightning 
15806,  Scikit-learn 
15806, Keras 
15806, PyTorch 
15806, Fast.ai 
15806,  TensorFlow 
15807,  TensorFlow 
15807,  Scikit-learn 
15807,Other
15807, Keras 
15811,  TensorFlow 
15811, PyTorch 
15811, Huggingface 
15811,  Scikit-learn 
15811, Keras 
15811, Xgboost 
15813, Huggingface 
15813, Keras 
15813,  TensorFlow 
15813,  Scikit-learn 
15814, Keras 
15814, Fast.ai 
15815, Keras 
15815,  TensorFlow 
15815, Xgboost 
15815,  Scikit-learn 
15816, PyTorch 
15816,  Scikit-learn 
15816,  TensorFlow 
15816, Keras 
15817,  Scikit-learn 
15817, PyTorch 
15819, PyTorch 
15819, Fast.ai 
15819, Huggingface 
15820,  TensorFlow 
15820, Xgboost 
15820, Keras 
15820,  Scikit-learn 
15822,  Scikit-learn 
15822,  TensorFlow 
15823, CatBoost 
15823, Fast.ai 
15823, Keras 
15823, Xgboost 
15823,  TensorFlow 
15823, LightGBM 
15823, PyTorch 
15823, Huggingface 
15823,  Scikit-learn 
15823, PyTorch Lightning 
15825,  Scikit-learn 
15825,Other
15825, Keras 
15825,  TensorFlow 
15826, LightGBM 
15826, Xgboost 
15826,  Scikit-learn 
15827,  TensorFlow 
15828,  Scikit-learn 
15828, Keras 
15829,  TensorFlow 
15829,  Scikit-learn 
15829, PyTorch 
15829, Keras 
15829, Xgboost 
15829, JAX 
15830, Huggingface 
15830,  TensorFlow 
15830,  Scikit-learn 
15830, PyTorch 
15830, CatBoost 
15830, Xgboost 
15830, Keras 
15830, LightGBM 
15831, Xgboost 
15831, CatBoost 
15831, LightGBM 
15831,  TensorFlow 
15831,  Scikit-learn 
15833,  Scikit-learn 
15833, PyTorch 
15834,  Scikit-learn 
15835,  Scikit-learn 
15836, Xgboost 
15836, Keras 
15836,  Scikit-learn 
15837, Tidymodels 
15837, Caret 
15838,  Scikit-learn 
15839,  TensorFlow 
15839, Huggingface 
15839,  Scikit-learn 
15839, Keras 
15839, Xgboost 
15840, PyTorch 
15840, Caret 
15840, LightGBM 
15840,  Scikit-learn 
15840, Xgboost 
15842,  Scikit-learn 
15843,  Scikit-learn 
15844,  TensorFlow 
15844, Keras 
15844,  Scikit-learn 
15848,  Scikit-learn 
15849, Xgboost 
15849,  Scikit-learn 
15849, LightGBM 
15849, Keras 
15849, CatBoost 
15849, PyTorch 
15849,  TensorFlow 
15849, Huggingface 
15850, Caret 
15850, Keras 
15850, LightGBM 
15850,  TensorFlow 
15850, Xgboost 
15850,  Scikit-learn 
15850, PyTorch 
15851, Fast.ai 
15851,  Scikit-learn 
15851, PyTorch 
15851,  TensorFlow 
15852, PyTorch 
15852,  TensorFlow 
15853, PyTorch 
15853, LightGBM 
15853,  TensorFlow 
15853, Xgboost 
15853,  Scikit-learn 
15857, PyTorch 
15858, PyTorch 
15860, LightGBM 
15860,  TensorFlow 
15860, CatBoost 
15860, PyTorch 
15860,  Scikit-learn 
15860, Huggingface 
15860, Xgboost 
15860, Keras 
15863,  TensorFlow 
15863, Tidymodels 
15863,  Scikit-learn 
15863, Xgboost 
15863, Keras 
15865, PyTorch 
15866,  TensorFlow 
15866, Keras 
15866,  Scikit-learn 
15867,  Scikit-learn 
15868, Keras 
15868,  Scikit-learn 
15869, Huggingface 
15869,  Scikit-learn 
15869, PyTorch 
15869,  TensorFlow 
15871,  Scikit-learn 
15871, LightGBM 
15871, Huggingface 
15871, Keras 
15871, Xgboost 
15871, PyTorch 
15872,  Scikit-learn 
15872, Xgboost 
15872, PyTorch 
15872,  TensorFlow 
15872, Keras 
15873,  TensorFlow 
15873, Xgboost 
15873,  Scikit-learn 
15873, Keras 
15874,  Scikit-learn 
15874, PyTorch 
15874, Keras 
15874,  TensorFlow 
15876,  Scikit-learn 
15877, PyTorch 
15877, Keras 
15877,  Scikit-learn 
15878,  Scikit-learn 
15878, Xgboost 
15879, Caret 
15880, LightGBM 
15880, Keras 
15881, Caret 
15881, PyTorch 
15881, Xgboost 
15881,  Scikit-learn 
15881,Other
15882,  Scikit-learn 
15883,  Scikit-learn 
15883, Keras 
15883,  TensorFlow 
15883, PyTorch 
15885, Tidymodels 
15889,  Scikit-learn 
15890,  Scikit-learn 
15892,  TensorFlow 
15892, Keras 
15892,  Scikit-learn 
15894, CatBoost 
15894, Xgboost 
15894,  Scikit-learn 
15899, PyTorch 
15899,  TensorFlow 
15901,  Scikit-learn 
15901, Keras 
15901, Xgboost 
15901,  TensorFlow 
15905,  Scikit-learn 
15905, LightGBM 
15905,  TensorFlow 
15907,  TensorFlow 
15907, PyTorch 
15907, Keras 
15907,  Scikit-learn 
15909, PyTorch 
15910,  Scikit-learn 
15911, Caret 
15911,  Scikit-learn 
15911, Keras 
15911,  TensorFlow 
15912,  Scikit-learn 
15912, Huggingface 
15914,  Scikit-learn 
15914, Keras 
15914,  TensorFlow 
15914, PyTorch 
15916,  Scikit-learn 
15916, PyTorch 
15916, Keras 
15916,  TensorFlow 
15918, Caret 
15919, Keras 
15919,  Scikit-learn 
15920,  Scikit-learn 
15921,  TensorFlow 
15921,  Scikit-learn 
15921, Keras 
15921, PyTorch 
15923, Keras 
15923, Caret 
15923,  Scikit-learn 
15923, Tidymodels 
15923, Xgboost 
15925,  TensorFlow 
15927,  Scikit-learn 
15928,  TensorFlow 
15928, PyTorch 
15928, Keras 
15930, PyTorch 
15930,  Scikit-learn 
15930, Keras 
15933, LightGBM 
15935,  Scikit-learn 
15936, Keras 
15936,  TensorFlow 
15936,  Scikit-learn 
15937,  Scikit-learn 
15937, PyTorch 
15937,  TensorFlow 
15937, Huggingface 
15937, Keras 
15938, PyTorch 
15938,  Scikit-learn 
15938,  TensorFlow 
15938, Tidymodels 
15938, PyTorch Lightning 
15939, Xgboost 
15939, LightGBM 
15939, PyTorch 
15939,  Scikit-learn 
15940,  Scikit-learn 
15941, Keras 
15941, PyTorch 
15941,  Scikit-learn 
15943, Keras 
15943, PyTorch 
15943,  Scikit-learn 
15943,  TensorFlow 
15944,  Scikit-learn 
15944, PyTorch 
15945, LightGBM 
15945, Keras 
15945, Tidymodels 
15945, Caret 
15945, Xgboost 
15948,  Scikit-learn 
15948,  TensorFlow 
15949,  Scikit-learn 
15950,  Scikit-learn 
15951, PyTorch Lightning 
15951, PyTorch 
15953, Keras 
15953,  Scikit-learn 
15953,  TensorFlow 
15954,  Scikit-learn 
15955, PyTorch 
15955, Keras 
15955,  TensorFlow 
15955,  Scikit-learn 
15955, Xgboost 
15956, LightGBM 
15956, PyTorch 
15956, Xgboost 
15956,  Scikit-learn 
15956, Huggingface 
15956, Fast.ai 
15956, CatBoost 
15957,  TensorFlow 
15957,  Scikit-learn 
15957, Keras 
15959, Keras 
15959,  Scikit-learn 
15959,  TensorFlow 
15960,  Scikit-learn 
15960, Xgboost 
15960, LightGBM 
15960, Tidymodels 
15961,  Scikit-learn 
15962, LightGBM 
15962, Xgboost 
15963, Xgboost 
15963,  Scikit-learn 
15963,  TensorFlow 
15963, Keras 
15964, LightGBM 
15964, Xgboost 
15964,  Scikit-learn 
15965,  Scikit-learn 
15966,  Scikit-learn 
15966, Tidymodels 
15966, Xgboost 
15966, Keras 
15966, CatBoost 
15967,  Scikit-learn 
15968, PyTorch 
15968,  Scikit-learn 
15968,  TensorFlow 
15969, Keras 
15969,  TensorFlow 
15969, PyTorch 
15969,  Scikit-learn 
15970, PyTorch Lightning 
15971,  Scikit-learn 
15971,  TensorFlow 
15971, Xgboost 
15971, Keras 
15972,  Scikit-learn 
15975,  Scikit-learn 
15975, Keras 
15975,  TensorFlow 
15980,Other
15981,  Scikit-learn 
15981, Xgboost 
15987, Xgboost 
15987, CatBoost 
15987,  TensorFlow 
15987, LightGBM 
15987,  Scikit-learn 
15987, Keras 
15989, PyTorch Lightning 
15989, LightGBM 
15989, PyTorch 
15989, CatBoost 
15989, Huggingface 
15989,  Scikit-learn 
15989, Fast.ai 
15989, JAX 
15989, Xgboost 
15990,  TensorFlow 
15990, Keras 
15990,  Scikit-learn 
15991,  Scikit-learn 
15993, Xgboost 
15993, LightGBM 
15993, PyTorch 
15993,  Scikit-learn 
15993, Huggingface 
15994,  Scikit-learn 
15994,  TensorFlow 
15995,  TensorFlow 
15995,  Scikit-learn 
15997, Keras 
15997,  TensorFlow 
15997, JAX 
15997, PyTorch 
15998,  TensorFlow 
15998, PyTorch 
15999, Huggingface 
15999, LightGBM 
15999,  TensorFlow 
15999, PyTorch 
15999,  Scikit-learn 
15999, Xgboost 
15999, Keras 
15999, CatBoost 
16001,  Scikit-learn 
16002,  Scikit-learn 
16002,  TensorFlow 
16002, Tidymodels 
16002, Caret 
16003,  Scikit-learn 
16003, Huggingface 
16003, Keras 
16003, PyTorch 
16004, Xgboost 
16006,  Scikit-learn 
16010, Fast.ai 
16010,  Scikit-learn 
16010, PyTorch 
16010, Huggingface 
16012, PyTorch 
16013,  Scikit-learn 
16013,  TensorFlow 
16014,  Scikit-learn 
16018, PyTorch 
16018, Keras 
16018,  TensorFlow 
16018,  Scikit-learn 
16020,  TensorFlow 
16020,  Scikit-learn 
16020, Keras 
16026,  Scikit-learn 
16029,  Scikit-learn 
16029,  TensorFlow 
16031,  TensorFlow 
16031,  Scikit-learn 
16031, Keras 
16031, PyTorch 
16032,  Scikit-learn 
16032,  TensorFlow 
16032, Keras 
16033,  Scikit-learn 
16033, LightGBM 
16033, Keras 
16034,  Scikit-learn 
16036, Xgboost 
16036,  TensorFlow 
16036,  Scikit-learn 
16036, Keras 
16038,  Scikit-learn 
16038, PyTorch 
16039,Other
16039,  Scikit-learn 
16040,  Scikit-learn 
16040, Xgboost 
16040, LightGBM 
16044, Xgboost 
16044,  Scikit-learn 
16044, LightGBM 
16044, Fast.ai 
16044,  TensorFlow 
16044, Huggingface 
16044, Keras 
16045, PyTorch 
16045,  Scikit-learn 
16046,  TensorFlow 
16046, Keras 
16046,  Scikit-learn 
16049, PyTorch 
16051, PyTorch 
16051,  TensorFlow 
16051, Keras 
16052, PyTorch 
16052,  TensorFlow 
16053,  Scikit-learn 
16055,  TensorFlow 
16055,  Scikit-learn 
16055, Keras 
16056, Keras 
16056,  Scikit-learn 
16056,  TensorFlow 
16057,  Scikit-learn 
16057,  TensorFlow 
16057, Caret 
16057, Keras 
16057, PyTorch 
16057, Xgboost 
16057, LightGBM 
16058, PyTorch 
16059,  Scikit-learn 
16064,  Scikit-learn 
16064, LightGBM 
16064, PyTorch 
16064, PyTorch Lightning 
16065, Xgboost 
16065,  Scikit-learn 
16067,  Scikit-learn 
16067, Fast.ai 
16067, Xgboost 
16067, Keras 
16070, PyTorch 
16070,  Scikit-learn 
16070, PyTorch Lightning 
16070,  TensorFlow 
16070, Keras 
16073, Xgboost 
16073, Keras 
16073, PyTorch 
16073, LightGBM 
16073,  Scikit-learn 
16073,  TensorFlow 
16073, PyTorch Lightning 
16073, CatBoost 
16073, Huggingface 
16074, Keras 
16074,  TensorFlow 
16074, PyTorch 
16075,  Scikit-learn 
16078,  TensorFlow 
16079,  Scikit-learn 
16082, Xgboost 
16082,  Scikit-learn 
16083,  Scikit-learn 
16083, Xgboost 
16083, Caret 
16085,  TensorFlow 
16085, Keras 
16085, PyTorch 
16085,  Scikit-learn 
16086,  TensorFlow 
16088,  TensorFlow 
16088, PyTorch 
16088, Keras 
16088,  Scikit-learn 
16088, Xgboost 
16089,  TensorFlow 
16089, Keras 
16089, Xgboost 
16089, Caret 
16089,  Scikit-learn 
16090, Keras 
16090,  TensorFlow 
16091,  Scikit-learn 
16091, Xgboost 
16092,  Scikit-learn 
16093,  TensorFlow 
16093, Keras 
16093, Xgboost 
16094, Keras 
16094,  TensorFlow 
16094,  Scikit-learn 
16095,  Scikit-learn 
16095,  TensorFlow 
16097,  Scikit-learn 
16099,  Scikit-learn 
16099,  TensorFlow 
16100,  TensorFlow 
16100, Keras 
16100,  Scikit-learn 
16101, PyTorch Lightning 
16101,  Scikit-learn 
16101, Huggingface 
16101, PyTorch 
16101, Xgboost 
16102,  TensorFlow 
16102, Xgboost 
16102, LightGBM 
16104, Keras 
16104, Xgboost 
16104,  TensorFlow 
16104,  Scikit-learn 
16105,  Scikit-learn 
16105, PyTorch 
16106, PyTorch 
16106,  TensorFlow 
16109,  Scikit-learn 
16109,  TensorFlow 
16110, Xgboost 
16110,  Scikit-learn 
16110, Keras 
16110,  TensorFlow 
16111,  Scikit-learn 
16113, Keras 
16113, Huggingface 
16113,  Scikit-learn 
16114,  Scikit-learn 
16115,  Scikit-learn 
16115, Keras 
16115,  TensorFlow 
16118, Keras 
16118, Xgboost 
16118,  Scikit-learn 
16122,  Scikit-learn 
16122, Keras 
16122, Huggingface 
16122, PyTorch 
16122, Xgboost 
16122,  TensorFlow 
16122, Caret 
16123,  Scikit-learn 
16124,  TensorFlow 
16124, PyTorch 
16124,  Scikit-learn 
16124, Keras 
16125,  Scikit-learn 
16128,  TensorFlow 
16128,  Scikit-learn 
16129,  Scikit-learn 
16129,  TensorFlow 
16130, Keras 
16130, PyTorch 
16130,  TensorFlow 
16130, Xgboost 
16130, LightGBM 
16132,  TensorFlow 
16132,  Scikit-learn 
16132, Keras 
16133,Other
16133,  Scikit-learn 
16134, PyTorch 
16134,  Scikit-learn 
16135, Xgboost 
16135, PyTorch 
16135,  Scikit-learn 
16135, CatBoost 
16135,  TensorFlow 
16135, LightGBM 
16136,  Scikit-learn 
16136,  TensorFlow 
16136, Keras 
16137, PyTorch 
16137,  Scikit-learn 
16137,  TensorFlow 
16137, Keras 
16138,  TensorFlow 
16138, Keras 
16139,  Scikit-learn 
16140, Huggingface 
16140, Keras 
16140, PyTorch 
16140,  Scikit-learn 
16141,  Scikit-learn 
16142,  Scikit-learn 
16143, PyTorch Lightning 
16143,  Scikit-learn 
16143, PyTorch 
16143, Keras 
16143,  TensorFlow 
16144,  Scikit-learn 
16144,  TensorFlow 
16144,Other
16144, PyTorch 
16147, Tidymodels 
16149,  Scikit-learn 
16149,  TensorFlow 
16149, Keras 
16149, Xgboost 
16152, Keras 
16152,  TensorFlow 
16154,  TensorFlow 
16154, Keras 
16154,  Scikit-learn 
16158,  TensorFlow 
16158, PyTorch 
16158,  Scikit-learn 
16159,  Scikit-learn 
16160,  Scikit-learn 
16160, Xgboost 
16160, Keras 
16161, Tidymodels 
16162,  Scikit-learn 
16163, PyTorch 
16163,  TensorFlow 
16166, Xgboost 
16166, Huggingface 
16166, LightGBM 
16166,  Scikit-learn 
16166, Keras 
16166, PyTorch 
16166, Caret 
16166, CatBoost 
16167,  TensorFlow 
16167, Keras 
16167,  Scikit-learn 
16171,  Scikit-learn 
16171,  TensorFlow 
16175,  TensorFlow 
16176, Keras 
16176, PyTorch 
16176,  TensorFlow 
16181,  Scikit-learn 
16181, Xgboost 
16181, CatBoost 
16181, LightGBM 
16181, Huggingface 
16181,  TensorFlow 
16181, Keras 
16181, PyTorch 
16182, PyTorch 
16182, Keras 
16182,  Scikit-learn 
16182,  TensorFlow 
16182, Fast.ai 
16182, PyTorch Lightning 
16182, Huggingface 
16183,  Scikit-learn 
16183,  TensorFlow 
16183, Xgboost 
16183, Keras 
16184, Keras 
16184,  TensorFlow 
16184,  Scikit-learn 
16185,Other
16186, Keras 
16186,  TensorFlow 
16187, PyTorch Lightning 
16187,  Scikit-learn 
16187, Keras 
16187,  TensorFlow 
16187, PyTorch 
16188, Xgboost 
16188,  Scikit-learn 
16189, PyTorch 
16191,  TensorFlow 
16192, Huggingface 
16192, Caret 
16192,  TensorFlow 
16192, Keras 
16192,  Scikit-learn 
16193,  Scikit-learn 
16194, PyTorch 
16194,  Scikit-learn 
16195, PyTorch 
16196, Xgboost 
16196,  Scikit-learn 
16199, LightGBM 
16199,  Scikit-learn 
16199, CatBoost 
16199, Xgboost 
16201,  Scikit-learn 
16201, Keras 
16201,  TensorFlow 
16202, Keras 
16202,  Scikit-learn 
16203,  Scikit-learn 
16204, Xgboost 
16204,  Scikit-learn 
16211,  Scikit-learn 
16213, Keras 
16213, PyTorch 
16218, Keras 
16218, CatBoost 
16218,  TensorFlow 
16218,  Scikit-learn 
16219, Keras 
16219,  TensorFlow 
16219,  Scikit-learn 
16221,  Scikit-learn 
16222,  Scikit-learn 
16222, Xgboost 
16223, Keras 
16223,  TensorFlow 
16223, Xgboost 
16223,  Scikit-learn 
16224,  Scikit-learn 
16224, Xgboost 
16224, LightGBM 
16227,  Scikit-learn 
16227, PyTorch 
16227,  TensorFlow 
16227, Keras 
16228, CatBoost 
16228, LightGBM 
16228, Xgboost 
16228, PyTorch 
16228,  Scikit-learn 
16230, PyTorch 
16230,  TensorFlow 
16231,  Scikit-learn 
16231, PyTorch 
16233, Huggingface 
16233,  Scikit-learn 
16233,  TensorFlow 
16233, LightGBM 
16233, Keras 
16233, Xgboost 
16234,  Scikit-learn 
16234, Keras 
16234, PyTorch 
16234, Xgboost 
16234,  TensorFlow 
16236,Other
16237,  TensorFlow 
16237, PyTorch Lightning 
16237, Xgboost 
16238, Keras 
16238, PyTorch 
16238,  TensorFlow 
16239,  Scikit-learn 
16241,  Scikit-learn 
16243, Xgboost 
16243,  Scikit-learn 
16243,  TensorFlow 
16243, Keras 
16244, Keras 
16244,  TensorFlow 
16244,  Scikit-learn 
16245, PyTorch 
16245, Huggingface 
16245,  TensorFlow 
16246,  TensorFlow 
16246, Xgboost 
16246,  Scikit-learn 
16246, Keras 
16246, PyTorch 
16248, Xgboost 
16248, LightGBM 
16249,  Scikit-learn 
16249, LightGBM 
16251, PyTorch 
16251,  Scikit-learn 
16251, Xgboost 
16251, Huggingface 
16252, PyTorch 
16252, PyTorch Lightning 
16252,  TensorFlow 
16255,  TensorFlow 
16255, Keras 
16256,  Scikit-learn 
16256,  TensorFlow 
16256, Keras 
16258,  Scikit-learn 
16261,  TensorFlow 
16261, Keras 
16263,  Scikit-learn 
16263,  TensorFlow 
16263, PyTorch 
16265,  Scikit-learn 
16265, Keras 
16265, LightGBM 
16267, PyTorch 
16268, LightGBM 
16268,  Scikit-learn 
16268,  TensorFlow 
16268, PyTorch 
16268, Keras 
16268, Xgboost 
16269, PyTorch 
16269,  Scikit-learn 
16270, PyTorch 
16270, Keras 
16270,  Scikit-learn 
16270,  TensorFlow 
16275,  TensorFlow 
16275, PyTorch 
16275, Keras 
16275,  Scikit-learn 
16276,  Scikit-learn 
16276, Keras 
16276, Huggingface 
16276,  TensorFlow 
16279, Huggingface 
16279, LightGBM 
16279, Xgboost 
16279,  Scikit-learn 
16282,  TensorFlow 
16282, Keras 
16282,  Scikit-learn 
16283, PyTorch 
16283,  TensorFlow 
16283,  Scikit-learn 
16284,  TensorFlow 
16284, PyTorch 
16284, Caret 
16284, Keras 
16284,  Scikit-learn 
16284, Xgboost 
16285, Keras 
16285, Xgboost 
16285,  Scikit-learn 
16286,  Scikit-learn 
16288, Xgboost 
16288,  Scikit-learn 
16290, PyTorch 
16290,  TensorFlow 
16290,  Scikit-learn 
16291, Keras 
16291,  Scikit-learn 
16291,  TensorFlow 
16291, PyTorch 
16292,  Scikit-learn 
16292, Xgboost 
16295,  Scikit-learn 
16295, Keras 
16295,  TensorFlow 
16295, PyTorch 
16297,  Scikit-learn 
16300, Keras 
16300,  Scikit-learn 
16300, LightGBM 
16300, Xgboost 
16300,  TensorFlow 
16300, PyTorch 
16301,  TensorFlow 
16304,  TensorFlow 
16304, Keras 
16304,  Scikit-learn 
16305,  TensorFlow 
16305, LightGBM 
16305,  Scikit-learn 
16305, Xgboost 
16305, Keras 
16306,  Scikit-learn 
16310, Xgboost 
16310,  Scikit-learn 
16310,Other
16311, Keras 
16312,  Scikit-learn 
16315, PyTorch 
16315,  Scikit-learn 
16316,  Scikit-learn 
16317,  Scikit-learn 
16317, Keras 
16317,  TensorFlow 
16322,  TensorFlow 
16322,  Scikit-learn 
16322, Keras 
16322, PyTorch Lightning 
16322, PyTorch 
16324,  TensorFlow 
16324, Xgboost 
16324,  Scikit-learn 
16324, PyTorch 
16324, Keras 
16328, Xgboost 
16328, Keras 
16328,  TensorFlow 
16328, LightGBM 
16328,  Scikit-learn 
16330, PyTorch 
16330,  TensorFlow 
16331,  Scikit-learn 
16331,  TensorFlow 
16331, Keras 
16331, PyTorch 
16332, Xgboost 
16332,  TensorFlow 
16332, Keras 
16332, CatBoost 
16332, Huggingface 
16332,  Scikit-learn 
16332, LightGBM 
16337,  Scikit-learn 
16337, PyTorch 
16337,  TensorFlow 
16337, Keras 
16338,  Scikit-learn 
16339, Keras 
16339,  Scikit-learn 
16339, LightGBM 
16339,  TensorFlow 
16341,Other
16345, Keras 
16345,  TensorFlow 
16345,  Scikit-learn 
16346, Tidymodels 
16347,  Scikit-learn 
16347, Xgboost 
16347, CatBoost 
16347,  TensorFlow 
16347, PyTorch 
16347, Keras 
16348,  TensorFlow 
16349, LightGBM 
16349,  TensorFlow 
16349, Keras 
16349, CatBoost 
16349,  Scikit-learn 
16349, Xgboost 
16349, Huggingface 
16349, PyTorch 
16349, PyTorch Lightning 
16351,  Scikit-learn 
16354,  TensorFlow 
16354, PyTorch 
16354,  Scikit-learn 
16354, Xgboost 
16354, Keras 
16355, Fast.ai 
16357, Xgboost 
16358, Xgboost 
16358,  Scikit-learn 
16361,  Scikit-learn 
16361, CatBoost 
16362,  Scikit-learn 
16362, Keras 
16362,  TensorFlow 
16362, Xgboost 
16364, PyTorch 
16364, Xgboost 
16364,  TensorFlow 
16364, Keras 
16364, Huggingface 
16364,  Scikit-learn 
16367, Xgboost 
16367,  TensorFlow 
16367,  Scikit-learn 
16367, Keras 
16368,  TensorFlow 
16368, Keras 
16368,  Scikit-learn 
16370,  Scikit-learn 
16370,  TensorFlow 
16370, Keras 
16371, LightGBM 
16371,  Scikit-learn 
16371, Xgboost 
16372,  TensorFlow 
16373, CatBoost 
16373, Xgboost 
16373,  Scikit-learn 
16375, CatBoost 
16375, Caret 
16375, LightGBM 
16375, Xgboost 
16376, Keras 
16377,  TensorFlow 
16377, PyTorch 
16378,  TensorFlow 
16378, PyTorch 
16378, Keras 
16380, Huggingface 
16380,  Scikit-learn 
16382,  Scikit-learn 
16383, PyTorch Lightning 
16383,  TensorFlow 
16383,  Scikit-learn 
16383, Keras 
16383, PyTorch 
16384,  Scikit-learn 
16385,  Scikit-learn 
16385, Keras 
16385, PyTorch 
16385,  TensorFlow 
16386,Other
16387,  TensorFlow 
16387, Keras 
16387,  Scikit-learn 
16387, Xgboost 
16387, PyTorch 
16390, Xgboost 
16390, Keras 
16390,  TensorFlow 
16393,  TensorFlow 
16393,  Scikit-learn 
16396,  TensorFlow 
16396,  Scikit-learn 
16396, Keras 
16399, JAX 
16399, PyTorch Lightning 
16399,Other
16399, Xgboost 
16399,  TensorFlow 
16399, Tidymodels 
16399, PyTorch 
16399,  Scikit-learn 
16399, Caret 
16399, Fast.ai 
16399, CatBoost 
16399, Keras 
16399, LightGBM 
16399, Huggingface 
16401,  TensorFlow 
16401, Huggingface 
16401,  Scikit-learn 
16402,  Scikit-learn 
16402, Keras 
16402, PyTorch 
16402,  TensorFlow 
16402, Xgboost 
16402, PyTorch Lightning 
16404,  TensorFlow 
16404, Keras 
16406,  Scikit-learn 
16407, Keras 
16407,  TensorFlow 
16407, PyTorch 
16407,  Scikit-learn 
16408,  Scikit-learn 
16409, Xgboost 
16409,  Scikit-learn 
16411,  Scikit-learn 
16411, Xgboost 
16412,  TensorFlow 
16412,  Scikit-learn 
16412, Keras 
16412, PyTorch 
16414,  Scikit-learn 
16414, LightGBM 
16414, Huggingface 
16414, Keras 
16414,  TensorFlow 
16414, Xgboost 
16417, Keras 
16417,  TensorFlow 
16418, JAX 
16418, PyTorch 
16419,  TensorFlow 
16419,  Scikit-learn 
16419, PyTorch 
16420, PyTorch 
16420, Xgboost 
16420,  Scikit-learn 
16424, LightGBM 
16424, PyTorch Lightning 
16424, PyTorch 
16424, Xgboost 
16424, Huggingface 
16424, Fast.ai 
16425,  Scikit-learn 
16426,  Scikit-learn 
16429, Keras 
16429,  Scikit-learn 
16429, PyTorch 
16429, Huggingface 
16429, PyTorch Lightning 
16429,  TensorFlow 
16429, Fast.ai 
16430, Xgboost 
16430,  Scikit-learn 
16432, LightGBM 
16432, PyTorch Lightning 
16432, CatBoost 
16432, Keras 
16432, Huggingface 
16432, Xgboost 
16432,  TensorFlow 
16432, JAX 
16432, PyTorch 
16432,  Scikit-learn 
16434,  Scikit-learn 
16435,  Scikit-learn 
16435, PyTorch 
16435,  TensorFlow 
16435, Keras 
16438,  TensorFlow 
16438, Keras 
16438,  Scikit-learn 
16439, Caret 
16439,  TensorFlow 
16439, Tidymodels 
16439, Fast.ai 
16439, Huggingface 
16440, Keras 
16440,  TensorFlow 
16440, Xgboost 
16440,  Scikit-learn 
16442, Keras 
16442,  TensorFlow 
16442,  Scikit-learn 
16446,  Scikit-learn 
16446, PyTorch 
16447,  Scikit-learn 
16447, Xgboost 
16450,  Scikit-learn 
16451, PyTorch 
16451,  Scikit-learn 
16453,  Scikit-learn 
16455, Keras 
16455,  Scikit-learn 
16456,  Scikit-learn 
16456, Xgboost 
16458, LightGBM 
16458, PyTorch 
16458, Xgboost 
16458, PyTorch Lightning 
16458,  Scikit-learn 
16459,  TensorFlow 
16459,  Scikit-learn 
16459, PyTorch 
16463,  TensorFlow 
16463,  Scikit-learn 
16463, Keras 
16463, Fast.ai 
16464, Huggingface 
16464,  Scikit-learn 
16465,  Scikit-learn 
16468,  Scikit-learn 
16468, PyTorch 
16468,  TensorFlow 
16468, Keras 
16469,  Scikit-learn 
16469,  TensorFlow 
16469, Keras 
16469, Huggingface 
16469, PyTorch 
16471, PyTorch 
16472,  Scikit-learn 
16472,  TensorFlow 
16475, Caret 
16475, PyTorch 
16475,  TensorFlow 
16475,  Scikit-learn 
16475, Keras 
16476, PyTorch 
16477,  Scikit-learn 
16477, Keras 
16480,  Scikit-learn 
16482, Xgboost 
16482, Caret 
16491,  Scikit-learn 
16491,  TensorFlow 
16492,  Scikit-learn 
16492, PyTorch 
16492, Xgboost 
16493, PyTorch 
16493,  TensorFlow 
16494,  Scikit-learn 
16494, Xgboost 
16494,  TensorFlow 
16495, Keras 
16495,  Scikit-learn 
16495,  TensorFlow 
16497, Keras 
16497,  Scikit-learn 
16499,  TensorFlow 
16499,  Scikit-learn 
16500,  Scikit-learn 
16500, Xgboost 
16501,  TensorFlow 
16502,  TensorFlow 
16502, Caret 
16502, Keras 
16502, Xgboost 
16502,  Scikit-learn 
16504, PyTorch 
16504, Keras 
16504,  Scikit-learn 
16505, Keras 
16505,  Scikit-learn 
16505, PyTorch 
16505, Xgboost 
16505,  TensorFlow 
16506,  TensorFlow 
16506,  Scikit-learn 
16506, Huggingface 
16508, Xgboost 
16508,  TensorFlow 
16508, PyTorch 
16508,  Scikit-learn 
16510,  Scikit-learn 
16510, PyTorch 
16510, LightGBM 
16510, CatBoost 
16510, Xgboost 
16512,  TensorFlow 
16512, Keras 
16512,  Scikit-learn 
16512, PyTorch 
16512, Huggingface 
16514, Keras 
16514, Xgboost 
16514, Fast.ai 
16517,  TensorFlow 
16517,  Scikit-learn 
16517, PyTorch 
16518, Keras 
16518,  TensorFlow 
16518, Xgboost 
16518, PyTorch 
16519,  Scikit-learn 
16519, Keras 
16521,  Scikit-learn 
16521,  TensorFlow 
16521, Keras 
16522,  Scikit-learn 
16523,  TensorFlow 
16523, Keras 
16524,  Scikit-learn 
16526,  Scikit-learn 
16526, Keras 
16526,  TensorFlow 
16527,  TensorFlow 
16527, Xgboost 
16527, Keras 
16527,  Scikit-learn 
16528, CatBoost 
16528,  Scikit-learn 
16528, Caret 
16531, PyTorch 
16531, PyTorch Lightning 
16534, Keras 
16534, PyTorch 
16534,  TensorFlow 
16534, JAX 
16534, Xgboost 
16534, LightGBM 
16534, Caret 
16534, CatBoost 
16534, Fast.ai 
16534, Tidymodels 
16534,  Scikit-learn 
16534, PyTorch Lightning 
16534, Huggingface 
16536,  Scikit-learn 
16536, Keras 
16536, PyTorch 
16537,  TensorFlow 
16537, Caret 
16537, PyTorch 
16537,  Scikit-learn 
16537, Keras 
16538,  Scikit-learn 
16539,  Scikit-learn 
16540,  Scikit-learn 
16540,  TensorFlow 
16542, Xgboost 
16542,  Scikit-learn 
16542,  TensorFlow 
16542, Keras 
16542, Huggingface 
16543,  Scikit-learn 
16543, CatBoost 
16543, JAX 
16543, Xgboost 
16543, PyTorch 
16543, PyTorch Lightning 
16546, Keras 
16546,  Scikit-learn 
16546,  TensorFlow 
16546, Xgboost 
16547, Xgboost 
16547, LightGBM 
16547,  Scikit-learn 
16547, PyTorch 
16548, PyTorch 
16548,  Scikit-learn 
16548,Other
16549,  Scikit-learn 
16549, LightGBM 
16551,  Scikit-learn 
16551, PyTorch 
16551,  TensorFlow 
16552,  Scikit-learn 
16552, Keras 
16552,  TensorFlow 
16552, Xgboost 
16553, PyTorch 
16554,  Scikit-learn 
16554, Xgboost 
16556, PyTorch 
16556,  Scikit-learn 
16556,  TensorFlow 
16556, Keras 
16557,  Scikit-learn 
16557,  TensorFlow 
16558,  Scikit-learn 
16558, Xgboost 
16558, LightGBM 
16559,Other
16561,  Scikit-learn 
16561, Xgboost 
16563,  Scikit-learn 
16564, Keras 
16564,  Scikit-learn 
16564, Xgboost 
16564,  TensorFlow 
16565,  Scikit-learn 
16565, PyTorch 
16565,  TensorFlow 
16565, Keras 
16566, JAX 
16567,  Scikit-learn 
16568,  TensorFlow 
16568, Keras 
16568, PyTorch 
16568,  Scikit-learn 
16569, Keras 
16571,  TensorFlow 
16572,  Scikit-learn 
16572, Fast.ai 
16572, Keras 
16572, PyTorch 
16572,  TensorFlow 
16572, Huggingface 
16572, PyTorch Lightning 
16573, PyTorch 
16573,  Scikit-learn 
16574, Huggingface 
16574,  Scikit-learn 
16574, PyTorch 
16574, PyTorch Lightning 
16574, LightGBM 
16574, Xgboost 
16575,  Scikit-learn 
16576,  Scikit-learn 
16577, Xgboost 
16577,  Scikit-learn 
16577, LightGBM 
16578, Keras 
16578,  Scikit-learn 
16578, PyTorch 
16578, CatBoost 
16578,  TensorFlow 
16578, Caret 
16578, LightGBM 
16578, Xgboost 
16578, Huggingface 
16580, Xgboost 
16580,  TensorFlow 
16580, Keras 
16580,  Scikit-learn 
16581,  Scikit-learn 
16581, Xgboost 
16582,  TensorFlow 
16582, Xgboost 
16582, Keras 
16582,  Scikit-learn 
16582, PyTorch 
16582, LightGBM 
16584, CatBoost 
16584, Keras 
16584,  Scikit-learn 
16584, PyTorch 
16584,  TensorFlow 
16585, PyTorch 
16585,  TensorFlow 
16585, Keras 
16585,  Scikit-learn 
16586, Keras 
16588,  Scikit-learn 
16588, Xgboost 
16588, LightGBM 
16589,  Scikit-learn 
16589, Xgboost 
16591, Keras 
16591, LightGBM 
16591, PyTorch 
16591, Huggingface 
16595,  TensorFlow 
16596, Keras 
16596,  Scikit-learn 
16597, PyTorch 
16597,  Scikit-learn 
16597,  TensorFlow 
16598, Keras 
16598,  TensorFlow 
16598,  Scikit-learn 
16600, Keras 
16600,  TensorFlow 
16604, Keras 
16604,  TensorFlow 
16604, Xgboost 
16606, LightGBM 
16606, Xgboost 
16606,  TensorFlow 
16606, Keras 
16606,  Scikit-learn 
16607,  TensorFlow 
16607, Keras 
16607, Xgboost 
16607, PyTorch 
16608,Other
16610, Keras 
16610,  Scikit-learn 
16610, LightGBM 
16610,  TensorFlow 
16613,  Scikit-learn 
16614,  Scikit-learn 
16616, Keras 
16616,  TensorFlow 
16616, PyTorch 
16616, Xgboost 
16616,  Scikit-learn 
16617, PyTorch 
16617, Huggingface 
16618, Keras 
16618,  TensorFlow 
16619,  TensorFlow 
16619, Keras 
16619, PyTorch 
16619, Fast.ai 
16619,  Scikit-learn 
16620, Keras 
16620,  Scikit-learn 
16620,  TensorFlow 
16623, PyTorch 
16623,Other
16625,  Scikit-learn 
16626,  TensorFlow 
16626,  Scikit-learn 
16626, Keras 
16626, Xgboost 
16627, Keras 
16627,  Scikit-learn 
16627, PyTorch 
16627,  TensorFlow 
16627, Fast.ai 
16628, Caret 
16628, Keras 
16628, Fast.ai 
16629, PyTorch 
16629, Xgboost 
16629, Keras 
16629, LightGBM 
16629,  TensorFlow 
16629,  Scikit-learn 
16630,Other
16632, PyTorch 
16632, Tidymodels 
16633, Keras 
16633, PyTorch 
16633,  TensorFlow 
16633, Xgboost 
16633,  Scikit-learn 
16637,  TensorFlow 
16637, Xgboost 
16637,  Scikit-learn 
16637, Keras 
16640,  Scikit-learn 
16640, Huggingface 
16640, PyTorch 
16640, Keras 
16640, PyTorch Lightning 
16640,  TensorFlow 
16640, Fast.ai 
16641, Caret 
16641, Tidymodels 
16642,  TensorFlow 
16642, Xgboost 
16642,  Scikit-learn 
16642, LightGBM 
16642, PyTorch 
16643,  Scikit-learn 
16643,  TensorFlow 
16643, Xgboost 
16643, Keras 
16644,  TensorFlow 
16644,  Scikit-learn 
16644, PyTorch 
16645, Keras 
16645,  TensorFlow 
16647, Keras 
16647,  Scikit-learn 
16647,  TensorFlow 
16647, Xgboost 
16648, PyTorch Lightning 
16648,  Scikit-learn 
16648, PyTorch 
16649,  Scikit-learn 
16650,  Scikit-learn 
16650, Tidymodels 
16650, Keras 
16650, Caret 
16650, Xgboost 
16651,  TensorFlow 
16652,  Scikit-learn 
16652, LightGBM 
16656,  Scikit-learn 
16656, Keras 
16656, PyTorch Lightning 
16656, PyTorch 
16656,  TensorFlow 
16656, Xgboost 
16658,  Scikit-learn 
16658, PyTorch 
16658, Keras 
16658,  TensorFlow 
16660, PyTorch Lightning 
16660,  Scikit-learn 
16660, Huggingface 
16660, Keras 
16660,  TensorFlow 
16660, PyTorch 
16660, Xgboost 
16662,  Scikit-learn 
16663, CatBoost 
16663, PyTorch Lightning 
16663, Keras 
16663,  Scikit-learn 
16663, PyTorch 
16663,  TensorFlow 
16663, Xgboost 
16665,  Scikit-learn 
16666, Huggingface 
16666,  Scikit-learn 
16667, PyTorch 
16667,  Scikit-learn 
16667,  TensorFlow 
16668, Keras 
16668,  TensorFlow 
16669,  TensorFlow 
16669,  Scikit-learn 
16669, PyTorch 
16674,  Scikit-learn 
16675, PyTorch Lightning 
16675, PyTorch 
16676,  Scikit-learn 
16678,  TensorFlow 
16678,  Scikit-learn 
16678, Keras 
16679,  Scikit-learn 
16679, PyTorch 
16680, Keras 
16680, PyTorch 
16680,  TensorFlow 
16680,  Scikit-learn 
16680, Xgboost 
16683,  TensorFlow 
16683, Fast.ai 
16683, Tidymodels 
16683, PyTorch 
16685,Other
16685, Keras 
16685,  TensorFlow 
16685,  Scikit-learn 
16686, Fast.ai 
16686, Xgboost 
16686, PyTorch 
16686,  Scikit-learn 
16687, Xgboost 
16687,  Scikit-learn 
16688,  Scikit-learn 
16688, LightGBM 
16688, Keras 
16688, Huggingface 
16688, Xgboost 
16689, PyTorch 
16690, PyTorch 
16691,  Scikit-learn 
16692, Xgboost 
16692, CatBoost 
16692,  Scikit-learn 
16692, LightGBM 
16695, Keras 
16695,  Scikit-learn 
16695,  TensorFlow 
16695, Xgboost 
16696, Huggingface 
16696, Caret 
16698,  Scikit-learn 
16698,  TensorFlow 
16699, Keras 
16699,  Scikit-learn 
16699, Xgboost 
16700,Other
16700,  TensorFlow 
16700,  Scikit-learn 
16700, Keras 
16700, PyTorch 
16702,  Scikit-learn 
16703, Keras 
16703, PyTorch 
16703,  Scikit-learn 
16703, PyTorch Lightning 
16704,  Scikit-learn 
16704, Tidymodels 
16706, PyTorch 
16706, LightGBM 
16706,  Scikit-learn 
16708, Keras 
16708,  Scikit-learn 
16708,  TensorFlow 
16709, Keras 
16709, PyTorch 
16709, LightGBM 
16709, Xgboost 
16709, CatBoost 
16709,  Scikit-learn 
16709,  TensorFlow 
16710, LightGBM 
16710,  Scikit-learn 
16710, Keras 
16710, CatBoost 
16710, Xgboost 
16710,  TensorFlow 
16711,  Scikit-learn 
16714,  Scikit-learn 
16714,  TensorFlow 
16714, PyTorch 
16715, Tidymodels 
16716, PyTorch 
16716,  Scikit-learn 
16716, Fast.ai 
16718,  Scikit-learn 
16718, Keras 
16718,  TensorFlow 
16725,  TensorFlow 
16725, Xgboost 
16725,  Scikit-learn 
16726, Fast.ai 
16726,  Scikit-learn 
16726,  TensorFlow 
16726, Xgboost 
16728, Caret 
16728, Xgboost 
16728,  Scikit-learn 
16728, Keras 
16728,  TensorFlow 
16729,  TensorFlow 
16729, Keras 
16729, PyTorch 
16729, Xgboost 
16729,  Scikit-learn 
16730, PyTorch 
16730,  TensorFlow 
16730,  Scikit-learn 
16731, Xgboost 
16731, Huggingface 
16731, LightGBM 
16731, CatBoost 
16731, Keras 
16731, PyTorch 
16731, PyTorch Lightning 
16731,  Scikit-learn 
16731,  TensorFlow 
16732, PyTorch Lightning 
16732, Keras 
16732, PyTorch 
16732,  TensorFlow 
16732,  Scikit-learn 
16734,  Scikit-learn 
16735, Xgboost 
16735,  Scikit-learn 
16738,  Scikit-learn 
16738, PyTorch Lightning 
16738, PyTorch 
16739, PyTorch 
16739,  Scikit-learn 
16739,  TensorFlow 
16739, Keras 
16740, Keras 
16740,  Scikit-learn 
16740,  TensorFlow 
16740, PyTorch 
16742, PyTorch 
16742, Keras 
16742,  Scikit-learn 
16742,  TensorFlow 
16743, PyTorch 
16743,  Scikit-learn 
16743, Keras 
16743,  TensorFlow 
16744,  Scikit-learn 
16746,  TensorFlow 
16746, PyTorch 
16746,  Scikit-learn 
16747,  TensorFlow 
16747,  Scikit-learn 
16747, PyTorch 
16747, Keras 
16750,  Scikit-learn 
16753, Keras 
16753,  TensorFlow 
16753,  Scikit-learn 
16754,  Scikit-learn 
16754, Keras 
16754, Xgboost 
16754,  TensorFlow 
16758,  Scikit-learn 
16761,  TensorFlow 
16761, Keras 
16761, Huggingface 
16761,  Scikit-learn 
16762, Xgboost 
16762,  Scikit-learn 
16763,  Scikit-learn 
16763, LightGBM 
16763, CatBoost 
16763, Xgboost 
16766,  Scikit-learn 
16766,  TensorFlow 
16766, Keras 
16766, PyTorch Lightning 
16766, PyTorch 
16769, PyTorch 
16774, Caret 
16774, Tidymodels 
16774, CatBoost 
16774, Huggingface 
16775,  TensorFlow 
16775, PyTorch 
16775, Keras 
16775,  Scikit-learn 
16777,  Scikit-learn 
16778,  TensorFlow 
16778, Tidymodels 
16778, Keras 
16778, PyTorch 
16778, Xgboost 
16778,  Scikit-learn 
16779,  Scikit-learn 
16779, Xgboost 
16782, PyTorch 
16782,  Scikit-learn 
16783,  Scikit-learn 
16783, PyTorch 
16783, Keras 
16783, LightGBM 
16783, Xgboost 
16783, CatBoost 
16785,Other
16786, Keras 
16786,  TensorFlow 
16786,  Scikit-learn 
16787,  TensorFlow 
16787, Xgboost 
16787,  Scikit-learn 
16787, Keras 
16788, LightGBM 
16788, PyTorch 
16788, CatBoost 
16788,  Scikit-learn 
16788, Keras 
16788,  TensorFlow 
16788, Huggingface 
16789, Xgboost 
16789,  TensorFlow 
16789, Keras 
16789, PyTorch Lightning 
16789, PyTorch 
16789, Fast.ai 
16789, Tidymodels 
16789,  Scikit-learn 
16789, LightGBM 
16790, PyTorch 
16790,  Scikit-learn 
16790, Fast.ai 
16790, LightGBM 
16791, Keras 
16791,  Scikit-learn 
16791,  TensorFlow 
16792,  Scikit-learn 
16792,  TensorFlow 
16793, Xgboost 
16793, LightGBM 
16793,  Scikit-learn 
16793,  TensorFlow 
16796, Keras 
16796,  TensorFlow 
16797,  Scikit-learn 
16797, Keras 
16797, Xgboost 
16797, PyTorch 
16797,  TensorFlow 
16799,Other
16800, Xgboost 
16800,  TensorFlow 
16800, Keras 
16800,  Scikit-learn 
16802,  Scikit-learn 
16805, Caret 
16805,  Scikit-learn 
16805, Xgboost 
16807, Xgboost 
16807,  TensorFlow 
16807, Keras 
16807,  Scikit-learn 
16808, PyTorch Lightning 
16808, PyTorch 
16809,  Scikit-learn 
16810,  TensorFlow 
16815,  Scikit-learn 
16815, Xgboost 
16816,  TensorFlow 
16816, PyTorch 
16816,  Scikit-learn 
16816, Keras 
16816, Xgboost 
16817,  TensorFlow 
16817, Huggingface 
16817, Keras 
16817, LightGBM 
16817, Xgboost 
16817,  Scikit-learn 
16819,  Scikit-learn 
16819, Keras 
16825,  Scikit-learn 
16829, Xgboost 
16829,  Scikit-learn 
16831, PyTorch 
16831,  TensorFlow 
16831, PyTorch Lightning 
16831,  Scikit-learn 
16837,  Scikit-learn 
16838, PyTorch 
16838, Xgboost 
16838, Keras 
16838,  TensorFlow 
16838,  Scikit-learn 
16841, LightGBM 
16841,  TensorFlow 
16841,  Scikit-learn 
16841, Xgboost 
16841, CatBoost 
16842,  TensorFlow 
16842, Xgboost 
16842, Keras 
16842,  Scikit-learn 
16843, Tidymodels 
16847, PyTorch 
16847, Keras 
16847,  Scikit-learn 
16847, PyTorch Lightning 
16847,  TensorFlow 
16850, Caret 
16850, Xgboost 
16850, Keras 
16851, Xgboost 
16851,  Scikit-learn 
16853,  Scikit-learn 
16853,  TensorFlow 
16853, Keras 
16855, LightGBM 
16855, CatBoost 
16855,  Scikit-learn 
16855, Xgboost 
16857, PyTorch 
16858,  Scikit-learn 
16858, Keras 
16859,  TensorFlow 
16859, Keras 
16860,  TensorFlow 
16860, Keras 
16860,  Scikit-learn 
16865,  Scikit-learn 
16865, Keras 
16865,  TensorFlow 
16867,  TensorFlow 
16868, LightGBM 
16868,  Scikit-learn 
16868,  TensorFlow 
16868, PyTorch 
16868, Xgboost 
16868, Keras 
16870, PyTorch 
16870, Huggingface 
16870,  Scikit-learn 
16872, Xgboost 
16873, PyTorch 
16873, PyTorch Lightning 
16873, LightGBM 
16873,  Scikit-learn 
16873, Xgboost 
16875, PyTorch 
16875,  TensorFlow 
16875, Keras 
16878, Huggingface 
16878, PyTorch 
16878, CatBoost 
16879, Xgboost 
16879,  Scikit-learn 
16880,  Scikit-learn 
16880, PyTorch 
16880, Huggingface 
16880,  TensorFlow 
16881, Huggingface 
16881, JAX 
16881,  Scikit-learn 
16881,  TensorFlow 
16881, PyTorch 
16882, Xgboost 
16882, Keras 
16882,  TensorFlow 
16882, PyTorch 
16882, Huggingface 
16882, PyTorch Lightning 
16882, LightGBM 
16882, Fast.ai 
16882,  Scikit-learn 
16882, CatBoost 
16883, Keras 
16883, PyTorch 
16883,  TensorFlow 
16883,  Scikit-learn 
16886,  Scikit-learn 
16887, Keras 
16887,  TensorFlow 
16887, PyTorch 
16887,  Scikit-learn 
16890,  TensorFlow 
16890, Keras 
16892,  Scikit-learn 
16892, CatBoost 
16893, PyTorch 
16893,  Scikit-learn 
16893, Keras 
16893, Fast.ai 
16897,  TensorFlow 
16897, PyTorch Lightning 
16897,  Scikit-learn 
16897, PyTorch 
16898,  Scikit-learn 
16898,  TensorFlow 
16898, LightGBM 
16898, Keras 
16898, PyTorch 
16898, Xgboost 
16903, Xgboost 
16903, CatBoost 
16903, LightGBM 
16903,  Scikit-learn 
16904, Keras 
16904,  TensorFlow 
16904,  Scikit-learn 
16904, PyTorch Lightning 
16904, PyTorch 
16904, Xgboost 
16905,Other
16907,  TensorFlow 
16908, Huggingface 
16908,  TensorFlow 
16908, Fast.ai 
16909, Xgboost 
16909,  Scikit-learn 
16910, Huggingface 
16910, PyTorch 
16910, CatBoost 
16910, Xgboost 
16910,  TensorFlow 
16910, Keras 
16910,  Scikit-learn 
16910, LightGBM 
16911,  Scikit-learn 
16911, Xgboost 
16911, Keras 
16911,  TensorFlow 
16911, PyTorch Lightning 
16911, PyTorch 
16912, Tidymodels 
16913,  TensorFlow 
16913, PyTorch 
16913, Keras 
16913,  Scikit-learn 
16913, Xgboost 
16914,Other
16914,  TensorFlow 
16920, Keras 
16920,  TensorFlow 
16920,  Scikit-learn 
16921,  TensorFlow 
16921, Xgboost 
16921, Keras 
16921, PyTorch 
16922, Caret 
16922, Huggingface 
16922,  Scikit-learn 
16922, Xgboost 
16923,  TensorFlow 
16923, Keras 
16923,  Scikit-learn 
16926,  Scikit-learn 
16927,  Scikit-learn 
16928, Xgboost 
16928, CatBoost 
16928,Other
16928,  Scikit-learn 
16931,  Scikit-learn 
16933,  Scikit-learn 
16934,  Scikit-learn 
16938, PyTorch 
16938, PyTorch Lightning 
16939,  Scikit-learn 
16940, Keras 
16940,  Scikit-learn 
16942, Keras 
16942,  Scikit-learn 
16942,  TensorFlow 
16943,  Scikit-learn 
16943, Keras 
16943,  TensorFlow 
16944,  TensorFlow 
16945,  Scikit-learn 
16945, PyTorch 
16945,  TensorFlow 
16946,  Scikit-learn 
16946, PyTorch 
16947, Keras 
16947,  TensorFlow 
16948, PyTorch 
16948, Tidymodels 
16949,  Scikit-learn 
16949, Xgboost 
16949, PyTorch 
16952,  Scikit-learn 
16952, Xgboost 
16953, Xgboost 
16953,  Scikit-learn 
16953, Keras 
16953, PyTorch 
16953,  TensorFlow 
16954,  TensorFlow 
16954,  Scikit-learn 
16954, Xgboost 
16954, PyTorch 
16954, Keras 
16954, LightGBM 
16956, PyTorch 
16956,  TensorFlow 
16956, Keras 
16956,  Scikit-learn 
16957, Huggingface 
16957, Xgboost 
16957,  TensorFlow 
16957, Fast.ai 
16957, Keras 
16958, Keras 
16958,  TensorFlow 
16958, LightGBM 
16958, Xgboost 
16958,  Scikit-learn 
16959,  TensorFlow 
16960, PyTorch 
16961, Xgboost 
16961, Huggingface 
16961, PyTorch 
16961, LightGBM 
16961, CatBoost 
16961,  Scikit-learn 
16964, Keras 
16964,  Scikit-learn 
16964, PyTorch Lightning 
16964, Caret 
16964, Huggingface 
16964, LightGBM 
16965, Xgboost 
16965,  Scikit-learn 
16967,  TensorFlow 
16969,  Scikit-learn 
16969,  TensorFlow 
16969, Keras 
16969, Caret 
16969, Huggingface 
16969, LightGBM 
16969, Xgboost 
16971, PyTorch 
16971,  TensorFlow 
16971,  Scikit-learn 
16972, Xgboost 
16972,  Scikit-learn 
16973,  TensorFlow 
16973, PyTorch 
16973,  Scikit-learn 
16973, Keras 
16973, Caret 
16973, Xgboost 
16973, Tidymodels 
16974,  Scikit-learn 
16976,  Scikit-learn 
16976,Other
16976, Keras 
16976,  TensorFlow 
16977, Caret 
16979,  Scikit-learn 
16979, Fast.ai 
16979, Keras 
16979,  TensorFlow 
16980,  Scikit-learn 
16981, PyTorch Lightning 
16981, PyTorch 
16982, PyTorch 
16982, PyTorch Lightning 
16982,  TensorFlow 
16982, Keras 
16983, Xgboost 
16983, Keras 
16983, PyTorch Lightning 
16983,  TensorFlow 
16983,  Scikit-learn 
16985,Other
16986,  Scikit-learn 
16986, PyTorch 
16986, LightGBM 
16987, LightGBM 
16987,  Scikit-learn 
16987, Xgboost 
16987, PyTorch 
16987, Keras 
16987,  TensorFlow 
16987, CatBoost 
16987, Huggingface 
16988, Keras 
16990,  Scikit-learn 
16990, Keras 
16990,  TensorFlow 
16991,  Scikit-learn 
16993,  Scikit-learn 
16993, Keras 
16993,  TensorFlow 
16994,  Scikit-learn 
16994,  TensorFlow 
16994, Keras 
16995, LightGBM 
16996,  Scikit-learn 
16996,  TensorFlow 
16996, Xgboost 
16996, LightGBM 
16996, Keras 
16997, Keras 
16997, Xgboost 
16997,  Scikit-learn 
16997, Tidymodels 
16997, Caret 
16997,  TensorFlow 
16998, Keras 
16998, Fast.ai 
16998, PyTorch 
16999, Xgboost 
16999,  Scikit-learn 
17000,  TensorFlow 
17001,  Scikit-learn 
17002,  Scikit-learn 
17002,  TensorFlow 
17002, PyTorch 
17002, Keras 
17004,  Scikit-learn 
17006, Xgboost 
17006, PyTorch 
17006, LightGBM 
17006,  Scikit-learn 
17006, CatBoost 
17006, Huggingface 
17008, Huggingface 
17008,  Scikit-learn 
17008, PyTorch 
17008, Keras 
17008,  TensorFlow 
17010,  Scikit-learn 
17010,  TensorFlow 
17011,  Scikit-learn 
17013,  Scikit-learn 
17013, Caret 
17013,  TensorFlow 
17013, Keras 
17014,Other
17015, PyTorch Lightning 
17015,  TensorFlow 
17015,  Scikit-learn 
17015, PyTorch 
17015, Keras 
17019, Huggingface 
17019,  Scikit-learn 
17020, Keras 
17020,  TensorFlow 
17020,  Scikit-learn 
17021,  Scikit-learn 
17022,  Scikit-learn 
17022, LightGBM 
17022, Huggingface 
17022, PyTorch 
17022, Xgboost 
17023,  Scikit-learn 
17024,  Scikit-learn 
17024, Xgboost 
17025,  Scikit-learn 
17026, PyTorch 
17026,  TensorFlow 
17026,  Scikit-learn 
17027,  Scikit-learn 
17027,  TensorFlow 
17029, Xgboost 
17029,  Scikit-learn 
17029, LightGBM 
17030,  TensorFlow 
17030,  Scikit-learn 
17030, Keras 
17031,  Scikit-learn 
17032,  TensorFlow 
17032,  Scikit-learn 
17032, Keras 
17032, PyTorch 
17032, Xgboost 
17035, Caret 
17035, Xgboost 
17035, Keras 
17035,  Scikit-learn 
17035,  TensorFlow 
17035, PyTorch 
17038, Keras 
17038, Xgboost 
17038, PyTorch 
17038, LightGBM 
17038,  Scikit-learn 
17041, PyTorch 
17041, Xgboost 
17041,  Scikit-learn 
17042, Keras 
17042, Caret 
17042,  TensorFlow 
17042,  Scikit-learn 
17044, Keras 
17044,  TensorFlow 
17044, LightGBM 
17044,  Scikit-learn 
17046,  TensorFlow 
17046,  Scikit-learn 
17046, Keras 
17047, Xgboost 
17047,  TensorFlow 
17047, Keras 
17047,  Scikit-learn 
17049,  TensorFlow 
17049, Keras 
17049,  Scikit-learn 
17051,  TensorFlow 
17051,  Scikit-learn 
17051, Keras 
17052, Keras 
17052,  TensorFlow 
17052, Xgboost 
17052,  Scikit-learn 
17053, Keras 
17053,  TensorFlow 
17053,  Scikit-learn 
17055,  Scikit-learn 
17055, PyTorch 
17055,  TensorFlow 
17055, Keras 
17056, PyTorch 
17056,  Scikit-learn 
17056,  TensorFlow 
17057,  Scikit-learn 
17057, Xgboost 
17057,  TensorFlow 
17057, Keras 
17058, PyTorch 
17058,  Scikit-learn 
17058, Keras 
17059, Caret 
17061,  TensorFlow 
17061, PyTorch 
17062, Huggingface 
17062,  TensorFlow 
17062, LightGBM 
17062, Xgboost 
17062, Keras 
17062, PyTorch 
17062,  Scikit-learn 
17064,  TensorFlow 
17064,  Scikit-learn 
17064, Keras 
17065,  Scikit-learn 
17066,  Scikit-learn 
17066,  TensorFlow 
17066, Keras 
17066, PyTorch 
17066, JAX 
17066, Tidymodels 
17066, Xgboost 
17067, Keras 
17067, Xgboost 
17067,  TensorFlow 
17067,  Scikit-learn 
17067, PyTorch 
17068, LightGBM 
17068, Xgboost 
17068, Huggingface 
17068,  Scikit-learn 
17068,  TensorFlow 
17070, Xgboost 
17070,  Scikit-learn 
17071,  Scikit-learn 
17074,  TensorFlow 
17076, Xgboost 
17076,  Scikit-learn 
17077,  TensorFlow 
17077, Tidymodels 
17077, PyTorch 
17079, Keras 
17079,  Scikit-learn 
17079, PyTorch 
17080, Huggingface 
17080,  Scikit-learn 
17080, PyTorch 
17080,  TensorFlow 
17080, Keras 
17081, Keras 
17081,  TensorFlow 
17081,  Scikit-learn 
17084,  TensorFlow 
17084, Keras 
17084,  Scikit-learn 
17086,  TensorFlow 
17088, Huggingface 
17088,  Scikit-learn 
17088, Xgboost 
17088, PyTorch 
17090, Keras 
17090, Huggingface 
17090,  TensorFlow 
17090,  Scikit-learn 
17091,  Scikit-learn 
17091, PyTorch 
17091,Other
17091, Keras 
17091,  TensorFlow 
17091, Xgboost 
17093,  Scikit-learn 
17093,  TensorFlow 
17093, Keras 
17095, Keras 
17095,  TensorFlow 
17096,  TensorFlow 
17096, PyTorch 
17096,  Scikit-learn 
17096, Keras 
17099, PyTorch 
17102, PyTorch 
17102,  TensorFlow 
17102,  Scikit-learn 
17103, LightGBM 
17103,  TensorFlow 
17103, CatBoost 
17103, Xgboost 
17103, Keras 
17103,  Scikit-learn 
17104,  Scikit-learn 
17105, Fast.ai 
17105, Keras 
17105, PyTorch 
17105,  TensorFlow 
17106, PyTorch 
17106, LightGBM 
17106,  Scikit-learn 
17106, Xgboost 
17106,  TensorFlow 
17106, Keras 
17106, Huggingface 
17107, LightGBM 
17107, Xgboost 
17107, Tidymodels 
17107, Caret 
17107,  Scikit-learn 
17109,  TensorFlow 
17109, Caret 
17109, Keras 
17109,  Scikit-learn 
17110, Keras 
17110,  Scikit-learn 
17110,  TensorFlow 
17111, PyTorch 
17111,  Scikit-learn 
17111, Xgboost 
17111, Huggingface 
17111, Tidymodels 
17112,  Scikit-learn 
17112,  TensorFlow 
17112, Keras 
17113,  Scikit-learn 
17117,  Scikit-learn 
17119,  TensorFlow 
17123, LightGBM 
17123, Xgboost 
17123, PyTorch 
17123,  Scikit-learn 
17123, CatBoost 
17123, PyTorch Lightning 
17124, Keras 
17124,  TensorFlow 
17124, PyTorch 
17124, Xgboost 
17125, Keras 
17125,  Scikit-learn 
17125,  TensorFlow 
17126,  TensorFlow 
17126,  Scikit-learn 
17126, Keras 
17129,  Scikit-learn 
17129, Xgboost 
17129, Caret 
17129, Tidymodels 
17130,  Scikit-learn 
17130, Xgboost 
17130, LightGBM 
17131,  TensorFlow 
17131,  Scikit-learn 
17132,  Scikit-learn 
17133, PyTorch 
17133, PyTorch Lightning 
17135, PyTorch 
17135,Other
17137, Keras 
17137,  TensorFlow 
17137, Xgboost 
17137,  Scikit-learn 
17140,  Scikit-learn 
17141, PyTorch 
17141,  TensorFlow 
17141, Keras 
17141,  Scikit-learn 
17142,  Scikit-learn 
17142, Xgboost 
17142, CatBoost 
17142,  TensorFlow 
17142, LightGBM 
17142, Keras 
17143,  Scikit-learn 
17143, Keras 
17143,  TensorFlow 
17144,  Scikit-learn 
17144, PyTorch 
17144, CatBoost 
17144, Xgboost 
17144, LightGBM 
17146,  TensorFlow 
17146,  Scikit-learn 
17147, Keras 
17147, LightGBM 
17147,  Scikit-learn 
17147, Xgboost 
17147,  TensorFlow 
17148, PyTorch 
17148,  Scikit-learn 
17148, CatBoost 
17148, Xgboost 
17150, Caret 
17150, Keras 
17150,  Scikit-learn 
17150,  TensorFlow 
17150, Xgboost 
17151,  Scikit-learn 
17152,  TensorFlow 
17152, Keras 
17154, PyTorch 
17155,  TensorFlow 
17155,  Scikit-learn 
17155, Huggingface 
17156,  Scikit-learn 
17160,  Scikit-learn 
17163, Keras 
17163,  TensorFlow 
17164,  TensorFlow 
17164,  Scikit-learn 
17164, Keras 
17164, Xgboost 
17164, PyTorch 
17165,  TensorFlow 
17165,  Scikit-learn 
17165, Keras 
17166, Xgboost 
17166, LightGBM 
17166,  TensorFlow 
17166, CatBoost 
17166, Keras 
17167, Fast.ai 
17167,  Scikit-learn 
17168, PyTorch Lightning 
17168,  Scikit-learn 
17169, Huggingface 
17169, PyTorch 
17169,  TensorFlow 
17169, Xgboost 
17169, Keras 
17171, Xgboost 
17171, Keras 
17171,  TensorFlow 
17171,  Scikit-learn 
17171, PyTorch 
17175, Keras 
17175, PyTorch 
17175,  TensorFlow 
17177, Huggingface 
17177, PyTorch 
17177,  Scikit-learn 
17177, Xgboost 
17177, Fast.ai 
17177, Keras 
17177,  TensorFlow 
17179,  TensorFlow 
17180,  TensorFlow 
17180, Keras 
17180,  Scikit-learn 
17180, Xgboost 
17183,  Scikit-learn 
17183,  TensorFlow 
17183, Xgboost 
17183, Keras 
17185,  TensorFlow 
17186, PyTorch 
17186, PyTorch Lightning 
17186, Caret 
17187,  TensorFlow 
17187,  Scikit-learn 
17187, Caret 
17187, Keras 
17187, JAX 
17188,  Scikit-learn 
17189, PyTorch Lightning 
17190, Keras 
17190,  TensorFlow 
17190, Huggingface 
17190, PyTorch 
17190,  Scikit-learn 
17191, Huggingface 
17191, PyTorch 
17191, Keras 
17191,  TensorFlow 
17191, LightGBM 
17191, Xgboost 
17191,  Scikit-learn 
17194, Keras 
17194,  TensorFlow 
17194, Xgboost 
17194,  Scikit-learn 
17197,  Scikit-learn 
17198, Xgboost 
17198, Keras 
17198,  TensorFlow 
17198,  Scikit-learn 
17199,  Scikit-learn 
17199, PyTorch 
17200, PyTorch 
17201,  TensorFlow 
17201, PyTorch 
17203,  Scikit-learn 
17203, Keras 
17205, Keras 
17205,  TensorFlow 
17205,  Scikit-learn 
17209,  TensorFlow 
17209, Keras 
17210,  Scikit-learn 
17211, CatBoost 
17211,  Scikit-learn 
17211,  TensorFlow 
17211, Keras 
17211, LightGBM 
17211, PyTorch 
17211, Xgboost 
17212,  Scikit-learn 
17213, Keras 
17213,  TensorFlow 
17213,  Scikit-learn 
17214, Keras 
17214,  TensorFlow 
17214, PyTorch 
17214,  Scikit-learn 
17216,  Scikit-learn 
17216, Huggingface 
17216, Caret 
17219, Keras 
17219, PyTorch Lightning 
17219,  Scikit-learn 
17219, CatBoost 
17219, PyTorch 
17219, LightGBM 
17220,  TensorFlow 
17220, Keras 
17220, Xgboost 
17220, PyTorch 
17220,  Scikit-learn 
17221,  Scikit-learn 
17221, PyTorch 
17221, CatBoost 
17221,  TensorFlow 
17221, Xgboost 
17221, LightGBM 
17221, Keras 
17223,  TensorFlow 
17223, PyTorch 
17223, Keras 
17223,  Scikit-learn 
17225,  Scikit-learn 
17226, Keras 
17227,  TensorFlow 
17227,  Scikit-learn 
17227, PyTorch 
17227, Keras 
17228, Fast.ai 
17228, PyTorch 
17228, PyTorch Lightning 
17228,  Scikit-learn 
17228,  TensorFlow 
17228, Keras 
17231,  TensorFlow 
17231, Keras 
17231, JAX 
17233,  TensorFlow 
17234, PyTorch 
17234,  Scikit-learn 
17234,  TensorFlow 
17234, Xgboost 
17234, Keras 
17235,  TensorFlow 
17235,  Scikit-learn 
17236,  Scikit-learn 
17236,  TensorFlow 
17236, Keras 
17238, Xgboost 
17238, Caret 
17238, Keras 
17238, LightGBM 
17238,  Scikit-learn 
17238,  TensorFlow 
17239,  Scikit-learn 
17239, LightGBM 
17239,  TensorFlow 
17239, PyTorch Lightning 
17239, PyTorch 
17239, Xgboost 
17239, CatBoost 
17239, Keras 
17239, Huggingface 
17242, Tidymodels 
17242,  Scikit-learn 
17244,  TensorFlow 
17244, PyTorch 
17245,  Scikit-learn 
17245, LightGBM 
17247, LightGBM 
17247, Xgboost 
17247,  Scikit-learn 
17247,  TensorFlow 
17247, PyTorch 
17247, Huggingface 
17248,  Scikit-learn 
17249,  Scikit-learn 
17249,  TensorFlow 
17250, CatBoost 
17250, PyTorch 
17250, PyTorch Lightning 
17250,  Scikit-learn 
17251, Huggingface 
17251, PyTorch 
17251, Keras 
17251,  Scikit-learn 
17251,  TensorFlow 
17252,  TensorFlow 
17252,  Scikit-learn 
17254,  Scikit-learn 
17254,Other
17254, CatBoost 
17254, LightGBM 
17254, Xgboost 
17255, Keras 
17255, PyTorch 
17255,  TensorFlow 
17256,  Scikit-learn 
17256,  TensorFlow 
17256, Keras 
17257, PyTorch 
17257,  Scikit-learn 
17257, Keras 
17257, Huggingface 
17259,  Scikit-learn 
17261,Other
17263,  Scikit-learn 
17264, Xgboost 
17264,  Scikit-learn 
17264, PyTorch 
17266, Huggingface 
17266, PyTorch 
17266, PyTorch Lightning 
17267, PyTorch Lightning 
17267, Fast.ai 
17267, PyTorch 
17267,  Scikit-learn 
17268, Xgboost 
17270, PyTorch 
17270, CatBoost 
17270, Xgboost 
17270, Keras 
17270, LightGBM 
17270,  Scikit-learn 
17272,  Scikit-learn 
17273,  Scikit-learn 
17275, PyTorch 
17275, Keras 
17275,  TensorFlow 
17275,  Scikit-learn 
17276, Xgboost 
17276,  Scikit-learn 
17276, Tidymodels 
17276, Keras 
17276, Caret 
17277, LightGBM 
17277,  Scikit-learn 
17277, PyTorch 
17278,  Scikit-learn 
17278, LightGBM 
17279,  Scikit-learn 
17279, PyTorch 
17279, Xgboost 
17280, CatBoost 
17280,  Scikit-learn 
17281, Fast.ai 
17281,  Scikit-learn 
17281,  TensorFlow 
17281, PyTorch 
17281, Keras 
17281, Xgboost 
17281, CatBoost 
17281, LightGBM 
17281, Huggingface 
17283, Caret 
17283,  TensorFlow 
17283,  Scikit-learn 
17284,  TensorFlow 
17284,  Scikit-learn 
17284, Keras 
17285,  Scikit-learn 
17286,  Scikit-learn 
17286, Xgboost 
17286,  TensorFlow 
17286, Keras 
17289,  Scikit-learn 
17292,  Scikit-learn 
17293, PyTorch 
17293,  Scikit-learn 
17296,  Scikit-learn 
17298,  Scikit-learn 
17299, PyTorch 
17301,  Scikit-learn 
17301,  TensorFlow 
17303, Xgboost 
17303, Tidymodels 
17304, CatBoost 
17304, PyTorch 
17304,  Scikit-learn 
17306,  Scikit-learn 
17306, PyTorch Lightning 
17306,  TensorFlow 
17306, PyTorch 
17306, Keras 
17307,  Scikit-learn 
17307, Fast.ai 
17307, PyTorch 
17308,  Scikit-learn 
17308,  TensorFlow 
17308, Keras 
17309, Keras 
17309,  TensorFlow 
17309, PyTorch 
17309,  Scikit-learn 
17310, Tidymodels 
17311,  TensorFlow 
17311,  Scikit-learn 
17311, Keras 
17311, PyTorch 
17311, Caret 
17313,  Scikit-learn 
17314, Xgboost 
17315, PyTorch 
17315, Fast.ai 
17315, LightGBM 
17315, Caret 
17315, JAX 
17315,  Scikit-learn 
17315, Keras 
17315,  TensorFlow 
17315, Xgboost 
17315, PyTorch Lightning 
17316,  Scikit-learn 
17316, Keras 
17316,  TensorFlow 
17317, Tidymodels 
17319,Other
17320, Huggingface 
17320,  TensorFlow 
17322,  Scikit-learn 
17324, Xgboost 
17324,  Scikit-learn 
17326,  TensorFlow 
17326,  Scikit-learn 
17326, PyTorch 
17326, Keras 
17328, Xgboost 
17328,  TensorFlow 
17328, Keras 
17329,  Scikit-learn 
17329, Xgboost 
17330, PyTorch 
17330,  TensorFlow 
17330,  Scikit-learn 
17330, Keras 
17332,  Scikit-learn 
17332, PyTorch 
17332,  TensorFlow 
17332, PyTorch Lightning 
17333, Xgboost 
17334,  Scikit-learn 
17338, CatBoost 
17338, LightGBM 
17338, PyTorch 
17338,  TensorFlow 
17338,  Scikit-learn 
17339,  Scikit-learn 
17339, PyTorch 
17340, LightGBM 
17340,  TensorFlow 
17341, CatBoost 
17341, Xgboost 
17341,  Scikit-learn 
17341,  TensorFlow 
17341, Keras 
17341, LightGBM 
17343,  TensorFlow 
17343, Keras 
17343, PyTorch 
17344,  Scikit-learn 
17344, Keras 
17344, PyTorch 
17344,  TensorFlow 
17344, Huggingface 
17345,Other
17346,  Scikit-learn 
17347,  Scikit-learn 
17347, Keras 
17347, PyTorch 
17349,  Scikit-learn 
17349, PyTorch 
17352,  Scikit-learn 
17353,  TensorFlow 
17353, PyTorch 
17353, Keras 
17353,  Scikit-learn 
17354,  TensorFlow 
17354, PyTorch 
17354, LightGBM 
17354, Huggingface 
17354, Xgboost 
17354, Keras 
17354,  Scikit-learn 
17354, Fast.ai 
17354, CatBoost 
17354, PyTorch Lightning 
17354, JAX 
17355,  Scikit-learn 
17355, Xgboost 
17357, PyTorch 
17357, Xgboost 
17357, LightGBM 
17357,  TensorFlow 
17357, Keras 
17357,  Scikit-learn 
17357, Tidymodels 
17363, Keras 
17363,  Scikit-learn 
17364,  Scikit-learn 
17368, PyTorch 
17368,  Scikit-learn 
17368,  TensorFlow 
17368, Keras 
17368, Huggingface 
17373,  TensorFlow 
17373,  Scikit-learn 
17373, Keras 
17374,  Scikit-learn 
17375, PyTorch 
17376,  TensorFlow 
17376, Xgboost 
17376, Huggingface 
17376,  Scikit-learn 
17376, Keras 
17376, LightGBM 
17377, PyTorch 
17377,  TensorFlow 
17377,  Scikit-learn 
17377, Xgboost 
17378,  TensorFlow 
17378, Keras 
17378,  Scikit-learn 
17379,  TensorFlow 
17381,  TensorFlow 
17381, Xgboost 
17381,  Scikit-learn 
17382, Keras 
17382,  Scikit-learn 
17382,  TensorFlow 
17386,  TensorFlow 
17386, Xgboost 
17386,  Scikit-learn 
17387,Other
17387,  Scikit-learn 
17387, LightGBM 
17387, Xgboost 
17388, Xgboost 
17388, LightGBM 
17388,  TensorFlow 
17388, Keras 
17388, CatBoost 
17388,  Scikit-learn 
17389,  Scikit-learn 
17389, Keras 
17391, Keras 
17391,  Scikit-learn 
17391, Xgboost 
17391, PyTorch 
17391,  TensorFlow 
17392, Keras 
17392,  TensorFlow 
17392, Huggingface 
17392,  Scikit-learn 
17393,Other
17394, Xgboost 
17394, Keras 
17394,  TensorFlow 
17394,  Scikit-learn 
17399,  Scikit-learn 
17399,  TensorFlow 
17399, LightGBM 
17399,Other
17399, Keras 
17400,  TensorFlow 
17400,  Scikit-learn 
17400, Keras 
17402, PyTorch Lightning 
17402, Xgboost 
17402, LightGBM 
17402,  TensorFlow 
17402, PyTorch 
17402,  Scikit-learn 
17404,  Scikit-learn 
17404, LightGBM 
17404, CatBoost 
17404, Xgboost 
17406,Other
17406,  TensorFlow 
17408, JAX 
17408, PyTorch 
17408,  TensorFlow 
17408, Keras 
17408, Huggingface 
17409, PyTorch 
17409,  TensorFlow 
17409, Fast.ai 
17409,  Scikit-learn 
17410,  TensorFlow 
17415, Keras 
17415,  Scikit-learn 
17417, Xgboost 
17417,  TensorFlow 
17417, Keras 
17417,  Scikit-learn 
17418, Keras 
17418,  TensorFlow 
17418,  Scikit-learn 
17419,  Scikit-learn 
17419,  TensorFlow 
17419, Keras 
17420, PyTorch 
17423,  Scikit-learn 
17430, PyTorch 
17430,  Scikit-learn 
17430, CatBoost 
17430, Xgboost 
17430, LightGBM 
17431,  TensorFlow 
17431, Keras 
17431, PyTorch 
17431,  Scikit-learn 
17432,  Scikit-learn 
17434, Keras 
17434, PyTorch Lightning 
17434,  TensorFlow 
17435, PyTorch 
17435,  Scikit-learn 
17435, Keras 
17435,  TensorFlow 
17436, PyTorch 
17436, Keras 
17437, PyTorch 
17440,  TensorFlow 
17441,  TensorFlow 
17441,  Scikit-learn 
17441, Xgboost 
17441, Keras 
17441, PyTorch 
17443,  Scikit-learn 
17444, PyTorch 
17444, Keras 
17444, LightGBM 
17444, Xgboost 
17444,  TensorFlow 
17444, CatBoost 
17446, Tidymodels 
17446,  Scikit-learn 
17446, Keras 
17446, Caret 
17446, Xgboost 
17446,  TensorFlow 
17447,Other
17450,Other
17450,  TensorFlow 
17451, Xgboost 
17454,  TensorFlow 
17454,  Scikit-learn 
17454, Keras 
17454, PyTorch 
17455, Xgboost 
17455, LightGBM 
17455,  Scikit-learn 
17455,  TensorFlow 
17456,  Scikit-learn 
17456, Keras 
17456, Fast.ai 
17456, Xgboost 
17456, LightGBM 
17456, CatBoost 
17456,  TensorFlow 
17457, Tidymodels 
17459,  TensorFlow 
17459,  Scikit-learn 
17460,  Scikit-learn 
17460,  TensorFlow 
17460, Keras 
17462,  Scikit-learn 
17463,  TensorFlow 
17463, Keras 
17463,  Scikit-learn 
17463, Xgboost 
17464, LightGBM 
17464, Caret 
17464,  Scikit-learn 
17464, Xgboost 
17465, PyTorch 
17465,  Scikit-learn 
17466, Xgboost 
17466, Huggingface 
17466,  Scikit-learn 
17466, PyTorch 
17466, PyTorch Lightning 
17466,  TensorFlow 
17466, Keras 
17467,  Scikit-learn 
17468,  TensorFlow 
17469,  TensorFlow 
17469, Keras 
17469,  Scikit-learn 
17469, PyTorch 
17470, Caret 
17472, Keras 
17472,  Scikit-learn 
17472, Xgboost 
17472, CatBoost 
17472,  TensorFlow 
17474, Keras 
17474, LightGBM 
17474, CatBoost 
17474, Caret 
17474,  Scikit-learn 
17474, Xgboost 
17474,  TensorFlow 
17475,  Scikit-learn 
17476,  TensorFlow 
17476, Keras 
17476,  Scikit-learn 
17477,  TensorFlow 
17477,  Scikit-learn 
17479, Keras 
17479, LightGBM 
17479,  TensorFlow 
17479, Xgboost 
17479, CatBoost 
17479,  Scikit-learn 
17480, Keras 
17481,  TensorFlow 
17481, PyTorch 
17481,  Scikit-learn 
17481, Keras 
17483, PyTorch 
17483, CatBoost 
17483,  Scikit-learn 
17483,  TensorFlow 
17483, LightGBM 
17483, Huggingface 
17483, Keras 
17483, Xgboost 
17486,  Scikit-learn 
17486,  TensorFlow 
17486, LightGBM 
17486, Keras 
17486, Xgboost 
17487,  Scikit-learn 
17487,Other
17489,  Scikit-learn 
17489,  TensorFlow 
17489, Keras 
17490,  Scikit-learn 
17490, PyTorch 
17490, Keras 
17490,  TensorFlow 
17491, PyTorch 
17493,  Scikit-learn 
17494, CatBoost 
17494, Xgboost 
17494,  TensorFlow 
17494, Keras 
17494,  Scikit-learn 
17495, PyTorch 
17495, Huggingface 
17495,  Scikit-learn 
17496, PyTorch 
17496, Keras 
17498,  Scikit-learn 
17498, Caret 
17500,  TensorFlow 
17500, Keras 
17500, CatBoost 
17500, Huggingface 
17500, Xgboost 
17500,  Scikit-learn 
17500, PyTorch 
17501,  Scikit-learn 
17507,  Scikit-learn 
17507, Xgboost 
17509,  Scikit-learn 
17509, PyTorch 
17509,  TensorFlow 
17510, PyTorch 
17510, PyTorch Lightning 
17510, Huggingface 
17510,  Scikit-learn 
17511,  TensorFlow 
17511, Xgboost 
17511, Keras 
17511, PyTorch Lightning 
17511, PyTorch 
17511,  Scikit-learn 
17511, Caret 
17511, Tidymodels 
17511, Huggingface 
17511, Fast.ai 
17513,  TensorFlow 
17516, LightGBM 
17516, PyTorch 
17516,  Scikit-learn 
17518, PyTorch 
17518, Keras 
17518,  Scikit-learn 
17520,  TensorFlow 
17520, Keras 
17520,  Scikit-learn 
17521, PyTorch Lightning 
17521, Huggingface 
17521, LightGBM 
17521, Xgboost 
17521, Keras 
17521, CatBoost 
17521, PyTorch 
17521,  TensorFlow 
17521,  Scikit-learn 
17523,  Scikit-learn 
17523, PyTorch 
17523, Huggingface 
17523, Xgboost 
17523, Caret 
17523, CatBoost 
17523, Tidymodels 
17523, Keras 
17523, LightGBM 
17523, JAX 
17523, PyTorch Lightning 
17523,  TensorFlow 
17523, Fast.ai 
17524, PyTorch 
17524, Keras 
17527,  TensorFlow 
17527,  Scikit-learn 
17527, Keras 
17528,  TensorFlow 
17528, Xgboost 
17528,  Scikit-learn 
17529, Keras 
17529, PyTorch 
17529,  TensorFlow 
17529,  Scikit-learn 
17530, Keras 
17530,  Scikit-learn 
17530,  TensorFlow 
17533,  Scikit-learn 
17534,  Scikit-learn 
17534, Keras 
17534, PyTorch 
17534, Xgboost 
17534,  TensorFlow 
17535,  TensorFlow 
17535,  Scikit-learn 
17537, Keras 
17537,  TensorFlow 
17537,  Scikit-learn 
17538, Keras 
17538, PyTorch 
17538,  TensorFlow 
17542,  Scikit-learn 
17543,  TensorFlow 
17543,  Scikit-learn 
17545,  TensorFlow 
17545, Keras 
17545, Xgboost 
17545,  Scikit-learn 
17548, PyTorch 
17548,  Scikit-learn 
17549,  TensorFlow 
17549, Xgboost 
17549, Huggingface 
17549, Keras 
17549,  Scikit-learn 
17550,  Scikit-learn 
17551, Xgboost 
17551, PyTorch 
17551, LightGBM 
17551,  Scikit-learn 
17552, Keras 
17552,  Scikit-learn 
17552,  TensorFlow 
17554,  TensorFlow 
17554,  Scikit-learn 
17555,  Scikit-learn 
17559, Keras 
17559, PyTorch Lightning 
17559,  TensorFlow 
17559, PyTorch 
17559,  Scikit-learn 
17559, Huggingface 
17560,  TensorFlow 
17563, Keras 
17563,  TensorFlow 
17563, PyTorch 
17563,  Scikit-learn 
17564,  Scikit-learn 
17564,Other
17565,  Scikit-learn 
17565,  TensorFlow 
17565, Keras 
17566, Xgboost 
17566,  TensorFlow 
17566,  Scikit-learn 
17566, Keras 
17566, PyTorch 
17568,  Scikit-learn 
17568, Keras 
17568,  TensorFlow 
17568, Xgboost 
17568, PyTorch 
17569, PyTorch 
17570, Xgboost 
17572, PyTorch 
17572, PyTorch Lightning 
17572, Fast.ai 
17573, Keras 
17573,  TensorFlow 
17573, PyTorch 
17573,  Scikit-learn 
17574,  Scikit-learn 
17574, Xgboost 
17575,  Scikit-learn 
17575,  TensorFlow 
17575, Keras 
17576, PyTorch 
17576, LightGBM 
17577,  TensorFlow 
17577, Keras 
17578,  Scikit-learn 
17579, Xgboost 
17579,  Scikit-learn 
17579, LightGBM 
17579, Keras 
17580, Xgboost 
17580, LightGBM 
17580, Fast.ai 
17580, Keras 
17580,  Scikit-learn 
17580,  TensorFlow 
17580, PyTorch 
17582, PyTorch 
17582, CatBoost 
17582, Keras 
17582,  Scikit-learn 
17582, Xgboost 
17582,  TensorFlow 
17583,  Scikit-learn 
17587,Other
17587,  TensorFlow 
17587, Xgboost 
17587, Keras 
17587, PyTorch 
17587,  Scikit-learn 
17590, Keras 
17590, PyTorch 
17590, LightGBM 
17590,  Scikit-learn 
17590, Huggingface 
17590, Xgboost 
17591,  Scikit-learn 
17592, Xgboost 
17592, PyTorch 
17592,  Scikit-learn 
17592,  TensorFlow 
17592, PyTorch Lightning 
17593,  TensorFlow 
17593, Keras 
17593, PyTorch 
17594,  Scikit-learn 
17594, CatBoost 
17595, Keras 
17595,  TensorFlow 
17595,  Scikit-learn 
17600, Keras 
17600,  TensorFlow 
17601,  Scikit-learn 
17601, Xgboost 
17602,  Scikit-learn 
17602,  TensorFlow 
17604,  Scikit-learn 
17604, PyTorch 
17604,  TensorFlow 
17604, PyTorch Lightning 
17604, Keras 
17604, Xgboost 
17606, Caret 
17606,  Scikit-learn 
17607, Xgboost 
17608,  Scikit-learn 
17609, Keras 
17609,  TensorFlow 
17609,  Scikit-learn 
17611,  Scikit-learn 
17612, Keras 
17612, LightGBM 
17612,  Scikit-learn 
17612,  TensorFlow 
17613,  Scikit-learn 
17616, PyTorch 
17616,  Scikit-learn 
17617, Xgboost 
17617,  Scikit-learn 
17617,  TensorFlow 
17619,  Scikit-learn 
17619,  TensorFlow 
17619, Keras 
17620,  Scikit-learn 
17620, Keras 
17620,  TensorFlow 
17621,  TensorFlow 
17621,  Scikit-learn 
17621, Keras 
17623,  TensorFlow 
17625, LightGBM 
17625,  Scikit-learn 
17625, Xgboost 
17625, CatBoost 
17626,  Scikit-learn 
17626, PyTorch 
17626, Keras 
17626,  TensorFlow 
17627,  TensorFlow 
17628, Keras 
17628,  TensorFlow 
17628,  Scikit-learn 
17630, PyTorch 
17630, Keras 
17630,  Scikit-learn 
17630,  TensorFlow 
17631,Other
17632, PyTorch 
17632,  TensorFlow 
17633,  Scikit-learn 
17635,  Scikit-learn 
17635, LightGBM 
17635, Xgboost 
17636,  Scikit-learn 
17636, PyTorch Lightning 
17636, Keras 
17636, Huggingface 
17636, Xgboost 
17636, CatBoost 
17637, PyTorch 
17637,  TensorFlow 
17637, Keras 
17637,  Scikit-learn 
17639,  Scikit-learn 
17640,  Scikit-learn 
17640, PyTorch 
17641, Huggingface 
17641,  Scikit-learn 
17641, Xgboost 
17641, PyTorch 
17642, Xgboost 
17642,  Scikit-learn 
17643, Xgboost 
17643,  Scikit-learn 
17643,  TensorFlow 
17643, Keras 
17645,  Scikit-learn 
17645, PyTorch Lightning 
17645, PyTorch 
17645,  TensorFlow 
17645, Keras 
17645, Huggingface 
17647,  Scikit-learn 
17647, Keras 
17648,  TensorFlow 
17648, Keras 
17648,  Scikit-learn 
17649, PyTorch 
17649,  TensorFlow 
17650,  TensorFlow 
17650, PyTorch 
17655, Xgboost 
17655,  Scikit-learn 
17655,  TensorFlow 
17655, PyTorch 
17655, Keras 
17656, PyTorch 
17656,  Scikit-learn 
17656, PyTorch Lightning 
17656,  TensorFlow 
17657, Xgboost 
17657,  Scikit-learn 
17658, Keras 
17658,  Scikit-learn 
17659,  Scikit-learn 
17659,  TensorFlow 
17659, PyTorch 
17659, Xgboost 
17660,  TensorFlow 
17660,  Scikit-learn 
17660, PyTorch 
17661,  Scikit-learn 
17661, Keras 
17661, LightGBM 
17661, PyTorch 
17661,  TensorFlow 
17662, LightGBM 
17662,  Scikit-learn 
17662, Xgboost 
17663,  TensorFlow 
17663, Keras 
17663,  Scikit-learn 
17663, Huggingface 
17665, PyTorch 
17665,  TensorFlow 
17665, Keras 
17665,  Scikit-learn 
17666, Huggingface 
17666, Keras 
17666,  TensorFlow 
17667,  Scikit-learn 
17667, PyTorch 
17667, Keras 
17667,  TensorFlow 
17668,Other
17668,  Scikit-learn 
17669,  Scikit-learn 
17669, Keras 
17669, Xgboost 
17669,  TensorFlow 
17669, PyTorch 
17670,  Scikit-learn 
17670, PyTorch 
17672,  TensorFlow 
17672,  Scikit-learn 
17672, Keras 
17674, Xgboost 
17674,  Scikit-learn 
17676,  Scikit-learn 
17676, PyTorch 
17677,  Scikit-learn 
17679, PyTorch 
17679,  Scikit-learn 
17679, Keras 
17679,  TensorFlow 
17681,  Scikit-learn 
17682, PyTorch 
17682, Keras 
17682, Xgboost 
17682, Huggingface 
17682,  Scikit-learn 
17682,  TensorFlow 
17683,  TensorFlow 
17683,  Scikit-learn 
17684, Keras 
17684, Huggingface 
17684, Xgboost 
17684,  Scikit-learn 
17684,  TensorFlow 
17686, Keras 
17686, Xgboost 
17686,  TensorFlow 
17686,  Scikit-learn 
17686, LightGBM 
17687, PyTorch 
17690,  Scikit-learn 
17690, Keras 
17691, CatBoost 
17691, PyTorch Lightning 
17691, Xgboost 
17691,  Scikit-learn 
17691,  TensorFlow 
17692,  Scikit-learn 
17692, PyTorch 
17693,  Scikit-learn 
17693, PyTorch 
17695, Caret 
17698, Caret 
17698,  Scikit-learn 
17699,  Scikit-learn 
17700, Xgboost 
17700,  Scikit-learn 
17700, Keras 
17700,  TensorFlow 
17700, Huggingface 
17700, PyTorch 
17702,  Scikit-learn 
17702, Keras 
17702,  TensorFlow 
17703,  Scikit-learn 
17703, Huggingface 
17703, PyTorch 
17703, LightGBM 
17704, Caret 
17704,  Scikit-learn 
17704, Keras 
17705,  Scikit-learn 
17706, Huggingface 
17706, LightGBM 
17706,  Scikit-learn 
17706, Keras 
17706, Xgboost 
17706, Caret 
17706, Tidymodels 
17706, PyTorch 
17706,  TensorFlow 
17707,Other
17707,  Scikit-learn 
17708, JAX 
17709,  TensorFlow 
17709, PyTorch 
17709, Keras 
17709,  Scikit-learn 
17711, CatBoost 
17711,  Scikit-learn 
17712, PyTorch 
17712,  TensorFlow 
17712, Keras 
17713,  Scikit-learn 
17715, Keras 
17715, PyTorch 
17715,  Scikit-learn 
17715, Xgboost 
17715,  TensorFlow 
17715, Huggingface 
17716, CatBoost 
17717, Caret 
17717,  Scikit-learn 
17717, Xgboost 
17719,  Scikit-learn 
17722, Huggingface 
17722,  Scikit-learn 
17722, Keras 
17722, PyTorch 
17722, Fast.ai 
17722,  TensorFlow 
17723, CatBoost 
17723,  TensorFlow 
17723, Keras 
17723,  Scikit-learn 
17723, LightGBM 
17723, Xgboost 
17724,  Scikit-learn 
17724, Keras 
17724,  TensorFlow 
17725, LightGBM 
17725, Keras 
17725,  TensorFlow 
17725, PyTorch 
17725, Huggingface 
17725,  Scikit-learn 
17727,  Scikit-learn 
17728, Xgboost 
17728,  Scikit-learn 
17728, LightGBM 
17728, CatBoost 
17729,  Scikit-learn 
17730,  Scikit-learn 
17731, PyTorch 
17731, Keras 
17731,  TensorFlow 
17732, LightGBM 
17732, Tidymodels 
17732, CatBoost 
17732,  Scikit-learn 
17732, Xgboost 
17732,  TensorFlow 
17734,  TensorFlow 
17734,  Scikit-learn 
17735,  TensorFlow 
17735, Huggingface 
17735,  Scikit-learn 
17735, PyTorch 
17735, Keras 
17738, PyTorch 
17738,  Scikit-learn 
17740, Keras 
17740,  Scikit-learn 
17740,  TensorFlow 
17742,  Scikit-learn 
17743,  TensorFlow 
17743, Xgboost 
17743, Keras 
17744, Keras 
17744, Xgboost 
17744,  Scikit-learn 
17744,  TensorFlow 
17745,  TensorFlow 
17745, Keras 
17745,  Scikit-learn 
17745, PyTorch Lightning 
17745, CatBoost 
17745, LightGBM 
17745, PyTorch 
17745, Xgboost 
17747,  TensorFlow 
17747, Keras 
17747,  Scikit-learn 
17747, Xgboost 
17750, Keras 
17751,Other
17752, PyTorch 
17752,  Scikit-learn 
17752,  TensorFlow 
17752, Keras 
17753, PyTorch 
17753,  Scikit-learn 
17753, Keras 
17753,  TensorFlow 
17754, PyTorch 
17754,  Scikit-learn 
17754, Keras 
17754,  TensorFlow 
17755,  TensorFlow 
17757,  Scikit-learn 
17762, Xgboost 
17762,  Scikit-learn 
17763,  Scikit-learn 
17763, Xgboost 
17763,  TensorFlow 
17763, Keras 
17764,  Scikit-learn 
17764, Keras 
17764,  TensorFlow 
17765,  Scikit-learn 
17765,  TensorFlow 
17766,  Scikit-learn 
17767, PyTorch Lightning 
17767,  Scikit-learn 
17767, Fast.ai 
17767, Keras 
17767, PyTorch 
17767,  TensorFlow 
17768,  TensorFlow 
17768, Keras 
17768,  Scikit-learn 
17770, Caret 
17770, Tidymodels 
17773, LightGBM 
17773,  Scikit-learn 
17773, Xgboost 
17773,  TensorFlow 
17773, CatBoost 
17775,  Scikit-learn 
17781, Keras 
17781, Fast.ai 
17781,  Scikit-learn 
17781, PyTorch 
17781, Huggingface 
17781,  TensorFlow 
17782, PyTorch 
17786,  Scikit-learn 
17787,  Scikit-learn 
17787, PyTorch 
17788, LightGBM 
17788, Xgboost 
17788,  Scikit-learn 
17790,  Scikit-learn 
17790, Keras 
17790,  TensorFlow 
17792, Xgboost 
17792, LightGBM 
17792,  Scikit-learn 
17793, Caret 
17793,  Scikit-learn 
17795, Keras 
17795, PyTorch 
17796,  Scikit-learn 
17796, Xgboost 
17797, Keras 
17797,  Scikit-learn 
17799,  Scikit-learn 
17799, Keras 
17799,  TensorFlow 
17799, PyTorch 
17805, Huggingface 
17805, PyTorch 
17805,  TensorFlow 
17805, Xgboost 
17805, Keras 
17805,  Scikit-learn 
17806, Keras 
17806,  TensorFlow 
17807,  TensorFlow 
17807, PyTorch 
17808,  Scikit-learn 
17808, Keras 
17808,  TensorFlow 
17809,  Scikit-learn 
17809, PyTorch Lightning 
17809, Keras 
17810,  Scikit-learn 
17812,  Scikit-learn 
17814, PyTorch Lightning 
17814,  TensorFlow 
17815, Caret 
17815, LightGBM 
17815, Keras 
17815, Xgboost 
17815, CatBoost 
17815,  Scikit-learn 
17815,  TensorFlow 
17816,  TensorFlow 
17816, PyTorch 
17816, Keras 
17816,  Scikit-learn 
17818,  Scikit-learn 
17818, PyTorch Lightning 
17822, Xgboost 
17822,  Scikit-learn 
17822, LightGBM 
17822, Keras 
17823,  TensorFlow 
17823,  Scikit-learn 
17823, Keras 
17823, PyTorch 
17825, LightGBM 
17825, PyTorch 
17825,  TensorFlow 
17825, PyTorch Lightning 
17825,  Scikit-learn 
17825, Keras 
17825, Xgboost 
17826, PyTorch 
17826,  Scikit-learn 
17827, PyTorch 
17827, JAX 
17828,  Scikit-learn 
17829,  Scikit-learn 
17830,  Scikit-learn 
17831,  Scikit-learn 
17831,  TensorFlow 
17832, Keras 
17833, Keras 
17833, PyTorch 
17833,  TensorFlow 
17833,  Scikit-learn 
17834, Huggingface 
17834, Keras 
17834, PyTorch 
17834,  TensorFlow 
17834, Xgboost 
17835,  TensorFlow 
17836, Xgboost 
17836,  TensorFlow 
17836, Keras 
17836, PyTorch 
17836,  Scikit-learn 
17837,  TensorFlow 
17838, Xgboost 
17838,  Scikit-learn 
17840,  Scikit-learn 
17840, LightGBM 
17842, Keras 
17842, Xgboost 
17842,  Scikit-learn 
17843,  Scikit-learn 
17843,Other
17844, Tidymodels 
17844,Other
17845,  TensorFlow 
17845,  Scikit-learn 
17845, Keras 
17846, Xgboost 
17846,  Scikit-learn 
17846, Keras 
17846, PyTorch 
17846, LightGBM 
17847, Keras 
17847,  TensorFlow 
17847,  Scikit-learn 
17847, PyTorch 
17848,  Scikit-learn 
17848, LightGBM 
17850, PyTorch 
17850,  Scikit-learn 
17851, Keras 
17851, Xgboost 
17851, Huggingface 
17851,  Scikit-learn 
17851, PyTorch 
17851,  TensorFlow 
17852, Keras 
17852,  TensorFlow 
17852,  Scikit-learn 
17852, PyTorch 
17854, Keras 
17854,  TensorFlow 
17856, Keras 
17856,  Scikit-learn 
17857, Caret 
17858, PyTorch 
17858,  TensorFlow 
17858, PyTorch Lightning 
17858, Keras 
17858,  Scikit-learn 
17859,  TensorFlow 
17859, Keras 
17859,  Scikit-learn 
17862, PyTorch 
17862,  Scikit-learn 
17862, Keras 
17862,  TensorFlow 
17864, Xgboost 
17864, LightGBM 
17864,  Scikit-learn 
17864, PyTorch 
17866,  TensorFlow 
17866,  Scikit-learn 
17868,  Scikit-learn 
17870,  TensorFlow 
17870, Keras 
17870,  Scikit-learn 
17870, Xgboost 
17875,  TensorFlow 
17875, PyTorch 
17875, PyTorch Lightning 
17875,  Scikit-learn 
17877,  Scikit-learn 
17877, PyTorch 
17877,  TensorFlow 
17880,  Scikit-learn 
17881, PyTorch 
17881, Keras 
17881,  Scikit-learn 
17881, Xgboost 
17881,  TensorFlow 
17883,  TensorFlow 
17883, Keras 
17883,  Scikit-learn 
17885, Xgboost 
17886,  TensorFlow 
17886, PyTorch 
17887,  TensorFlow 
17887,  Scikit-learn 
17888,  Scikit-learn 
17889, Keras 
17889,Other
17889,  TensorFlow 
17889,  Scikit-learn 
17889, LightGBM 
17889, Xgboost 
17891,  Scikit-learn 
17891,  TensorFlow 
17891, PyTorch 
17892,  Scikit-learn 
17892, Keras 
17892, PyTorch 
17892,  TensorFlow 
17895, LightGBM 
17895, Xgboost 
17895, PyTorch 
17895, Huggingface 
17898, Xgboost 
17898, Keras 
17898,  Scikit-learn 
17898,  TensorFlow 
17900,  Scikit-learn 
17902,Other
17903, Keras 
17904, PyTorch 
17904,  TensorFlow 
17904, Keras 
17904,  Scikit-learn 
17906,  TensorFlow 
17908,  Scikit-learn 
17909, CatBoost 
17909,  Scikit-learn 
17910, PyTorch 
17911,  TensorFlow 
17911,  Scikit-learn 
17911, PyTorch 
17911, Keras 
17912, Keras 
17912,  TensorFlow 
17913, Keras 
17913,  TensorFlow 
17913,  Scikit-learn 
17914, Keras 
17916, Keras 
17916,  Scikit-learn 
17917, PyTorch Lightning 
17918, PyTorch 
17919,Other
17921, PyTorch Lightning 
17921, PyTorch 
17921, Keras 
17921,  Scikit-learn 
17921,  TensorFlow 
17922, PyTorch Lightning 
17922,  TensorFlow 
17922, Keras 
17922,  Scikit-learn 
17922, Huggingface 
17922, PyTorch 
17923, PyTorch 
17924,  Scikit-learn 
17927, Fast.ai 
17930, Keras 
17930, PyTorch 
17930,  Scikit-learn 
17930,  TensorFlow 
17931, PyTorch Lightning 
17931,  Scikit-learn 
17931, PyTorch 
17933, Huggingface 
17933,  TensorFlow 
17933, Tidymodels 
17933, LightGBM 
17933, CatBoost 
17933, Caret 
17933, PyTorch Lightning 
17933, Xgboost 
17933, Keras 
17938, Keras 
17938, PyTorch 
17938,  TensorFlow 
17939,  Scikit-learn 
17939, JAX 
17940,  Scikit-learn 
17941,  Scikit-learn 
17941, Xgboost 
17942,  Scikit-learn 
17942, PyTorch 
17942, PyTorch Lightning 
17944, Xgboost 
17944, PyTorch 
17944, LightGBM 
17944,  TensorFlow 
17944,  Scikit-learn 
17944, Keras 
17947,  TensorFlow 
17951, PyTorch 
17951, Huggingface 
17951,  Scikit-learn 
17952,  Scikit-learn 
17952,  TensorFlow 
17952, PyTorch Lightning 
17952, Keras 
17952, Fast.ai 
17952, PyTorch 
17958, Keras 
17958, LightGBM 
17958, CatBoost 
17958,  Scikit-learn 
17958, Xgboost 
17958,  TensorFlow 
17960,  Scikit-learn 
17961,  Scikit-learn 
17961, Keras 
17961,  TensorFlow 
17961, Xgboost 
17962, PyTorch 
17962,  Scikit-learn 
17962, Keras 
17962,  TensorFlow 
17965,  Scikit-learn 
17965, PyTorch 
17965,  TensorFlow 
17966, PyTorch 
17967,  Scikit-learn 
17967,  TensorFlow 
17968, Keras 
17968,  Scikit-learn 
17968,  TensorFlow 
17969, Keras 
17969,  Scikit-learn 
17969,  TensorFlow 
17971,  Scikit-learn 
17971, Keras 
17971,  TensorFlow 
17972, Keras 
17972,  TensorFlow 
17972,  Scikit-learn 
17972, PyTorch 
17972, Fast.ai 
17975,  Scikit-learn 
17976,  Scikit-learn 
17976, Keras 
17976,  TensorFlow 
17977,  Scikit-learn 
17977,  TensorFlow 
17978, Xgboost 
17978, LightGBM 
17978,  Scikit-learn 
17980, Keras 
17980,  TensorFlow 
17980,  Scikit-learn 
17981,  Scikit-learn 
17982, PyTorch Lightning 
17982, Xgboost 
17982,  Scikit-learn 
17982, PyTorch 
17982,  TensorFlow 
17982, Huggingface 
17982, Fast.ai 
17982, Keras 
17984,  TensorFlow 
17984,  Scikit-learn 
17985, Keras 
17985, Huggingface 
17985,Other
17985, PyTorch 
17985, Xgboost 
17985,  TensorFlow 
17985,  Scikit-learn 
17987,Other
17989, Xgboost 
17989,  TensorFlow 
17989, Keras 
17989,  Scikit-learn 
17990,  TensorFlow 
17990,  Scikit-learn 
17990, PyTorch 
17991,  TensorFlow 
17991,  Scikit-learn 
17991, Xgboost 
17991, Keras 
17991, LightGBM 
17992,  Scikit-learn 
17992,  TensorFlow 
17992, Xgboost 
17992, Keras 
17996,  Scikit-learn 
17997, Keras 
17997, Xgboost 
17997,  TensorFlow 
17997,  Scikit-learn 
17998,  Scikit-learn 
17998, Keras 
17998,  TensorFlow 
18000,  TensorFlow 
18000,  Scikit-learn 
18001, Huggingface 
18001, PyTorch 
18001,  Scikit-learn 
18002,  Scikit-learn 
18003, Xgboost 
18006, PyTorch 
18006,  TensorFlow 
18006, PyTorch Lightning 
18007, PyTorch 
18007,  Scikit-learn 
18007,  TensorFlow 
18007, Keras 
18008,  Scikit-learn 
18008, PyTorch 
18010,  Scikit-learn 
18012, Keras 
18012,  Scikit-learn 
18012, PyTorch 
18014,  Scikit-learn 
18015,  Scikit-learn 
18015, Keras 
18015,  TensorFlow 
18016,  Scikit-learn 
18019, LightGBM 
18019, Keras 
18019,  TensorFlow 
18019, PyTorch 
18019, Xgboost 
18019, CatBoost 
18019,  Scikit-learn 
18020,  Scikit-learn 
18020, Xgboost 
18024,  Scikit-learn 
18024, Huggingface 
18024, PyTorch 
18024,  TensorFlow 
18026, JAX 
18026, Keras 
18026, Huggingface 
18026,  TensorFlow 
18026, Fast.ai 
18026, PyTorch Lightning 
18026, LightGBM 
18026, PyTorch 
18026,  Scikit-learn 
18026, Xgboost 
18027,  Scikit-learn 
18028, Caret 
18028, Xgboost 
18028,  Scikit-learn 
18028, LightGBM 
18029, PyTorch 
18029, Keras 
18029,  TensorFlow 
18030, Fast.ai 
18030, Tidymodels 
18030, Xgboost 
18031,Other
18032, Keras 
18032,  TensorFlow 
18033,  Scikit-learn 
18033,  TensorFlow 
18034,Other
18034,  Scikit-learn 
18034, Xgboost 
18035, Keras 
18035,  Scikit-learn 
18035,  TensorFlow 
18036, Xgboost 
18036,  Scikit-learn 
18037,  Scikit-learn 
18037, Keras 
18037, PyTorch 
18037, Xgboost 
18037,  TensorFlow 
18038,  Scikit-learn 
18040, Keras 
18040,  TensorFlow 
18042,  TensorFlow 
18042,  Scikit-learn 
18043,  Scikit-learn 
18043,  TensorFlow 
18043, Keras 
18044, PyTorch 
18044,  Scikit-learn 
18044,Other
18044,  TensorFlow 
18045, PyTorch 
18045, Keras 
18045,  Scikit-learn 
18045,  TensorFlow 
18046,  TensorFlow 
18046,  Scikit-learn 
18047,  Scikit-learn 
18047,  TensorFlow 
18047, Keras 
18049, Keras 
18049,  TensorFlow 
18049, PyTorch 
18050, Keras 
18050,  Scikit-learn 
18050,  TensorFlow 
18052,  Scikit-learn 
18052, Xgboost 
18053,  TensorFlow 
18053,  Scikit-learn 
18053, Keras 
18053, PyTorch 
18056, Keras 
18056,  Scikit-learn 
18056,  TensorFlow 
18057,  Scikit-learn 
18057,  TensorFlow 
18057, Tidymodels 
18057, Xgboost 
18057, Keras 
18058, LightGBM 
18058, Keras 
18058, CatBoost 
18058, Xgboost 
18058,  TensorFlow 
18058,  Scikit-learn 
18059,  Scikit-learn 
18060,  TensorFlow 
18060, PyTorch 
18060, Keras 
18061, PyTorch Lightning 
18061, PyTorch 
18061,  Scikit-learn 
18063, Keras 
18063,  Scikit-learn 
18064, Xgboost 
18065, Xgboost 
18065,  Scikit-learn 
18066,  Scikit-learn 
18067,  TensorFlow 
18068, CatBoost 
18068,  Scikit-learn 
18068, Keras 
18068,  TensorFlow 
18069, LightGBM 
18069, Xgboost 
18069,  Scikit-learn 
18072,  TensorFlow 
18072, Keras 
18072,  Scikit-learn 
18072, PyTorch 
18074,  Scikit-learn 
18075,  Scikit-learn 
18076, Xgboost 
18076, LightGBM 
18076,  TensorFlow 
18076,  Scikit-learn 
18076, Keras 
18078,  TensorFlow 
18078,  Scikit-learn 
18079,  Scikit-learn 
18079, Keras 
18079,  TensorFlow 
18080,  Scikit-learn 
18084,  Scikit-learn 
18085, Xgboost 
18085,  Scikit-learn 
18086, PyTorch 
18086,  TensorFlow 
18086,  Scikit-learn 
18086, Huggingface 
18086, Keras 
18087, Keras 
18087, PyTorch 
18087,  TensorFlow 
18088,  Scikit-learn 
18088, Keras 
18088,  TensorFlow 
18092,  Scikit-learn 
18093,  TensorFlow 
18093,  Scikit-learn 
18094,  TensorFlow 
18094, Keras 
18094,  Scikit-learn 
18095, PyTorch 
18096, PyTorch 
18098,  Scikit-learn 
18100,  TensorFlow 
18100,  Scikit-learn 
18100, Keras 
18101,  Scikit-learn 
18101, Fast.ai 
18101, CatBoost 
18101, Xgboost 
18101, Keras 
18101, LightGBM 
18101,  TensorFlow 
18105, Keras 
18105, Xgboost 
18105,  TensorFlow 
18105,  Scikit-learn 
18106,  Scikit-learn 
18106, Xgboost 
18106, Keras 
18107, Tidymodels 
18107, Caret 
18112,  Scikit-learn 
18112, PyTorch 
18112, PyTorch Lightning 
18112, Keras 
18112,  TensorFlow 
18112, Xgboost 
18113, Xgboost 
18113,  Scikit-learn 
18114, PyTorch 
18115, Tidymodels 
18117,  Scikit-learn 
18117, Keras 
18117,  TensorFlow 
18117, Xgboost 
18124,  Scikit-learn 
18124,  TensorFlow 
18125,  Scikit-learn 
18128,  Scikit-learn 
18130, Keras 
18130,  TensorFlow 
18130,  Scikit-learn 
18131,  Scikit-learn 
18134, Xgboost 
18134, PyTorch 
18134,  Scikit-learn 
18135,  Scikit-learn 
18135, PyTorch Lightning 
18135, PyTorch 
18135, Xgboost 
18136,  Scikit-learn 
18137, Keras 
18137, PyTorch 
18137, Xgboost 
18137,  TensorFlow 
18137,  Scikit-learn 
18139, Keras 
18139,  TensorFlow 
18139,  Scikit-learn 
18140, Xgboost 
18140,  Scikit-learn 
18142,  TensorFlow 
18143,  Scikit-learn 
18143, PyTorch 
18144,  Scikit-learn 
18145, Keras 
18145,  TensorFlow 
18145, Huggingface 
18145,  Scikit-learn 
18146,  Scikit-learn 
18148, PyTorch 
18148,  TensorFlow 
18148, Xgboost 
18148,  Scikit-learn 
18148, Huggingface 
18150,Other
18151,  Scikit-learn 
18151, Keras 
18151,  TensorFlow 
18151,Other
18154, Caret 
18154,  TensorFlow 
18155,  Scikit-learn 
18156, PyTorch 
18156, Xgboost 
18156,  Scikit-learn 
18157,  TensorFlow 
18157,  Scikit-learn 
18158,Other
18159,  TensorFlow 
18159, Xgboost 
18159,  Scikit-learn 
18159, Keras 
18160, CatBoost 
18161, PyTorch Lightning 
18161,  Scikit-learn 
18161, PyTorch 
18161, CatBoost 
18161, Keras 
18161,  TensorFlow 
18164,  TensorFlow 
18164, Keras 
18164,  Scikit-learn 
18168, Keras 
18168,  Scikit-learn 
18168,  TensorFlow 
18168, PyTorch 
18170,  Scikit-learn 
18171,  TensorFlow 
18171,  Scikit-learn 
18171, PyTorch 
18172,  Scikit-learn 
18173,  Scikit-learn 
18175,  Scikit-learn 
18175, Huggingface 
18175, PyTorch 
18176, Keras 
18176,  Scikit-learn 
18176,  TensorFlow 
18176, PyTorch 
18180, Keras 
18180, PyTorch 
18181,  Scikit-learn 
18181, Caret 
18182,  Scikit-learn 
18183, Keras 
18184, Caret 
18184,  Scikit-learn 
18185, LightGBM 
18185, Xgboost 
18185,  TensorFlow 
18185,  Scikit-learn 
18185, Keras 
18187, Xgboost 
18187,  Scikit-learn 
18188, Xgboost 
18193, Keras 
18193, PyTorch 
18193,  TensorFlow 
18193,  Scikit-learn 
18193, Xgboost 
18193, LightGBM 
18195, LightGBM 
18195, PyTorch 
18195, Xgboost 
18195,  Scikit-learn 
18196, Caret 
18197, PyTorch 
18197, Huggingface 
18197, Xgboost 
18197, Keras 
18197,  Scikit-learn 
18197,  TensorFlow 
18197, CatBoost 
18198,  Scikit-learn 
18199, PyTorch 
18199,  Scikit-learn 
18199,  TensorFlow 
18201, Keras 
18201,  TensorFlow 
18201, PyTorch 
18201, Xgboost 
18201,  Scikit-learn 
18201, Fast.ai 
18205, PyTorch 
18206, CatBoost 
18206,  Scikit-learn 
18206, LightGBM 
18206, Xgboost 
18206, PyTorch Lightning 
18206, Keras 
18206,  TensorFlow 
18207,  TensorFlow 
18207, PyTorch 
18208,  Scikit-learn 
18208, Keras 
18208,  TensorFlow 
18209, Xgboost 
18209,  Scikit-learn 
18209, PyTorch 
18209,  TensorFlow 
18211,  Scikit-learn 
18211,  TensorFlow 
18211, Xgboost 
18211, Keras 
18213,  Scikit-learn 
18215, Caret 
18215, Tidymodels 
18218,  Scikit-learn 
18218,  TensorFlow 
18219,  Scikit-learn 
18220,  TensorFlow 
18220,  Scikit-learn 
18220, Keras 
18221,  Scikit-learn 
18222, LightGBM 
18222,  Scikit-learn 
18222, Xgboost 
18222,  TensorFlow 
18222, Keras 
18222, CatBoost 
18223, PyTorch 
18223, Keras 
18223,  TensorFlow 
18227,  TensorFlow 
18227, Keras 
18229,  Scikit-learn 
18233,  TensorFlow 
18233,  Scikit-learn 
18233, Xgboost 
18233, CatBoost 
18233, Huggingface 
18233, LightGBM 
18233, PyTorch 
18233, Keras 
18233, Caret 
18234,  Scikit-learn 
18236,  TensorFlow 
18236, PyTorch 
18236, PyTorch Lightning 
18236, Huggingface 
18236,  Scikit-learn 
18237, Tidymodels 
18238, PyTorch 
18243,  Scikit-learn 
18245,  TensorFlow 
18245, Keras 
18246, Keras 
18249, Xgboost 
18250, Keras 
18250, PyTorch 
18250,  Scikit-learn 
18251, Tidymodels 
18251, LightGBM 
18251, PyTorch 
18251,  TensorFlow 
18251, Keras 
18251,  Scikit-learn 
18251, Xgboost 
18251, PyTorch Lightning 
18252, PyTorch 
18252, Keras 
18252,  Scikit-learn 
18252,  TensorFlow 
18254, PyTorch 
18254, PyTorch Lightning 
18254, Xgboost 
18254, Keras 
18254, LightGBM 
18254, Huggingface 
18254,  TensorFlow 
18254,  Scikit-learn 
18255, Caret 
18257, PyTorch 
18257, Caret 
18257,  TensorFlow 
18257, Keras 
18257, Xgboost 
18257, LightGBM 
18257,  Scikit-learn 
18257, CatBoost 
18259,  Scikit-learn 
18259, Keras 
18259,  TensorFlow 
18259, PyTorch 
18260, Keras 
18260,  TensorFlow 
18260,  Scikit-learn 
18260, Xgboost 
18260, PyTorch Lightning 
18260, PyTorch 
18261,  TensorFlow 
18261,  Scikit-learn 
18263,  Scikit-learn 
18265,  Scikit-learn 
18265, Xgboost 
18266, LightGBM 
18266, PyTorch 
18266, Huggingface 
18266, PyTorch Lightning 
18267,  Scikit-learn 
18267,  TensorFlow 
18267, PyTorch 
18269, Tidymodels 
18269,  TensorFlow 
18269, Xgboost 
18269, Keras 
18269,  Scikit-learn 
18269, PyTorch 
18270,  Scikit-learn 
18270, Tidymodels 
18270,  TensorFlow 
18270, Huggingface 
18270, CatBoost 
18270, JAX 
18270, PyTorch 
18270, LightGBM 
18270, Fast.ai 
18270, Keras 
18270, PyTorch Lightning 
18270, Caret 
18271,  TensorFlow 
18272,  Scikit-learn 
18272, Keras 
18272, PyTorch 
18273, PyTorch 
18273, Keras 
18273,  Scikit-learn 
18274,  Scikit-learn 
18276, Xgboost 
18276,  Scikit-learn 
18276, PyTorch 
18277, Keras 
18277, PyTorch 
18277,  TensorFlow 
18277,  Scikit-learn 
18277, Xgboost 
18278, LightGBM 
18278, CatBoost 
18278,  Scikit-learn 
18278, Xgboost 
18278, PyTorch 
18281,  Scikit-learn 
18281, Xgboost 
18281,  TensorFlow 
18285, Xgboost 
18285,  Scikit-learn 
18285, PyTorch 
18286,  Scikit-learn 
18286, PyTorch 
18288,  Scikit-learn 
18288, Keras 
18290,  TensorFlow 
18291, Keras 
18291,  Scikit-learn 
18291,  TensorFlow 
18292,  TensorFlow 
18292,  Scikit-learn 
18292, Keras 
18293, Xgboost 
18293,  Scikit-learn 
18293,  TensorFlow 
18293, Keras 
18294,  Scikit-learn 
18295,  Scikit-learn 
18296,  Scikit-learn 
18296,  TensorFlow 
18296, Keras 
18296, Xgboost 
18298,  TensorFlow 
18298, Keras 
18298, Xgboost 
18298, Tidymodels 
18299, Xgboost 
18299,  Scikit-learn 
18299, CatBoost 
18299, LightGBM 
18299, Huggingface 
18299, Keras 
18299,  TensorFlow 
18300,  Scikit-learn 
18302, PyTorch 
18302,  Scikit-learn 
18303, PyTorch 
18303, PyTorch Lightning 
18303,  TensorFlow 
18303, Keras 
18304,  TensorFlow 
18305, Keras 
18305, Caret 
18305,  Scikit-learn 
18305, PyTorch 
18305, Xgboost 
18305,  TensorFlow 
18305, LightGBM 
18308,  Scikit-learn 
18313,  TensorFlow 
18313, Keras 
18317, PyTorch 
18317, PyTorch Lightning 
18319, PyTorch 
18319,  Scikit-learn 
18319,  TensorFlow 
18321,  Scikit-learn 
18322,  Scikit-learn 
18323,  TensorFlow 
18323, Keras 
18323, PyTorch Lightning 
18323, PyTorch 
18324, PyTorch 
18324, Keras 
18325,  TensorFlow 
18325, Keras 
18325,  Scikit-learn 
18325, PyTorch 
18326,  Scikit-learn 
18327,  TensorFlow 
18327, Keras 
18327,  Scikit-learn 
18328,  Scikit-learn 
18328, PyTorch 
18328, Keras 
18328, Xgboost 
18330,  Scikit-learn 
18332, Xgboost 
18332,  TensorFlow 
18332,  Scikit-learn 
18334,  Scikit-learn 
18336,  Scikit-learn 
18336, Keras 
18338,  Scikit-learn 
18338, PyTorch 
18339,  TensorFlow 
18339, Keras 
18342, PyTorch 
18342,  TensorFlow 
18350,  TensorFlow 
18350,  Scikit-learn 
18350, Keras 
18351,  Scikit-learn 
18351, Keras 
18351,  TensorFlow 
18351, Xgboost 
18351, PyTorch 
18353,  TensorFlow 
18353, PyTorch 
18353, Keras 
18353,  Scikit-learn 
18353, Xgboost 
18355,  TensorFlow 
18355,  Scikit-learn 
18355, CatBoost 
18355, Caret 
18355, Xgboost 
18355, Keras 
18357,  Scikit-learn 
18357, PyTorch 
18357,  TensorFlow 
18357, Keras 
18358, PyTorch 
18359,  TensorFlow 
18364,Other
18364, PyTorch 
18364,  TensorFlow 
18364, Keras 
18364,  Scikit-learn 
18365,  TensorFlow 
18365,  Scikit-learn 
18366,  Scikit-learn 
18368, PyTorch Lightning 
18368, PyTorch 
18368,  Scikit-learn 
18368, CatBoost 
18368, Huggingface 
18368, Xgboost 
18368, Keras 
18368,  TensorFlow 
18369, Xgboost 
18369, LightGBM 
18369,  Scikit-learn 
18371,  Scikit-learn 
18371, Xgboost 
18372, PyTorch 
18372, Caret 
18375, PyTorch 
18375, CatBoost 
18375, LightGBM 
18375, Xgboost 
18375, Keras 
18375, Huggingface 
18375,  Scikit-learn 
18376, Keras 
18376,  Scikit-learn 
18377,  TensorFlow 
18379, LightGBM 
18379, Xgboost 
18379,  TensorFlow 
18381, Xgboost 
18381,  Scikit-learn 
18381, Huggingface 
18381, CatBoost 
18381, Keras 
18381,  TensorFlow 
18381, LightGBM 
18383,  Scikit-learn 
18384,  Scikit-learn 
18384,  TensorFlow 
18384, Keras 
18385, PyTorch 
18386, Keras 
18386, PyTorch 
18386,  Scikit-learn 
18388, PyTorch 
18390, CatBoost 
18390,  Scikit-learn 
18392, Xgboost 
18392, Fast.ai 
18392,  Scikit-learn 
18393,  TensorFlow 
18393, Keras 
18393,  Scikit-learn 
18395,  TensorFlow 
18395,  Scikit-learn 
18395, Xgboost 
18396, Keras 
18396,  Scikit-learn 
18397, Xgboost 
18397,  Scikit-learn 
18397,  TensorFlow 
18397, Keras 
18398,  Scikit-learn 
18400, Keras 
18403,  Scikit-learn 
18403,Other
18405,  Scikit-learn 
18405, PyTorch 
18405, PyTorch Lightning 
18405,  TensorFlow 
18405, Keras 
18408, Keras 
18408,  Scikit-learn 
18408,  TensorFlow 
18409,  Scikit-learn 
18411,  Scikit-learn 
18413,  Scikit-learn 
18413, Xgboost 
18413,  TensorFlow 
18414, PyTorch 
18414, Keras 
18414, Huggingface 
18414, Fast.ai 
18414,  Scikit-learn 
18414,  TensorFlow 
18414, Xgboost 
18414, LightGBM 
18414, CatBoost 
18415,  Scikit-learn 
18415,  TensorFlow 
18419, Huggingface 
18419,  Scikit-learn 
18420, Keras 
18420,  TensorFlow 
18420, LightGBM 
18420, CatBoost 
18420,  Scikit-learn 
18420, Xgboost 
18421, PyTorch 
18422,  Scikit-learn 
18423, PyTorch 
18423,  TensorFlow 
18423, Xgboost 
18423, Keras 
18423,  Scikit-learn 
18424,  Scikit-learn 
18428, Xgboost 
18428, Keras 
18428,  Scikit-learn 
18428, LightGBM 
18429,  TensorFlow 
18429,  Scikit-learn 
18429, Keras 
18430, PyTorch Lightning 
18430, Keras 
18430, Huggingface 
18430,  TensorFlow 
18430,  Scikit-learn 
18430, Fast.ai 
18430, PyTorch 
18432, Caret 
18432, Xgboost 
18434, CatBoost 
18434,  TensorFlow 
18434,  Scikit-learn 
18434, LightGBM 
18434, Xgboost 
18434, Keras 
18437, CatBoost 
18437,  TensorFlow 
18437,  Scikit-learn 
18437, LightGBM 
18437, Xgboost 
18437, PyTorch 
18438, Keras 
18439,  Scikit-learn 
18440,  Scikit-learn 
18440, Keras 
18441, Xgboost 
18441, PyTorch 
18442,  Scikit-learn 
18443, Keras 
18443,  TensorFlow 
18443,  Scikit-learn 
18445, PyTorch 
18445, Keras 
18445,  TensorFlow 
18445,  Scikit-learn 
18446,  Scikit-learn 
18446, PyTorch 
18446, Keras 
18449,  Scikit-learn 
18449, PyTorch 
18449, Huggingface 
18450,  Scikit-learn 
18450, Keras 
18450,  TensorFlow 
18451, PyTorch 
18451, Xgboost 
18451,  Scikit-learn 
18451, LightGBM 
18453,  Scikit-learn 
18453, PyTorch Lightning 
18453, PyTorch 
18453,  TensorFlow 
18453, Keras 
18454,  Scikit-learn 
18454, PyTorch 
18454,  TensorFlow 
18454, Keras 
18455,  Scikit-learn 
18456, Xgboost 
18456, LightGBM 
18456,  Scikit-learn 
18456, Caret 
18458,  Scikit-learn 
18461, Xgboost 
18461,  TensorFlow 
18461,  Scikit-learn 
18461, Keras 
18463,  Scikit-learn 
18466,  Scikit-learn 
18466, Xgboost 
18467,  Scikit-learn 
18468,Other
18469,  TensorFlow 
18469, PyTorch 
18469,  Scikit-learn 
18471, Keras 
18471, Huggingface 
18471, Xgboost 
18471, PyTorch 
18471,  Scikit-learn 
18475,  TensorFlow 
18475,  Scikit-learn 
18479,  Scikit-learn 
18479,Other
18479, Xgboost 
18479,  TensorFlow 
18480,  TensorFlow 
18481,  Scikit-learn 
18481, Keras 
18483,  Scikit-learn 
18484,  Scikit-learn 
18484, Huggingface 
18484, Xgboost 
18484, PyTorch 
18486,  Scikit-learn 
18486, PyTorch 
18486, Huggingface 
18486, Xgboost 
18487,  TensorFlow 
18487,  Scikit-learn 
18487, Keras 
18488,  TensorFlow 
18491,  TensorFlow 
18491,  Scikit-learn 
18491, Keras 
18493,  Scikit-learn 
18496, Xgboost 
18496, Keras 
18496,  Scikit-learn 
18496, LightGBM 
18496,  TensorFlow 
18497,  TensorFlow 
18497, LightGBM 
18497, PyTorch 
18497, Keras 
18499, Caret 
18499, Xgboost 
18499, Tidymodels 
18500, PyTorch Lightning 
18500, Keras 
18500, Tidymodels 
18500,  TensorFlow 
18500,  Scikit-learn 
18500, PyTorch 
18502, Keras 
18502, PyTorch Lightning 
18502, PyTorch 
18502,  TensorFlow 
18502,  Scikit-learn 
18503, Keras 
18503,  TensorFlow 
18503,  Scikit-learn 
18503, Huggingface 
18503, PyTorch 
18503, LightGBM 
18503, CatBoost 
18503, Xgboost 
18504,  TensorFlow 
18509, Keras 
18509, CatBoost 
18509,  TensorFlow 
18509, LightGBM 
18509,  Scikit-learn 
18509, Tidymodels 
18509, PyTorch 
18509, Huggingface 
18509, Xgboost 
18511,  TensorFlow 
18511,  Scikit-learn 
18511, Keras 
18512, Tidymodels 
18512,  Scikit-learn 
18514,  Scikit-learn 
18516,  Scikit-learn 
18518, PyTorch 
18518, Keras 
18518,  TensorFlow 
18519,Other
18520,  TensorFlow 
18520,  Scikit-learn 
18520, Keras 
18522, Xgboost 
18522, Keras 
18522,  Scikit-learn 
18522, PyTorch 
18522, LightGBM 
18522,  TensorFlow 
18523, Keras 
18523, Xgboost 
18523,  Scikit-learn 
18523,  TensorFlow 
18525, Xgboost 
18525, LightGBM 
18525, PyTorch Lightning 
18525,  Scikit-learn 
18525, PyTorch 
18526,  Scikit-learn 
18529, Keras 
18529,  Scikit-learn 
18529,  TensorFlow 
18530, Xgboost 
18530,  Scikit-learn 
18532, PyTorch 
18533, Keras 
18533,  Scikit-learn 
18533, Xgboost 
18535, PyTorch 
18535,  TensorFlow 
18535,  Scikit-learn 
18536,Other
18537,  Scikit-learn 
18538, Keras 
18538,  Scikit-learn 
18538,  TensorFlow 
18540,  Scikit-learn 
18540, Fast.ai 
18540,  TensorFlow 
18540, PyTorch 
18540, Keras 
18541, PyTorch 
18541, Keras 
18541,  TensorFlow 
18541,  Scikit-learn 
18544,  Scikit-learn 
18545, LightGBM 
18545,  TensorFlow 
18545, Xgboost 
18545,  Scikit-learn 
18545, CatBoost 
18546,  TensorFlow 
18546, PyTorch 
18547,  TensorFlow 
18547, Huggingface 
18547, Xgboost 
18547,  Scikit-learn 
18548, Keras 
18548, Xgboost 
18548,  Scikit-learn 
18548,  TensorFlow 
18548, PyTorch 
18548, Huggingface 
18550, Xgboost 
18550, PyTorch 
18550,Other
18550, Keras 
18550,  Scikit-learn 
18550,  TensorFlow 
18552,Other
18552, Keras 
18552, Xgboost 
18552, LightGBM 
18552, Fast.ai 
18552, PyTorch 
18552, CatBoost 
18552,  TensorFlow 
18552, PyTorch Lightning 
18552, Caret 
18552,  Scikit-learn 
18553, PyTorch Lightning 
18553, Xgboost 
18553,  Scikit-learn 
18553, PyTorch 
18553, LightGBM 
18553, CatBoost 
18556, Keras 
18556,  TensorFlow 
18557,  Scikit-learn 
18559,  TensorFlow 
18559,  Scikit-learn 
18559, Keras 
18560, PyTorch 
18560,  Scikit-learn 
18561,  TensorFlow 
18561, PyTorch 
18561,Other
18562, Keras 
18562,  TensorFlow 
18562,  Scikit-learn 
18563,  TensorFlow 
18563,  Scikit-learn 
18565, Keras 
18565,  TensorFlow 
18567,  TensorFlow 
18567, PyTorch 
18567,  Scikit-learn 
18567, Keras 
18570, Caret 
18570,  Scikit-learn 
18570, Xgboost 
18570,  TensorFlow 
18570, Keras 
18571,  Scikit-learn 
18573,  Scikit-learn 
18573, PyTorch 
18574,  TensorFlow 
18574, Caret 
18574, CatBoost 
18574, PyTorch Lightning 
18574, Xgboost 
18574, PyTorch 
18574, Fast.ai 
18574,  Scikit-learn 
18574, LightGBM 
18574, Keras 
18574, Huggingface 
18577,Other
18577,  Scikit-learn 
18577, Xgboost 
18580,  Scikit-learn 
18580,  TensorFlow 
18580, Keras 
18580, Xgboost 
18581, PyTorch 
18582,  Scikit-learn 
18583, Xgboost 
18583, PyTorch 
18583,  Scikit-learn 
18584, Keras 
18584,  Scikit-learn 
18585,  Scikit-learn 
18585, Xgboost 
18587, Keras 
18587,  TensorFlow 
18587,  Scikit-learn 
18590,  Scikit-learn 
18591, Keras 
18591,  TensorFlow 
18591,  Scikit-learn 
18594, Xgboost 
18594,  Scikit-learn 
18594, Keras 
18596,  Scikit-learn 
18597,  Scikit-learn 
18600,  Scikit-learn 
18600,  TensorFlow 
18600, PyTorch 
18601,  Scikit-learn 
18602,  TensorFlow 
18602, Keras 
18602,  Scikit-learn 
18604, Fast.ai 
18604, Xgboost 
18604, Huggingface 
18604, Caret 
18604,  Scikit-learn 
18604,  TensorFlow 
18604, PyTorch 
18604, Keras 
18606, Xgboost 
18606,  Scikit-learn 
18607,  Scikit-learn 
18607, Keras 
18607,  TensorFlow 
18608,  TensorFlow 
18608, Keras 
18608, PyTorch 
18608,  Scikit-learn 
18608, Xgboost 
18608, PyTorch Lightning 
18609, Xgboost 
18609, PyTorch 
18609,  Scikit-learn 
18609, Caret 
18609, Huggingface 
18609, Fast.ai 
18609, Tidymodels 
18613,  Scikit-learn 
18613,  TensorFlow 
18613, Xgboost 
18613, Keras 
18615,  TensorFlow 
18615,  Scikit-learn 
18617, PyTorch 
18617,  TensorFlow 
18617,  Scikit-learn 
18623, Keras 
18623,  Scikit-learn 
18623, PyTorch 
18623, PyTorch Lightning 
18624, PyTorch 
18628,  Scikit-learn 
18630, Caret 
18630,  TensorFlow 
18630,  Scikit-learn 
18630, Keras 
18630, Xgboost 
18631, Keras 
18631,  TensorFlow 
18631,  Scikit-learn 
18631, CatBoost 
18631, LightGBM 
18632, PyTorch 
18632,  TensorFlow 
18632, Fast.ai 
18633, LightGBM 
18633, PyTorch 
18633,  Scikit-learn 
18633, Xgboost 
18635, PyTorch 
18635,  Scikit-learn 
18636,  Scikit-learn 
18636, PyTorch 
18637,  TensorFlow 
18637,  Scikit-learn 
18637, Keras 
18639, PyTorch 
18639,  Scikit-learn 
18639, PyTorch Lightning 
18641,  TensorFlow 
18641, PyTorch 
18642,  Scikit-learn 
18642, Xgboost 
18642,  TensorFlow 
18642, LightGBM 
18643, Xgboost 
18643, Tidymodels 
18643, Caret 
18644, Huggingface 
18644,  TensorFlow 
18644,  Scikit-learn 
18644, Xgboost 
18644, Keras 
18647, Caret 
18647, JAX 
18647, Fast.ai 
18647, PyTorch Lightning 
18650,  TensorFlow 
18650, PyTorch Lightning 
18650, PyTorch 
18658, Xgboost 
18658,  Scikit-learn 
18659, Keras 
18659,  TensorFlow 
18659,  Scikit-learn 
18659, PyTorch Lightning 
18659, PyTorch 
18660,  TensorFlow 
18660, PyTorch 
18660, Fast.ai 
18661, Xgboost 
18661,  Scikit-learn 
18662,  TensorFlow 
18662, Keras 
18663,  TensorFlow 
18663,  Scikit-learn 
18666, Xgboost 
18666, Keras 
18666,  Scikit-learn 
18666,  TensorFlow 
18666, LightGBM 
18666, CatBoost 
18667,  Scikit-learn 
18667, Xgboost 
18667,Other
18668,  Scikit-learn 
18668, Keras 
18668,  TensorFlow 
18669,  Scikit-learn 
18669, Keras 
18670,  TensorFlow 
18670, Huggingface 
18670, Keras 
18670, PyTorch 
18670,  Scikit-learn 
18671,Other
18673,  Scikit-learn 
18673, Keras 
18675,  Scikit-learn 
18676, Tidymodels 
18678, PyTorch 
18678,  TensorFlow 
18680, PyTorch 
18681,  Scikit-learn 
18681, Keras 
18681, Tidymodels 
18681,  TensorFlow 
18681, Xgboost 
18682,  TensorFlow 
18682, Keras 
18682,  Scikit-learn 
18684, Keras 
18684, PyTorch 
18684,  Scikit-learn 
18685,  Scikit-learn 
18685, LightGBM 
18685, Tidymodels 
18685, Keras 
18685, Xgboost 
18685,  TensorFlow 
18686,  Scikit-learn 
18686, Xgboost 
18686,  TensorFlow 
18686, Keras 
18687, PyTorch 
18688, Xgboost 
18688, CatBoost 
18688,  Scikit-learn 
18691, Caret 
18691,  Scikit-learn 
18691, Tidymodels 
18692,  Scikit-learn 
18694, Xgboost 
18694, PyTorch 
18694,  Scikit-learn 
18695,  Scikit-learn 
18698, CatBoost 
18698,  TensorFlow 
18698,  Scikit-learn 
18700,  TensorFlow 
18703, PyTorch 
18703, PyTorch Lightning 
18703,  Scikit-learn 
18703, Xgboost 
18703, Huggingface 
18709, Xgboost 
18709,  Scikit-learn 
18709,  TensorFlow 
18709, Keras 
18709, PyTorch 
18714, PyTorch 
18714, Keras 
18714,  TensorFlow 
18718,  Scikit-learn 
18721, Tidymodels 
18722,  Scikit-learn 
18724,  Scikit-learn 
18725, LightGBM 
18725,  Scikit-learn 
18725, Xgboost 
18726,  Scikit-learn 
18726, Xgboost 
18727, PyTorch Lightning 
18727, Xgboost 
18727,  TensorFlow 
18727, Keras 
18727,  Scikit-learn 
18727, LightGBM 
18727, PyTorch 
18727, Fast.ai 
18727, Huggingface 
18729,  Scikit-learn 
18729, Xgboost 
18729, PyTorch 
18730, PyTorch 
18730, JAX 
18730,  Scikit-learn 
18730, PyTorch Lightning 
18730, Keras 
18730, Huggingface 
18730, Xgboost 
18731, Keras 
18731, PyTorch 
18732,  TensorFlow 
18732,  Scikit-learn 
18732, PyTorch 
18732, Keras 
18732, PyTorch Lightning 
18733, PyTorch 
18733,  TensorFlow 
18733, Keras 
18733,  Scikit-learn 
18734, Tidymodels 
18736,  TensorFlow 
18736,  Scikit-learn 
18740,  TensorFlow 
18740, Keras 
18741, Keras 
18741, LightGBM 
18741,  Scikit-learn 
18741,  TensorFlow 
18741, Xgboost 
18743,  TensorFlow 
18743,  Scikit-learn 
18743, PyTorch 
18743, PyTorch Lightning 
18743, Keras 
18745,  Scikit-learn 
18745, PyTorch 
18745,  TensorFlow 
18745, Xgboost 
18747,  Scikit-learn 
18747, Xgboost 
18749,  Scikit-learn 
18749, PyTorch 
18749, Keras 
18750,  Scikit-learn 
18752, Keras 
18752, Xgboost 
18752, PyTorch 
18752,  Scikit-learn 
18752,  TensorFlow 
18756, PyTorch 
18756, Fast.ai 
18756, Xgboost 
18756, Caret 
18757, CatBoost 
18758,  Scikit-learn 
18759,  TensorFlow 
18759, Keras 
18759,  Scikit-learn 
18764,  Scikit-learn 
18764, Keras 
18764, PyTorch 
18765,  Scikit-learn 
18766, Keras 
18766,  TensorFlow 
18766,  Scikit-learn 
18767, Fast.ai 
18767, PyTorch 
18770,Other
18772,  Scikit-learn 
18772,  TensorFlow 
18772, Xgboost 
18774, Keras 
18774, Xgboost 
18774, PyTorch 
18774,  TensorFlow 
18774,  Scikit-learn 
18778,  Scikit-learn 
18779, PyTorch 
18779,  Scikit-learn 
18779,  TensorFlow 
18782, Caret 
18782, Tidymodels 
18783, Xgboost 
18783,  TensorFlow 
18783, Keras 
18784, Huggingface 
18784, CatBoost 
18784, PyTorch 
18784,  Scikit-learn 
18788,  Scikit-learn 
18789,  Scikit-learn 
18789, LightGBM 
18789, Huggingface 
18789, PyTorch 
18789, PyTorch Lightning 
18790,  Scikit-learn 
18792,  Scikit-learn 
18793, Xgboost 
18793, Keras 
18793,  Scikit-learn 
18793,  TensorFlow 
18794, PyTorch 
18794,  TensorFlow 
18794,  Scikit-learn 
18795,  Scikit-learn 
18797, Keras 
18797,  TensorFlow 
18798,  Scikit-learn 
18799,  Scikit-learn 
18799,  TensorFlow 
18799, LightGBM 
18799, Xgboost 
18799, Tidymodels 
18800, Xgboost 
18801, PyTorch 
18801,  Scikit-learn 
18801,  TensorFlow 
18801, Keras 
18803, Keras 
18803,  TensorFlow 
18803, PyTorch 
18805,  TensorFlow 
18807, Fast.ai 
18807,  TensorFlow 
18807, Xgboost 
18807, Keras 
18807,  Scikit-learn 
18807, PyTorch Lightning 
18807, PyTorch 
18808,  TensorFlow 
18808, PyTorch Lightning 
18808,  Scikit-learn 
18809, Xgboost 
18809,  Scikit-learn 
18809,  TensorFlow 
18809, Keras 
18812, Huggingface 
18812,  Scikit-learn 
18812, PyTorch 
18812, Keras 
18812, Xgboost 
18812, LightGBM 
18817, Xgboost 
18817, CatBoost 
18817,  Scikit-learn 
18818,  TensorFlow 
18821, Keras 
18821, LightGBM 
18821, Huggingface 
18821,  Scikit-learn 
18821, Xgboost 
18821,  TensorFlow 
18822,  Scikit-learn 
18822, Keras 
18822,  TensorFlow 
18822, PyTorch Lightning 
18825, PyTorch 
18825,  Scikit-learn 
18826,  Scikit-learn 
18826, Xgboost 
18827, PyTorch 
18828,  Scikit-learn 
18828,  TensorFlow 
18828, PyTorch 
18829,  Scikit-learn 
18829, Xgboost 
18834, Xgboost 
18834, PyTorch 
18834,  Scikit-learn 
18835,  Scikit-learn 
18835,  TensorFlow 
18836,  TensorFlow 
18836,  Scikit-learn 
18839, PyTorch Lightning 
18839, Caret 
18839, PyTorch 
18839,  Scikit-learn 
18841, CatBoost 
18842,  TensorFlow 
18843, Keras 
18845, Keras 
18845,  Scikit-learn 
18845, PyTorch 
18845,  TensorFlow 
18848, PyTorch 
18848,  Scikit-learn 
18849, PyTorch 
18849,  Scikit-learn 
18849,  TensorFlow 
18849, Keras 
18850,  TensorFlow 
18854, Xgboost 
18854, LightGBM 
18854,  Scikit-learn 
18854, PyTorch 
18855, Huggingface 
18855,  Scikit-learn 
18855, PyTorch 
18858,  Scikit-learn 
18860,  TensorFlow 
18860, Keras 
18860,  Scikit-learn 
18863, CatBoost 
18863,  Scikit-learn 
18863, PyTorch 
18863, Xgboost 
18863,  TensorFlow 
18863, LightGBM 
18863, Keras 
18865,  Scikit-learn 
18865,  TensorFlow 
18865, Keras 
18866, Keras 
18866, Xgboost 
18866,  Scikit-learn 
18866,  TensorFlow 
18867,  TensorFlow 
18867,  Scikit-learn 
18868, Caret 
18868,  Scikit-learn 
18868, Xgboost 
18868,  TensorFlow 
18868, LightGBM 
18868, CatBoost 
18868, PyTorch 
18869, PyTorch 
18869,  TensorFlow 
18869, Xgboost 
18869, Keras 
18869,  Scikit-learn 
18872, PyTorch 
18872,  TensorFlow 
18872,  Scikit-learn 
18872, Huggingface 
18872, Keras 
18874, Keras 
18874,  TensorFlow 
18875, Huggingface 
18875,  TensorFlow 
18875, PyTorch 
18876,  Scikit-learn 
18876,  TensorFlow 
18876, Keras 
18878, Keras 
18878,  TensorFlow 
18879,  Scikit-learn 
18879, Keras 
18879,  TensorFlow 
18880,  Scikit-learn 
18880, PyTorch Lightning 
18880, Huggingface 
18880, PyTorch 
18880, Keras 
18881,  TensorFlow 
18882, Keras 
18882, LightGBM 
18882,  TensorFlow 
18882, PyTorch 
18882,  Scikit-learn 
18882, Xgboost 
18883, Xgboost 
18883,  Scikit-learn 
18884, Caret 
18884,  TensorFlow 
18885,  Scikit-learn 
18885, Keras 
18885,  TensorFlow 
18885, PyTorch 
18886, Keras 
18886, PyTorch 
18886,  Scikit-learn 
18888,  Scikit-learn 
18889, PyTorch 
18893,  Scikit-learn 
18894,  TensorFlow 
18894,  Scikit-learn 
18894, Keras 
18896, Keras 
18896,  Scikit-learn 
18896,  TensorFlow 
18896, CatBoost 
18897, Xgboost 
18897, LightGBM 
18897,  Scikit-learn 
18900, Keras 
18900, PyTorch 
18900,  TensorFlow 
18900,  Scikit-learn 
18902,  Scikit-learn 
18902, LightGBM 
18902,  TensorFlow 
18902, Keras 
18902, Xgboost 
18903, Keras 
18903,  TensorFlow 
18903,  Scikit-learn 
18904, LightGBM 
18904,  Scikit-learn 
18904, Xgboost 
18905, Keras 
18905, PyTorch 
18905,  Scikit-learn 
18905,  TensorFlow 
18905, Xgboost 
18906, Xgboost 
18909,  TensorFlow 
18910, PyTorch 
18910,  TensorFlow 
18911, PyTorch 
18913, LightGBM 
18913, Huggingface 
18914, Xgboost 
18914,  Scikit-learn 
18914,  TensorFlow 
18914, LightGBM 
18915,  Scikit-learn 
18917, Xgboost 
18917,  TensorFlow 
18917,  Scikit-learn 
18917, LightGBM 
18917, Keras 
18917, CatBoost 
18917, PyTorch 
18918, Keras 
18918,  Scikit-learn 
18918, Xgboost 
18918,  TensorFlow 
18920,  Scikit-learn 
18924,  Scikit-learn 
18924, Keras 
18924, Xgboost 
18924, Huggingface 
18924, PyTorch 
18924,  TensorFlow 
18925,  Scikit-learn 
18925, Keras 
18926,  TensorFlow 
18926,  Scikit-learn 
18926, Huggingface 
18926, Fast.ai 
18926, Xgboost 
18926, PyTorch 
18926, JAX 
18926, Keras 
18928, Xgboost 
18928, LightGBM 
18928,  Scikit-learn 
18932,  Scikit-learn 
18932,  TensorFlow 
18933, PyTorch 
18934, Huggingface 
18934, Keras 
18934,  Scikit-learn 
18934, Xgboost 
18934,  TensorFlow 
18934, LightGBM 
18934, PyTorch 
18937, PyTorch Lightning 
18938, CatBoost 
18938, LightGBM 
18938,  Scikit-learn 
18938, Caret 
18938, Xgboost 
18939,  Scikit-learn 
18941,  TensorFlow 
18941, Keras 
18941, CatBoost 
18941, Xgboost 
18941, LightGBM 
18941, PyTorch 
18941,  Scikit-learn 
18942, PyTorch 
18942, Keras 
18942,  Scikit-learn 
18942, Caret 
18942,  TensorFlow 
18944, PyTorch Lightning 
18945,  Scikit-learn 
18946, PyTorch 
18946, Keras 
18946,  Scikit-learn 
18948,  Scikit-learn 
18948, Huggingface 
18948, PyTorch 
18948, Xgboost 
18949, Caret 
18949, Tidymodels 
18950,  Scikit-learn 
18951,  Scikit-learn 
18952,  TensorFlow 
18952,  Scikit-learn 
18952, Keras 
18952, PyTorch 
18953, Tidymodels 
18953,  Scikit-learn 
18953, Caret 
18957,  Scikit-learn 
18957, Keras 
18957,  TensorFlow 
18960,  Scikit-learn 
18962,  Scikit-learn 
18962, Keras 
18962,  TensorFlow 
18963,  TensorFlow 
18964, Caret 
18964, Tidymodels 
18964,  TensorFlow 
18964,  Scikit-learn 
18964, Keras 
18965,  TensorFlow 
18965, PyTorch 
18967, Keras 
18967,  TensorFlow 
18967,  Scikit-learn 
18967, Caret 
18968, Fast.ai 
18968, PyTorch 
18968, PyTorch Lightning 
18970, PyTorch 
18970,  TensorFlow 
18970, Keras 
18971,  TensorFlow 
18971,  Scikit-learn 
18971, Keras 
18972,  TensorFlow 
18973, Xgboost 
18973, Keras 
18973, LightGBM 
18973, CatBoost 
18973,  Scikit-learn 
18975,  TensorFlow 
18975,  Scikit-learn 
18975, Keras 
18976, PyTorch 
18976,  TensorFlow 
18978,  TensorFlow 
18978, Caret 
18978, PyTorch 
18978, Keras 
18978,  Scikit-learn 
18979,  TensorFlow 
18979, Keras 
18979, LightGBM 
18979,  Scikit-learn 
18979, Xgboost 
18979, CatBoost 
18980,  TensorFlow 
18980,  Scikit-learn 
18981, Keras 
18981, Huggingface 
18981,  TensorFlow 
18981, Xgboost 
18981,  Scikit-learn 
18981, CatBoost 
18981, LightGBM 
18983, Caret 
18983, Keras 
18983, LightGBM 
18983,  TensorFlow 
18983, PyTorch 
18983, Xgboost 
18983,  Scikit-learn 
18988, PyTorch 
18988,  Scikit-learn 
18988, Keras 
18988,  TensorFlow 
18989,  TensorFlow 
18989,  Scikit-learn 
18989, Keras 
18990,  TensorFlow 
18990,  Scikit-learn 
18991,  TensorFlow 
18991, CatBoost 
18991, Xgboost 
18993, Keras 
18997,  Scikit-learn 
18997, PyTorch 
18997, Xgboost 
18997,  TensorFlow 
18998,  Scikit-learn 
18999, Xgboost 
18999, PyTorch 
18999, Keras 
18999,  Scikit-learn 
18999,  TensorFlow 
18999, Caret 
19000, JAX 
19000,  TensorFlow 
19001,  Scikit-learn 
19002, PyTorch 
19002, Huggingface 
19004,  TensorFlow 
19004,  Scikit-learn 
19005,  TensorFlow 
19005, Keras 
19006, PyTorch 
19006, PyTorch Lightning 
19006,  Scikit-learn 
19006, Huggingface 
19007, Huggingface 
19007, LightGBM 
19007, Caret 
19007, CatBoost 
19007,  Scikit-learn 
19007,  TensorFlow 
19007, Xgboost 
19007, Keras 
19010, Keras 
19010, Fast.ai 
19010, PyTorch 
19010,  TensorFlow 
19010, Huggingface 
19012, Fast.ai 
19015,  TensorFlow 
19016, PyTorch 
19016, Huggingface 
19016,  Scikit-learn 
19016, LightGBM 
19019,  TensorFlow 
19019, Xgboost 
19019, PyTorch 
19019, Keras 
19019,  Scikit-learn 
19021,  Scikit-learn 
19022, Xgboost 
19022,Other
19022, Keras 
19022,  Scikit-learn 
19024,  Scikit-learn 
19025, Huggingface 
19025,  Scikit-learn 
19025, Keras 
19025, Xgboost 
19025,  TensorFlow 
19026, PyTorch 
19027,  Scikit-learn 
19028, Keras 
19028,  Scikit-learn 
19028, Xgboost 
19028, Tidymodels 
19028, LightGBM 
19029,  Scikit-learn 
19030, PyTorch Lightning 
19030, PyTorch 
19030, Keras 
19030,  TensorFlow 
19030,  Scikit-learn 
19031,  Scikit-learn 
19031, Xgboost 
19032,  Scikit-learn 
19032, Keras 
19032, Xgboost 
19032,  TensorFlow 
19033, LightGBM 
19033,  TensorFlow 
19033, Xgboost 
19033, CatBoost 
19033,  Scikit-learn 
19034,  Scikit-learn 
19034, Keras 
19035, CatBoost 
19035, PyTorch 
19035, Huggingface 
19035, Xgboost 
19035,  TensorFlow 
19035, Keras 
19035,  Scikit-learn 
19035, LightGBM 
19036, PyTorch 
19036,  Scikit-learn 
19037,  Scikit-learn 
19037, Fast.ai 
19037, PyTorch Lightning 
19037,  TensorFlow 
19037, PyTorch 
19037, Keras 
19040,Other
19041,  Scikit-learn 
19042,  Scikit-learn 
19042,  TensorFlow 
19043,  Scikit-learn 
19043, Keras 
19043,  TensorFlow 
19043, PyTorch 
19045,  TensorFlow 
19045, Keras 
19046,  Scikit-learn 
19046, PyTorch 
19046, Huggingface 
19047, Keras 
19047,  TensorFlow 
19047,  Scikit-learn 
19047, Xgboost 
19047, PyTorch 
19048,Other
19049, PyTorch 
19049,  TensorFlow 
19049, Keras 
19050,  Scikit-learn 
19052, Tidymodels 
19052, Xgboost 
19052, LightGBM 
19052, Caret 
19052,  TensorFlow 
19052,  Scikit-learn 
19052, Keras 
19054, CatBoost 
19054,  Scikit-learn 
19054, LightGBM 
19054, Xgboost 
19054, Huggingface 
19055, Xgboost 
19055,  TensorFlow 
19055, PyTorch 
19055, LightGBM 
19055,  Scikit-learn 
19055, CatBoost 
19056,  Scikit-learn 
19056, Huggingface 
19056, PyTorch 
19058,  Scikit-learn 
19061,  TensorFlow 
19061, Keras 
19062,  Scikit-learn 
19062,  TensorFlow 
19062, PyTorch 
19062, Xgboost 
19063, CatBoost 
19063, PyTorch 
19063,  Scikit-learn 
19063, LightGBM 
19063, Xgboost 
19063, Keras 
19063, PyTorch Lightning 
19064, PyTorch 
19064,  Scikit-learn 
19065,  Scikit-learn 
19066,  TensorFlow 
19066,  Scikit-learn 
19066,Other
19068,  Scikit-learn 
19069, LightGBM 
19069, JAX 
19069, PyTorch 
19071, PyTorch 
19071,  TensorFlow 
19071,  Scikit-learn 
19071, PyTorch Lightning 
19073, Xgboost 
19073, Keras 
19073,  Scikit-learn 
19073, LightGBM 
19073, JAX 
19073,  TensorFlow 
19073, Huggingface 
19074, LightGBM 
19074, CatBoost 
19074,  Scikit-learn 
19074, Xgboost 
19075, Huggingface 
19075,  Scikit-learn 
19077,  TensorFlow 
19077, Keras 
19077,  Scikit-learn 
19080, PyTorch 
19080, Huggingface 
19080,  Scikit-learn 
19081,  Scikit-learn 
19082,  Scikit-learn 
19083,  Scikit-learn 
19084, Xgboost 
19084,  Scikit-learn 
19088,  Scikit-learn 
19088, LightGBM 
19088, Xgboost 
19090, Xgboost 
19090,  Scikit-learn 
19090,  TensorFlow 
19091, Keras 
19091,  Scikit-learn 
19091, LightGBM 
19091, Xgboost 
19092, Keras 
19092, PyTorch 
19092,  Scikit-learn 
19092,  TensorFlow 
19093,  Scikit-learn 
19095,  Scikit-learn 
19095, Keras 
19095,  TensorFlow 
19096,  Scikit-learn 
19096,  TensorFlow 
19096, Xgboost 
19098, CatBoost 
19098,  TensorFlow 
19098, Xgboost 
19098, PyTorch 
19098, Keras 
19098, LightGBM 
19098, Caret 
19098,  Scikit-learn 
19101,  TensorFlow 
19102,  Scikit-learn 
19102, Xgboost 
19103, Xgboost 
19104, Huggingface 
19104, PyTorch 
19105, Xgboost 
19105, PyTorch 
19105,  Scikit-learn 
19107, Xgboost 
19107,  Scikit-learn 
19107, PyTorch 
19107, Keras 
19107,  TensorFlow 
19107, Caret 
19107, PyTorch Lightning 
19109, Xgboost 
19109, Caret 
19109,  TensorFlow 
19109, Keras 
19109,  Scikit-learn 
19110,  Scikit-learn 
19110, Keras 
19110,  TensorFlow 
19110, PyTorch Lightning 
19111,  TensorFlow 
19111, Keras 
19111, PyTorch 
19111,  Scikit-learn 
19111, Xgboost 
19114, Keras 
19115,  TensorFlow 
19116, PyTorch 
19116, Keras 
19116,  TensorFlow 
19117, Xgboost 
19117, PyTorch Lightning 
19117, LightGBM 
19117, CatBoost 
19117, PyTorch 
19117, Fast.ai 
19117, Huggingface 
19117,  Scikit-learn 
19120,  Scikit-learn 
19120, Keras 
19120,  TensorFlow 
19122,  TensorFlow 
19122, Keras 
19122, PyTorch 
19123,  TensorFlow 
19123, LightGBM 
19123,  Scikit-learn 
19123, Xgboost 
19124, Keras 
19125,  TensorFlow 
19125, Keras 
19125, Caret 
19126,  Scikit-learn 
19129,Other
19129,  Scikit-learn 
19130,  Scikit-learn 
19132,  Scikit-learn 
19132,  TensorFlow 
19132, Keras 
19135, Xgboost 
19135,  TensorFlow 
19135, Keras 
19135,  Scikit-learn 
19137, Xgboost 
19137, Caret 
19137,  Scikit-learn 
19137, PyTorch 
19137, Keras 
19137,  TensorFlow 
19139, Keras 
19139,  TensorFlow 
19139,  Scikit-learn 
19142,  Scikit-learn 
19142,  TensorFlow 
19143, Xgboost 
19143, CatBoost 
19143, LightGBM 
19143,  Scikit-learn 
19143, PyTorch 
19144,  Scikit-learn 
19144, Xgboost 
19146, PyTorch 
19146,  TensorFlow 
19149,  Scikit-learn 
19150,  Scikit-learn 
19154,  TensorFlow 
19154, Keras 
19154,  Scikit-learn 
19154, PyTorch 
19155,  TensorFlow 
19155, Keras 
19155,  Scikit-learn 
19157, PyTorch 
19157,  TensorFlow 
19159, JAX 
19160,Other
19160,  TensorFlow 
19161,  Scikit-learn 
19164,  Scikit-learn 
19164, Keras 
19164,  TensorFlow 
19164, Xgboost 
19165, PyTorch 
19165, Fast.ai 
19165,  Scikit-learn 
19165,  TensorFlow 
19165, Keras 
19166,  Scikit-learn 
19166, PyTorch 
19166,  TensorFlow 
19166, Keras 
19166, Xgboost 
19167, LightGBM 
19167, PyTorch 
19167,Other
19167, Caret 
19167,  Scikit-learn 
19168,  Scikit-learn 
19168, Xgboost 
19168, LightGBM 
19168, Keras 
19169,  TensorFlow 
19169, Keras 
19169, PyTorch 
19169,  Scikit-learn 
19170,  TensorFlow 
19170,  Scikit-learn 
19172, Tidymodels 
19172, Caret 
19172, Xgboost 
19172, CatBoost 
19172,  Scikit-learn 
19172, LightGBM 
19173, Tidymodels 
19176,  Scikit-learn 
19176,  TensorFlow 
19176, Xgboost 
19176, PyTorch 
19176, Keras 
19176, LightGBM 
19177, LightGBM 
19177,  Scikit-learn 
19177, PyTorch Lightning 
19177, CatBoost 
19177,  TensorFlow 
19177, Xgboost 
19177, PyTorch 
19177, Keras 
19177, Caret 
19178, CatBoost 
19178, Xgboost 
19178,  Scikit-learn 
19178, LightGBM 
19179,  Scikit-learn 
19179, Xgboost 
19180, PyTorch 
19180,  Scikit-learn 
19182,  Scikit-learn 
19185, Xgboost 
19185, LightGBM 
19185,  Scikit-learn 
19186, Keras 
19186,  Scikit-learn 
19186,  TensorFlow 
19188,  TensorFlow 
19188, Keras 
19189,  Scikit-learn 
19190,Other
19192, LightGBM 
19192, PyTorch 
19192, Keras 
19192,  TensorFlow 
19192, Xgboost 
19192, JAX 
19192,  Scikit-learn 
19193, PyTorch 
19193,  Scikit-learn 
19193, Keras 
19193,  TensorFlow 
19195, LightGBM 
19195, Xgboost 
19195,  Scikit-learn 
19196,  Scikit-learn 
19196, Keras 
19198, PyTorch 
19198,  Scikit-learn 
19198, Keras 
19199, Keras 
19199,  Scikit-learn 
19199,  TensorFlow 
19199, Xgboost 
19200, Huggingface 
19200,  TensorFlow 
19200,  Scikit-learn 
19200, Keras 
19200, PyTorch 
19201,  Scikit-learn 
19202,  Scikit-learn 
19203, PyTorch 
19203,  Scikit-learn 
19203, Keras 
19204,  TensorFlow 
19204,  Scikit-learn 
19204, Keras 
19205,  Scikit-learn 
19205, CatBoost 
19205,Other
19205, LightGBM 
19205, Xgboost 
19208,  Scikit-learn 
19209,  TensorFlow 
19209, Keras 
19209, PyTorch 
19210,  Scikit-learn 
19210, LightGBM 
19210, Keras 
19210, Fast.ai 
19210, Xgboost 
19210, PyTorch 
19210, CatBoost 
19210,  TensorFlow 
19210, Huggingface 
19211, Huggingface 
19211,  Scikit-learn 
19211, Keras 
19211,  TensorFlow 
19213,  Scikit-learn 
19214, Xgboost 
19214,  Scikit-learn 
19214, Keras 
19214, PyTorch 
19214,  TensorFlow 
19215, Xgboost 
19215,  TensorFlow 
19215, Keras 
19215,  Scikit-learn 
19215, PyTorch 
19216,  Scikit-learn 
19216, Xgboost 
19217, PyTorch 
19217,  Scikit-learn 
19218,  TensorFlow 
19218, Fast.ai 
19218, PyTorch 
19218, Xgboost 
19218, Keras 
19218,  Scikit-learn 
19218, LightGBM 
19218, Caret 
19220,  Scikit-learn 
19221, Keras 
19221,  TensorFlow 
19221,  Scikit-learn 
19222, Keras 
19222,  TensorFlow 
19222, PyTorch 
19222,  Scikit-learn 
19223, Keras 
19223, PyTorch 
19223, LightGBM 
19223,  Scikit-learn 
19223,  TensorFlow 
19223, Xgboost 
19224,  TensorFlow 
19226, Keras 
19226,  Scikit-learn 
19226,  TensorFlow 
19227,  Scikit-learn 
19228, Keras 
19228,  TensorFlow 
19228,  Scikit-learn 
19228, PyTorch 
19229, Xgboost 
19229,  TensorFlow 
19229,  Scikit-learn 
19229, Keras 
19230, PyTorch 
19230,  Scikit-learn 
19230, Keras 
19232, Keras 
19232,  TensorFlow 
19232,  Scikit-learn 
19232, Xgboost 
19233, Xgboost 
19233,  TensorFlow 
19233, Huggingface 
19233,  Scikit-learn 
19233, CatBoost 
19236,  Scikit-learn 
19236, Xgboost 
19240,  TensorFlow 
19240,  Scikit-learn 
19240, Keras 
19241,  TensorFlow 
19243,  TensorFlow 
19243,  Scikit-learn 
19243, PyTorch 
19247,  Scikit-learn 
19248, PyTorch 
19248,  Scikit-learn 
19248, Xgboost 
19248, Huggingface 
19249,  Scikit-learn 
19249, PyTorch Lightning 
19249, PyTorch 
19251,  Scikit-learn 
19251,  TensorFlow 
19253,  Scikit-learn 
19254, PyTorch 
19254,  TensorFlow 
19254, Huggingface 
19254, Keras 
19254,  Scikit-learn 
19254, Xgboost 
19255, PyTorch 
19255,  Scikit-learn 
19255, JAX 
19255, Keras 
19255, Xgboost 
19255,  TensorFlow 
19256, PyTorch 
19256,  Scikit-learn 
19256,  TensorFlow 
19258,  Scikit-learn 
19258,  TensorFlow 
19262,  TensorFlow 
19264,  TensorFlow 
19265,  TensorFlow 
19265, PyTorch Lightning 
19265,  Scikit-learn 
19265, Keras 
19265, Tidymodels 
19267,  Scikit-learn 
19267,  TensorFlow 
19270,  Scikit-learn 
19271, Keras 
19271, PyTorch 
19271,  TensorFlow 
19272,  Scikit-learn 
19272,  TensorFlow 
19272, Keras 
19273,  Scikit-learn 
19273,  TensorFlow 
19273, Keras 
19274, PyTorch 
19274, PyTorch Lightning 
19274,  Scikit-learn 
19274, Keras 
19274,  TensorFlow 
19276, Keras 
19276,  TensorFlow 
19277, Keras 
19278,  Scikit-learn 
19279, Keras 
19279, Xgboost 
19279,  TensorFlow 
19279,  Scikit-learn 
19279, PyTorch 
19279, LightGBM 
19279, PyTorch Lightning 
19280, PyTorch 
19280,  TensorFlow 
19280,  Scikit-learn 
19280, Keras 
19280, Xgboost 
19280, Huggingface 
19281, Xgboost 
19281,  Scikit-learn 
19281, LightGBM 
19281, CatBoost 
19282, PyTorch 
19283,  Scikit-learn 
19283, Xgboost 
19284, Keras 
19284,  Scikit-learn 
19284, LightGBM 
19284, Xgboost 
19284,  TensorFlow 
19287, Caret 
19287,  Scikit-learn 
19287, Keras 
19289, Huggingface 
19289,Other
19289, PyTorch 
19289,  Scikit-learn 
19289, PyTorch Lightning 
19292,  TensorFlow 
19292,  Scikit-learn 
19295, Keras 
19295,  TensorFlow 
19295,  Scikit-learn 
19296,  Scikit-learn 
19297,  Scikit-learn 
19297, Xgboost 
19297,  TensorFlow 
19299,  TensorFlow 
19299, Keras 
19299,  Scikit-learn 
19300, Huggingface 
19300,  TensorFlow 
19303,  Scikit-learn 
19305,  Scikit-learn 
19305, Huggingface 
19305, Keras 
19305,  TensorFlow 
19307,  TensorFlow 
19307, PyTorch Lightning 
19307,  Scikit-learn 
19307, PyTorch 
19307, Keras 
19309, Keras 
19309, LightGBM 
19309,  Scikit-learn 
19309, Xgboost 
19309, PyTorch 
19313,  Scikit-learn 
19313,  TensorFlow 
19313, Keras 
19315, Keras 
19315,  Scikit-learn 
19315, Huggingface 
19315, PyTorch 
19315,  TensorFlow 
19318,  Scikit-learn 
19319,  Scikit-learn 
19319,  TensorFlow 
19322, Keras 
19323,  TensorFlow 
19323, PyTorch 
19323,  Scikit-learn 
19324, LightGBM 
19324,  Scikit-learn 
19324, Xgboost 
19325, PyTorch 
19327,  Scikit-learn 
19327, Xgboost 
19327,  TensorFlow 
19328, Keras 
19328,  TensorFlow 
19330,  Scikit-learn 
19331, Keras 
19331,  Scikit-learn 
19331,  TensorFlow 
19332, LightGBM 
19332,  Scikit-learn 
19332,  TensorFlow 
19332, Xgboost 
19332, Keras 
19332, CatBoost 
19333,  Scikit-learn 
19336, Keras 
19336,  TensorFlow 
19337,  Scikit-learn 
19337,  TensorFlow 
19338,Other
19338,  Scikit-learn 
19339,  Scikit-learn 
19340, Xgboost 
19340, Tidymodels 
19342, Keras 
19342,  Scikit-learn 
19342,  TensorFlow 
19345,Other
19345,  Scikit-learn 
19347,  Scikit-learn 
19347, Keras 
19347,  TensorFlow 
19347, Fast.ai 
19349,  TensorFlow 
19349,  Scikit-learn 
19353,  Scikit-learn 
19353, Huggingface 
19353, Keras 
19353, Xgboost 
19353,  TensorFlow 
19354, PyTorch 
19354, PyTorch Lightning 
19354,  Scikit-learn 
19355, Keras 
19355,  Scikit-learn 
19355,  TensorFlow 
19356,  TensorFlow 
19356, Keras 
19356,  Scikit-learn 
19356, PyTorch 
19359,  Scikit-learn 
19359,  TensorFlow 
19359, Keras 
19359, PyTorch 
19360,  Scikit-learn 
19360, Keras 
19360,  TensorFlow 
19362,  TensorFlow 
19362, JAX 
19365, CatBoost 
19365, PyTorch 
19365,  Scikit-learn 
19365, LightGBM 
19365, Huggingface 
19365, Xgboost 
19367,  Scikit-learn 
19368, PyTorch 
19368,  Scikit-learn 
19368, Huggingface 
19369, PyTorch 
19369, JAX 
19369, Keras 
19369,  TensorFlow 
19370,  TensorFlow 
19371,  TensorFlow 
19371, PyTorch 
19371, Keras 
19371,  Scikit-learn 
19372, Caret 
19374, Keras 
19374,  Scikit-learn 
19375,  Scikit-learn 
19376, CatBoost 
19376, Xgboost 
19376,  Scikit-learn 
19376, Caret 
19376, LightGBM 
19377,  TensorFlow 
19377, Keras 
19377,  Scikit-learn 
19378, Tidymodels 
19378,  TensorFlow 
19379,  TensorFlow 
19379, Keras 
19385,  Scikit-learn 
19386,  TensorFlow 
19386, Xgboost 
19386, Keras 
19386,  Scikit-learn 
19386, LightGBM 
19388, Xgboost 
19390, Tidymodels 
19390, Caret 
19390, Xgboost 
19390,  TensorFlow 
19390, CatBoost 
19390, Keras 
19390, LightGBM 
19390, Fast.ai 
19393, PyTorch 
19393, Keras 
19394,  Scikit-learn 
19394, PyTorch 
19394, Keras 
19394,  TensorFlow 
19398, Keras 
19398,  Scikit-learn 
19398, Huggingface 
19398,  TensorFlow 
19398, PyTorch 
19399, PyTorch 
19399, Keras 
19399,  TensorFlow 
19402, Keras 
19402,  TensorFlow 
19403, JAX 
19404, Keras 
19404, Caret 
19404, PyTorch Lightning 
19404,  TensorFlow 
19404,  Scikit-learn 
19404, Xgboost 
19404, PyTorch 
19405,  Scikit-learn 
19406, Keras 
19406,  TensorFlow 
19406,  Scikit-learn 
19408, Xgboost 
19408,  Scikit-learn 
19410,  Scikit-learn 
19411, LightGBM 
19411,  TensorFlow 
19411, Xgboost 
19411,  Scikit-learn 
19411, Keras 
19412,  Scikit-learn 
19412, PyTorch 
19412, Xgboost 
19412, Fast.ai 
19412, CatBoost 
19412,  TensorFlow 
19412, LightGBM 
19412, Keras 
19413,  Scikit-learn 
19415, Keras 
19415,  Scikit-learn 
19415,  TensorFlow 
19419, Xgboost 
19419,  Scikit-learn 
19420,  Scikit-learn 
19421,  Scikit-learn 
19421, Keras 
19423,  Scikit-learn 
19425, Xgboost 
19425, Keras 
19425,  Scikit-learn 
19425, Tidymodels 
19425,  TensorFlow 
19426, Xgboost 
19426, Fast.ai 
19426,  Scikit-learn 
19426, PyTorch 
19426, PyTorch Lightning 
19426, LightGBM 
19426,  TensorFlow 
19426, CatBoost 
19426, Keras 
19426, Tidymodels 
19429, PyTorch Lightning 
19429,  Scikit-learn 
19429, PyTorch 
19430,  TensorFlow 
19430, Keras 
19430,  Scikit-learn 
19430, Xgboost 
19431,  Scikit-learn 
19431, Keras 
19431,  TensorFlow 
19432,  Scikit-learn 
19434,  Scikit-learn 
19436,  TensorFlow 
19436,  Scikit-learn 
19437, Huggingface 
19437, Xgboost 
19437, PyTorch 
19437,  Scikit-learn 
19440, PyTorch 
19440, Keras 
19440,  TensorFlow 
19440,  Scikit-learn 
19441,  Scikit-learn 
19447, PyTorch Lightning 
19447, Fast.ai 
19447,  TensorFlow 
19447, PyTorch 
19447, Keras 
19447, Xgboost 
19447, CatBoost 
19447, Huggingface 
19449, Xgboost 
19449,  Scikit-learn 
19449, Huggingface 
19450,  TensorFlow 
19450,  Scikit-learn 
19451,  Scikit-learn 
19453, Keras 
19453,  Scikit-learn 
19453, PyTorch 
19453, Huggingface 
19453,  TensorFlow 
19456,  TensorFlow 
19456, Keras 
19457,  Scikit-learn 
19457,  TensorFlow 
19459,  Scikit-learn 
19459, Xgboost 
19460,  Scikit-learn 
19464,  Scikit-learn 
19465,  TensorFlow 
19465,  Scikit-learn 
19466, Keras 
19466, CatBoost 
19466, Xgboost 
19466, LightGBM 
19466, Fast.ai 
19466, PyTorch 
19466,  Scikit-learn 
19466, Huggingface 
19466,  TensorFlow 
19469, Huggingface 
19469, PyTorch 
19469,  Scikit-learn 
19470,  Scikit-learn 
19471, Xgboost 
19471,  Scikit-learn 
19472,  Scikit-learn 
19472, Xgboost 
19472, Caret 
19474, PyTorch 
19474, Keras 
19474,  TensorFlow 
19474,  Scikit-learn 
19475, Keras 
19475, PyTorch 
19475,  Scikit-learn 
19478,  Scikit-learn 
19479,  Scikit-learn 
19483, Tidymodels 
19483,  TensorFlow 
19484,  TensorFlow 
19484, Tidymodels 
19484,  Scikit-learn 
19488, Xgboost 
19488, Keras 
19488,  Scikit-learn 
19488,  TensorFlow 
19489, Keras 
19489, PyTorch Lightning 
19489,  TensorFlow 
19490, Huggingface 
19490, PyTorch 
19490, Fast.ai 
19494,  TensorFlow 
19494, PyTorch 
19494, Fast.ai 
19494,  Scikit-learn 
19497,  Scikit-learn 
19497, Xgboost 
19498, Keras 
19498,  TensorFlow 
19498,  Scikit-learn 
19499,  Scikit-learn 
19499, Xgboost 
19499, Keras 
19500,  Scikit-learn 
19500,  TensorFlow 
19500, Keras 
19501,  Scikit-learn 
19502, CatBoost 
19502, Keras 
19502,  Scikit-learn 
19502, Xgboost 
19502, LightGBM 
19502, Caret 
19503, Xgboost 
19503,  TensorFlow 
19503,  Scikit-learn 
19503, Keras 
19504,  TensorFlow 
19504,  Scikit-learn 
19504, Xgboost 
19505,  Scikit-learn 
19505,Other
19505, Xgboost 
19506, Huggingface 
19506, PyTorch 
19507, CatBoost 
19507, Xgboost 
19507,  Scikit-learn 
19507, LightGBM 
19508, Caret 
19508,  Scikit-learn 
19510, JAX 
19510, Huggingface 
19510,  TensorFlow 
19510, PyTorch Lightning 
19510, PyTorch 
19510,  Scikit-learn 
19513,  Scikit-learn 
19513, Keras 
19513, CatBoost 
19513, Huggingface 
19513, Xgboost 
19513,  TensorFlow 
19513, PyTorch 
19513, LightGBM 
19514,  TensorFlow 
19514,  Scikit-learn 
19514, Xgboost 
19514, Keras 
19514, PyTorch 
19515, PyTorch 
19515, Keras 
19515,  TensorFlow 
19516,  TensorFlow 
19516, Keras 
19518,  TensorFlow 
19518, Xgboost 
19518, PyTorch 
19518, Keras 
19518,  Scikit-learn 
19519,  Scikit-learn 
19519, PyTorch 
19519, Xgboost 
19519,  TensorFlow 
19520,  Scikit-learn 
19520, Keras 
19520, PyTorch 
19520,  TensorFlow 
19522,  Scikit-learn 
19524,  TensorFlow 
19524,  Scikit-learn 
19524, Keras 
19528,  TensorFlow 
19528, PyTorch Lightning 
19528, LightGBM 
19528,  Scikit-learn 
19528, Keras 
19528, Huggingface 
19528, PyTorch 
19529, LightGBM 
19529,  Scikit-learn 
19529, Xgboost 
19530, Xgboost 
19530, Huggingface 
19530, Keras 
19530,  TensorFlow 
19530,  Scikit-learn 
19533,  TensorFlow 
19533, PyTorch 
19533, PyTorch Lightning 
19533,  Scikit-learn 
19533, Fast.ai 
19533, Xgboost 
19533, Keras 
19534,  Scikit-learn 
19534,  TensorFlow 
19534, Huggingface 
19534, Keras 
19534, PyTorch 
19536,Other
19538, LightGBM 
19538, Keras 
19538, Tidymodels 
19538,  TensorFlow 
19539,  TensorFlow 
19539, Xgboost 
19539, Keras 
19539,  Scikit-learn 
19541,  Scikit-learn 
19543,  TensorFlow 
19543,  Scikit-learn 
19543, Keras 
19543, Xgboost 
19545, LightGBM 
19545,  TensorFlow 
19546, Caret 
19546, Huggingface 
19546, PyTorch 
19546, Keras 
19547, Xgboost 
19547, Keras 
19547,  TensorFlow 
19547,  Scikit-learn 
19547, LightGBM 
19549, Fast.ai 
19549,  Scikit-learn 
19549, PyTorch 
19549, Huggingface 
19549, PyTorch Lightning 
19551,  Scikit-learn 
19551, LightGBM 
19551, Xgboost 
19551,  TensorFlow 
19551, Keras 
19552, Xgboost 
19552,  Scikit-learn 
19553,  Scikit-learn 
19554,  Scikit-learn 
19554,  TensorFlow 
19554, Xgboost 
19556,  Scikit-learn 
19556,  TensorFlow 
19556, Keras 
19557, Keras 
19557, PyTorch 
19557,  Scikit-learn 
19557,  TensorFlow 
19558, PyTorch 
19560,  Scikit-learn 
19560,  TensorFlow 
19560, PyTorch 
19560, Keras 
19561, Xgboost 
19561,  TensorFlow 
19561, CatBoost 
19561, PyTorch 
19561,  Scikit-learn 
19561, LightGBM 
19561, Keras 
19562,  Scikit-learn 
19563,  Scikit-learn 
19564, PyTorch 
19564, Fast.ai 
19565,  TensorFlow 
19565,  Scikit-learn 
19566,  Scikit-learn 
19567, Keras 
19567,  TensorFlow 
19567, PyTorch Lightning 
19568,  Scikit-learn 
19568, Keras 
19568,  TensorFlow 
19568, PyTorch 
19569,  TensorFlow 
19569,  Scikit-learn 
19570,  Scikit-learn 
19570, Keras 
19571,  Scikit-learn 
19571,  TensorFlow 
19572,  Scikit-learn 
19573, PyTorch 
19573, Xgboost 
19573, LightGBM 
19573,  Scikit-learn 
19573,  TensorFlow 
19574,  Scikit-learn 
19574,  TensorFlow 
19574, Xgboost 
19574, Keras 
19574, CatBoost 
19574, LightGBM 
19575,  TensorFlow 
19575, Caret 
19575,  Scikit-learn 
19578, Tidymodels 
19580, CatBoost 
19580, PyTorch Lightning 
19580, Huggingface 
19580, PyTorch 
19580, Xgboost 
19580, Tidymodels 
19580, Fast.ai 
19580, Keras 
19580,  TensorFlow 
19580, JAX 
19580,  Scikit-learn 
19580, Caret 
19580,Other
19580, LightGBM 
19581,  Scikit-learn 
19581, Keras 
19581,  TensorFlow 
19582,  TensorFlow 
19582, Keras 
19582, Xgboost 
19582,  Scikit-learn 
19582, LightGBM 
19583,  Scikit-learn 
19585,  TensorFlow 
19585, Xgboost 
19585, PyTorch 
19585, Keras 
19585,  Scikit-learn 
19586,  Scikit-learn 
19586, Keras 
19586,  TensorFlow 
19588,  TensorFlow 
19588, PyTorch 
19588,  Scikit-learn 
19589, Xgboost 
19589,  TensorFlow 
19589,  Scikit-learn 
19589,Other
19590,  Scikit-learn 
19590, Keras 
19590, PyTorch 
19590,  TensorFlow 
19592,Other
19593,  Scikit-learn 
19594, Keras 
19594,  Scikit-learn 
19594, PyTorch 
19594,  TensorFlow 
19595,  Scikit-learn 
19595, Keras 
19599, PyTorch 
19599,  TensorFlow 
19599, Keras 
19599,  Scikit-learn 
19601, Xgboost 
19601, PyTorch 
19601,  Scikit-learn 
19601, Keras 
19601,  TensorFlow 
19603, Fast.ai 
19603, PyTorch 
19603, PyTorch Lightning 
19604,  TensorFlow 
19604,  Scikit-learn 
19604, Keras 
19605, LightGBM 
19605,Other
19605, Xgboost 
19605,  Scikit-learn 
19606,  TensorFlow 
19606, Keras 
19606,  Scikit-learn 
19610, Keras 
19611,  Scikit-learn 
19612,  TensorFlow 
19614, Keras 
19614,  TensorFlow 
19614, PyTorch Lightning 
19615, Keras 
19615,  Scikit-learn 
19615, Xgboost 
19615,  TensorFlow 
19616,  TensorFlow 
19616, PyTorch 
19616,  Scikit-learn 
19616, Keras 
19618, Tidymodels 
19618,  Scikit-learn 
19619,  Scikit-learn 
19621, Xgboost 
19621, Keras 
19621,  Scikit-learn 
19621, PyTorch 
19621,  TensorFlow 
19622,  Scikit-learn 
19624,  TensorFlow 
19624, PyTorch 
19629,  Scikit-learn 
19631, Huggingface 
19631, PyTorch 
19632, PyTorch Lightning 
19632,  Scikit-learn 
19632, Xgboost 
19632, Huggingface 
19633, JAX 
19633, PyTorch 
19633, CatBoost 
19633, Xgboost 
19633, LightGBM 
19636, Fast.ai 
19636, PyTorch 
19636, Huggingface 
19636, Xgboost 
19636, Keras 
19636,  Scikit-learn 
19636,  TensorFlow 
19639,  Scikit-learn 
19641, PyTorch 
19641,  Scikit-learn 
19642, Caret 
19642, JAX 
19642, Huggingface 
19642, Tidymodels 
19642, Xgboost 
19642, CatBoost 
19642, PyTorch Lightning 
19642, Fast.ai 
19642, PyTorch 
19642,  TensorFlow 
19642, Keras 
19642, LightGBM 
19642,Other
19642,  Scikit-learn 
19646,  Scikit-learn 
19646,  TensorFlow 
19646, PyTorch 
19647,  Scikit-learn 
19647, LightGBM 
19647, Xgboost 
19647, Keras 
19651,  TensorFlow 
19655, Xgboost 
19655,  Scikit-learn 
19656,  TensorFlow 
19656, PyTorch 
19658, Xgboost 
19658, Keras 
19658,  Scikit-learn 
19659, Huggingface 
19659, Keras 
19659,  Scikit-learn 
19659,  TensorFlow 
19660,  TensorFlow 
19661, PyTorch 
19661, Huggingface 
19661,  Scikit-learn 
19664,  Scikit-learn 
19665,  Scikit-learn 
19665, Keras 
19665, PyTorch 
19665,  TensorFlow 
19667, PyTorch 
19667,  Scikit-learn 
19667, Fast.ai 
19667, Huggingface 
19668, Fast.ai 
19668,  TensorFlow 
19668, Keras 
19668, PyTorch 
19668, Huggingface 
19670,  Scikit-learn 
19670, Xgboost 
19671, LightGBM 
19671, CatBoost 
19671, Keras 
19671, Xgboost 
19671,  TensorFlow 
19671,  Scikit-learn 
19672,  TensorFlow 
19672,  Scikit-learn 
19672, Keras 
19673,  Scikit-learn 
19675,  TensorFlow 
19675, Xgboost 
19675,  Scikit-learn 
19676, PyTorch 
19676,  Scikit-learn 
19676, Keras 
19676,  TensorFlow 
19677, Tidymodels 
19677, Caret 
19681, Xgboost 
19681,  Scikit-learn 
19682, Keras 
19682,  TensorFlow 
19682, PyTorch 
19682,  Scikit-learn 
19683,  TensorFlow 
19683, Keras 
19683, CatBoost 
19683,  Scikit-learn 
19683, LightGBM 
19684,  TensorFlow 
19684,  Scikit-learn 
19685,Other
19686,  Scikit-learn 
19686, Keras 
19686, Xgboost 
19686,  TensorFlow 
19687, PyTorch 
19687, Keras 
19687,  TensorFlow 
19687,  Scikit-learn 
19688,  TensorFlow 
19688, Fast.ai 
19688, PyTorch 
19688,  Scikit-learn 
19689, Xgboost 
19689,  TensorFlow 
19689,  Scikit-learn 
19689, CatBoost 
19689, LightGBM 
19689, Keras 
19691, Huggingface 
19691, Keras 
19691,  TensorFlow 
19691, LightGBM 
19691, Xgboost 
19691, CatBoost 
19691,  Scikit-learn 
19692, PyTorch 
19692, CatBoost 
19692, Xgboost 
19692,  TensorFlow 
19692,  Scikit-learn 
19692, LightGBM 
19692, Keras 
19693,  Scikit-learn 
19693, Xgboost 
19693,  TensorFlow 
19693, LightGBM 
19695,  TensorFlow 
19695, Keras 
19695,  Scikit-learn 
19696, Keras 
19696,  Scikit-learn 
19696,  TensorFlow 
19697,  TensorFlow 
19697,  Scikit-learn 
19697, Xgboost 
19701,  Scikit-learn 
19701, PyTorch 
19701, Keras 
19701,  TensorFlow 
19702,  TensorFlow 
19702,  Scikit-learn 
19703, PyTorch 
19706,Other
19707, Keras 
19707,  Scikit-learn 
19707,  TensorFlow 
19710,  TensorFlow 
19710, Huggingface 
19710, PyTorch 
19710, Keras 
19711, Huggingface 
19711, PyTorch 
19711, PyTorch Lightning 
19711,  Scikit-learn 
19715, Tidymodels 
19716, PyTorch 
19716,  Scikit-learn 
19716,  TensorFlow 
19717, Keras 
19717,  Scikit-learn 
19717, PyTorch 
19718, Xgboost 
19718,  Scikit-learn 
19718, LightGBM 
19718, PyTorch 
19718, Keras 
19718,  TensorFlow 
19719, Keras 
19719,  TensorFlow 
19719,  Scikit-learn 
19721,  Scikit-learn 
19721, Keras 
19721,  TensorFlow 
19722,  Scikit-learn 
19722, Tidymodels 
19723,  Scikit-learn 
19723, Keras 
19723,  TensorFlow 
19724,  Scikit-learn 
19725,  TensorFlow 
19728,  TensorFlow 
19728, Xgboost 
19728, LightGBM 
19728, Keras 
19733,Other
19735,  TensorFlow 
19735,  Scikit-learn 
19735, Fast.ai 
19735, Keras 
19735, PyTorch 
19736, PyTorch 
19736, Keras 
19736,  Scikit-learn 
19738,  TensorFlow 
19740, PyTorch 
19741, Huggingface 
19741, PyTorch 
19741,  TensorFlow 
19742, Xgboost 
19742,  Scikit-learn 
19742, Caret 
19744, PyTorch 
19744, Keras 
19744,  TensorFlow 
19744,  Scikit-learn 
19746, Keras 
19746, CatBoost 
19746, PyTorch 
19746,  TensorFlow 
19746, Xgboost 
19746,  Scikit-learn 
19746, LightGBM 
19748, Tidymodels 
19748, PyTorch 
19748,  Scikit-learn 
19750, Keras 
19751, Xgboost 
19751,  Scikit-learn 
19751, Tidymodels 
19752, PyTorch 
19755,  Scikit-learn 
19755, Xgboost 
19756, Xgboost 
19756, PyTorch 
19756, Keras 
19756,  Scikit-learn 
19756,  TensorFlow 
19759,  Scikit-learn 
19759, PyTorch 
19759,  TensorFlow 
19760,  Scikit-learn 
19761, PyTorch 
19761,  TensorFlow 
19761, Keras 
19761,  Scikit-learn 
19762, Keras 
19762, PyTorch 
19762,  Scikit-learn 
19762,  TensorFlow 
19762, CatBoost 
19763, PyTorch 
19764, Caret 
19764,  Scikit-learn 
19764, Xgboost 
19766,  Scikit-learn 
19766,Other
19768,  Scikit-learn 
19768, Keras 
19769,  TensorFlow 
19769,  Scikit-learn 
19769, Keras 
19770, PyTorch 
19771, PyTorch 
19771, Xgboost 
19771,  Scikit-learn 
19772, PyTorch 
19772,  TensorFlow 
19772,  Scikit-learn 
19773, Keras 
19776,  Scikit-learn 
19779,  TensorFlow 
19782, CatBoost 
19782, LightGBM 
19782,  Scikit-learn 
19782,  TensorFlow 
19782, Xgboost 
19782, Keras 
19783, Keras 
19783, JAX 
19783,  TensorFlow 
19784,  Scikit-learn 
19785,  TensorFlow 
19785,  Scikit-learn 
19788, PyTorch 
19789,  TensorFlow 
19789,  Scikit-learn 
19791, Xgboost 
19791, Keras 
19791,  TensorFlow 
19791,  Scikit-learn 
19792,  Scikit-learn 
19793, PyTorch 
19793,  Scikit-learn 
19794, Keras 
19794,  Scikit-learn 
19794,  TensorFlow 
19795, Xgboost 
19795, Keras 
19795,  Scikit-learn 
19795,  TensorFlow 
19798,  Scikit-learn 
19798, Tidymodels 
19798, Xgboost 
19800, LightGBM 
19800, CatBoost 
19800, Xgboost 
19800,  Scikit-learn 
19801,  Scikit-learn 
19804, Keras 
19804,  Scikit-learn 
19804,  TensorFlow 
19806,  Scikit-learn 
19807,  Scikit-learn 
19807, Huggingface 
19807,  TensorFlow 
19808, Keras 
19808,  TensorFlow 
19808,  Scikit-learn 
19812, PyTorch 
19812,  TensorFlow 
19812,  Scikit-learn 
19812, LightGBM 
19812, CatBoost 
19812, Xgboost 
19812, Keras 
19812, Fast.ai 
19814, Huggingface 
19814,  Scikit-learn 
19814, PyTorch 
19815, Keras 
19815,  TensorFlow 
19815,  Scikit-learn 
19816,  Scikit-learn 
19816, Xgboost 
19816, PyTorch 
19816, LightGBM 
19819,  Scikit-learn 
19820, Xgboost 
19820, Keras 
19820,  Scikit-learn 
19822, Tidymodels 
19822, Caret 
19823,  Scikit-learn 
19823, Keras 
19823, PyTorch 
19824, PyTorch 
19824, Keras 
19824,  TensorFlow 
19824,  Scikit-learn 
19824, Xgboost 
19825, Xgboost 
19825,  Scikit-learn 
19825, Keras 
19825, Tidymodels 
19829,Other
19830,  Scikit-learn 
19832,  Scikit-learn 
19833,Other
19833, PyTorch 
19834,  Scikit-learn 
19834, Keras 
19834,  TensorFlow 
19836, Keras 
19836,  TensorFlow 
19836,  Scikit-learn 
19837, Tidymodels 
19837, Keras 
19837, PyTorch 
19837,  Scikit-learn 
19837, Xgboost 
19838,  Scikit-learn 
19841,  Scikit-learn 
19841, PyTorch 
19841,  TensorFlow 
19841, Keras 
19842,  TensorFlow 
19844, LightGBM 
19844, PyTorch 
19849,  Scikit-learn 
19853,  TensorFlow 
19853, Xgboost 
19853,  Scikit-learn 
19853, Keras 
19854, Huggingface 
19854,  TensorFlow 
19858,  TensorFlow 
19858,  Scikit-learn 
19858, PyTorch 
19858, Keras 
19862,  Scikit-learn 
19862, PyTorch 
19862, Xgboost 
19862, Fast.ai 
19862, LightGBM 
19862, Huggingface 
19863,  Scikit-learn 
19864, Xgboost 
19864,  Scikit-learn 
19866,  Scikit-learn 
19866, Keras 
19866,  TensorFlow 
19868, PyTorch 
19869,  Scikit-learn 
19871,Other
19872, Caret 
19872,  Scikit-learn 
19872,  TensorFlow 
19872, Xgboost 
19872, PyTorch 
19872, Keras 
19873,  TensorFlow 
19873,  Scikit-learn 
19873, Huggingface 
19873, PyTorch 
19873, LightGBM 
19873, Keras 
19873, Xgboost 
19873, CatBoost 
19874,  Scikit-learn 
19875,  Scikit-learn 
19876, Keras 
19876, Huggingface 
19876, LightGBM 
19876,  TensorFlow 
19876,  Scikit-learn 
19876, Xgboost 
19878,  TensorFlow 
19878, Keras 
19878,  Scikit-learn 
19880, LightGBM 
19880,  Scikit-learn 
19880, PyTorch 
19880,  TensorFlow 
19880, Xgboost 
19880, CatBoost 
19883,  TensorFlow 
19883, PyTorch 
19883, Keras 
19883,  Scikit-learn 
19883, Huggingface 
19884, Huggingface 
19884, LightGBM 
19884,  TensorFlow 
19884, PyTorch 
19884, Xgboost 
19884, Tidymodels 
19884, Fast.ai 
19884, CatBoost 
19884,  Scikit-learn 
19884, Keras 
19884, Caret 
19885,  Scikit-learn 
19885, Keras 
19885,  TensorFlow 
19886, PyTorch Lightning 
19886, Huggingface 
19886,  Scikit-learn 
19886, PyTorch 
19888, Caret 
19889,  TensorFlow 
19889, PyTorch 
19889, CatBoost 
19890, PyTorch Lightning 
19891, Keras 
19891,  TensorFlow 
19891, PyTorch 
19892,  Scikit-learn 
19892, PyTorch 
19892,  TensorFlow 
19895,  TensorFlow 
19895, Keras 
19897, Huggingface 
19897,  Scikit-learn 
19897, PyTorch 
19898, Keras 
19898,  TensorFlow 
19902, CatBoost 
19902,  Scikit-learn 
19902,  TensorFlow 
19902, Keras 
19902, LightGBM 
19904,  TensorFlow 
19904, Fast.ai 
19907,  TensorFlow 
19907,  Scikit-learn 
19907, Keras 
19907, Xgboost 
19909,  Scikit-learn 
19910,  Scikit-learn 
19910,  TensorFlow 
19910, Keras 
19910, PyTorch 
19913, PyTorch 
19913, Huggingface 
19913, PyTorch Lightning 
19913,  TensorFlow 
19913, LightGBM 
19913,  Scikit-learn 
19913, CatBoost 
19913, Xgboost 
19913, Keras 
19915,  Scikit-learn 
19916,  Scikit-learn 
19919,  Scikit-learn 
19919, Caret 
19919,  TensorFlow 
19923, PyTorch 
19924,  Scikit-learn 
19924,  TensorFlow 
19927, Xgboost 
19927,  Scikit-learn 
19927, Keras 
19928,  Scikit-learn 
19928,  TensorFlow 
19929,  Scikit-learn 
19929, Keras 
19929, PyTorch Lightning 
19929, Xgboost 
19929, LightGBM 
19929,  TensorFlow 
19929, PyTorch 
19929, CatBoost 
19930,  TensorFlow 
19930, PyTorch 
19930,  Scikit-learn 
19930, Keras 
19931,  TensorFlow 
19932,  TensorFlow 
19932,  Scikit-learn 
19932, Keras 
19934, Keras 
19934,  Scikit-learn 
19934,  TensorFlow 
19935, Keras 
19935, Huggingface 
19935,  TensorFlow 
19937, Xgboost 
19937,  TensorFlow 
19937, Keras 
19937,  Scikit-learn 
19937, PyTorch 
19938,  Scikit-learn 
19938, CatBoost 
19940,  TensorFlow 
19940, PyTorch 
19940, PyTorch Lightning 
19940,  Scikit-learn 
19941, Keras 
19941,  TensorFlow 
19941,  Scikit-learn 
19941, PyTorch 
19944,  Scikit-learn 
19945,  Scikit-learn 
19947, Keras 
19947, Xgboost 
19947,  TensorFlow 
19947,  Scikit-learn 
19949,  TensorFlow 
19949, Keras 
19949,  Scikit-learn 
19950,  Scikit-learn 
19955, Keras 
19955,  Scikit-learn 
19955, LightGBM 
19955,  TensorFlow 
19955, PyTorch 
19955, Xgboost 
19956,  Scikit-learn 
19957,  Scikit-learn 
19957,  TensorFlow 
19958, Keras 
19959,  Scikit-learn 
19959, Keras 
19959,  TensorFlow 
19961, Huggingface 
19961, Keras 
19961, Xgboost 
19961,  TensorFlow 
19961,  Scikit-learn 
19962,  Scikit-learn 
19963, PyTorch 
19963,  Scikit-learn 
19963,  TensorFlow 
19963, Keras 
19963, Xgboost 
19965,  TensorFlow 
19965,  Scikit-learn 
19965, Keras 
19966,  Scikit-learn 
19966, Keras 
19966,  TensorFlow 
19966, Xgboost 
19968,  Scikit-learn 
19970,  Scikit-learn 
19971,  Scikit-learn 
19971, Tidymodels 
19971,  TensorFlow 
19971, Keras 
19971, Caret 
19972, Xgboost 
19972, Keras 
19972, LightGBM 
19972,  TensorFlow 
19972,  Scikit-learn 
19973,  Scikit-learn 
19973, PyTorch 
19973,  TensorFlow 
19973, Huggingface 
19973, Keras 
19974,  Scikit-learn 
19974, CatBoost 
19975,  Scikit-learn 
19981,  Scikit-learn 
19981, PyTorch Lightning 
19981,  TensorFlow 
19984, PyTorch 
19984,  Scikit-learn 
19984,  TensorFlow 
19984, Xgboost 
19985, LightGBM 
19985, Tidymodels 
19985, Xgboost 
19986,  Scikit-learn 
19989,  Scikit-learn 
19989,  TensorFlow 
19989, Keras 
19991,  Scikit-learn 
19991,  TensorFlow 
19991, PyTorch Lightning 
19991, Xgboost 
19991, Keras 
19991, JAX 
19993,  Scikit-learn 
19993,  TensorFlow 
19994,Other
19997, Tidymodels 
19997,Other
19997,  Scikit-learn 
19998,  Scikit-learn 
19998,  TensorFlow 
19999, CatBoost 
19999,  Scikit-learn 
19999, Xgboost 
20000, Keras 
20000,  TensorFlow 
20000, PyTorch 
20000,  Scikit-learn 
20001, PyTorch Lightning 
20001,  TensorFlow 
20001, PyTorch 
20001,  Scikit-learn 
20001, Xgboost 
20001, Keras 
20004, Keras 
20004,  Scikit-learn 
20009, Xgboost 
20009, Keras 
20009,  Scikit-learn 
20012, PyTorch 
20012,  TensorFlow 
20012, PyTorch Lightning 
20012, Xgboost 
20012,  Scikit-learn 
20012, Keras 
20012,Other
20014, Huggingface 
20014,  Scikit-learn 
20019,  TensorFlow 
20019, Keras 
20019,  Scikit-learn 
20020,  Scikit-learn 
20021,  TensorFlow 
20021, Keras 
20022,  TensorFlow 
20022,  Scikit-learn 
20022, Keras 
20023,  Scikit-learn 
20023, CatBoost 
20023,  TensorFlow 
20023, Keras 
20023, Xgboost 
20024,  TensorFlow 
20024, Xgboost 
20024,  Scikit-learn 
20024, Keras 
20029,  TensorFlow 
20029,  Scikit-learn 
20029, Keras 
20030,  Scikit-learn 
20031, Xgboost 
20031, LightGBM 
20031,  Scikit-learn 
20031, CatBoost 
20031,  TensorFlow 
20031, Huggingface 
20031, PyTorch 
20031, Keras 
20036,  Scikit-learn 
20036,  TensorFlow 
20036, Xgboost 
20037,Other
20039, Keras 
20039, Huggingface 
20039,  TensorFlow 
20039,  Scikit-learn 
20041,  Scikit-learn 
20041, Xgboost 
20041, LightGBM 
20045, PyTorch Lightning 
20045,  TensorFlow 
20045, Fast.ai 
20045, PyTorch 
20045, Huggingface 
20045,  Scikit-learn 
20045, Keras 
20049, PyTorch 
20049,  TensorFlow 
20049, Keras 
20049,  Scikit-learn 
20050, Xgboost 
20050,  Scikit-learn 
20050, PyTorch 
20050,  TensorFlow 
20050, Keras 
20053, PyTorch 
20053,  Scikit-learn 
20053,  TensorFlow 
20056,  Scikit-learn 
20057, Xgboost 
20057, PyTorch 
20057,  Scikit-learn 
20057, Keras 
20057,  TensorFlow 
20059, CatBoost 
20059,  Scikit-learn 
20059, Xgboost 
20059, LightGBM 
20062,  TensorFlow 
20062, Keras 
20062,  Scikit-learn 
20066, PyTorch 
20067,  TensorFlow 
20067, PyTorch 
20067, Xgboost 
20067, Keras 
20067,  Scikit-learn 
20070,  Scikit-learn 
20071,  TensorFlow 
20071,  Scikit-learn 
20071, Keras 
20072, Keras 
20072,  TensorFlow 
20072, PyTorch 
20072,  Scikit-learn 
20073, JAX 
20073, PyTorch 
20073,  Scikit-learn 
20073, LightGBM 
20073, CatBoost 
20073, Xgboost 
20074, Xgboost 
20074, Fast.ai 
20074,  Scikit-learn 
20074, Tidymodels 
20074,  TensorFlow 
20075,  Scikit-learn 
20076, Keras 
20076,  Scikit-learn 
20076,  TensorFlow 
20076, PyTorch 
20077,  TensorFlow 
20078,  Scikit-learn 
20080,  TensorFlow 
20080, Keras 
20080,  Scikit-learn 
20081,  Scikit-learn 
20081,Other
20082,  Scikit-learn 
20082, Keras 
20083,  Scikit-learn 
20083, PyTorch 
20083, Fast.ai 
20085,  Scikit-learn 
20086,  Scikit-learn 
20087, Xgboost 
20087,  TensorFlow 
20087,  Scikit-learn 
20090, Xgboost 
20090,  Scikit-learn 
20090, LightGBM 
20092, Caret 
20093,  TensorFlow 
20093,  Scikit-learn 
20094,  Scikit-learn 
20096, Xgboost 
20096, CatBoost 
20096,  Scikit-learn 
20096, LightGBM 
20097,  Scikit-learn 
20097, CatBoost 
20097, Xgboost 
20097, LightGBM 
20097,  TensorFlow 
20097, PyTorch 
20097, Keras 
20099, PyTorch 
20099, JAX 
20099, LightGBM 
20100,  Scikit-learn 
20100, Xgboost 
20100, PyTorch 
20100,  TensorFlow 
20101, CatBoost 
20101, PyTorch 
20101,  Scikit-learn 
20104,  Scikit-learn 
20106,  Scikit-learn 
20107,  TensorFlow 
20107,  Scikit-learn 
20107, Keras 
20108,  Scikit-learn 
20108, PyTorch 
20110, Xgboost 
20110,  Scikit-learn 
20111,  Scikit-learn 
20111, Xgboost 
20111,  TensorFlow 
20111, Keras 
20111, PyTorch 
20113,  TensorFlow 
20113, Keras 
20113, PyTorch 
20113,  Scikit-learn 
20114,  Scikit-learn 
20114, Fast.ai 
20114, Huggingface 
20114, PyTorch 
20115,  Scikit-learn 
20115,  TensorFlow 
20115, PyTorch 
20115, Keras 
20116,  Scikit-learn 
20117,  Scikit-learn 
20118,  Scikit-learn 
20119,  Scikit-learn 
20119, Xgboost 
20119, Keras 
20124, Xgboost 
20124,  Scikit-learn 
20124,  TensorFlow 
20125, Keras 
20125, LightGBM 
20125,  TensorFlow 
20126, LightGBM 
20126,  Scikit-learn 
20126, Xgboost 
20126, Keras 
20126, PyTorch 
20126,  TensorFlow 
20127, Keras 
20127, PyTorch 
20127,  TensorFlow 
20127,  Scikit-learn 
20127, Xgboost 
20128, Keras 
20128,  Scikit-learn 
20129,  Scikit-learn 
20130,  Scikit-learn 
20130, Xgboost 
20130, Keras 
20130,  TensorFlow 
20134,  Scikit-learn 
20135,  Scikit-learn 
20135, CatBoost 
20135, PyTorch 
20138, LightGBM 
20138, Xgboost 
20138, Keras 
20138, Caret 
20138, PyTorch 
20138,  TensorFlow 
20140,  Scikit-learn 
20143,  Scikit-learn 
20144,  Scikit-learn 
20144,  TensorFlow 
20144, PyTorch 
20146,  Scikit-learn 
20146, Keras 
20146,  TensorFlow 
20146, PyTorch 
20147, PyTorch 
20148,  Scikit-learn 
20149,  Scikit-learn 
20149, Xgboost 
20149, PyTorch 
20149,  TensorFlow 
20149, PyTorch Lightning 
20149, Keras 
20152,  Scikit-learn 
20154,Other
20155,  Scikit-learn 
20157,  Scikit-learn 
20157,  TensorFlow 
20157, Xgboost 
20157, PyTorch 
20157, Keras 
20158, PyTorch 
20158,  TensorFlow 
20158, Keras 
20158, PyTorch Lightning 
20160,  Scikit-learn 
20163,  Scikit-learn 
20164,  TensorFlow 
20164, Keras 
20164, PyTorch 
20165,  Scikit-learn 
20167,  Scikit-learn 
20169, Tidymodels 
20169, Huggingface 
20169,  TensorFlow 
20169, CatBoost 
20169, Keras 
20169, Fast.ai 
20169,  Scikit-learn 
20169, Xgboost 
20169, LightGBM 
20169, PyTorch 
20171,Other
20172,  Scikit-learn 
20172,  TensorFlow 
20172, Xgboost 
20173,  TensorFlow 
20174,  TensorFlow 
20174, Keras 
20174,  Scikit-learn 
20175,  TensorFlow 
20175, Huggingface 
20175, LightGBM 
20175,  Scikit-learn 
20175, Keras 
20176, PyTorch 
20177,  Scikit-learn 
20177, Keras 
20177,  TensorFlow 
20177, Xgboost 
20177, Caret 
20183, PyTorch 
20183, Keras 
20183,  Scikit-learn 
20184,  Scikit-learn 
20185,  TensorFlow 
20185,  Scikit-learn 
20186,  TensorFlow 
20186, Keras 
20186, Xgboost 
20186,  Scikit-learn 
20187,  Scikit-learn 
20188,  Scikit-learn 
20189,Other
20190,  TensorFlow 
20190, PyTorch Lightning 
20190, PyTorch 
20190, Keras 
20190,  Scikit-learn 
20190, Xgboost 
20191, Xgboost 
20191, PyTorch 
20191,  Scikit-learn 
20191, CatBoost 
20191, LightGBM 
20192,  Scikit-learn 
20192, Keras 
20192,  TensorFlow 
20194, PyTorch Lightning 
20194, PyTorch 
20195, Xgboost 
20195,  Scikit-learn 
20196, PyTorch 
20197,  TensorFlow 
20197, Keras 
20197,  Scikit-learn 
20197, PyTorch 
20198,  Scikit-learn 
20198, Xgboost 
20198, PyTorch 
20198, Huggingface 
20198,  TensorFlow 
20199, Caret 
20200,  Scikit-learn 
20201,  TensorFlow 
20201, Xgboost 
20201,  Scikit-learn 
20201, Keras 
20201, PyTorch 
20202,  Scikit-learn 
20202,  TensorFlow 
20202, Keras 
20202, PyTorch 
20204, Keras 
20204,  TensorFlow 
20204,  Scikit-learn 
20206,  Scikit-learn 
20206,  TensorFlow 
20206, Keras 
20206, PyTorch 
20207, Xgboost 
20207, PyTorch 
20207,  Scikit-learn 
20209,  Scikit-learn 
20209, Keras 
20209,  TensorFlow 
20209, PyTorch 
20210, Xgboost 
20210, Keras 
20210,  Scikit-learn 
20210, PyTorch 
20210, CatBoost 
20210,  TensorFlow 
20211, Keras 
20211,  Scikit-learn 
20211,  TensorFlow 
20214,  TensorFlow 
20214, Keras 
20214,  Scikit-learn 
20215,  Scikit-learn 
20215, Keras 
20215,  TensorFlow 
20217,  TensorFlow 
20217,  Scikit-learn 
20217, Keras 
20221,  Scikit-learn 
20221,  TensorFlow 
20221, Xgboost 
20221, PyTorch 
20223,  Scikit-learn 
20223,  TensorFlow 
20225, PyTorch 
20225,  TensorFlow 
20226, PyTorch Lightning 
20226, PyTorch 
20227,  Scikit-learn 
20229, Caret 
20229,  Scikit-learn 
20230, Huggingface 
20230, Caret 
20230, Keras 
20230,  Scikit-learn 
20230, Xgboost 
20231, PyTorch 
20232,  TensorFlow 
20232, Xgboost 
20235, PyTorch 
20235,  Scikit-learn 
20235,  TensorFlow 
20237, Keras 
20237, PyTorch Lightning 
20237,  TensorFlow 
20237, PyTorch 
20238,  Scikit-learn 
20238, PyTorch 
20238,  TensorFlow 
20238, Keras 
20239,  Scikit-learn 
20241,  TensorFlow 
20241, Xgboost 
20241,  Scikit-learn 
20242, Keras 
20242,  Scikit-learn 
20242,  TensorFlow 
20244, Keras 
20244,  Scikit-learn 
20244,  TensorFlow 
20244, Xgboost 
20246, Caret 
20248, Xgboost 
20248,  Scikit-learn 
20248, PyTorch 
20248, Caret 
20248,  TensorFlow 
20249, Keras 
20249,  TensorFlow 
20249, Xgboost 
20249,  Scikit-learn 
20251,  Scikit-learn 
20253, PyTorch 
20253, PyTorch Lightning 
20254,  Scikit-learn 
20256,  Scikit-learn 
20256, Xgboost 
20256,  TensorFlow 
20256, Keras 
20257, Keras 
20257,  TensorFlow 
20257, PyTorch 
20257,  Scikit-learn 
20258, Xgboost 
20258, LightGBM 
20258,  Scikit-learn 
20258, PyTorch Lightning 
20258, Keras 
20258, Huggingface 
20259, PyTorch 
20259,  TensorFlow 
20259, Keras 
20259, CatBoost 
20259,  Scikit-learn 
20259, Xgboost 
20260, Xgboost 
20260,  TensorFlow 
20260, Caret 
20260,  Scikit-learn 
20261, LightGBM 
20261, CatBoost 
20261,  Scikit-learn 
20263, Caret 
20263,  Scikit-learn 
20263, Keras 
20263,  TensorFlow 
20263, LightGBM 
20263, CatBoost 
20263, Xgboost 
20267,  Scikit-learn 
20267, Keras 
20268,  TensorFlow 
20268,  Scikit-learn 
20269, LightGBM 
20272,  Scikit-learn 
20272,  TensorFlow 
20272, JAX 
20273,  Scikit-learn 
20273,  TensorFlow 
20273, Keras 
20274,  Scikit-learn 
20274, Xgboost 
20274, Keras 
20274,  TensorFlow 
20275, Caret 
20275, Tidymodels 
20278, Keras 
20278, PyTorch 
20278,  Scikit-learn 
20278,  TensorFlow 
20281, Xgboost 
20281,  Scikit-learn 
20281, CatBoost 
20281, LightGBM 
20281,  TensorFlow 
20281, Keras 
20282,  Scikit-learn 
20283,  TensorFlow 
20283,  Scikit-learn 
20285,  TensorFlow 
20285, Huggingface 
20285, Keras 
20285,  Scikit-learn 
20285, Xgboost 
20285, Caret 
20285, CatBoost 
20285, LightGBM 
20286, Fast.ai 
20286, Xgboost 
20286,  Scikit-learn 
20286, LightGBM 
20286, PyTorch 
20286, CatBoost 
20287,  Scikit-learn 
20287,  TensorFlow 
20287, JAX 
20287, LightGBM 
20288,  Scikit-learn 
20290,  Scikit-learn 
20290, Keras 
20292,  Scikit-learn 
20294, Keras 
20294, PyTorch 
20295, Keras 
20295,  TensorFlow 
20295,  Scikit-learn 
20296,  Scikit-learn 
20296,  TensorFlow 
20296, Keras 
20297,  Scikit-learn 
20297, PyTorch 
20297, Huggingface 
20299,  TensorFlow 
20299,  Scikit-learn 
20301,  TensorFlow 
20301, Keras 
20301, Caret 
20301, Tidymodels 
20302, PyTorch 
20302, Keras 
20302,  TensorFlow 
20302, LightGBM 
20303, Keras 
20303,  TensorFlow 
20303, PyTorch 
20306,  Scikit-learn 
20306,  TensorFlow 
20308, Keras 
20308,  TensorFlow 
20308,  Scikit-learn 
20310,  TensorFlow 
20310,  Scikit-learn 
20310, Keras 
20311, PyTorch 
20313,Other
20318, Keras 
20318,  TensorFlow 
20318, PyTorch 
20318, Xgboost 
20318,  Scikit-learn 
20319, Xgboost 
20319,  Scikit-learn 
20319, Keras 
20319,  TensorFlow 
20319, PyTorch 
20322,  Scikit-learn 
20322, PyTorch 
20322, Fast.ai 
20323,  TensorFlow 
20323, Xgboost 
20323, CatBoost 
20323, PyTorch Lightning 
20323, LightGBM 
20323,  Scikit-learn 
20323, Keras 
20324, PyTorch 
20324,  Scikit-learn 
20325,  Scikit-learn 
20325, PyTorch 
20325, Fast.ai 
20325, Xgboost 
20325, LightGBM 
20328,  Scikit-learn 
20328,  TensorFlow 
20329, Fast.ai 
20329,  Scikit-learn 
20329,  TensorFlow 
20329, Xgboost 
20330, Xgboost 
20330,  Scikit-learn 
20330, Keras 
20330,  TensorFlow 
20333, PyTorch 
20333,  TensorFlow 
20336, CatBoost 
20336, LightGBM 
20336, Xgboost 
20336,  Scikit-learn 
20339,  Scikit-learn 
20339, PyTorch 
20339, Keras 
20339,  TensorFlow 
20341,  TensorFlow 
20342, Xgboost 
20342,  Scikit-learn 
20342, Huggingface 
20342, PyTorch 
20342, LightGBM 
20342, CatBoost 
20344,  Scikit-learn 
20344, CatBoost 
20344, Xgboost 
20345, LightGBM 
20345, Caret 
20345, JAX 
20345,  Scikit-learn 
20345, Tidymodels 
20345, Fast.ai 
20345, PyTorch 
20345, PyTorch Lightning 
20345,  TensorFlow 
20345, Keras 
20345, Xgboost 
20345, CatBoost 
20345, Huggingface 
20348,  TensorFlow 
20348, Xgboost 
20348, Keras 
20348,  Scikit-learn 
20350, Xgboost 
20350, Caret 
20350, LightGBM 
20350,  Scikit-learn 
20352, PyTorch Lightning 
20353,  Scikit-learn 
20356,  TensorFlow 
20356, Tidymodels 
20356,  Scikit-learn 
20357,  Scikit-learn 
20357, Keras 
20362,  Scikit-learn 
20364,  Scikit-learn 
20364, PyTorch 
20364,  TensorFlow 
20364, Xgboost 
20364, Keras 
20364, LightGBM 
20364, CatBoost 
20366,  Scikit-learn 
20367,  Scikit-learn 
20367,  TensorFlow 
20368, Xgboost 
20368,  TensorFlow 
20368, PyTorch 
20368,  Scikit-learn 
20372,  Scikit-learn 
20373,  TensorFlow 
20373, Xgboost 
20373, Keras 
20373, PyTorch 
20374,  Scikit-learn 
20374,  TensorFlow 
20374,Other
20375,  Scikit-learn 
20376, CatBoost 
20377, Keras 
20377,  TensorFlow 
20377, Tidymodels 
20377, CatBoost 
20377,  Scikit-learn 
20377, PyTorch 
20382,  TensorFlow 
20382,  Scikit-learn 
20382, Keras 
20383,  Scikit-learn 
20383, PyTorch Lightning 
20383,  TensorFlow 
20383, PyTorch 
20383, JAX 
20384, Tidymodels 
20384, Caret 
20384, Huggingface 
20385,  TensorFlow 
20385,  Scikit-learn 
20388, PyTorch 
20388, Keras 
20388,  TensorFlow 
20388, PyTorch Lightning 
20392, Keras 
20392,  TensorFlow 
20392,  Scikit-learn 
20394,  Scikit-learn 
20394, Xgboost 
20394, Keras 
20394,  TensorFlow 
20394, PyTorch 
20395, LightGBM 
20395, Xgboost 
20395,  Scikit-learn 
20396,  Scikit-learn 
20396, Xgboost 
20398,  TensorFlow 
20398, PyTorch 
20398,  Scikit-learn 
20398, Fast.ai 
20402,  Scikit-learn 
20402,  TensorFlow 
20402, Keras 
20407,  Scikit-learn 
20409, JAX 
20409,  TensorFlow 
20409,  Scikit-learn 
20409, Keras 
20409, Tidymodels 
20409, LightGBM 
20409, Huggingface 
20409, CatBoost 
20409, PyTorch 
20409, Fast.ai 
20409, Xgboost 
20409, Caret 
20409, PyTorch Lightning 
20411,  TensorFlow 
20411, PyTorch 
20412, PyTorch 
20412, Keras 
20412,  Scikit-learn 
20412,  TensorFlow 
20412, Huggingface 
20412, Xgboost 
20413,  TensorFlow 
20416,Other
20416, PyTorch Lightning 
20416, PyTorch 
20420,  Scikit-learn 
20423,  Scikit-learn 
20423, Keras 
20423,  TensorFlow 
20423, PyTorch 
20423, Xgboost 
20424, Fast.ai 
20424, Keras 
20424,  TensorFlow 
20424,  Scikit-learn 
20424, Xgboost 
20424, Huggingface 
20425,Other
20426,  Scikit-learn 
20428, Tidymodels 
20428, Xgboost 
20428, Keras 
20428,  Scikit-learn 
20428, Caret 
20428,  TensorFlow 
20429, Keras 
20429,  Scikit-learn 
20429,  TensorFlow 
20429, PyTorch 
20430,  TensorFlow 
20430, Keras 
20430,  Scikit-learn 
20430, Xgboost 
20432, PyTorch 
20432,  Scikit-learn 
20432, Xgboost 
20433, Huggingface 
20433,  TensorFlow 
20433, Keras 
20433, PyTorch Lightning 
20433,  Scikit-learn 
20433, Xgboost 
20433, PyTorch 
20434, PyTorch 
20434,  TensorFlow 
20434,Other
20434, Keras 
20434, Xgboost 
20434,  Scikit-learn 
20434, LightGBM 
20437, Xgboost 
20437,  Scikit-learn 
20437, Keras 
20437,  TensorFlow 
20438,  TensorFlow 
20438,  Scikit-learn 
20438, JAX 
20438, Keras 
20438, Huggingface 
20440, PyTorch 
20440,  TensorFlow 
20440, Keras 
20440,  Scikit-learn 
20444,  Scikit-learn 
20446,  Scikit-learn 
20446, Keras 
20446,  TensorFlow 
20446, Huggingface 
20448,  Scikit-learn 
20448,  TensorFlow 
20452, Keras 
20452,  TensorFlow 
20452,  Scikit-learn 
20454, LightGBM 
20454,  Scikit-learn 
20454, Xgboost 
20456,  Scikit-learn 
20456, Xgboost 
20456, LightGBM 
20456, Keras 
20457, PyTorch 
20457,  Scikit-learn 
20457,  TensorFlow 
20457, Xgboost 
20459,  Scikit-learn 
20459,  TensorFlow 
20466, Keras 
20466, Huggingface 
20466, Xgboost 
20466,  TensorFlow 
20466, PyTorch 
20466,  Scikit-learn 
20467,  TensorFlow 
20467, CatBoost 
20467, Xgboost 
20469,  TensorFlow 
20469,  Scikit-learn 
20469, PyTorch 
20469, Keras 
20472, CatBoost 
20472,  TensorFlow 
20472, LightGBM 
20472, Xgboost 
20472,  Scikit-learn 
20472, Keras 
20472, PyTorch 
20474,  TensorFlow 
20474, Keras 
20475,  Scikit-learn 
20476,  TensorFlow 
20476,  Scikit-learn 
20476, Keras 
20478, Caret 
20480, PyTorch 
20480,  TensorFlow 
20484, Fast.ai 
20484, PyTorch 
20484,  Scikit-learn 
20484,  TensorFlow 
20486, Xgboost 
20486,  Scikit-learn 
20486, Keras 
20488,  Scikit-learn 
20488, Xgboost 
20491, Huggingface 
20492, JAX 
20493,  Scikit-learn 
20494,  Scikit-learn 
20494,  TensorFlow 
20494, Keras 
20495, Huggingface 
20495, PyTorch 
20495, CatBoost 
20495, LightGBM 
20495,  Scikit-learn 
20495, PyTorch Lightning 
20497,  TensorFlow 
20498, PyTorch Lightning 
20498, Fast.ai 
20498,  Scikit-learn 
20498,  TensorFlow 
20498, PyTorch 
20499,  Scikit-learn 
20499, Xgboost 
20501,  TensorFlow 
20501, PyTorch 
20501,  Scikit-learn 
20501, Caret 
20505,  Scikit-learn 
20507,  Scikit-learn 
20511, PyTorch 
20511,  TensorFlow 
20511,  Scikit-learn 
20513, Keras 
20513,  Scikit-learn 
20513, LightGBM 
20513,  TensorFlow 
20513, PyTorch 
20513, Xgboost 
20514,  Scikit-learn 
20516,  Scikit-learn 
20518, PyTorch Lightning 
20518,  TensorFlow 
20518, Keras 
20519, PyTorch 
20519,  TensorFlow 
20522,  TensorFlow 
20522,  Scikit-learn 
20522, Keras 
20523, Tidymodels 
20523, Caret 
20524,  Scikit-learn 
20525, PyTorch 
20525,  TensorFlow 
20525,  Scikit-learn 
20525, Xgboost 
20526, PyTorch 
20526,  Scikit-learn 
20526,  TensorFlow 
20526, Keras 
20528, Keras 
20528,  TensorFlow 
20528, Fast.ai 
20528, PyTorch 
20528, Xgboost 
20528, Tidymodels 
20528,  Scikit-learn 
20530,  Scikit-learn 
20530, Xgboost 
20533, Huggingface 
20533,Other
20537,  Scikit-learn 
20537, LightGBM 
20537, Keras 
20537,  TensorFlow 
20537, Xgboost 
20538,  Scikit-learn 
20538, LightGBM 
20538, Xgboost 
20538, Keras 
20538,  TensorFlow 
20538, PyTorch 
20538, Huggingface 
20538, CatBoost 
20542,Other
20543, Caret 
20543,  Scikit-learn 
20543, Tidymodels 
20546,  TensorFlow 
20546,  Scikit-learn 
20546, Keras 
20551,  Scikit-learn 
20553,  Scikit-learn 
20555, Keras 
20555,  TensorFlow 
20555,  Scikit-learn 
20555, PyTorch 
20556, PyTorch 
20557,  TensorFlow 
20557, Keras 
20558,  TensorFlow 
20558, Keras 
20559, Keras 
20559,  TensorFlow 
20559,  Scikit-learn 
20560, Xgboost 
20560,  Scikit-learn 
20560, LightGBM 
20560, CatBoost 
20562, Huggingface 
20565,  Scikit-learn 
20565, Keras 
20565,  TensorFlow 
20566,  Scikit-learn 
20566, Fast.ai 
20566, CatBoost 
20566, Xgboost 
20568,  TensorFlow 
20568, PyTorch Lightning 
20568, Keras 
20568, PyTorch 
20569, CatBoost 
20569, Xgboost 
20569,  TensorFlow 
20569, LightGBM 
20569,  Scikit-learn 
20570,  Scikit-learn 
20570, JAX 
20570, Xgboost 
20575,  TensorFlow 
20575,  Scikit-learn 
20575, Keras 
20576, PyTorch Lightning 
20577,  Scikit-learn 
20578,  Scikit-learn 
20579,  TensorFlow 
20579, PyTorch 
20580,  TensorFlow 
20580,  Scikit-learn 
20581,  Scikit-learn 
20582,  Scikit-learn 
20583, Tidymodels 
20583, Caret 
20584, LightGBM 
20584,  TensorFlow 
20584,  Scikit-learn 
20585,  Scikit-learn 
20585, Xgboost 
20585, Keras 
20585, PyTorch 
20585,  TensorFlow 
20585, Huggingface 
20587,  Scikit-learn 
20589, LightGBM 
20589, Xgboost 
20589,  Scikit-learn 
20589, CatBoost 
20590,  Scikit-learn 
20590, Keras 
20590, Tidymodels 
20590,  TensorFlow 
20590, Xgboost 
20591,  Scikit-learn 
20591,  TensorFlow 
20592,  Scikit-learn 
20593, Keras 
20593, Xgboost 
20595, Xgboost 
20596,  Scikit-learn 
20596,  TensorFlow 
20596, Keras 
20597,  TensorFlow 
20598,  Scikit-learn 
20598,  TensorFlow 
20599,Other
20603, Xgboost 
20603,  Scikit-learn 
20603, Keras 
20606, Keras 
20606, PyTorch 
20606, Xgboost 
20606, LightGBM 
20606,  TensorFlow 
20606,  Scikit-learn 
20607, Xgboost 
20607, PyTorch 
20607,  Scikit-learn 
20607, LightGBM 
20607, CatBoost 
20607, Keras 
20607,  TensorFlow 
20608, PyTorch 
20608, Fast.ai 
20610,  TensorFlow 
20610, PyTorch 
20610, Xgboost 
20610,  Scikit-learn 
20611, Caret 
20613, Xgboost 
20613,  Scikit-learn 
20614,  TensorFlow 
20615, Caret 
20615, PyTorch 
20615,  TensorFlow 
20616, Fast.ai 
20616, Xgboost 
20616,  TensorFlow 
20617, Xgboost 
20617, PyTorch 
20617,  Scikit-learn 
20617,  TensorFlow 
20618,  Scikit-learn 
20618,  TensorFlow 
20620, Xgboost 
20620, Keras 
20620,  Scikit-learn 
20620,  TensorFlow 
20620, Huggingface 
20621,  Scikit-learn 
20621,  TensorFlow 
20621, Keras 
20622,  Scikit-learn 
20622,Other
20623, LightGBM 
20623,  TensorFlow 
20623, Keras 
20623,  Scikit-learn 
20623, Xgboost 
20624,  Scikit-learn 
20624,  TensorFlow 
20624, Keras 
20625,  Scikit-learn 
20625, PyTorch 
20627,  Scikit-learn 
20628,  Scikit-learn 
20628, PyTorch Lightning 
20628, Caret 
20628, JAX 
20628, PyTorch 
20628, Tidymodels 
20629, LightGBM 
20629,  TensorFlow 
20629, Huggingface 
20629, Xgboost 
20629,  Scikit-learn 
20629, Keras 
20630,  TensorFlow 
20630, Keras 
20631,  Scikit-learn 
20633,  Scikit-learn 
20636, Fast.ai 
20636, Keras 
20636, PyTorch 
20636,  TensorFlow 
20636,  Scikit-learn 
20637, PyTorch 
20637, Xgboost 
20637, Huggingface 
20637, Fast.ai 
20637,  Scikit-learn 
20638,  TensorFlow 
20638, Keras 
20639,  Scikit-learn 
20639, PyTorch 
20640, Tidymodels 
20640, Caret 
20641, PyTorch 
20643,  Scikit-learn 
20643,  TensorFlow 
20648, Caret 
20648, Keras 
20648, PyTorch 
20648,  Scikit-learn 
20649, Xgboost 
20649, Caret 
20649,  Scikit-learn 
20649, LightGBM 
20651, Tidymodels 
20651,  Scikit-learn 
20651, Keras 
20651,  TensorFlow 
20653,  Scikit-learn 
20653, Keras 
20653,  TensorFlow 
20654,  Scikit-learn 
20656, CatBoost 
20656,  Scikit-learn 
20656, Xgboost 
20657,  Scikit-learn 
20659,  Scikit-learn 
20661,  TensorFlow 
20661, Keras 
20662, Keras 
20662,  Scikit-learn 
20662, Caret 
20663, LightGBM 
20663, Xgboost 
20663,  Scikit-learn 
20663,  TensorFlow 
20663, PyTorch Lightning 
20663, PyTorch 
20663, Keras 
20665,  Scikit-learn 
20666,  TensorFlow 
20667,  Scikit-learn 
20667, Caret 
20668, PyTorch 
20668, CatBoost 
20668, JAX 
20668, PyTorch Lightning 
20669, PyTorch 
20669, Xgboost 
20669,  TensorFlow 
20669,  Scikit-learn 
20669, Keras 
20669, LightGBM 
20670, PyTorch 
20670, PyTorch Lightning 
20670, CatBoost 
20671,  Scikit-learn 
20672,  Scikit-learn 
20672, Keras 
20672, Fast.ai 
20672, PyTorch 
20672,  TensorFlow 
20672, Xgboost 
20672, LightGBM 
20673, Keras 
20673, PyTorch 
20673,  Scikit-learn 
20674,  Scikit-learn 
20675, LightGBM 
20675, Xgboost 
20675, PyTorch 
20681, Keras 
20681, PyTorch 
20681,  Scikit-learn 
20681,  TensorFlow 
20683,  Scikit-learn 
20684, Caret 
20684, JAX 
20684, PyTorch Lightning 
20684, CatBoost 
20684, Fast.ai 
20684, Huggingface 
20686, Keras 
20686,  TensorFlow 
20687,  Scikit-learn 
20687, Keras 
20687,  TensorFlow 
20687, PyTorch 
20693,  TensorFlow 
20693, Keras 
20694,  Scikit-learn 
20695, Xgboost 
20695,  Scikit-learn 
20697, Xgboost 
20697,  TensorFlow 
20697,  Scikit-learn 
20697, PyTorch 
20698,  TensorFlow 
20698, PyTorch 
20699,  Scikit-learn 
20699, Xgboost 
20699, LightGBM 
20700, PyTorch 
20702,Other
20703,  Scikit-learn 
20703,  TensorFlow 
20703, Keras 
20704, Tidymodels 
20705,  Scikit-learn 
20708, Keras 
20708,  Scikit-learn 
20709,  TensorFlow 
20709, Keras 
20710,  TensorFlow 
20710, LightGBM 
20710,  Scikit-learn 
20710, PyTorch 
20710, Xgboost 
20710, Keras 
20711,  Scikit-learn 
20711, Keras 
20711,  TensorFlow 
20711, PyTorch 
20712,  Scikit-learn 
20712, Xgboost 
20713,  Scikit-learn 
20713, Keras 
20714,  TensorFlow 
20714,  Scikit-learn 
20714, Keras 
20716, PyTorch 
20718,  Scikit-learn 
20721, Huggingface 
20721,  TensorFlow 
20721,  Scikit-learn 
20721, PyTorch 
20721, Caret 
20721, Keras 
20722,Other
20723, Xgboost 
20723, PyTorch 
20723, Huggingface 
20724,  Scikit-learn 
20724, Keras 
20724,  TensorFlow 
20724, PyTorch 
20725,  Scikit-learn 
20726, LightGBM 
20726, PyTorch Lightning 
20726,  Scikit-learn 
20726,  TensorFlow 
20726, PyTorch 
20726, Keras 
20726, Xgboost 
20728,  TensorFlow 
20728, Keras 
20728, PyTorch 
20728, LightGBM 
20732, Keras 
20733, Caret 
20733,  TensorFlow 
20733,  Scikit-learn 
20733, Xgboost 
20733, Huggingface 
20733, Keras 
20733, PyTorch 
20735,  Scikit-learn 
20735, PyTorch 
20739,  TensorFlow 
20739,  Scikit-learn 
20739, CatBoost 
20739, LightGBM 
20739, Caret 
20739, Keras 
20739, Tidymodels 
20739, Xgboost 
20742, Keras 
20742,  Scikit-learn 
20745,  TensorFlow 
20745,  Scikit-learn 
20745, Keras 
20747,  TensorFlow 
20747, Keras 
20747,  Scikit-learn 
20748, Keras 
20748,  Scikit-learn 
20749, Xgboost 
20749, Keras 
20749,  Scikit-learn 
20749,  TensorFlow 
20750,  Scikit-learn 
20750, Xgboost 
20751, PyTorch 
20751,  TensorFlow 
20751, Keras 
20751,  Scikit-learn 
20752,  TensorFlow 
20752,  Scikit-learn 
20752, Keras 
20752, CatBoost 
20754,  TensorFlow 
20754, JAX 
20754, LightGBM 
20754, Keras 
20754, Caret 
20756,  Scikit-learn 
20756, Xgboost 
20756,  TensorFlow 
20756, Keras 
20757, Xgboost 
20757, Tidymodels 
20757, Caret 
20757,  TensorFlow 
20757, LightGBM 
20757,  Scikit-learn 
20758, PyTorch 
20758, LightGBM 
20758,  Scikit-learn 
20759, PyTorch 
20759,  TensorFlow 
20760, PyTorch 
20760, Keras 
20761, Huggingface 
20761,  Scikit-learn 
20761, Xgboost 
20761, Fast.ai 
20764,  TensorFlow 
20764, LightGBM 
20764,  Scikit-learn 
20764, Xgboost 
20764, Keras 
20765, PyTorch 
20766,  TensorFlow 
20766, Huggingface 
20766, Keras 
20766, PyTorch 
20766,  Scikit-learn 
20767, PyTorch 
20767, LightGBM 
20767, Xgboost 
20767,  Scikit-learn 
20768, Huggingface 
20768,  Scikit-learn 
20769,  Scikit-learn 
20769,  TensorFlow 
20769, Xgboost 
20770,  Scikit-learn 
20771, Xgboost 
20771,  Scikit-learn 
20771, LightGBM 
20778, LightGBM 
20778, CatBoost 
20778,  TensorFlow 
20778, Keras 
20778, Xgboost 
20778,  Scikit-learn 
20780,  Scikit-learn 
20781, Xgboost 
20781, Keras 
20781,  TensorFlow 
20781,  Scikit-learn 
20783, Keras 
20783, PyTorch 
20783,  Scikit-learn 
20783,  TensorFlow 
20786, Caret 
20789, Keras 
20789,  TensorFlow 
20789, CatBoost 
20789,  Scikit-learn 
20789, Xgboost 
20790,  Scikit-learn 
20790,  TensorFlow 
20790, PyTorch 
20790, Keras 
20791, CatBoost 
20791,  Scikit-learn 
20791, LightGBM 
20791, Xgboost 
20792, LightGBM 
20792, Caret 
20792,  Scikit-learn 
20792, Huggingface 
20792, Keras 
20792,  TensorFlow 
20792, Xgboost 
20794, Xgboost 
20794, PyTorch 
20795,  Scikit-learn 
20795, Xgboost 
20795,  TensorFlow 
20797, PyTorch Lightning 
20797, PyTorch 
20798, Keras 
20798,  TensorFlow 
20798,  Scikit-learn 
20798, Xgboost 
20799, CatBoost 
20799,  TensorFlow 
20799, Xgboost 
20799,  Scikit-learn 
20799, Keras 
20800, PyTorch 
20800,  Scikit-learn 
20800,  TensorFlow 
20800, Keras 
20800, Xgboost 
20801, Xgboost 
20801, Keras 
20801,  TensorFlow 
20801,  Scikit-learn 
20804,  TensorFlow 
20804,  Scikit-learn 
20804, Xgboost 
20805, Huggingface 
20805,  TensorFlow 
20805, PyTorch 
20805,  Scikit-learn 
20806,  Scikit-learn 
20806,Other
20808,  Scikit-learn 
20808,  TensorFlow 
20808, CatBoost 
20808, LightGBM 
20808, PyTorch Lightning 
20808, Huggingface 
20808, PyTorch 
20808, Keras 
20808, Fast.ai 
20808, Xgboost 
20810, Xgboost 
20810, PyTorch 
20810,  Scikit-learn 
20811,  Scikit-learn 
20811, Xgboost 
20812,  TensorFlow 
20814,  Scikit-learn 
20814, Keras 
20814, Xgboost 
20814, PyTorch 
20814, Tidymodels 
20815,  Scikit-learn 
20815, Keras 
20815,  TensorFlow 
20816, PyTorch 
20817,  Scikit-learn 
20818, LightGBM 
20818, Xgboost 
20818, CatBoost 
20818, PyTorch 
20818,  Scikit-learn 
20818, PyTorch Lightning 
20818, Keras 
20818,  TensorFlow 
20818, Fast.ai 
20818, Huggingface 
20819, Keras 
20819,  TensorFlow 
20819, PyTorch 
20819,  Scikit-learn 
20819, LightGBM 
20819, Xgboost 
20820,  Scikit-learn 
20826,  Scikit-learn 
20829, Xgboost 
20829,  Scikit-learn 
20830,Other
20830,  TensorFlow 
20831,  Scikit-learn 
20834, JAX 
20834, Tidymodels 
20834,  Scikit-learn 
20834, PyTorch 
20835,  Scikit-learn 
20835, Xgboost 
20837, Fast.ai 
20837, Keras 
20837, PyTorch 
20837,  Scikit-learn 
20837, Xgboost 
20837,  TensorFlow 
20838,  TensorFlow 
20838,  Scikit-learn 
20838, Xgboost 
20840,Other
20842, PyTorch Lightning 
20842, PyTorch 
20842,  Scikit-learn 
20842,  TensorFlow 
20843,  Scikit-learn 
20843,  TensorFlow 
20843, Keras 
20843, PyTorch 
20843, Xgboost 
20844, PyTorch 
20844, LightGBM 
20844, Keras 
20844,  Scikit-learn 
20846,  TensorFlow 
20846,  Scikit-learn 
20846, Xgboost 
20847, Xgboost 
20847,  Scikit-learn 
20849, Xgboost 
20849,  Scikit-learn 
20850,  TensorFlow 
20850, Keras 
20850,  Scikit-learn 
20852, PyTorch 
20852,  Scikit-learn 
20852,  TensorFlow 
20852, Keras 
20854, Keras 
20854,  TensorFlow 
20854,  Scikit-learn 
20855, PyTorch 
20856, Xgboost 
20856,  Scikit-learn 
20857, Tidymodels 
20860,  TensorFlow 
20860,  Scikit-learn 
20860, Keras 
20861, PyTorch 
20861,  Scikit-learn 
20861, Fast.ai 
20862,  Scikit-learn 
20862, PyTorch 
20864, PyTorch 
20864, Keras 
20864,  TensorFlow 
20865,  TensorFlow 
20865,  Scikit-learn 
20865, CatBoost 
20865, LightGBM 
20865, Xgboost 
20865, Keras 
20866, PyTorch 
20866, Keras 
20866,  TensorFlow 
20866,  Scikit-learn 
20866, Huggingface 
20868,Other
20870,  Scikit-learn 
20872,Other
20872, PyTorch Lightning 
20872, Xgboost 
20872, Keras 
20872,  Scikit-learn 
20872, PyTorch 
20872,  TensorFlow 
20872, CatBoost 
20873, PyTorch Lightning 
20873, PyTorch 
20873,  Scikit-learn 
20874,  TensorFlow 
20874,  Scikit-learn 
20874, Keras 
20878,  TensorFlow 
20878, Keras 
20878,Other
20878,  Scikit-learn 
20880, Xgboost 
20880, PyTorch 
20880,  Scikit-learn 
20880, Keras 
20880,  TensorFlow 
20881,  TensorFlow 
20881,  Scikit-learn 
20882, PyTorch 
20884, PyTorch 
20884, LightGBM 
20884,  Scikit-learn 
20884, PyTorch Lightning 
20884, Xgboost 
20885,  TensorFlow 
20885,  Scikit-learn 
20885, Xgboost 
20886,  Scikit-learn 
20886,  TensorFlow 
20888,  Scikit-learn 
20891,  TensorFlow 
20891,  Scikit-learn 
20891, Keras 
20892,  Scikit-learn 
20894,Other
20895, LightGBM 
20895, Xgboost 
20896,  Scikit-learn 
20897,  TensorFlow 
20897,  Scikit-learn 
20897, Xgboost 
20897, Keras 
20900,  Scikit-learn 
20901,  Scikit-learn 
20904,  TensorFlow 
20904,  Scikit-learn 
20905, PyTorch 
20905,  Scikit-learn 
20906,  TensorFlow 
20907,  TensorFlow 
20907, Xgboost 
20907, PyTorch 
20907,  Scikit-learn 
20907, Keras 
20907, Fast.ai 
20907, Huggingface 
20908,  Scikit-learn 
20908,  TensorFlow 
20908, PyTorch 
20908, Keras 
20909, Fast.ai 
20909, Xgboost 
20909,  Scikit-learn 
20909, PyTorch 
20909, CatBoost 
20909, LightGBM 
20909, PyTorch Lightning 
20911,  Scikit-learn 
20912,  Scikit-learn 
20913, PyTorch 
20913, Xgboost 
20913,  Scikit-learn 
20915,  Scikit-learn 
20915,  TensorFlow 
20915, Keras 
20916,  Scikit-learn 
20922,  Scikit-learn 
20922, Keras 
20922, PyTorch 
20922,  TensorFlow 
20923,  TensorFlow 
20926, Keras 
20926,  Scikit-learn 
20926,  TensorFlow 
20926, PyTorch 
20927, CatBoost 
20927, Keras 
20927, PyTorch Lightning 
20927, PyTorch 
20927, LightGBM 
20927, Xgboost 
20927, Fast.ai 
20927,  TensorFlow 
20927,  Scikit-learn 
20927, Huggingface 
20929, Xgboost 
20929,  Scikit-learn 
20930, PyTorch 
20931,  TensorFlow 
20931, Keras 
20931, PyTorch 
20932,  Scikit-learn 
20932, PyTorch 
20932,  TensorFlow 
20933,Other
20934,  Scikit-learn 
20934,  TensorFlow 
20934, PyTorch 
20934, Keras 
20936,  Scikit-learn 
20936, Xgboost 
20936, LightGBM 
20936, Keras 
20936,  TensorFlow 
20937, Keras 
20941, Tidymodels 
20941,  TensorFlow 
20941, LightGBM 
20941, CatBoost 
20941,  Scikit-learn 
20941, Caret 
20941, PyTorch 
20941, PyTorch Lightning 
20941, Xgboost 
20943,  TensorFlow 
20943,  Scikit-learn 
20943, PyTorch 
20945, JAX 
20945, Xgboost 
20945, Keras 
20945, PyTorch 
20945,  Scikit-learn 
20945,  TensorFlow 
20946, PyTorch 
20946,  Scikit-learn 
20946, Keras 
20946, Huggingface 
20946,  TensorFlow 
20948,  TensorFlow 
20948, Keras 
20948, Xgboost 
20948, Caret 
20948, Tidymodels 
20949, Xgboost 
20949,  TensorFlow 
20949,  Scikit-learn 
20949, LightGBM 
20949, Keras 
20950, Keras 
20950,  TensorFlow 
20950,  Scikit-learn 
20951,  Scikit-learn 
20951, JAX 
20952, Tidymodels 
20952,  Scikit-learn 
20953, Huggingface 
20953, PyTorch Lightning 
20953,  Scikit-learn 
20953, PyTorch 
20953, LightGBM 
20953, Xgboost 
20953, Fast.ai 
20956,  Scikit-learn 
20956, Keras 
20956, Fast.ai 
20956, PyTorch Lightning 
20956,  TensorFlow 
20957,  Scikit-learn 
20957, PyTorch 
20957, Huggingface 
20957,  TensorFlow 
20957, Fast.ai 
20960, Keras 
20960, Xgboost 
20960, CatBoost 
20961,  Scikit-learn 
20964, Keras 
20964,  TensorFlow 
20964, Tidymodels 
20964,  Scikit-learn 
20967,  TensorFlow 
20967,  Scikit-learn 
20967, Huggingface 
20967, Keras 
20967, CatBoost 
20967, Tidymodels 
20967, Xgboost 
20967, LightGBM 
20968,  Scikit-learn 
20973,  Scikit-learn 
20974, PyTorch 
20974, Xgboost 
20974,  Scikit-learn 
20974, LightGBM 
20974,  TensorFlow 
20974, Keras 
20975,  Scikit-learn 
20979,  Scikit-learn 
20979,  TensorFlow 
20983,  TensorFlow 
20983,  Scikit-learn 
20983, Xgboost 
20983, Keras 
20985, PyTorch 
20985,  Scikit-learn 
20985, Keras 
20986, LightGBM 
20986,  Scikit-learn 
20986, Xgboost 
20986, CatBoost 
20986, Huggingface 
20986, PyTorch 
20988,  Scikit-learn 
20988, PyTorch 
20989, PyTorch 
20989,  TensorFlow 
20990,  Scikit-learn 
20990, Xgboost 
20990,  TensorFlow 
20990, PyTorch 
20990, LightGBM 
20991, PyTorch 
20993, Xgboost 
20993,  Scikit-learn 
20993, LightGBM 
20994,  Scikit-learn 
20994, Xgboost 
20996,  Scikit-learn 
20999,  Scikit-learn 
20999, Xgboost 
21000, Xgboost 
21000, LightGBM 
21001, Huggingface 
21001, Keras 
21001, PyTorch Lightning 
21001, Fast.ai 
21001,  TensorFlow 
21001, LightGBM 
21001, Xgboost 
21001, PyTorch 
21001,  Scikit-learn 
21007, PyTorch 
21008,  Scikit-learn 
21008, LightGBM 
21008, Xgboost 
21011,  Scikit-learn 
21013,  TensorFlow 
21013,  Scikit-learn 
21015, Tidymodels 
21019, Keras 
21019,  TensorFlow 
21019, Huggingface 
21019, PyTorch 
21021,  Scikit-learn 
21022, Keras 
21022,  TensorFlow 
21028,  Scikit-learn 
21028,Other
21029,  Scikit-learn 
21030,  Scikit-learn 
21030, Keras 
21030,  TensorFlow 
21032,  Scikit-learn 
21035, Keras 
21035,  Scikit-learn 
21035,  TensorFlow 
21038, LightGBM 
21038,  Scikit-learn 
21038, Xgboost 
21041, Xgboost 
21041,  TensorFlow 
21041, Keras 
21041,  Scikit-learn 
21042,  TensorFlow 
21042, Keras 
21043,  Scikit-learn 
21046,  Scikit-learn 
21046, Xgboost 
21046, LightGBM 
21048,  TensorFlow 
21048,  Scikit-learn 
21050, Keras 
21050,  Scikit-learn 
21050,  TensorFlow 
21052,  Scikit-learn 
21052, Huggingface 
21052,  TensorFlow 
21052, PyTorch 
21052, Keras 
21054,Other
21055,  Scikit-learn 
21055,  TensorFlow 
21055, Keras 
21056, PyTorch 
21056,  Scikit-learn 
21057,  Scikit-learn 
21057,  TensorFlow 
21059,  TensorFlow 
21059, PyTorch 
21059,  Scikit-learn 
21059, Keras 
21059, Caret 
21059, Xgboost 
21060, PyTorch 
21060,  Scikit-learn 
21060, LightGBM 
21060,Other
21060, Fast.ai 
21060, CatBoost 
21060, Xgboost 
21060, Keras 
21060, PyTorch Lightning 
21060,  TensorFlow 
21060, Caret 
21061,  Scikit-learn 
21061, Keras 
21062, PyTorch 
21062,  TensorFlow 
21062,  Scikit-learn 
21062, Keras 
21063,  TensorFlow 
21063, Keras 
21063,  Scikit-learn 
21063, PyTorch 
21063, Fast.ai 
21064, Keras 
21064,  Scikit-learn 
21064, PyTorch 
21064,  TensorFlow 
21066, Xgboost 
21066,  Scikit-learn 
21067, PyTorch 
21067,  Scikit-learn 
21067, Tidymodels 
21069,  Scikit-learn 
21069, Xgboost 
21071, Xgboost 
21071,  Scikit-learn 
21071, Caret 
21072,  Scikit-learn 
21073,  TensorFlow 
21073, Keras 
21073, Huggingface 
21074, Keras 
21074,Other
21074, CatBoost 
21076,  Scikit-learn 
21076,  TensorFlow 
21076, Keras 
21076, PyTorch 
21077,  Scikit-learn 
21077, PyTorch Lightning 
21077, Huggingface 
21077, Keras 
21077, PyTorch 
21078,  TensorFlow 
21078, PyTorch 
21078,  Scikit-learn 
21078, Keras 
21081,  TensorFlow 
21081, Xgboost 
21081,  Scikit-learn 
21081, Keras 
21084, Keras 
21084,  TensorFlow 
21084,  Scikit-learn 
21087, Keras 
21089,  Scikit-learn 
21092, Xgboost 
21093, PyTorch 
21093,  Scikit-learn 
21093, Xgboost 
21093,  TensorFlow 
21093, Keras 
21094, Xgboost 
21094,  Scikit-learn 
21094,  TensorFlow 
21095,  Scikit-learn 
21096, Xgboost 
21096, LightGBM 
21096,  TensorFlow 
21096, Keras 
21096,  Scikit-learn 
21097, Xgboost 
21097, LightGBM 
21097,  TensorFlow 
21097, Tidymodels 
21097,  Scikit-learn 
21098, Keras 
21098, PyTorch 
21098,  Scikit-learn 
21098,  TensorFlow 
21101,  Scikit-learn 
21101,  TensorFlow 
21101, PyTorch 
21101, Keras 
21101, Xgboost 
21102,  Scikit-learn 
21103,  Scikit-learn 
21104, Xgboost 
21104, PyTorch 
21104,  Scikit-learn 
21105,  Scikit-learn 
21105, Keras 
21105,  TensorFlow 
21106,  Scikit-learn 
21106, Xgboost 
21106,  TensorFlow 
21107,  Scikit-learn 
21107,  TensorFlow 
21107, Keras 
21108,Other
21109, Keras 
21109, Caret 
21109, Xgboost 
21109,  Scikit-learn 
21109, Huggingface 
21109,  TensorFlow 
21110, Xgboost 
21110,  TensorFlow 
21110, PyTorch 
21111,  Scikit-learn 
21111,  TensorFlow 
21112, CatBoost 
21112, LightGBM 
21112,  Scikit-learn 
21114, PyTorch 
21114, Keras 
21114,  Scikit-learn 
21114,  TensorFlow 
21114, PyTorch Lightning 
21115,  Scikit-learn 
21116,  TensorFlow 
21120,  Scikit-learn 
21120, PyTorch 
21120, Huggingface 
21122,  Scikit-learn 
21124,  TensorFlow 
21125, Fast.ai 
21125,  Scikit-learn 
21125, Xgboost 
21125, CatBoost 
21125, LightGBM 
21125, PyTorch Lightning 
21125, Huggingface 
21125,  TensorFlow 
21125, PyTorch 
21125, Keras 
21126,  Scikit-learn 
21128, PyTorch 
21128,  TensorFlow 
21130,  TensorFlow 
21130, Keras 
21130,  Scikit-learn 
21130, Xgboost 
21131,  TensorFlow 
21131, PyTorch 
21131, Keras 
21131,  Scikit-learn 
21131, Xgboost 
21132, Keras 
21132,  TensorFlow 
21132, PyTorch 
21132,  Scikit-learn 
21134,  TensorFlow 
21134,  Scikit-learn 
21134, Keras 
21135, Xgboost 
21135,  Scikit-learn 
21135,  TensorFlow 
21136, Huggingface 
21136, PyTorch 
21136, Fast.ai 
21137,  TensorFlow 
21137, Keras 
21137, PyTorch 
21138, Keras 
21138,  TensorFlow 
21139,  TensorFlow 
21139,  Scikit-learn 
21140,  TensorFlow 
21140, Keras 
21140,  Scikit-learn 
21141, PyTorch 
21141,  Scikit-learn 
21141,  TensorFlow 
21141, Keras 
21145, PyTorch 
21145,  Scikit-learn 
21145, Huggingface 
21146,  Scikit-learn 
21146, Xgboost 
21146,  TensorFlow 
21148, Keras 
21148, Caret 
21148, PyTorch 
21148,  TensorFlow 
21148, Tidymodels 
21149, PyTorch 
21149,  TensorFlow 
21149,  Scikit-learn 
21149, Xgboost 
21149, Keras 
21154, Keras 
21154, CatBoost 
21154,  TensorFlow 
21154, PyTorch 
21154, LightGBM 
21154, Xgboost 
21154,  Scikit-learn 
21155, Xgboost 
21155, PyTorch 
21155, Keras 
21155,  Scikit-learn 
21155,  TensorFlow 
21156, LightGBM 
21156,  Scikit-learn 
21156, Xgboost 
21157, Keras 
21157, Xgboost 
21157, CatBoost 
21157,  Scikit-learn 
21158, Fast.ai 
21158,  Scikit-learn 
21158, Xgboost 
21158, PyTorch 
21158,  TensorFlow 
21163,  TensorFlow 
21163,  Scikit-learn 
21163, Fast.ai 
21164,  TensorFlow 
21164,  Scikit-learn 
21164, Keras 
21166, PyTorch 
21167, PyTorch Lightning 
21167, PyTorch 
21167, Fast.ai 
21167,  Scikit-learn 
21167,  TensorFlow 
21167, Xgboost 
21167, Tidymodels 
21167, Huggingface 
21167, Caret 
21167, LightGBM 
21167, Keras 
21171,  Scikit-learn 
21171, LightGBM 
21171, Keras 
21171, Xgboost 
21171,  TensorFlow 
21171, Tidymodels 
21171, PyTorch 
21172,  TensorFlow 
21172,  Scikit-learn 
21173,  TensorFlow 
21173,  Scikit-learn 
21173, Keras 
21177, Keras 
21177, Caret 
21177, Xgboost 
21177,  Scikit-learn 
21180, PyTorch 
21180, Xgboost 
21180, Keras 
21180, Fast.ai 
21180,  Scikit-learn 
21180,  TensorFlow 
21182, PyTorch 
21182,  Scikit-learn 
21185, PyTorch 
21185, LightGBM 
21185, Keras 
21185,  TensorFlow 
21185, Xgboost 
21185,  Scikit-learn 
21186,  TensorFlow 
21186, Keras 
21187,  Scikit-learn 
21187,  TensorFlow 
21187, PyTorch 
21188,  Scikit-learn 
21193,  Scikit-learn 
21194, Keras 
21194,  TensorFlow 
21194,  Scikit-learn 
21199, Xgboost 
21201,  Scikit-learn 
21201,  TensorFlow 
21201, Xgboost 
21201, Tidymodels 
21201, Caret 
21201, PyTorch 
21203, Keras 
21203, Xgboost 
21203, LightGBM 
21203, CatBoost 
21203,  Scikit-learn 
21204,  Scikit-learn 
21204, Xgboost 
21204, Keras 
21204,  TensorFlow 
21207,  Scikit-learn 
21207, PyTorch 
21207,  TensorFlow 
21207, Keras 
21208, Keras 
21208,  TensorFlow 
21208, Xgboost 
21208,  Scikit-learn 
21210, LightGBM 
21210, Keras 
21210,  TensorFlow 
21210, Xgboost 
21210,  Scikit-learn 
21210, CatBoost 
21210, PyTorch 
21211,  TensorFlow 
21211, Xgboost 
21211, Keras 
21211,  Scikit-learn 
21213, Xgboost 
21213,  Scikit-learn 
21215, LightGBM 
21215, Xgboost 
21215, Keras 
21215,  Scikit-learn 
21215,  TensorFlow 
21216,  Scikit-learn 
21216, PyTorch 
21216,  TensorFlow 
21218, PyTorch 
21218,  TensorFlow 
21218, Keras 
21218,  Scikit-learn 
21221,  TensorFlow 
21221,  Scikit-learn 
21222,  Scikit-learn 
21222,  TensorFlow 
21223, Keras 
21223,  Scikit-learn 
21223,  TensorFlow 
21224,  TensorFlow 
21224, PyTorch Lightning 
21224, Keras 
21224, PyTorch 
21226,  Scikit-learn 
21229, Keras 
21230,  TensorFlow 
21230, Keras 
21230, Xgboost 
21230,  Scikit-learn 
21231,  Scikit-learn 
21234,  Scikit-learn 
21235,  Scikit-learn 
21235, PyTorch Lightning 
21235, Keras 
21235,  TensorFlow 
21235, PyTorch 
21235, Fast.ai 
21236,  TensorFlow 
21236, Keras 
21236, PyTorch 
21236,  Scikit-learn 
21237,  Scikit-learn 
21237,  TensorFlow 
21237, Keras 
21238, PyTorch Lightning 
21238,  Scikit-learn 
21238, PyTorch 
21238, Keras 
21238,  TensorFlow 
21240, Xgboost 
21240,  Scikit-learn 
21241,  TensorFlow 
21244,  TensorFlow 
21244,  Scikit-learn 
21244, Keras 
21244, PyTorch 
21244, Huggingface 
21244, Xgboost 
21245,  TensorFlow 
21245,  Scikit-learn 
21246,  TensorFlow 
21249, Xgboost 
21250, PyTorch 
21250, Xgboost 
21250, LightGBM 
21250, CatBoost 
21250,  Scikit-learn 
21253,  TensorFlow 
21253, Keras 
21253, CatBoost 
21253,  Scikit-learn 
21253, Xgboost 
21253, PyTorch 
21254, Xgboost 
21254, Keras 
21254,  Scikit-learn 
21254,  TensorFlow 
21256,  TensorFlow 
21256, Keras 
21256,  Scikit-learn 
21258,  Scikit-learn 
21258,  TensorFlow 
21258, PyTorch 
21258, Keras 
21258,Other
21262,  Scikit-learn 
21263,  TensorFlow 
21263, Keras 
21263,  Scikit-learn 
21269, Keras 
21269, Caret 
21269,  Scikit-learn 
21269,  TensorFlow 
21269, Xgboost 
21270, Keras 
21270,  TensorFlow 
21271, Xgboost 
21271, Keras 
21271,  TensorFlow 
21277, Keras 
21277,  Scikit-learn 
21277, LightGBM 
21278,  TensorFlow 
21279,  Scikit-learn 
21280,  Scikit-learn 
21281,  Scikit-learn 
21281, Xgboost 
21281, LightGBM 
21281,  TensorFlow 
21281, Keras 
21282,  Scikit-learn 
21282, Keras 
21282,  TensorFlow 
21284,  Scikit-learn 
21284,  TensorFlow 
21285,  Scikit-learn 
21286,  Scikit-learn 
21286,  TensorFlow 
21287, Xgboost 
21287,  Scikit-learn 
21287,  TensorFlow 
21287, Keras 
21287, LightGBM 
21289,Other
21291,Other
21292,  Scikit-learn 
21293,  Scikit-learn 
21295,  Scikit-learn 
21297,  Scikit-learn 
21297, Xgboost 
21297, PyTorch 
21297,  TensorFlow 
21298,  Scikit-learn 
21298, JAX 
21298, Huggingface 
21300,  TensorFlow 
21300,  Scikit-learn 
21305,  Scikit-learn 
21306, PyTorch 
21306, Keras 
21306, Fast.ai 
21306,  TensorFlow 
21306,  Scikit-learn 
21306, Xgboost 
21309,  TensorFlow 
21309,  Scikit-learn 
21311,  Scikit-learn 
21313, CatBoost 
21313, Xgboost 
21313,  Scikit-learn 
21313,  TensorFlow 
21313, Keras 
21315,  Scikit-learn 
21316,  Scikit-learn 
21321, CatBoost 
21321,  TensorFlow 
21321,  Scikit-learn 
21321, LightGBM 
21321, Xgboost 
21325,  TensorFlow 
21326, Fast.ai 
21326,  TensorFlow 
21327, Xgboost 
21327,  TensorFlow 
21327,  Scikit-learn 
21328, Keras 
21328,  TensorFlow 
21329, Caret 
21331,  Scikit-learn 
21331, Keras 
21331,  TensorFlow 
21332,  Scikit-learn 
21334,  TensorFlow 
21334, PyTorch 
21334,  Scikit-learn 
21334, Keras 
21336,  Scikit-learn 
21336, LightGBM 
21336, CatBoost 
21336, Xgboost 
21337, PyTorch Lightning 
21337,  TensorFlow 
21337, PyTorch 
21337,  Scikit-learn 
21339, Caret 
21339, Huggingface 
21339,  Scikit-learn 
21339,  TensorFlow 
21339, Xgboost 
21341, Keras 
21341, Xgboost 
21341,  TensorFlow 
21341,  Scikit-learn 
21343, JAX 
21343, PyTorch 
21346, PyTorch 
21347,  Scikit-learn 
21348,  Scikit-learn 
21351,  Scikit-learn 
21351, LightGBM 
21351, Xgboost 
21352,  TensorFlow 
21352,  Scikit-learn 
21354,  Scikit-learn 
21354, Xgboost 
21354,Other
21357,  Scikit-learn 
21358, Keras 
21358,  TensorFlow 
21358,  Scikit-learn 
21358, PyTorch 
21358, Huggingface 
21359,  Scikit-learn 
21359,  TensorFlow 
21362, PyTorch 
21362, PyTorch Lightning 
21362, Fast.ai 
21363,  Scikit-learn 
21363, Xgboost 
21364, PyTorch 
21365,  Scikit-learn 
21365, Xgboost 
21365, CatBoost 
21365, Keras 
21365, Huggingface 
21365, LightGBM 
21365, PyTorch 
21366,  Scikit-learn 
21367,  TensorFlow 
21367,  Scikit-learn 
21367, Huggingface 
21367, PyTorch 
21370, Keras 
21370,  TensorFlow 
21370,  Scikit-learn 
21377,  TensorFlow 
21377,  Scikit-learn 
21377, Keras 
21379, Keras 
21379,  Scikit-learn 
21379, Xgboost 
21379,  TensorFlow 
21380, CatBoost 
21380, Huggingface 
21380, JAX 
21380, LightGBM 
21380,  Scikit-learn 
21382,  TensorFlow 
21382,  Scikit-learn 
21382, Caret 
21382, Keras 
21382, Xgboost 
21384,  Scikit-learn 
21385,  TensorFlow 
21386,  Scikit-learn 
21387, PyTorch 
21387,  TensorFlow 
21387, PyTorch Lightning 
21388,  TensorFlow 
21389, PyTorch Lightning 
21389,  TensorFlow 
21389, Keras 
21390,  Scikit-learn 
21390, Xgboost 
21390, LightGBM 
21391,  Scikit-learn 
21391,  TensorFlow 
21391, Xgboost 
21392,  TensorFlow 
21392, Xgboost 
21392,  Scikit-learn 
21392, Keras 
21393,  TensorFlow 
21393, Xgboost 
21393, Caret 
21393, CatBoost 
21393, LightGBM 
21393,  Scikit-learn 
21394, Xgboost 
21394,  Scikit-learn 
21394, LightGBM 
21396,  Scikit-learn 
21399, Tidymodels 
21405,  TensorFlow 
21405, Keras 
21405,  Scikit-learn 
21407,  TensorFlow 
21407, CatBoost 
21407,  Scikit-learn 
21408,  TensorFlow 
21408,  Scikit-learn 
21408, Keras 
21409,  Scikit-learn 
21412,  Scikit-learn 
21414,  TensorFlow 
21414, Xgboost 
21414, LightGBM 
21414,  Scikit-learn 
21414, Keras 
21415,  Scikit-learn 
21416,  Scikit-learn 
21418, Fast.ai 
21418,  Scikit-learn 
21418,  TensorFlow 
21418, Huggingface 
21422, Xgboost 
21422,  Scikit-learn 
21423,  Scikit-learn 
21423, Keras 
21424,  Scikit-learn 
21426,  Scikit-learn 
21428, PyTorch 
21431,  TensorFlow 
21431,Other
21431,  Scikit-learn 
21432, Xgboost 
21432,  Scikit-learn 
21435, Huggingface 
21435,  Scikit-learn 
21436, PyTorch 
21437, Keras 
21437, PyTorch 
21437,  Scikit-learn 
21437,  TensorFlow 
21438,  TensorFlow 
21438, Huggingface 
21438, Keras 
21438,  Scikit-learn 
21444, Keras 
21444, Xgboost 
21444,  TensorFlow 
21444, LightGBM 
21444, CatBoost 
21444,  Scikit-learn 
21447,  Scikit-learn 
21447, Xgboost 
21449,  Scikit-learn 
21449,  TensorFlow 
21449, Keras 
21450, Keras 
21450,  Scikit-learn 
21450,  TensorFlow 
21450, Huggingface 
21450, CatBoost 
21450, Caret 
21450, LightGBM 
21450, Xgboost 
21450, Fast.ai 
21451,Other
21452,  Scikit-learn 
21452,  TensorFlow 
21453,  TensorFlow 
21453, PyTorch 
21453, Huggingface 
21453,  Scikit-learn 
21453, Keras 
21454, PyTorch 
21454,  TensorFlow 
21455,  Scikit-learn 
21455, Xgboost 
21458,  TensorFlow 
21458, PyTorch 
21458, Keras 
21458,  Scikit-learn 
21460, Huggingface 
21460, CatBoost 
21460,  TensorFlow 
21460,  Scikit-learn 
21461,  Scikit-learn 
21461,  TensorFlow 
21461, Caret 
21461, Keras 
21461, Xgboost 
21461, PyTorch 
21463,  Scikit-learn 
21464,  TensorFlow 
21464,  Scikit-learn 
21465, Xgboost 
21465,  TensorFlow 
21465,  Scikit-learn 
21465, CatBoost 
21465, Caret 
21469, Keras 
21469, CatBoost 
21469, Xgboost 
21469, PyTorch 
21469, PyTorch Lightning 
21469, LightGBM 
21469,  Scikit-learn 
21469,  TensorFlow 
21470,  Scikit-learn 
21471,  Scikit-learn 
21471,  TensorFlow 
21472,  Scikit-learn 
21472,  TensorFlow 
21473, PyTorch 
21473,  Scikit-learn 
21473, PyTorch Lightning 
21473,  TensorFlow 
21474, PyTorch 
21474, Xgboost 
21474, Keras 
21474,  TensorFlow 
21474, PyTorch Lightning 
21474,  Scikit-learn 
21474, CatBoost 
21475,  Scikit-learn 
21475, CatBoost 
21475, Xgboost 
21477,  Scikit-learn 
21477, Xgboost 
21479,  Scikit-learn 
21481,  Scikit-learn 
21481,  TensorFlow 
21481, Keras 
21483, Caret 
21483,  TensorFlow 
21483, Xgboost 
21483,  Scikit-learn 
21484,  TensorFlow 
21484, Keras 
21484,  Scikit-learn 
21485,  Scikit-learn 
21485, LightGBM 
21485, Xgboost 
21486, Keras 
21486, Xgboost 
21486,  TensorFlow 
21486,  Scikit-learn 
21486, PyTorch 
21488,  Scikit-learn 
21488, Xgboost 
21489, PyTorch 
21489, Keras 
21489, Xgboost 
21489,  TensorFlow 
21489,  Scikit-learn 
21490, Xgboost 
21490, Keras 
21490,  Scikit-learn 
21491,  Scikit-learn 
21491, Keras 
21491,  TensorFlow 
21492,Other
21492, PyTorch Lightning 
21492,  Scikit-learn 
21492, Keras 
21492, PyTorch 
21492,  TensorFlow 
21494,  Scikit-learn 
21498,  Scikit-learn 
21503,  Scikit-learn 
21503, Keras 
21503, PyTorch 
21503,  TensorFlow 
21505,  TensorFlow 
21505,  Scikit-learn 
21507,  TensorFlow 
21507, PyTorch 
21507, Xgboost 
21507, CatBoost 
21509, Keras 
21509,  TensorFlow 
21509,  Scikit-learn 
21510,  Scikit-learn 
21510,  TensorFlow 
21510, PyTorch 
21511,  Scikit-learn 
21512, Xgboost 
21513, Xgboost 
21513,  Scikit-learn 
21513, LightGBM 
21514,  Scikit-learn 
21515, Keras 
21515,  Scikit-learn 
21515, PyTorch Lightning 
21515, PyTorch 
21515,  TensorFlow 
21516,  TensorFlow 
21517, PyTorch 
21517,  Scikit-learn 
21517, Huggingface 
21518,  TensorFlow 
21518, Keras 
21522, LightGBM 
21522, Xgboost 
21522,  Scikit-learn 
21524,  Scikit-learn 
21524, Caret 
21525,  TensorFlow 
21525,  Scikit-learn 
21525, Keras 
21525, PyTorch 
21526, PyTorch 
21526,  Scikit-learn 
21527, Keras 
21527,  TensorFlow 
21528,  Scikit-learn 
21530, CatBoost 
21531,  Scikit-learn 
21531, PyTorch 
21533, PyTorch Lightning 
21533,  Scikit-learn 
21533, PyTorch 
21534, PyTorch 
21534,  Scikit-learn 
21534, CatBoost 
21534, LightGBM 
21535, Caret 
21535, LightGBM 
21535,  Scikit-learn 
21535, Xgboost 
21536,  Scikit-learn 
21537, Keras 
21537,  Scikit-learn 
21537,  TensorFlow 
21537, Xgboost 
21539, Xgboost 
21539, LightGBM 
21539,  Scikit-learn 
21540,  Scikit-learn 
21541,  Scikit-learn 
21544, Keras 
21544,  TensorFlow 
21546,  Scikit-learn 
21547,  Scikit-learn 
21548,  TensorFlow 
21548, Caret 
21548,  Scikit-learn 
21548, PyTorch 
21548, Xgboost 
21549,  Scikit-learn 
21549, JAX 
21549, Xgboost 
21549, LightGBM 
21551,  Scikit-learn 
21551, CatBoost 
21551, Xgboost 
21552,  TensorFlow 
21552, PyTorch 
21552, Xgboost 
21552,  Scikit-learn 
21552, Keras 
21553, Fast.ai 
21553, PyTorch 
21554, Fast.ai 
21554,  Scikit-learn 
21555,  Scikit-learn 
21556, Xgboost 
21556,  Scikit-learn 
21556,  TensorFlow 
21559,  Scikit-learn 
21561,  Scikit-learn 
21561,  TensorFlow 
21561, Xgboost 
21561, Keras 
21562, Xgboost 
21562,  Scikit-learn 
21562, CatBoost 
21566,  TensorFlow 
21567, Keras 
21567, PyTorch 
21567,  TensorFlow 
21568,  Scikit-learn 
21569,  Scikit-learn 
21570, Keras 
21570, LightGBM 
21570,  Scikit-learn 
21570, CatBoost 
21570, Xgboost 
21570, PyTorch 
21573, Keras 
21573, Xgboost 
21573,  TensorFlow 
21573,  Scikit-learn 
21573, Tidymodels 
21574, PyTorch 
21575,  TensorFlow 
21576, Xgboost 
21576,  Scikit-learn 
21578,  Scikit-learn 
21578, Keras 
21579, PyTorch 
21579,  TensorFlow 
21579,  Scikit-learn 
21579, PyTorch Lightning 
21579, CatBoost 
21579, Keras 
21580,  TensorFlow 
21580, Keras 
21580,  Scikit-learn 
21581, PyTorch 
21581,  Scikit-learn 
21581,  TensorFlow 
21581, Xgboost 
21581, Keras 
21585,  TensorFlow 
21585,  Scikit-learn 
21585, Keras 
21586,  TensorFlow 
21587, Keras 
21587,  Scikit-learn 
21587, LightGBM 
21587, Fast.ai 
21587, PyTorch Lightning 
21587, Xgboost 
21587, CatBoost 
21587,  TensorFlow 
21587, PyTorch 
21588,  Scikit-learn 
21589,  Scikit-learn 
21589, Keras 
21589,  TensorFlow 
21590,  Scikit-learn 
21590, Xgboost 
21591,  Scikit-learn 
21591, Xgboost 
21591, LightGBM 
21591, CatBoost 
21592, CatBoost 
21592, Xgboost 
21593,  Scikit-learn 
21594, PyTorch 
21595, Xgboost 
21595, LightGBM 
21595,  Scikit-learn 
21598,  Scikit-learn 
21599,  Scikit-learn 
21599,  TensorFlow 
21599, PyTorch 
21599, PyTorch Lightning 
21600,  Scikit-learn 
21600, Xgboost 
21600, Keras 
21600,  TensorFlow 
21602, Xgboost 
21602, Caret 
21604, Xgboost 
21604,  Scikit-learn 
21606, Xgboost 
21606,  Scikit-learn 
21607,  Scikit-learn 
21609, PyTorch 
21609,  Scikit-learn 
21609, Keras 
21609,  TensorFlow 
21610, PyTorch 
21610,  Scikit-learn 
21610,  TensorFlow 
21612, PyTorch 
21612,  TensorFlow 
21613, Xgboost 
21613, Keras 
21613,  Scikit-learn 
21613,  TensorFlow 
21613, PyTorch 
21614,  TensorFlow 
21614,  Scikit-learn 
21614, Keras 
21615, PyTorch 
21615,  TensorFlow 
21615, Keras 
21616,  Scikit-learn 
21617, Huggingface 
21617, PyTorch 
21617,  TensorFlow 
21618,  TensorFlow 
21618, PyTorch Lightning 
21618, Xgboost 
21618, Keras 
21618,  Scikit-learn 
21618, PyTorch 
21619,  Scikit-learn 
21619, Keras 
21619,  TensorFlow 
21621, PyTorch 
21622, Keras 
21622,  Scikit-learn 
21624,  Scikit-learn 
21624,  TensorFlow 
21624, Keras 
21624, PyTorch 
21624, Huggingface 
21625, Tidymodels 
21625,  Scikit-learn 
21625, Xgboost 
21629,  Scikit-learn 
21629, Keras 
21629, PyTorch 
21629, Xgboost 
21629, PyTorch Lightning 
21629,  TensorFlow 
21630, PyTorch 
21630,  Scikit-learn 
21630, PyTorch Lightning 
21631,Other
21631,  Scikit-learn 
21631,  TensorFlow 
21632,  Scikit-learn 
21632, Keras 
21632, Xgboost 
21633,  Scikit-learn 
21633, PyTorch 
21633, Keras 
21633, Huggingface 
21633,  TensorFlow 
21634, Caret 
21635,  Scikit-learn 
21637,  Scikit-learn 
21637, PyTorch 
21637, Keras 
21637, Huggingface 
21637,  TensorFlow 
21638, LightGBM 
21638, Xgboost 
21638,  Scikit-learn 
21639,  TensorFlow 
21639, Keras 
21639, PyTorch 
21639,  Scikit-learn 
21640, LightGBM 
21640, Xgboost 
21640,  Scikit-learn 
21644,  TensorFlow 
21644,  Scikit-learn 
21645,  Scikit-learn 
21645, PyTorch 
21645, Xgboost 
21645,  TensorFlow 
21646,  TensorFlow 
21646,  Scikit-learn 
21647,  TensorFlow 
21647, Keras 
21647,Other
21648, PyTorch 
21648,  Scikit-learn 
21648, Fast.ai 
21648, Keras 
21648,  TensorFlow 
21648, Xgboost 
21649,  Scikit-learn 
21649, Keras 
21649, PyTorch 
21649,  TensorFlow 
21650,  Scikit-learn 
21651, PyTorch 
21651,  TensorFlow 
21651, Keras 
21651,  Scikit-learn 
21652,  Scikit-learn 
21653,  Scikit-learn 
21653, Keras 
21653, PyTorch 
21654,Other
21657,  TensorFlow 
21657, Xgboost 
21657,  Scikit-learn 
21657, Keras 
21657, Caret 
21658,  Scikit-learn 
21659, PyTorch 
21659,  Scikit-learn 
21659, LightGBM 
21661, PyTorch 
21664, Xgboost 
21664, Keras 
21664,  TensorFlow 
21664,  Scikit-learn 
21665,  Scikit-learn 
21665, PyTorch Lightning 
21665, PyTorch 
21668,  TensorFlow 
21668, Keras 
21668, PyTorch 
21668,  Scikit-learn 
21669, Keras 
21670, Fast.ai 
21670,  TensorFlow 
21671,  TensorFlow 
21672, LightGBM 
21672, Keras 
21672,  Scikit-learn 
21672, Xgboost 
21672,  TensorFlow 
21676, Xgboost 
21676,  Scikit-learn 
21677, Xgboost 
21677, Keras 
21677, PyTorch 
21677,  Scikit-learn 
21677,  TensorFlow 
21678,  Scikit-learn 
21678, Xgboost 
21678, LightGBM 
21679, PyTorch 
21679, Huggingface 
21681,  Scikit-learn 
21682,  Scikit-learn 
21682,  TensorFlow 
21682, Keras 
21684,  TensorFlow 
21684, PyTorch Lightning 
21686,  Scikit-learn 
21687,  Scikit-learn 
21688,  TensorFlow 
21688,  Scikit-learn 
21689,  TensorFlow 
21689, Keras 
21693,  TensorFlow 
21694,  Scikit-learn 
21694, PyTorch 
21695,  TensorFlow 
21695,  Scikit-learn 
21696,  TensorFlow 
21697, PyTorch 
21697,  TensorFlow 
21697, Keras 
21697, CatBoost 
21697, LightGBM 
21697, Xgboost 
21697, Caret 
21697,  Scikit-learn 
21698,  Scikit-learn 
21698, Keras 
21699, CatBoost 
21699, LightGBM 
21699, Keras 
21699,  Scikit-learn 
21701,  Scikit-learn 
21701, LightGBM 
21701,  TensorFlow 
21701, Keras 
21701, PyTorch 
21701, Xgboost 
21702, Keras 
21703,  TensorFlow 
21703, PyTorch 
21704,  Scikit-learn 
21704, PyTorch 
21704, Keras 
21707,  Scikit-learn 
21707, LightGBM 
21707, Xgboost 
21708,  Scikit-learn 
21709,  TensorFlow 
21710, Keras 
21710,  TensorFlow 
21711,  Scikit-learn 
21711, PyTorch 
21711,  TensorFlow 
21711, Huggingface 
21711, Xgboost 
21711, LightGBM 
21711, Fast.ai 
21713, PyTorch 
21713, Xgboost 
21713,  TensorFlow 
21713, Keras 
21713,  Scikit-learn 
21714,  Scikit-learn 
21714, Keras 
21714,  TensorFlow 
21714,Other
21715, Keras 
21715, PyTorch Lightning 
21715, PyTorch 
21715,  TensorFlow 
21715, Xgboost 
21715,  Scikit-learn 
21717,Other
21717,  Scikit-learn 
21717,  TensorFlow 
21718, PyTorch 
21718,  TensorFlow 
21718, Keras 
21719, Keras 
21719, Xgboost 
21719,  TensorFlow 
21719, PyTorch 
21719,  Scikit-learn 
21720,  Scikit-learn 
21721, Xgboost 
21721,  TensorFlow 
21721,  Scikit-learn 
21721, Keras 
21721, JAX 
21722, PyTorch 
21722, Huggingface 
21722,  Scikit-learn 
21722, Xgboost 
21722, LightGBM 
21724,  TensorFlow 
21724, Keras 
21724,  Scikit-learn 
21724, PyTorch 
21726, Keras 
21726,  Scikit-learn 
21726, Xgboost 
21726,  TensorFlow 
21727,  Scikit-learn 
21728, Xgboost 
21728, PyTorch 
21728, LightGBM 
21728,  TensorFlow 
21729,  Scikit-learn 
21729, Keras 
21731,  Scikit-learn 
21732,  Scikit-learn 
21732, Keras 
21732,  TensorFlow 
21732, Xgboost 
21734,  Scikit-learn 
21734,  TensorFlow 
21734, Xgboost 
21734, Keras 
21735,  TensorFlow 
21735, Keras 
21736,Other
21737, Caret 
21737, Keras 
21741,  TensorFlow 
21741, Keras 
21741, Xgboost 
21741,  Scikit-learn 
21742,  Scikit-learn 
21743, LightGBM 
21743, Keras 
21743, PyTorch 
21743,  Scikit-learn 
21743,  TensorFlow 
21743, CatBoost 
21746,  TensorFlow 
21746,  Scikit-learn 
21746, Xgboost 
21746, PyTorch 
21748,  Scikit-learn 
21748, PyTorch 
21748,  TensorFlow 
21748, Keras 
21752, Huggingface 
21752, LightGBM 
21752, Xgboost 
21752, Keras 
21752,  Scikit-learn 
21752,  TensorFlow 
21752, PyTorch 
21752, CatBoost 
21753,  Scikit-learn 
21754,  TensorFlow 
21754, PyTorch Lightning 
21754, PyTorch 
21755,  TensorFlow 
21755,  Scikit-learn 
21756,  Scikit-learn 
21756,  TensorFlow 
21756, PyTorch 
21759,  TensorFlow 
21760, LightGBM 
21760, Tidymodels 
21760,  TensorFlow 
21760, PyTorch 
21760, PyTorch Lightning 
21760, Caret 
21760,  Scikit-learn 
21760, Keras 
21760, Xgboost 
21762,  Scikit-learn 
21762,  TensorFlow 
21762, Keras 
21762, Huggingface 
21763,  Scikit-learn 
21764, Fast.ai 
21764,  Scikit-learn 
21764, Caret 
21764, CatBoost 
21767,  Scikit-learn 
21767,  TensorFlow 
21767, Keras 
21770,  Scikit-learn 
21771,  TensorFlow 
21771,  Scikit-learn 
21773, Keras 
21773,  Scikit-learn 
21773, PyTorch 
21774, Xgboost 
21774,  Scikit-learn 
21776, Keras 
21776,  Scikit-learn 
21776,  TensorFlow 
21776, Xgboost 
21776, LightGBM 
21778,  TensorFlow 
21778,  Scikit-learn 
21780, Caret 
21780, Xgboost 
21780, Tidymodels 
21780,  Scikit-learn 
21781, LightGBM 
21781,  TensorFlow 
21781, Caret 
21781, Xgboost 
21781,  Scikit-learn 
21781, Keras 
21781, Huggingface 
21781, Tidymodels 
21782,  TensorFlow 
21782, Keras 
21782,  Scikit-learn 
21783, Keras 
21783,  Scikit-learn 
21783,  TensorFlow 
21784, PyTorch Lightning 
21784,  TensorFlow 
21787,Other
21789, PyTorch 
21789,  Scikit-learn 
21790, PyTorch 
21790, CatBoost 
21790, LightGBM 
21790,  Scikit-learn 
21790, Xgboost 
21790, Huggingface 
21792,  Scikit-learn 
21793,  Scikit-learn 
21793,  TensorFlow 
21794,  Scikit-learn 
21795, PyTorch 
21795,  Scikit-learn 
21795, Xgboost 
21795, Huggingface 
21796,  Scikit-learn 
21796,  TensorFlow 
21796, Keras 
21797,  Scikit-learn 
21797, PyTorch 
21798, Fast.ai 
21798, LightGBM 
21798, Keras 
21798,  Scikit-learn 
21798, Xgboost 
21801, Xgboost 
21801,  Scikit-learn 
21801,  TensorFlow 
21801, PyTorch 
21801, Keras 
21801, Huggingface 
21802,  Scikit-learn 
21802, PyTorch 
21802, PyTorch Lightning 
21803,  Scikit-learn 
21803,  TensorFlow 
21805,Other
21807, PyTorch 
21807, Fast.ai 
21809,  TensorFlow 
21809, Keras 
21811, Keras 
21811, LightGBM 
21811, PyTorch 
21811,  Scikit-learn 
21811, Xgboost 
21811,  TensorFlow 
21812, Tidymodels 
21812, Xgboost 
21812, Keras 
21812,  Scikit-learn 
21812, CatBoost 
21812,  TensorFlow 
21812, PyTorch Lightning 
21813,  Scikit-learn 
21815, Xgboost 
21815, Keras 
21815,  TensorFlow 
21815,  Scikit-learn 
21815, Caret 
21816, PyTorch 
21818, PyTorch 
21818, PyTorch Lightning 
21818,  TensorFlow 
21818, Huggingface 
21818,  Scikit-learn 
21818, Keras 
21818, CatBoost 
21819,  Scikit-learn 
21820, Xgboost 
21820, LightGBM 
21820, CatBoost 
21820,  Scikit-learn 
21820,  TensorFlow 
21821,  Scikit-learn 
21822,Other
21823,  Scikit-learn 
21824,  Scikit-learn 
21824, Xgboost 
21824, Keras 
21824, LightGBM 
21825, Keras 
21825,  Scikit-learn 
21826,  Scikit-learn 
21826, Keras 
21826, Huggingface 
21826, Xgboost 
21826,  TensorFlow 
21828, PyTorch Lightning 
21830,  Scikit-learn 
21831, Huggingface 
21831, PyTorch 
21831,  Scikit-learn 
21831,Other
21834,  Scikit-learn 
21835,  Scikit-learn 
21835, Keras 
21835, Caret 
21835, Xgboost 
21835,  TensorFlow 
21836,  Scikit-learn 
21836,  TensorFlow 
21836, Keras 
21838,  Scikit-learn 
21839, Xgboost 
21839, PyTorch 
21839,  TensorFlow 
21839, Keras 
21839, LightGBM 
21839,  Scikit-learn 
21840,  Scikit-learn 
21840, CatBoost 
21842,  Scikit-learn 
21842, Xgboost 
21842,  TensorFlow 
21842, Keras 
21842, PyTorch 
21844, Keras 
21844,  Scikit-learn 
21844,  TensorFlow 
21845,  Scikit-learn 
21845,  TensorFlow 
21845, Xgboost 
21845, PyTorch 
21846, LightGBM 
21846,  TensorFlow 
21846,  Scikit-learn 
21847, Keras 
21847,  Scikit-learn 
21848, Keras 
21848,  Scikit-learn 
21848,  TensorFlow 
21848, LightGBM 
21848, Xgboost 
21849,  Scikit-learn 
21850,  Scikit-learn 
21850, Xgboost 
21850, LightGBM 
21851,  Scikit-learn 
21851,  TensorFlow 
21851, CatBoost 
21851, Keras 
21851, Xgboost 
21851, PyTorch 
21852, Tidymodels 
21852,  TensorFlow 
21852,  Scikit-learn 
21852, LightGBM 
21852, Xgboost 
21852, Keras 
21852, PyTorch 
21853, PyTorch 
21856,  TensorFlow 
21856, Keras 
21856,  Scikit-learn 
21857, Keras 
21857,  Scikit-learn 
21860, PyTorch Lightning 
21860,  Scikit-learn 
21860, Xgboost 
21860, Huggingface 
21860, LightGBM 
21860, PyTorch 
21863, LightGBM 
21863, CatBoost 
21863, Keras 
21863, Xgboost 
21865,  Scikit-learn 
21871,  TensorFlow 
21871,  Scikit-learn 
21871, Keras 
21871, PyTorch 
21871, Fast.ai 
21872,  Scikit-learn 
21872,  TensorFlow 
21872, Keras 
21872, PyTorch 
21876, Xgboost 
21876, LightGBM 
21876, PyTorch 
21876,  Scikit-learn 
21878,  TensorFlow 
21879,  TensorFlow 
21879,  Scikit-learn 
21879, Keras 
21880, PyTorch 
21880,  TensorFlow 
21880, Keras 
21880,  Scikit-learn 
21881, PyTorch Lightning 
21881, Fast.ai 
21882, Huggingface 
21882, Xgboost 
21882,  Scikit-learn 
21883,  TensorFlow 
21883, Xgboost 
21883,  Scikit-learn 
21883, Keras 
21884, PyTorch 
21885, Tidymodels 
21888,  Scikit-learn 
21888, Huggingface 
21888, Xgboost 
21889,  TensorFlow 
21891, Keras 
21891,  Scikit-learn 
21891, Caret 
21891, LightGBM 
21891, Xgboost 
21891,  TensorFlow 
21893, LightGBM 
21893, Keras 
21893,  Scikit-learn 
21893, PyTorch Lightning 
21893,  TensorFlow 
21893, PyTorch 
21897, Keras 
21897,  TensorFlow 
21897,  Scikit-learn 
21901,  Scikit-learn 
21901, Keras 
21901, Xgboost 
21901,  TensorFlow 
21902,  Scikit-learn 
21902,  TensorFlow 
21902, Keras 
21904, PyTorch Lightning 
21904,  TensorFlow 
21905,  Scikit-learn 
21905,  TensorFlow 
21905, Keras 
21907, Keras 
21907, PyTorch 
21907,  TensorFlow 
21907,  Scikit-learn 
21909,  Scikit-learn 
21912,  TensorFlow 
21912,  Scikit-learn 
21912, Keras 
21913,  Scikit-learn 
21914, Keras 
21916, Tidymodels 
21916, CatBoost 
21916, LightGBM 
21916, Keras 
21916,  TensorFlow 
21916, Caret 
21916, Xgboost 
21917, Xgboost 
21917,  Scikit-learn 
21917, LightGBM 
21921, Xgboost 
21921,  Scikit-learn 
21922,  TensorFlow 
21923,  TensorFlow 
21923, Keras 
21923, PyTorch 
21923,  Scikit-learn 
21923, PyTorch Lightning 
21925,  Scikit-learn 
21928,  Scikit-learn 
21928, Tidymodels 
21929, Keras 
21929,  Scikit-learn 
21929,  TensorFlow 
21930, Xgboost 
21930, Keras 
21930,  TensorFlow 
21930,  Scikit-learn 
21930, LightGBM 
21931,  TensorFlow 
21931, Xgboost 
21931, LightGBM 
21931,  Scikit-learn 
21931, Keras 
21932,  Scikit-learn 
21933,  TensorFlow 
21933, Keras 
21933,  Scikit-learn 
21934,  Scikit-learn 
21935,Other
21936, LightGBM 
21939, Fast.ai 
21939,  Scikit-learn 
21939, Keras 
21939,  TensorFlow 
21940,  Scikit-learn 
21941, LightGBM 
21941, Keras 
21941,  TensorFlow 
21941, Xgboost 
21941, PyTorch 
21942, PyTorch 
21942,  Scikit-learn 
21942, Huggingface 
21943, PyTorch 
21943, PyTorch Lightning 
21943,  Scikit-learn 
21943, Tidymodels 
21943,  TensorFlow 
21945,  Scikit-learn 
21947,  Scikit-learn 
21949, Keras 
21949,  Scikit-learn 
21950, Xgboost 
21950,  TensorFlow 
21950,  Scikit-learn 
21950, Keras 
21951, Xgboost 
21951, CatBoost 
21951, LightGBM 
21951, Huggingface 
21951,  Scikit-learn 
21951, PyTorch 
21952,  Scikit-learn 
21952, Keras 
21952, Huggingface 
21952, Xgboost 
21953, PyTorch 
21953,  TensorFlow 
21953, Keras 
21953, Xgboost 
21953,  Scikit-learn 
21956,  TensorFlow 
21956, Keras 
21959,  TensorFlow 
21960,  TensorFlow 
21961,  Scikit-learn 
21964,  Scikit-learn 
21964,  TensorFlow 
21965, Xgboost 
21965,  Scikit-learn 
21965, CatBoost 
21965, LightGBM 
21966,  Scikit-learn 
21967,  TensorFlow 
21967, Keras 
21968, Keras 
21968,  TensorFlow 
21968,  Scikit-learn 
21969, Keras 
21969, Xgboost 
21969, PyTorch 
21969, Caret 
21969, CatBoost 
21969,  Scikit-learn 
21969,  TensorFlow 
21969, LightGBM 
21973, PyTorch 
21973, Keras 
21973,  Scikit-learn 
21975,  Scikit-learn 
21975, CatBoost 
21975, LightGBM 
21975, Xgboost 
21976,  TensorFlow 
21976,  Scikit-learn 
21976,Other
21976, PyTorch 
21980,  Scikit-learn 
21980,  TensorFlow 
21980, Keras 
21980, Xgboost 
21980, PyTorch 
21981,  Scikit-learn 
21982, Fast.ai 
21982,  Scikit-learn 
21982, PyTorch 
21983,  Scikit-learn 
21985, Xgboost 
21985, Keras 
21985,  Scikit-learn 
21985,  TensorFlow 
21986,  Scikit-learn 
21988, Keras 
21988,Other
21989,  TensorFlow 
21989,  Scikit-learn 
21989, Keras 
21989, PyTorch 
21991,  Scikit-learn 
21991, LightGBM 
21991, Xgboost 
21993,  TensorFlow 
21993,  Scikit-learn 
21993, Keras 
21994, Xgboost 
21994,  Scikit-learn 
21994,  TensorFlow 
21994, CatBoost 
21995,  TensorFlow 
21996, PyTorch 
21996, Keras 
21996,  TensorFlow 
21996,  Scikit-learn 
21997,  TensorFlow 
21998,  Scikit-learn 
21998, Keras 
21998,  TensorFlow 
22001, Keras 
22001, PyTorch 
22002,  Scikit-learn 
22002, Keras 
22003,  TensorFlow 
22003, Xgboost 
22003, PyTorch 
22004,  Scikit-learn 
22004, PyTorch 
22004, Keras 
22004,  TensorFlow 
22006,  TensorFlow 
22006,  Scikit-learn 
22006, Keras 
22006, Xgboost 
22007,  Scikit-learn 
22007,  TensorFlow 
22007, Keras 
22008,Other
22009,  TensorFlow 
22009, PyTorch 
22009, Keras 
22009, PyTorch Lightning 
22009,  Scikit-learn 
22010,  Scikit-learn 
22011,  Scikit-learn 
22013,  TensorFlow 
22013, Keras 
22013, PyTorch 
22013,  Scikit-learn 
22019, Keras 
22019,  TensorFlow 
22019,  Scikit-learn 
22020,  Scikit-learn 
22020, Xgboost 
22020, CatBoost 
22020, LightGBM 
22022,  Scikit-learn 
22026, CatBoost 
22026,  TensorFlow 
22026,  Scikit-learn 
22026, Xgboost 
22026, LightGBM 
22026, PyTorch 
22026, Keras 
22026, Caret 
22028, Xgboost 
22028,  Scikit-learn 
22029, LightGBM 
22029, Keras 
22029,  Scikit-learn 
22029,  TensorFlow 
22032,  TensorFlow 
22032, Xgboost 
22032, Keras 
22033, PyTorch 
22033, Keras 
22033,  Scikit-learn 
22033,  TensorFlow 
22034, Xgboost 
22034,  Scikit-learn 
22036,  Scikit-learn 
22036,  TensorFlow 
22036, Xgboost 
22036, Keras 
22038,  TensorFlow 
22038, CatBoost 
22038, LightGBM 
22038,  Scikit-learn 
22038, Keras 
22038, Xgboost 
22039, Xgboost 
22039,  Scikit-learn 
22040,  Scikit-learn 
22040, LightGBM 
22040,  TensorFlow 
22040, Huggingface 
22040, Xgboost 
22040, Keras 
22040, PyTorch 
22041,  TensorFlow 
22041, Keras 
22041,  Scikit-learn 
22041, Xgboost 
22045, Caret 
22045,  Scikit-learn 
22045, Xgboost 
22046, Keras 
22046, Huggingface 
22046,  TensorFlow 
22046, PyTorch 
22046,  Scikit-learn 
22046, Xgboost 
22048,  Scikit-learn 
22048,  TensorFlow 
22048, Keras 
22051,  Scikit-learn 
22054,  Scikit-learn 
22056,  Scikit-learn 
22057,  Scikit-learn 
22058,  Scikit-learn 
22059,  TensorFlow 
22059, Keras 
22059, PyTorch 
22059,  Scikit-learn 
22060,  TensorFlow 
22061,  Scikit-learn 
22062,  Scikit-learn 
22062,  TensorFlow 
22064,  TensorFlow 
22067, PyTorch 
22067,  TensorFlow 
22067, Keras 
22067,  Scikit-learn 
22069, PyTorch 
22069, Keras 
22069, PyTorch Lightning 
22069,  Scikit-learn 
22069,  TensorFlow 
22070,  TensorFlow 
22070, LightGBM 
22070, Keras 
22070,  Scikit-learn 
22070, Xgboost 
22071, Xgboost 
22071,  Scikit-learn 
22073,  Scikit-learn 
22073, PyTorch Lightning 
22073, PyTorch 
22073, Keras 
22073,  TensorFlow 
22074, Xgboost 
22074,  Scikit-learn 
22074, PyTorch Lightning 
22074, CatBoost 
22074,  TensorFlow 
22074, Keras 
22074, LightGBM 
22074, PyTorch 
22075, Fast.ai 
22075, Keras 
22075,  Scikit-learn 
22075, Xgboost 
22075,  TensorFlow 
22076,  TensorFlow 
22076,  Scikit-learn 
22076, Keras 
22077, Xgboost 
22077,  TensorFlow 
22077,  Scikit-learn 
22077, Keras 
22078,  TensorFlow 
22078,  Scikit-learn 
22078, Keras 
22078, Xgboost 
22079,  Scikit-learn 
22081, PyTorch 
22082, Huggingface 
22082,  Scikit-learn 
22082, PyTorch 
22083, Keras 
22083,  Scikit-learn 
22083,  TensorFlow 
22084, Tidymodels 
22084,  Scikit-learn 
22085, JAX 
22087,  Scikit-learn 
22088,  Scikit-learn 
22088,  TensorFlow 
22088, Keras 
22089,  Scikit-learn 
22090, PyTorch 
22092, PyTorch 
22092,  TensorFlow 
22092, Keras 
22092,  Scikit-learn 
22092, Xgboost 
22095,  Scikit-learn 
22095, Xgboost 
22095, Caret 
22095, PyTorch 
22096,  Scikit-learn 
22096, Keras 
22096,  TensorFlow 
22098, CatBoost 
22098, Tidymodels 
22098, LightGBM 
22098, Caret 
22098,  Scikit-learn 
22099, Caret 
22101,  TensorFlow 
22101, Keras 
22101, Xgboost 
22101,  Scikit-learn 
22102, Keras 
22102,  TensorFlow 
22102,  Scikit-learn 
22102, PyTorch Lightning 
22102, PyTorch 
22102, Xgboost 
22103,  TensorFlow 
22103, LightGBM 
22103, Keras 
22105,  Scikit-learn 
22106, Xgboost 
22106,  Scikit-learn 
22110,  Scikit-learn 
22110,  TensorFlow 
22110, Xgboost 
22112, Keras 
22112,  TensorFlow 
22112,  Scikit-learn 
22114, PyTorch 
22114, Keras 
22114,  TensorFlow 
22114,  Scikit-learn 
22114, PyTorch Lightning 
22115, Xgboost 
22115, PyTorch 
22115,  Scikit-learn 
22115, LightGBM 
22115, Fast.ai 
22116,  Scikit-learn 
22116,  TensorFlow 
22116, Keras 
22116, PyTorch 
22117, LightGBM 
22117, Huggingface 
22117, PyTorch 
22117,  Scikit-learn 
22117,  TensorFlow 
22118,  Scikit-learn 
22119, PyTorch 
22119,  TensorFlow 
22119,  Scikit-learn 
22122,  Scikit-learn 
22122,  TensorFlow 
22122, Fast.ai 
22122, Keras 
22122, Caret 
22125,  TensorFlow 
22125,  Scikit-learn 
22128, Keras 
22130,  Scikit-learn 
22131, Keras 
22131, Xgboost 
22131,  TensorFlow 
22131,  Scikit-learn 
22132,  Scikit-learn 
22132,  TensorFlow 
22134,  Scikit-learn 
22134, Keras 
22134, Xgboost 
22134,  TensorFlow 
22135,  Scikit-learn 
22140,  Scikit-learn 
22140, Xgboost 
22141,  TensorFlow 
22141,  Scikit-learn 
22142, PyTorch 
22142, Xgboost 
22142, Keras 
22142,  Scikit-learn 
22142,  TensorFlow 
22143,  Scikit-learn 
22143,  TensorFlow 
22143, PyTorch 
22143, Huggingface 
22144, Huggingface 
22144, Keras 
22144,  TensorFlow 
22144,  Scikit-learn 
22146,  Scikit-learn 
22146,  TensorFlow 
22146, Keras 
22147,  Scikit-learn 
22147,  TensorFlow 
22147, Keras 
22148,  Scikit-learn 
22148, Keras 
22148,  TensorFlow 
22148, CatBoost 
22148, Xgboost 
22153,  Scikit-learn 
22153, Keras 
22154,  Scikit-learn 
22154, PyTorch 
22155,  Scikit-learn 
22157,  TensorFlow 
22157, Xgboost 
22157, PyTorch 
22157,  Scikit-learn 
22157, Huggingface 
22158, Xgboost 
22158,  Scikit-learn 
22158,  TensorFlow 
22158, CatBoost 
22158, Keras 
22159, Xgboost 
22159,  Scikit-learn 
22160,  TensorFlow 
22160,  Scikit-learn 
22160, Keras 
22162,  Scikit-learn 
22162, Keras 
22162, PyTorch 
22162,  TensorFlow 
22163, PyTorch 
22163,  Scikit-learn 
22163,  TensorFlow 
22163, Keras 
22168, Keras 
22171, Caret 
22171,  Scikit-learn 
22173, Keras 
22175,  Scikit-learn 
22175, Xgboost 
22176, PyTorch 
22176, Keras 
22176,  TensorFlow 
22176,  Scikit-learn 
22179,  TensorFlow 
22179, LightGBM 
22179, CatBoost 
22179,  Scikit-learn 
22179, Keras 
22181,  Scikit-learn 
22183, Keras 
22183,  TensorFlow 
22183, Xgboost 
22183,  Scikit-learn 
22184,Other
22184,  Scikit-learn 
22185, Tidymodels 
22185, Caret 
22186,  Scikit-learn 
22187, PyTorch 
22187, Keras 
22187, JAX 
22187,  Scikit-learn 
22190,  Scikit-learn 
22192, CatBoost 
22192, Xgboost 
22192,  Scikit-learn 
22195, CatBoost 
22195, Xgboost 
22195,  TensorFlow 
22195, Keras 
22195, LightGBM 
22195,  Scikit-learn 
22196, CatBoost 
22196, PyTorch 
22196, Huggingface 
22196, Xgboost 
22197, Huggingface 
22197, Fast.ai 
22197,  Scikit-learn 
22197, PyTorch 
22197, Xgboost 
22198,  Scikit-learn 
22199, Keras 
22199,  TensorFlow 
22200, PyTorch 
22200,  Scikit-learn 
22201,  Scikit-learn 
22202,Other
22202,  Scikit-learn 
22203, PyTorch Lightning 
22203,  TensorFlow 
22204,  TensorFlow 
22204,  Scikit-learn 
22204, PyTorch 
22204, Keras 
22206,  Scikit-learn 
22211, Keras 
22211,  TensorFlow 
22212, Tidymodels 
22213,  Scikit-learn 
22213, LightGBM 
22213, Xgboost 
22213, CatBoost 
22213, PyTorch 
22213,  TensorFlow 
22216, PyTorch 
22216, Keras 
22216,  TensorFlow 
22216,  Scikit-learn 
22217, Keras 
22217, LightGBM 
22217,  TensorFlow 
22217, CatBoost 
22217,  Scikit-learn 
22217, Xgboost 
22218,  TensorFlow 
22218,  Scikit-learn 
22218, Xgboost 
22218, LightGBM 
22218, PyTorch 
22218, Fast.ai 
22218, Keras 
22218, Caret 
22219, Huggingface 
22219,  TensorFlow 
22220,  Scikit-learn 
22222,  Scikit-learn 
22224,Other
22225, Keras 
22225,  TensorFlow 
22225,  Scikit-learn 
22227,  Scikit-learn 
22228,Other
22233, PyTorch 
22233, Keras 
22234, PyTorch 
22235,Other
22238,  Scikit-learn 
22238, Keras 
22238,  TensorFlow 
22238, Tidymodels 
22239,  TensorFlow 
22239, Keras 
22239,  Scikit-learn 
22241, PyTorch 
22241, Keras 
22241,  TensorFlow 
22243, Keras 
22243,  TensorFlow 
22243, PyTorch 
22243,  Scikit-learn 
22244,  Scikit-learn 
22244, PyTorch 
22244,  TensorFlow 
22244, Xgboost 
22248, Caret 
22248, Tidymodels 
22248,  Scikit-learn 
22248, Xgboost 
22248, Keras 
22248,  TensorFlow 
22252, PyTorch 
22252,Other
22252, Keras 
22252,  TensorFlow 
22252,  Scikit-learn 
22253, Keras 
22253,  Scikit-learn 
22254,  Scikit-learn 
22256,  TensorFlow 
22256,  Scikit-learn 
22256, Keras 
22257, PyTorch 
22258, PyTorch 
22258,  TensorFlow 
22258,  Scikit-learn 
22258, Keras 
22258, Huggingface 
22262, PyTorch 
22262,Other
22263,  TensorFlow 
22263, Keras 
22263,  Scikit-learn 
22264, Keras 
22264,  TensorFlow 
22267,  Scikit-learn 
22267, CatBoost 
22267, Xgboost 
22268,  Scikit-learn 
22270,  Scikit-learn 
22270, PyTorch 
22270,  TensorFlow 
22272,  Scikit-learn 
22273,  Scikit-learn 
22273, Xgboost 
22276, Keras 
22276,  TensorFlow 
22277,  TensorFlow 
22277, PyTorch 
22281,  TensorFlow 
22281, PyTorch 
22281,  Scikit-learn 
22281, Keras 
22282, Caret 
22282, Keras 
22282, PyTorch 
22282, Xgboost 
22282,  Scikit-learn 
22282, Huggingface 
22282, LightGBM 
22285,  Scikit-learn 
22286, Xgboost 
22286, Keras 
22286,  Scikit-learn 
22287,  TensorFlow 
22288, Keras 
22288,  TensorFlow 
22288, PyTorch 
22291, PyTorch 
22291, Xgboost 
22291,  Scikit-learn 
22292,  Scikit-learn 
22294,  Scikit-learn 
22294,  TensorFlow 
22294, Keras 
22295,  TensorFlow 
22295,  Scikit-learn 
22295, Keras 
22296,  Scikit-learn 
22296, PyTorch 
22297, Keras 
22297,  TensorFlow 
22297, PyTorch 
22297,  Scikit-learn 
22304, Tidymodels 
22304, Xgboost 
22304,  Scikit-learn 
22304,  TensorFlow 
22304, Keras 
22305,  Scikit-learn 
22306,  TensorFlow 
22306, PyTorch 
22306, Keras 
22306,  Scikit-learn 
22307, CatBoost 
22307,  Scikit-learn 
22307, LightGBM 
22307,  TensorFlow 
22308,Other
22310, PyTorch 
22310, Huggingface 
22313, Keras 
22313, PyTorch 
22313,  Scikit-learn 
22313,  TensorFlow 
22315,  Scikit-learn 
22315, Keras 
22315,  TensorFlow 
22315, LightGBM 
22316, Keras 
22316,  Scikit-learn 
22316,  TensorFlow 
22317,  Scikit-learn 
22318, CatBoost 
22318, Xgboost 
22318,  Scikit-learn 
22318, PyTorch 
22320, Keras 
22320, PyTorch 
22320,  Scikit-learn 
22325,  TensorFlow 
22325,  Scikit-learn 
22325, Keras 
22326,  Scikit-learn 
22326, Tidymodels 
22326, Keras 
22326,  TensorFlow 
22326, PyTorch 
22329,  TensorFlow 
22329,  Scikit-learn 
22329, Keras 
22330,  TensorFlow 
22330,  Scikit-learn 
22331, Keras 
22331, Huggingface 
22331, LightGBM 
22331,  Scikit-learn 
22331, PyTorch 
22331,  TensorFlow 
22331, Fast.ai 
22332,  Scikit-learn 
22332,  TensorFlow 
22332, Keras 
22333, Keras 
22333,  TensorFlow 
22333, Xgboost 
22333, PyTorch 
22333,  Scikit-learn 
22334,  TensorFlow 
22334, PyTorch 
22334, Keras 
22334,  Scikit-learn 
22335,  TensorFlow 
22340,  Scikit-learn 
22340, Keras 
22342,Other
22344, Keras 
22344,  TensorFlow 
22344,  Scikit-learn 
22344, PyTorch 
22345,  Scikit-learn 
22345, PyTorch 
22345,  TensorFlow 
22345, Keras 
22345, Huggingface 
22346,  TensorFlow 
22346, Keras 
22346, PyTorch 
22346,  Scikit-learn 
22349,  Scikit-learn 
22350, Keras 
22350,  TensorFlow 
22352, Keras 
22352,  Scikit-learn 
22352, PyTorch 
22352, CatBoost 
22352, Xgboost 
22352, Huggingface 
22352, Fast.ai 
22352,  TensorFlow 
22352, PyTorch Lightning 
22352, LightGBM 
22356,  Scikit-learn 
22356, Huggingface 
22356, Xgboost 
22356,  TensorFlow 
22357,  Scikit-learn 
22357, Keras 
22357,  TensorFlow 
22358, Xgboost 
22358,  Scikit-learn 
22359, Caret 
22359, Xgboost 
22359, LightGBM 
22359,  TensorFlow 
22359, CatBoost 
22359,  Scikit-learn 
22359, Keras 
22359, PyTorch 
22360,  Scikit-learn 
22361,  Scikit-learn 
22361, CatBoost 
22361, LightGBM 
22361, PyTorch 
22361, Xgboost 
22361, PyTorch Lightning 
22362,  TensorFlow 
22362,  Scikit-learn 
22362, Xgboost 
22363, Keras 
22363, PyTorch 
22363,  TensorFlow 
22363,  Scikit-learn 
22367, Keras 
22368,  TensorFlow 
22368, PyTorch 
22369, Xgboost 
22371,  Scikit-learn 
22371, Caret 
22371, Keras 
22371, Huggingface 
22371,  TensorFlow 
22371, Xgboost 
22371, PyTorch 
22373,  Scikit-learn 
22373, LightGBM 
22373, CatBoost 
22373, Xgboost 
22375,  Scikit-learn 
22376,  Scikit-learn 
22376, Xgboost 
22378, Xgboost 
22378, Keras 
22378, PyTorch Lightning 
22378,  Scikit-learn 
22378, PyTorch 
22382, PyTorch 
22382,  Scikit-learn 
22383,  Scikit-learn 
22383, Xgboost 
22384,  TensorFlow 
22385, Caret 
22386, PyTorch Lightning 
22386, PyTorch 
22386, Tidymodels 
22387,  Scikit-learn 
22387,  TensorFlow 
22389,  TensorFlow 
22389, PyTorch 
22392, Keras 
22392,  Scikit-learn 
22392,  TensorFlow 
22393, PyTorch 
22394,  Scikit-learn 
22394, PyTorch 
22394, Keras 
22394,  TensorFlow 
22395, Xgboost 
22395,  Scikit-learn 
22399,  Scikit-learn 
22402, CatBoost 
22402, Xgboost 
22402,  Scikit-learn 
22402, LightGBM 
22402, Keras 
22402,  TensorFlow 
22402, Huggingface 
22404, PyTorch 
22404, Keras 
22404,  Scikit-learn 
22404, Xgboost 
22404, Huggingface 
22404, LightGBM 
22404,  TensorFlow 
22405,  Scikit-learn 
22405, PyTorch 
22407, Keras 
22407,  TensorFlow 
22407, LightGBM 
22407,  Scikit-learn 
22407, CatBoost 
22407, Xgboost 
22410,  TensorFlow 
22410,  Scikit-learn 
22410, PyTorch 
22410, Keras 
22411,  Scikit-learn 
22411, Xgboost 
22412, PyTorch 
22414,  TensorFlow 
22414, PyTorch 
22414, Keras 
22415, CatBoost 
22415,  Scikit-learn 
22416, Keras 
22416, PyTorch 
22416,  TensorFlow 
22416,  Scikit-learn 
22418, LightGBM 
22418, Xgboost 
22418, CatBoost 
22418, Huggingface 
22418, Keras 
22418, PyTorch 
22418,  Scikit-learn 
22418,  TensorFlow 
22419,  TensorFlow 
22423,  TensorFlow 
22423, Keras 
22423,  Scikit-learn 
22425,Other
22426,  TensorFlow 
22426, PyTorch 
22426, PyTorch Lightning 
22426, Keras 
22429, Xgboost 
22429,  Scikit-learn 
22430, PyTorch 
22430, Fast.ai 
22430, Xgboost 
22430,  Scikit-learn 
22431, PyTorch 
22431,  TensorFlow 
22431,  Scikit-learn 
22433,  Scikit-learn 
22434, Keras 
22434,  TensorFlow 
22434, LightGBM 
22434, Huggingface 
22434, Xgboost 
22434,  Scikit-learn 
22434, CatBoost 
22434, PyTorch 
22436,  Scikit-learn 
22437, Huggingface 
22437, Keras 
22437,  TensorFlow 
22437,  Scikit-learn 
22438, PyTorch 
22440, Xgboost 
22440,  Scikit-learn 
22440,  TensorFlow 
22440, Keras 
22440, LightGBM 
22440, Fast.ai 
22441, Fast.ai 
22441, PyTorch Lightning 
22441,  TensorFlow 
22444,  Scikit-learn 
22444,  TensorFlow 
22444, CatBoost 
22444, Keras 
22445, PyTorch 
22447,  TensorFlow 
22448, PyTorch 
22448,  Scikit-learn 
22448,  TensorFlow 
22448, Keras 
22450,  TensorFlow 
22450,  Scikit-learn 
22450, Keras 
22451,  TensorFlow 
22451, Keras 
22452,  Scikit-learn 
22452, Xgboost 
22452, LightGBM 
22454,  Scikit-learn 
22455,Other
22457,  Scikit-learn 
22460, Keras 
22464, Huggingface 
22464,  Scikit-learn 
22464, Fast.ai 
22464, PyTorch 
22464, Keras 
22464,  TensorFlow 
22464, Xgboost 
22464, PyTorch Lightning 
22465, Xgboost 
22465, Tidymodels 
22465, Caret 
22465, LightGBM 
22465, CatBoost 
22466, PyTorch 
22466,  TensorFlow 
22468,  Scikit-learn 
22468, Xgboost 
22468, CatBoost 
22472,  Scikit-learn 
22473,  Scikit-learn 
22473,  TensorFlow 
22474,  Scikit-learn 
22475,  Scikit-learn 
22477, Keras 
22477,  TensorFlow 
22477, PyTorch 
22477,  Scikit-learn 
22479, PyTorch Lightning 
22479, PyTorch 
22481, PyTorch 
22483, Caret 
22483,  TensorFlow 
22483, JAX 
22483,  Scikit-learn 
22486,  Scikit-learn 
22486, Huggingface 
22489,  Scikit-learn 
22490, PyTorch 
22490, Xgboost 
22490,  Scikit-learn 
22490, Tidymodels 
22491,  Scikit-learn 
22493,Other
22494, Keras 
22494, PyTorch 
22494,  TensorFlow 
22496, Keras 
22496,  TensorFlow 
22496, LightGBM 
22496, Xgboost 
22496,  Scikit-learn 
22497, Keras 
22497,  TensorFlow 
22497,  Scikit-learn 
22497, Xgboost 
22498, PyTorch 
22498, Keras 
22498,  TensorFlow 
22498,  Scikit-learn 
22500,  Scikit-learn 
22502,  Scikit-learn 
22502,  TensorFlow 
22503,  TensorFlow 
22503,  Scikit-learn 
22503, Keras 
22504, Keras 
22504,  TensorFlow 
22504, PyTorch 
22504,  Scikit-learn 
22504, LightGBM 
22504, Xgboost 
22505,  Scikit-learn 
22505,  TensorFlow 
22508,  Scikit-learn 
22509, Fast.ai 
22509,  Scikit-learn 
22509, PyTorch 
22510, Keras 
22510, PyTorch 
22510, Xgboost 
22510,  Scikit-learn 
22510,  TensorFlow 
22510, PyTorch Lightning 
22512, CatBoost 
22513, CatBoost 
22513, Xgboost 
22513, LightGBM 
22513, PyTorch Lightning 
22513, Caret 
22513,  TensorFlow 
22513,  Scikit-learn 
22513, Keras 
22516,Other
22517, PyTorch 
22517,  TensorFlow 
22518, PyTorch 
22518, Keras 
22518,  TensorFlow 
22518, Xgboost 
22518,  Scikit-learn 
22519,  Scikit-learn 
22521, Keras 
22521,  TensorFlow 
22522, PyTorch 
22522,  TensorFlow 
22522,  Scikit-learn 
22522, PyTorch Lightning 
22522, Huggingface 
22523,  Scikit-learn 
22524, LightGBM 
22524, Xgboost 
22524,  Scikit-learn 
22524, Tidymodels 
22524, Caret 
22525, Keras 
22525,  TensorFlow 
22525, PyTorch 
22525, Xgboost 
22525,  Scikit-learn 
22526, LightGBM 
22526, Xgboost 
22526,  Scikit-learn 
22526, Keras 
22528, PyTorch 
22528,  Scikit-learn 
22532, PyTorch 
22532,  TensorFlow 
22532,  Scikit-learn 
22534,  Scikit-learn 
22534, Keras 
22536,  Scikit-learn 
22536, Xgboost 
22537,  Scikit-learn 
22537, PyTorch 
22541, Xgboost 
22541,  Scikit-learn 
22541, PyTorch 
22542, PyTorch 
22542,  Scikit-learn 
22543,  Scikit-learn 
22544, CatBoost 
22544, PyTorch 
22544, Huggingface 
22544, Keras 
22544, Fast.ai 
22544, JAX 
22544, Xgboost 
22544,  Scikit-learn 
22545,  TensorFlow 
22545, Keras 
22545,  Scikit-learn 
22545, CatBoost 
22545, PyTorch 
22545, Xgboost 
22546,  Scikit-learn 
22546,  TensorFlow 
22546, Keras 
22548,  Scikit-learn 
22550, PyTorch 
22550,  TensorFlow 
22550,  Scikit-learn 
22553,  Scikit-learn 
22553,  TensorFlow 
22554, Keras 
22554,  TensorFlow 
22554,  Scikit-learn 
22554, PyTorch 
22555,  TensorFlow 
22557, Keras 
22557,  TensorFlow 
22557,  Scikit-learn 
22558, Keras 
22558,  TensorFlow 
22558, Xgboost 
22558, CatBoost 
22558,  Scikit-learn 
22558, LightGBM 
22559,  Scikit-learn 
22559, Keras 
22559,  TensorFlow 
22559, Xgboost 
22560, PyTorch 
22560,  Scikit-learn 
22560, Huggingface 
22560,  TensorFlow 
22561, Xgboost 
22561, Keras 
22561,  Scikit-learn 
22561,  TensorFlow 
22561, PyTorch 
22562, Keras 
22563,  Scikit-learn 
22564,  Scikit-learn 
22564, Xgboost 
22564,  TensorFlow 
22564, Keras 
22565, LightGBM 
22565, Keras 
22565, Xgboost 
22565, CatBoost 
22565,  TensorFlow 
22565, Huggingface 
22565,  Scikit-learn 
22566, PyTorch 
22566, Keras 
22566,  TensorFlow 
22568, PyTorch 
22568,  Scikit-learn 
22568,  TensorFlow 
22568, Keras 
22570,  Scikit-learn 
22571,  TensorFlow 
22571,  Scikit-learn 
22572,  TensorFlow 
22572, Keras 
22572,  Scikit-learn 
22573, Keras 
22573,  Scikit-learn 
22573, PyTorch 
22573,  TensorFlow 
22575,  Scikit-learn 
22576,  Scikit-learn 
22577,Other
22580,  Scikit-learn 
22580, Xgboost 
22580, CatBoost 
22580, LightGBM 
22581, Fast.ai 
22581, Keras 
22581,  TensorFlow 
22581, Xgboost 
22581,  Scikit-learn 
22585, Xgboost 
22585, LightGBM 
22585, Keras 
22585, PyTorch 
22585, CatBoost 
22585,  TensorFlow 
22585,  Scikit-learn 
22586, Xgboost 
22586,Other
22586,  Scikit-learn 
22586, LightGBM 
22588, PyTorch Lightning 
22592, Keras 
22592,  TensorFlow 
22592,  Scikit-learn 
22593, LightGBM 
22593,  Scikit-learn 
22593, Xgboost 
22594,  Scikit-learn 
22594, LightGBM 
22595,  Scikit-learn 
22597, Keras 
22597,  Scikit-learn 
22597,  TensorFlow 
22599,  Scikit-learn 
22600, Keras 
22600, PyTorch 
22600,  TensorFlow 
22603,  Scikit-learn 
22603, Keras 
22605,  Scikit-learn 
22605,  TensorFlow 
22605, LightGBM 
22605, Xgboost 
22607, Caret 
22608,  Scikit-learn 
22608, Fast.ai 
22609,Other
22609, Keras 
22609, Caret 
22609,  Scikit-learn 
22609, Xgboost 
22609,  TensorFlow 
22610,  Scikit-learn 
22613, Xgboost 
22613,  TensorFlow 
22613,  Scikit-learn 
22613, PyTorch 
22613, Keras 
22615, Caret 
22616,  Scikit-learn 
22616, PyTorch Lightning 
22616, PyTorch 
22618, Xgboost 
22618,  Scikit-learn 
22619, PyTorch 
22619, PyTorch Lightning 
22619,  Scikit-learn 
22620,  Scikit-learn 
22620, PyTorch 
22620, Huggingface 
22620, Xgboost 
22620, Keras 
22622,  Scikit-learn 
22623, JAX 
22623,  Scikit-learn 
22623,  TensorFlow 
22624,  TensorFlow 
22624, Xgboost 
22624,  Scikit-learn 
22624, PyTorch 
22624, Keras 
22625, Keras 
22625,  Scikit-learn 
22625,  TensorFlow 
22625, PyTorch 
22626,  TensorFlow 
22626,  Scikit-learn 
22627,  TensorFlow 
22627,  Scikit-learn 
22627, Keras 
22631,  Scikit-learn 
22633,Other
22633,  Scikit-learn 
22634,  Scikit-learn 
22639, PyTorch Lightning 
22639, PyTorch 
22639,  Scikit-learn 
22640,  TensorFlow 
22643,  Scikit-learn 
22643, Keras 
22643,  TensorFlow 
22644,  TensorFlow 
22644, Keras 
22645,  Scikit-learn 
22647, Keras 
22647, PyTorch 
22647,  Scikit-learn 
22647,  TensorFlow 
22647, Huggingface 
22647, Xgboost 
22648,  Scikit-learn 
22648,  TensorFlow 
22648, PyTorch Lightning 
22649,  Scikit-learn 
22649, Keras 
22649,  TensorFlow 
22651, Xgboost 
22651, PyTorch 
22651,  TensorFlow 
22652, PyTorch 
22652, Fast.ai 
22652,  TensorFlow 
22652, Keras 
22652, Xgboost 
22652, CatBoost 
22652, LightGBM 
22652,  Scikit-learn 
22653,  Scikit-learn 
22653,  TensorFlow 
22653, Fast.ai 
22653, PyTorch Lightning 
22653, PyTorch 
22653, Keras 
22654,  TensorFlow 
22654, Huggingface 
22654,  Scikit-learn 
22654, Keras 
22655, Tidymodels 
22658,  Scikit-learn 
22659,  Scikit-learn 
22659, Xgboost 
22659, PyTorch 
22659,  TensorFlow 
22662,  TensorFlow 
22662,  Scikit-learn 
22662, Keras 
22662, CatBoost 
22662, PyTorch 
22662, Xgboost 
22663,  TensorFlow 
22663,  Scikit-learn 
22663, Keras 
22664,  Scikit-learn 
22666, LightGBM 
22666,  Scikit-learn 
22666, Xgboost 
22666, PyTorch 
22666, Huggingface 
22667, Xgboost 
22667,  TensorFlow 
22667,  Scikit-learn 
22667, Keras 
22668,  TensorFlow 
22669, LightGBM 
22669,  Scikit-learn 
22669, CatBoost 
22669, Xgboost 
22669, Caret 
22669, Fast.ai 
22670,  Scikit-learn 
22670,  TensorFlow 
22670, PyTorch 
22672, Caret 
22672,  Scikit-learn 
22675,  TensorFlow 
22675, Keras 
22678,  Scikit-learn 
22678, PyTorch 
22678, Keras 
22678,  TensorFlow 
22679, Xgboost 
22679, CatBoost 
22679,  Scikit-learn 
22679,  TensorFlow 
22679, PyTorch 
22680,Other
22681,  Scikit-learn 
22681,  TensorFlow 
22681, Keras 
22682,  Scikit-learn 
22684,  Scikit-learn 
22684, Keras 
22687,  TensorFlow 
22690,  Scikit-learn 
22690, Xgboost 
22691,  TensorFlow 
22691, Keras 
22691, PyTorch Lightning 
22691, PyTorch 
22693, Keras 
22693, PyTorch 
22693,  Scikit-learn 
22693, CatBoost 
22693,  TensorFlow 
22694,  TensorFlow 
22694, PyTorch 
22695,  Scikit-learn 
22695, PyTorch 
22695,Other
22696,  Scikit-learn 
22696, Xgboost 
22697, PyTorch 
22697, Huggingface 
22697, Xgboost 
22697, CatBoost 
22697, LightGBM 
22697,  Scikit-learn 
22697, PyTorch Lightning 
22700, Keras 
22700,  TensorFlow 
22700,  Scikit-learn 
22701,  TensorFlow 
22701,  Scikit-learn 
22701, Keras 
22703, Keras 
22703, Xgboost 
22703,  Scikit-learn 
22703, Fast.ai 
22703, Huggingface 
22703, LightGBM 
22703, PyTorch 
22703,  TensorFlow 
22704,  Scikit-learn 
22707, Keras 
22709,  Scikit-learn 
22710, Xgboost 
22710, LightGBM 
22710,  Scikit-learn 
22711, Keras 
22711, PyTorch 
22711,  TensorFlow 
22711,  Scikit-learn 
22712, LightGBM 
22712, JAX 
22712, PyTorch Lightning 
22713,  Scikit-learn 
22715, Keras 
22715, PyTorch Lightning 
22715,Other
22715,  Scikit-learn 
22715, PyTorch 
22715, Xgboost 
22715,  TensorFlow 
22716, Xgboost 
22716,  Scikit-learn 
22719,  TensorFlow 
22719,  Scikit-learn 
22719, Keras 
22721,  Scikit-learn 
22722, LightGBM 
22722, Keras 
22722, Xgboost 
22722,  Scikit-learn 
22722,  TensorFlow 
22725,  Scikit-learn 
22725, PyTorch 
22728,  Scikit-learn 
22728,  TensorFlow 
22729,  Scikit-learn 
22730,  TensorFlow 
22730, Keras 
22731, PyTorch 
22731,  Scikit-learn 
22734,  TensorFlow 
22734, Keras 
22734,  Scikit-learn 
22734, Xgboost 
22735,  Scikit-learn 
22736,  Scikit-learn 
22739, Tidymodels 
22739,  Scikit-learn 
22740,  Scikit-learn 
22741, PyTorch 
22743, Keras 
22743,  TensorFlow 
22743, Tidymodels 
22743,  Scikit-learn 
22744,  Scikit-learn 
22744, Xgboost 
22746, PyTorch 
22746,  Scikit-learn 
22747,  TensorFlow 
22747,  Scikit-learn 
22747, CatBoost 
22752, LightGBM 
22752, PyTorch 
22752,  TensorFlow 
22752, Xgboost 
22752, Keras 
22752,  Scikit-learn 
22752, CatBoost 
22757,  TensorFlow 
22757, PyTorch 
22757,  Scikit-learn 
22757, Xgboost 
22757, Huggingface 
22757, Keras 
22758, Xgboost 
22758,  Scikit-learn 
22758, Keras 
22758,  TensorFlow 
22759, Keras 
22759, Fast.ai 
22759,  Scikit-learn 
22759,  TensorFlow 
22760, Keras 
22760,  TensorFlow 
22760, Xgboost 
22763,  Scikit-learn 
22763,  TensorFlow 
22763, Keras 
22763, PyTorch 
22764, Keras 
22764,  TensorFlow 
22764,  Scikit-learn 
22765, CatBoost 
22765, LightGBM 
22765, Xgboost 
22765,  Scikit-learn 
22767,  TensorFlow 
22767,  Scikit-learn 
22767, PyTorch 
22768,  TensorFlow 
22768,  Scikit-learn 
22768, Keras 
22769,  Scikit-learn 
22770,  Scikit-learn 
22774,  TensorFlow 
22775,  Scikit-learn 
22775, Keras 
22776, LightGBM 
22776, CatBoost 
22776, Xgboost 
22776,  Scikit-learn 
22777,  Scikit-learn 
22777, Keras 
22777,  TensorFlow 
22779, PyTorch 
22779,  TensorFlow 
22779,  Scikit-learn 
22779, Keras 
22780, LightGBM 
22780,  Scikit-learn 
22780, Keras 
22780, PyTorch Lightning 
22780, CatBoost 
22780, Huggingface 
22780, Xgboost 
22780, PyTorch 
22780,  TensorFlow 
22782,  TensorFlow 
22783, Huggingface 
22783, PyTorch 
22783,  TensorFlow 
22783,  Scikit-learn 
22783, Keras 
22783, PyTorch Lightning 
22785,  Scikit-learn 
22786, Keras 
22786, PyTorch 
22786,  TensorFlow 
22786,  Scikit-learn 
22786, Caret 
22789, Keras 
22789,  Scikit-learn 
22790, PyTorch 
22790, Keras 
22790, Huggingface 
22790,  TensorFlow 
22791,  Scikit-learn 
22791, Fast.ai 
22792, PyTorch 
22792,  Scikit-learn 
22792,  TensorFlow 
22792, Xgboost 
22792, Keras 
22794, Keras 
22794,  TensorFlow 
22798,  Scikit-learn 
22801,  TensorFlow 
22801, Keras 
22801,  Scikit-learn 
22803,  Scikit-learn 
22804, Xgboost 
22804,  Scikit-learn 
22804,  TensorFlow 
22804, Keras 
22806, Xgboost 
22806, PyTorch 
22806, Caret 
22806,  TensorFlow 
22806, Tidymodels 
22806, Keras 
22806,  Scikit-learn 
22807,  TensorFlow 
22807, Keras 
22807,  Scikit-learn 
22809, Huggingface 
22809, PyTorch 
22813,  Scikit-learn 
22813,  TensorFlow 
22814,  Scikit-learn 
22815,  Scikit-learn 
22816,  Scikit-learn 
22817, Fast.ai 
22817, Huggingface 
22817,  Scikit-learn 
22817,  TensorFlow 
22817, PyTorch 
22817, Xgboost 
22817, Keras 
22818,  TensorFlow 
22818,  Scikit-learn 
22818, PyTorch 
22821,  Scikit-learn 
22821, Huggingface 
22821,  TensorFlow 
22821, Keras 
22821, PyTorch 
22823, CatBoost 
22823,  Scikit-learn 
22823, Keras 
22823,  TensorFlow 
22823, Xgboost 
22825, CatBoost 
22825, LightGBM 
22825, Xgboost 
22825,  TensorFlow 
22825,  Scikit-learn 
22825, Keras 
22825, Huggingface 
22826,  TensorFlow 
22826,  Scikit-learn 
22827, Keras 
22827,  Scikit-learn 
22827,  TensorFlow 
22827, Xgboost 
22829, PyTorch 
22829, PyTorch Lightning 
22832,  Scikit-learn 
22834,  TensorFlow 
22835, PyTorch 
22835,  Scikit-learn 
22835, Xgboost 
22835, Keras 
22837,  Scikit-learn 
22837, Keras 
22837, PyTorch 
22838,  Scikit-learn 
22840,  Scikit-learn 
22840, Keras 
22840,  TensorFlow 
22841, PyTorch 
22841,  Scikit-learn 
22843,  Scikit-learn 
22844, Keras 
22844,  TensorFlow 
22846,  Scikit-learn 
22846, PyTorch 
22846,  TensorFlow 
22846, Keras 
22847, Keras 
22848,  TensorFlow 
22848, Keras 
22848,  Scikit-learn 
22852,  Scikit-learn 
22852, Xgboost 
22853, Keras 
22854,  TensorFlow 
22855,  TensorFlow 
22855, Tidymodels 
22855, Keras 
22855, Caret 
22856,  Scikit-learn 
22856, Xgboost 
22856, CatBoost 
22856, LightGBM 
22857, Huggingface 
22857,  Scikit-learn 
22857, Keras 
22857,  TensorFlow 
22859,  Scikit-learn 
22861,  Scikit-learn 
22861, Keras 
22861, PyTorch 
22862,  Scikit-learn 
22862, Keras 
22862,  TensorFlow 
22863,  TensorFlow 
22863, Keras 
22863,  Scikit-learn 
22866, PyTorch 
22866, Keras 
22866,  Scikit-learn 
22866,  TensorFlow 
22867,  Scikit-learn 
22867, Keras 
22867,  TensorFlow 
22869,  Scikit-learn 
22869, Xgboost 
22869, Caret 
22869,  TensorFlow 
22869, Keras 
22870, Keras 
22870,  TensorFlow 
22871,  TensorFlow 
22871, Keras 
22871,  Scikit-learn 
22871, Xgboost 
22873,  Scikit-learn 
22874,  Scikit-learn 
22875, Caret 
22875,  Scikit-learn 
22875, Xgboost 
22875, PyTorch 
22875, Huggingface 
22875, LightGBM 
22875, Keras 
22875, PyTorch Lightning 
22875, Fast.ai 
22875,  TensorFlow 
22876, CatBoost 
22876, PyTorch 
22876,  Scikit-learn 
22876,  TensorFlow 
22879,  TensorFlow 
22880,  Scikit-learn 
22880, Xgboost 
22880, Keras 
22880,  TensorFlow 
22881, LightGBM 
22881, Fast.ai 
22881, PyTorch 
22881, CatBoost 
22881, Xgboost 
22881, Huggingface 
22881, PyTorch Lightning 
22881,  Scikit-learn 
22882,  Scikit-learn 
22882, PyTorch Lightning 
22882,  TensorFlow 
22882, Keras 
22882, PyTorch 
22883,  Scikit-learn 
22884, Keras 
22884, PyTorch 
22886, PyTorch 
22886,  Scikit-learn 
22886, LightGBM 
22886, CatBoost 
22886, Xgboost 
22887, Keras 
22887,  TensorFlow 
22890,  TensorFlow 
22890,  Scikit-learn 
22891, PyTorch Lightning 
22891, PyTorch 
22893,  Scikit-learn 
22893, Xgboost 
22893, Tidymodels 
22894,  Scikit-learn 
22896,  TensorFlow 
22896, Keras 
22897, PyTorch 
22897, Xgboost 
22897, CatBoost 
22897, Keras 
22897, Huggingface 
22897,  Scikit-learn 
22897, LightGBM 
22898, PyTorch 
22898,  Scikit-learn 
22898, Keras 
22898,  TensorFlow 
22899,Other
22900, PyTorch 
22900, Huggingface 
22900,  Scikit-learn 
22901,  Scikit-learn 
22902, Xgboost 
22902, Caret 
22902,  Scikit-learn 
22903, Keras 
22903,  TensorFlow 
22903,  Scikit-learn 
22904, PyTorch 
22904, Keras 
22904, Xgboost 
22904,  TensorFlow 
22904, PyTorch Lightning 
22904,  Scikit-learn 
22905,  TensorFlow 
22906, Huggingface 
22906,  TensorFlow 
22906, PyTorch 
22906, Keras 
22906, Fast.ai 
22907,  TensorFlow 
22907, PyTorch 
22907, CatBoost 
22907, LightGBM 
22907, Xgboost 
22907, Huggingface 
22907,  Scikit-learn 
22908,  TensorFlow 
22908, Xgboost 
22908, Keras 
22908,  Scikit-learn 
22909, Keras 
22909, PyTorch 
22909,  Scikit-learn 
22909,  TensorFlow 
22911, Huggingface 
22911, Keras 
22911,  TensorFlow 
22911,  Scikit-learn 
22912, PyTorch 
22912, Xgboost 
22912,  Scikit-learn 
22913,  Scikit-learn 
22919, Xgboost 
22919, Keras 
22919,  Scikit-learn 
22919,  TensorFlow 
22921,  Scikit-learn 
22922,  TensorFlow 
22922, Keras 
22922, PyTorch 
22922,  Scikit-learn 
22922, Xgboost 
22923,  TensorFlow 
22923,  Scikit-learn 
22923, PyTorch 
22928,  Scikit-learn 
22928, Keras 
22928, Xgboost 
22928,  TensorFlow 
22931, Huggingface 
22931,  Scikit-learn 
22931, Keras 
22931, Xgboost 
22931,  TensorFlow 
22931, PyTorch 
22931, LightGBM 
22935, Keras 
22935, Xgboost 
22935, CatBoost 
22935, LightGBM 
22935,  Scikit-learn 
22937,  Scikit-learn 
22937, Xgboost 
22937, Keras 
22937, Huggingface 
22937,  TensorFlow 
22938,  TensorFlow 
22938, Xgboost 
22938,  Scikit-learn 
22940, Xgboost 
22940,  Scikit-learn 
22942,  Scikit-learn 
22942, Huggingface 
22942, LightGBM 
22942, Xgboost 
22942, PyTorch 
22943, PyTorch 
22943,  Scikit-learn 
22944,  Scikit-learn 
22944, Keras 
22944,  TensorFlow 
22947, Huggingface 
22947, JAX 
22947, Xgboost 
22947,  TensorFlow 
22947, PyTorch Lightning 
22947, PyTorch 
22949,Other
22950,  Scikit-learn 
22950, PyTorch 
22951,  Scikit-learn 
22952, LightGBM 
22952, PyTorch 
22952,  TensorFlow 
22952, Keras 
22952,  Scikit-learn 
22952, Xgboost 
22952, CatBoost 
22953,  Scikit-learn 
22953, Xgboost 
22954,  Scikit-learn 
22954, PyTorch 
22954,  TensorFlow 
22955, Keras 
22955,  TensorFlow 
22955,  Scikit-learn 
22956, PyTorch 
22958, Keras 
22958,  TensorFlow 
22958, LightGBM 
22958, Xgboost 
22958,  Scikit-learn 
22959, Keras 
22959, PyTorch 
22959,  TensorFlow 
22960,  Scikit-learn 
22960, Keras 
22960, LightGBM 
22963,  Scikit-learn 
22964,  Scikit-learn 
22964, Xgboost 
22966, PyTorch 
22966, PyTorch Lightning 
22966,  Scikit-learn 
22967, Xgboost 
22967,  TensorFlow 
22967,  Scikit-learn 
22969, Keras 
22969, LightGBM 
22969,  Scikit-learn 
22969, Xgboost 
22969, CatBoost 
22969, Fast.ai 
22972, PyTorch 
22972,  TensorFlow 
22972,  Scikit-learn 
22975, PyTorch 
22975,  Scikit-learn 
22978,  Scikit-learn 
22978, Keras 
22978,  TensorFlow 
22979,  Scikit-learn 
22979, Keras 
22979, Fast.ai 
22979,  TensorFlow 
22979, Tidymodels 
22980, Keras 
22980,  Scikit-learn 
22980,  TensorFlow 
22981,  Scikit-learn 
22981, PyTorch 
22981, CatBoost 
22982, PyTorch 
22982,  Scikit-learn 
22983,  Scikit-learn 
22983, Xgboost 
22983, Caret 
22983, Tidymodels 
22985,  Scikit-learn 
22985, Keras 
22985,  TensorFlow 
22989, PyTorch 
22990, Keras 
22990, LightGBM 
22990, PyTorch Lightning 
22990, Xgboost 
22990, CatBoost 
22990,  TensorFlow 
22990, PyTorch 
22992,  Scikit-learn 
22992,  TensorFlow 
22994, Keras 
22994,  TensorFlow 
22995, Xgboost 
22995,  Scikit-learn 
22996,  Scikit-learn 
22997,  Scikit-learn 
23003,  Scikit-learn 
23003, PyTorch 
23003,  TensorFlow 
23003, Xgboost 
23003, Keras 
23004,  Scikit-learn 
23004, PyTorch 
23005, Keras 
23005,  TensorFlow 
23007,  TensorFlow 
23007,  Scikit-learn 
23007, Keras 
23008, Caret 
23008,  Scikit-learn 
23008, Keras 
23008,  TensorFlow 
23009,  Scikit-learn 
23009, Keras 
23015,  Scikit-learn 
23016,  Scikit-learn 
23016, Huggingface 
23016, PyTorch 
23019,  Scikit-learn 
23019, Caret 
23019, PyTorch 
23019, Keras 
23019, Xgboost 
23019,  TensorFlow 
23020,  Scikit-learn 
23020, CatBoost 
23020, LightGBM 
23020, Xgboost 
23020, Caret 
23022, PyTorch 
23022,  Scikit-learn 
23023, Xgboost 
23027, Xgboost 
23027,  Scikit-learn 
23027, PyTorch 
23027, PyTorch Lightning 
23027, Huggingface 
23028, LightGBM 
23028, CatBoost 
23028,  Scikit-learn 
23030, Caret 
23030,  Scikit-learn 
23030, Huggingface 
23030, Xgboost 
23030,  TensorFlow 
23031, PyTorch Lightning 
23031, PyTorch 
23031,  TensorFlow 
23032,  Scikit-learn 
23033, PyTorch 
23038, Keras 
23038,  Scikit-learn 
23038, PyTorch 
23038,  TensorFlow 
23039,  Scikit-learn 
23040,  Scikit-learn 
23040, Keras 
23040,  TensorFlow 
23042,  TensorFlow 
23042, Keras 
23042, PyTorch 
23042,  Scikit-learn 
23044,  Scikit-learn 
23044, PyTorch 
23045,  TensorFlow 
23046,  TensorFlow 
23046, Xgboost 
23046, Keras 
23046,  Scikit-learn 
23048,  Scikit-learn 
23048,  TensorFlow 
23048, Keras 
23048, Xgboost 
23050, Keras 
23050,  TensorFlow 
23051, Xgboost 
23051,  Scikit-learn 
23051,  TensorFlow 
23052,  TensorFlow 
23052,  Scikit-learn 
23052, Keras 
23053, PyTorch 
23053, PyTorch Lightning 
23053,  Scikit-learn 
23053,  TensorFlow 
23053, Keras 
23053, Xgboost 
23054,  Scikit-learn 
23054,  TensorFlow 
23054, Keras 
23055, PyTorch 
23055,  TensorFlow 
23055,  Scikit-learn 
23055, Keras 
23056,  Scikit-learn 
23057, PyTorch 
23057, LightGBM 
23057,  TensorFlow 
23057,  Scikit-learn 
23057, Keras 
23057, Xgboost 
23058, CatBoost 
23058, Xgboost 
23058,  Scikit-learn 
23059,  TensorFlow 
23059, Xgboost 
23059, Keras 
23059,  Scikit-learn 
23060, Keras 
23060,  Scikit-learn 
23060,  TensorFlow 
23062,  Scikit-learn 
23062, Huggingface 
23062, Xgboost 
23062, PyTorch 
23063,  TensorFlow 
23063, Keras 
23065,  Scikit-learn 
23065, PyTorch 
23065, Keras 
23065,  TensorFlow 
23068,  Scikit-learn 
23069,  Scikit-learn 
23069, Xgboost 
23069, CatBoost 
23069, LightGBM 
23069, Keras 
23071, JAX 
23071,  TensorFlow 
23071, PyTorch 
23072,  Scikit-learn 
23073,  Scikit-learn 
23073, Fast.ai 
23074,  Scikit-learn 
23074, Xgboost 
23074, Keras 
23074, Huggingface 
23074, PyTorch 
23074, LightGBM 
23077, Xgboost 
23077, LightGBM 
23077,  Scikit-learn 
23077,  TensorFlow 
23077, Keras 
23078,  Scikit-learn 
23079, PyTorch 
23079,  TensorFlow 
23080,  TensorFlow 
23080, PyTorch 
23080, Keras 
23080,  Scikit-learn 
23083, Keras 
23083,  TensorFlow 
23083, PyTorch 
23084, PyTorch 
23084,  Scikit-learn 
23084, Fast.ai 
23085,  TensorFlow 
23085, Keras 
23085, PyTorch 
23086,  Scikit-learn 
23086, Xgboost 
23087, Keras 
23087,  TensorFlow 
23087,  Scikit-learn 
23090, Huggingface 
23090,  Scikit-learn 
23090,  TensorFlow 
23091,  Scikit-learn 
23091, Huggingface 
23091, PyTorch 
23091,  TensorFlow 
23091, Keras 
23092,  TensorFlow 
23093, PyTorch 
23093,  TensorFlow 
23096,  TensorFlow 
23096, PyTorch 
23096,  Scikit-learn 
23098, Keras 
23098,  Scikit-learn 
23098, PyTorch 
23098,  TensorFlow 
23099, Keras 
23099,  TensorFlow 
23099, Xgboost 
23099,  Scikit-learn 
23100, Keras 
23100,  TensorFlow 
23101, Xgboost 
23101,  Scikit-learn 
23102, Huggingface 
23102, PyTorch Lightning 
23102, Fast.ai 
23102, PyTorch 
23102, Xgboost 
23103, Caret 
23105,  Scikit-learn 
23107,  Scikit-learn 
23108,  Scikit-learn 
23108, Xgboost 
23108, PyTorch 
23108, Huggingface 
23110,  Scikit-learn 
23110, PyTorch Lightning 
23111, Xgboost 
23111, Keras 
23111,  Scikit-learn 
23111,  TensorFlow 
23112, Keras 
23112, PyTorch 
23112,  TensorFlow 
23112,  Scikit-learn 
23113, LightGBM 
23113,  Scikit-learn 
23113, Xgboost 
23114, Keras 
23114, LightGBM 
23114, PyTorch 
23114,Other
23114,  TensorFlow 
23114,  Scikit-learn 
23114, Xgboost 
23115,  TensorFlow 
23115, PyTorch Lightning 
23115,  Scikit-learn 
23115, JAX 
23115, Xgboost 
23115, PyTorch 
23116,  Scikit-learn 
23117,  TensorFlow 
23117, Keras 
23117,  Scikit-learn 
23118,  Scikit-learn 
23118, PyTorch 
23119, LightGBM 
23119,  TensorFlow 
23120, PyTorch 
23120,  Scikit-learn 
23122,  Scikit-learn 
23122,  TensorFlow 
23123, Xgboost 
23123,  Scikit-learn 
23123,  TensorFlow 
23123, Keras 
23124, Keras 
23124,  TensorFlow 
23126,  Scikit-learn 
23127,  Scikit-learn 
23128,  Scikit-learn 
23129, PyTorch Lightning 
23129, Keras 
23129,  TensorFlow 
23129,  Scikit-learn 
23130,Other
23133,  Scikit-learn 
23133, PyTorch 
23134, Keras 
23134,  Scikit-learn 
23135,  Scikit-learn 
23136,  Scikit-learn 
23137,  TensorFlow 
23137, Xgboost 
23137,  Scikit-learn 
23138,  Scikit-learn 
23138,  TensorFlow 
23138, PyTorch 
23138, Keras 
23139,  TensorFlow 
23141,  Scikit-learn 
23141,  TensorFlow 
23141, Xgboost 
23141, Keras 
23142,  TensorFlow 
23142, PyTorch 
23143, PyTorch 
23143,  TensorFlow 
23144,  Scikit-learn 
23145,  TensorFlow 
23145, PyTorch 
23145,  Scikit-learn 
23145, Huggingface 
23145, PyTorch Lightning 
23145, Keras 
23147,  Scikit-learn 
23147, Xgboost 
23148,  Scikit-learn 
23148, Xgboost 
23151, Xgboost 
23151,  Scikit-learn 
23152, Keras 
23152,  TensorFlow 
23152, PyTorch 
23154,  Scikit-learn 
23154, Xgboost 
23155,  Scikit-learn 
23156, PyTorch 
23157,  TensorFlow 
23157, Keras 
23157,  Scikit-learn 
23157, PyTorch 
23158, Keras 
23158,  TensorFlow 
23158, PyTorch 
23158,  Scikit-learn 
23158,Other
23159,  Scikit-learn 
23159, Huggingface 
23159, Fast.ai 
23159,  TensorFlow 
23159, PyTorch 
23160, LightGBM 
23160,  TensorFlow 
23160, Caret 
23160, Keras 
23161, PyTorch 
23161,  Scikit-learn 
23161,  TensorFlow 
23165,  Scikit-learn 
23165,  TensorFlow 
23165, Xgboost 
23165, Keras 
23165, LightGBM 
23165, Huggingface 
23165, CatBoost 
23165, PyTorch 
23166, Caret 
23166, PyTorch 
23166,  TensorFlow 
23166, Keras 
23166,  Scikit-learn 
23166, Huggingface 
23169, LightGBM 
23169, Xgboost 
23169, Keras 
23169, Caret 
23169,  Scikit-learn 
23169, CatBoost 
23169,  TensorFlow 
23170, PyTorch 
23170,  TensorFlow 
23171,  TensorFlow 
23172,  Scikit-learn 
23172, PyTorch 
23172, Keras 
23172,  TensorFlow 
23172, Xgboost 
23174,  Scikit-learn 
23176,  TensorFlow 
23176, Keras 
23177,  Scikit-learn 
23177, Xgboost 
23177, Keras 
23178,  TensorFlow 
23178, PyTorch 
23178,  Scikit-learn 
23179,  TensorFlow 
23179,  Scikit-learn 
23183, Xgboost 
23183, PyTorch 
23183,  TensorFlow 
23183, Caret 
23183, Keras 
23183,  Scikit-learn 
23184, Keras 
23184,  Scikit-learn 
23184,  TensorFlow 
23184, PyTorch 
23186,  TensorFlow 
23186, Keras 
23186,  Scikit-learn 
23188, Keras 
23188, Xgboost 
23188,  Scikit-learn 
23188,  TensorFlow 
23190,  TensorFlow 
23190, Keras 
23191, LightGBM 
23191, Xgboost 
23191,  TensorFlow 
23191,  Scikit-learn 
23191, Keras 
23191, PyTorch 
23191, CatBoost 
23193, Xgboost 
23193, PyTorch 
23193, LightGBM 
23193,  TensorFlow 
23193,  Scikit-learn 
23193, Keras 
23193, Huggingface 
23198,  Scikit-learn 
23198, Keras 
23198, Caret 
23198, Xgboost 
23198, Tidymodels 
23199, LightGBM 
23199, PyTorch Lightning 
23199,  Scikit-learn 
23199, Xgboost 
23199, CatBoost 
23199, Fast.ai 
23200, PyTorch 
23202,  TensorFlow 
23203,  Scikit-learn 
23203, Tidymodels 
23203, Huggingface 
23203,  TensorFlow 
23203, Xgboost 
23203, Caret 
23203, LightGBM 
23203, PyTorch 
23204,  Scikit-learn 
23204,  TensorFlow 
23204, Keras 
23208,Other
23209,  Scikit-learn 
23209, Keras 
23209,  TensorFlow 
23210, Keras 
23210, PyTorch 
23210, Huggingface 
23210,  Scikit-learn 
23210, Xgboost 
23210,  TensorFlow 
23210, LightGBM 
23210, PyTorch Lightning 
23211,  TensorFlow 
23211, Keras 
23211,  Scikit-learn 
23212,  Scikit-learn 
23212, PyTorch 
23212, JAX 
23212, Fast.ai 
23213,  Scikit-learn 
23214, Keras 
23214, Xgboost 
23214,  TensorFlow 
23215, Caret 
23215, Xgboost 
23217,  TensorFlow 
23217, Keras 
23217, Huggingface 
23218, Keras 
23218,  Scikit-learn 
23218, PyTorch 
23218,  TensorFlow 
23219, Keras 
23219, CatBoost 
23219,  TensorFlow 
23219, Xgboost 
23219, PyTorch 
23219,  Scikit-learn 
23220,  TensorFlow 
23220,  Scikit-learn 
23221,  Scikit-learn 
23223, Xgboost 
23223,  Scikit-learn 
23224,  Scikit-learn 
23225,  Scikit-learn 
23225,  TensorFlow 
23225, PyTorch 
23225, CatBoost 
23225, LightGBM 
23225, Xgboost 
23225, Fast.ai 
23225, Keras 
23227, Keras 
23228, PyTorch 
23228,  TensorFlow 
23228, Keras 
23228,  Scikit-learn 
23230,  Scikit-learn 
23230,  TensorFlow 
23230, Keras 
23231, Keras 
23231, Xgboost 
23231,  Scikit-learn 
23231,  TensorFlow 
23232,  Scikit-learn 
23235, Xgboost 
23236,  Scikit-learn 
23236, Keras 
23236,  TensorFlow 
23239,  TensorFlow 
23239, PyTorch 
23239,  Scikit-learn 
23239, Keras 
23240, CatBoost 
23240,  Scikit-learn 
23240, LightGBM 
23240, Xgboost 
23241, Xgboost 
23241, PyTorch 
23241, PyTorch Lightning 
23241,  Scikit-learn 
23241,  TensorFlow 
23241, LightGBM 
23241, Keras 
23242,  Scikit-learn 
23242, Keras 
23242,  TensorFlow 
23243, Xgboost 
23243, PyTorch 
23243,  TensorFlow 
23243,  Scikit-learn 
23245, PyTorch 
23246,  Scikit-learn 
23246,  TensorFlow 
23246, Keras 
23247, PyTorch 
23247, Xgboost 
23247,  Scikit-learn 
23251, Caret 
23251,  Scikit-learn 
23252, PyTorch 
23252,  TensorFlow 
23252, Keras 
23256, PyTorch Lightning 
23256,  TensorFlow 
23256, PyTorch 
23261,  TensorFlow 
23261, Keras 
23261,  Scikit-learn 
23263, PyTorch 
23263, PyTorch Lightning 
23263,  Scikit-learn 
23266,  Scikit-learn 
23266,  TensorFlow 
23267,  Scikit-learn 
23267, Xgboost 
23268, Xgboost 
23268,  Scikit-learn 
23269, Keras 
23269, PyTorch 
23269,  TensorFlow 
23269, Xgboost 
23269,  Scikit-learn 
23271,  Scikit-learn 
23271,  TensorFlow 
23274,  Scikit-learn 
23274, Keras 
23276,  TensorFlow 
23276, Keras 
23276, Xgboost 
23276,  Scikit-learn 
23276, PyTorch 
23276, Huggingface 
23278, PyTorch 
23278, Fast.ai 
23278,  TensorFlow 
23278, LightGBM 
23278, Keras 
23278, Xgboost 
23278,  Scikit-learn 
23278, CatBoost 
23279, Xgboost 
23279, Caret 
23279, LightGBM 
23279, Keras 
23279,  TensorFlow 
23280,  Scikit-learn 
23283, Keras 
23283, PyTorch 
23283,  Scikit-learn 
23283,  TensorFlow 
23286, Xgboost 
23286,  TensorFlow 
23286,  Scikit-learn 
23286, PyTorch 
23286, Keras 
23287,  Scikit-learn 
23287, Keras 
23287, PyTorch 
23287,  TensorFlow 
23289,  Scikit-learn 
23290, Xgboost 
23290,  Scikit-learn 
23290, Fast.ai 
23290, PyTorch Lightning 
23290, LightGBM 
23290, PyTorch 
23290, Keras 
23292, Xgboost 
23292,Other
23292,  Scikit-learn 
23293, Huggingface 
23293, PyTorch 
23293, Keras 
23293,  TensorFlow 
23295,  Scikit-learn 
23297,  Scikit-learn 
23297, Keras 
23297, Xgboost 
23298,  Scikit-learn 
23299,  Scikit-learn 
23300, Tidymodels 
23300, PyTorch 
23300,  Scikit-learn 
23302, PyTorch Lightning 
23302, PyTorch 
23302,  TensorFlow 
23302, Tidymodels 
23302,  Scikit-learn 
23302, Keras 
23302, Caret 
23303, PyTorch 
23303,  Scikit-learn 
23303, PyTorch Lightning 
23304,  Scikit-learn 
23305,  TensorFlow 
23305, Xgboost 
23305,  Scikit-learn 
23306,  Scikit-learn 
23306, Huggingface 
23306, PyTorch 
23306,  TensorFlow 
23306, Keras 
23308,  Scikit-learn 
23308, Huggingface 
23308,  TensorFlow 
23308, Keras 
23308, PyTorch 
23309,  TensorFlow 
23309, Keras 
23309,  Scikit-learn 
23312, Keras 
23312,  TensorFlow 
23313, Caret 
23314, Xgboost 
23314,  Scikit-learn 
23315,  Scikit-learn 
23316, CatBoost 
23316, Xgboost 
23316,  TensorFlow 
23316,  Scikit-learn 
23316, Keras 
23316, LightGBM 
23317,  TensorFlow 
23318, PyTorch 
23318,  TensorFlow 
23318, Huggingface 
23318,  Scikit-learn 
23319,  Scikit-learn 
23322, CatBoost 
23322, LightGBM 
23322, PyTorch 
23322,  TensorFlow 
23322,  Scikit-learn 
23322, Xgboost 
23322, Huggingface 
23323, Caret 
23323, Keras 
23323,  Scikit-learn 
23323,  TensorFlow 
23323, Xgboost 
23323, Fast.ai 
23324, Fast.ai 
23324, PyTorch 
23324,  TensorFlow 
23324,  Scikit-learn 
23327, Keras 
23328, Keras 
23328,  TensorFlow 
23328,  Scikit-learn 
23328, LightGBM 
23328, Xgboost 
23328, CatBoost 
23329,  TensorFlow 
23329,  Scikit-learn 
23329, PyTorch 
23329, Keras 
23329, Xgboost 
23331,  TensorFlow 
23331,  Scikit-learn 
23331, LightGBM 
23331, Xgboost 
23331, PyTorch 
23331, Huggingface 
23331, PyTorch Lightning 
23336, Keras 
23336,  Scikit-learn 
23336, PyTorch 
23336,  TensorFlow 
23337,  TensorFlow 
23337, Xgboost 
23337,  Scikit-learn 
23338,  Scikit-learn 
23339,  Scikit-learn 
23342, LightGBM 
23343,  Scikit-learn 
23343,  TensorFlow 
23345,  TensorFlow 
23345, Keras 
23345, Xgboost 
23345,  Scikit-learn 
23347,  TensorFlow 
23347,Other
23347, Keras 
23350,  Scikit-learn 
23351, Keras 
23351, PyTorch Lightning 
23351, Fast.ai 
23351,  TensorFlow 
23351, Xgboost 
23351, CatBoost 
23351,  Scikit-learn 
23351, Huggingface 
23351, Caret 
23351, LightGBM 
23351, PyTorch 
23352, Tidymodels 
23352, CatBoost 
23352, PyTorch 
23352,  Scikit-learn 
23352, LightGBM 
23352, Xgboost 
23353,  TensorFlow 
23353, PyTorch 
23353,  Scikit-learn 
23353, Keras 
23355, CatBoost 
23355,  Scikit-learn 
23355, Xgboost 
23356,  Scikit-learn 
23358,  Scikit-learn 
23358,  TensorFlow 
23358, Keras 
23358, Xgboost 
23358, LightGBM 
23360, Keras 
23360,  Scikit-learn 
23360, PyTorch 
23361, PyTorch 
23361,  Scikit-learn 
23361,  TensorFlow 
23361, Keras 
23362, Caret 
23362,  Scikit-learn 
23365, PyTorch Lightning 
23365, CatBoost 
23365,  Scikit-learn 
23365, Huggingface 
23365, PyTorch 
23365, Xgboost 
23365, LightGBM 
23366, CatBoost 
23366, LightGBM 
23366,  Scikit-learn 
23366, Xgboost 
23367,  Scikit-learn 
23367, Keras 
23368,  TensorFlow 
23368, Keras 
23368,  Scikit-learn 
23369,  TensorFlow 
23369,  Scikit-learn 
23370, PyTorch 
23371, PyTorch 
23371,  TensorFlow 
23372, Keras 
23372,  Scikit-learn 
23372,  TensorFlow 
23375, Keras 
23375,  Scikit-learn 
23375,  TensorFlow 
23376,  TensorFlow 
23376, Xgboost 
23378,  Scikit-learn 
23379,  Scikit-learn 
23379,  TensorFlow 
23379, Keras 
23380,  TensorFlow 
23380,  Scikit-learn 
23380, Keras 
23386, Keras 
23386,  Scikit-learn 
23386, Xgboost 
23386,  TensorFlow 
23386, PyTorch 
23388, PyTorch 
23388,  Scikit-learn 
23388,  TensorFlow 
23388, LightGBM 
23388, Xgboost 
23388, Keras 
23388, PyTorch Lightning 
23390, PyTorch 
23390,  Scikit-learn 
23392, Keras 
23392,  Scikit-learn 
23392, Fast.ai 
23392,  TensorFlow 
23392, PyTorch 
23392, LightGBM 
23395, Keras 
23395, Xgboost 
23395,  Scikit-learn 
23395,  TensorFlow 
23397,  TensorFlow 
23397,  Scikit-learn 
23398, Xgboost 
23398,  Scikit-learn 
23398,  TensorFlow 
23398, Keras 
23399,  TensorFlow 
23399, Keras 
23399,  Scikit-learn 
23401, PyTorch 
23401, Keras 
23401,  Scikit-learn 
23404, Xgboost 
23404, Keras 
23404,  Scikit-learn 
23404, Fast.ai 
23404,  TensorFlow 
23404, PyTorch 
23405,  TensorFlow 
23405,  Scikit-learn 
23406, PyTorch Lightning 
23406, PyTorch 
23406, Keras 
23407,  TensorFlow 
23408,  Scikit-learn 
23408, Xgboost 
23410, LightGBM 
23410, PyTorch 
23410,  TensorFlow 
23410,  Scikit-learn 
23410, Caret 
23414, PyTorch 
23414, Fast.ai 
23415, PyTorch 
23415,  Scikit-learn 
23415,  TensorFlow 
23415, Keras 
23419, PyTorch Lightning 
23419, Fast.ai 
23419, Tidymodels 
23419,  TensorFlow 
23419, Keras 
23421,  TensorFlow 
23421, Keras 
23421,  Scikit-learn 
23421, PyTorch 
23422,  TensorFlow 
23422,  Scikit-learn 
23422, Keras 
23424, PyTorch 
23424,  TensorFlow 
23424,  Scikit-learn 
23424, Keras 
23425,  TensorFlow 
23425,  Scikit-learn 
23429,  TensorFlow 
23429,  Scikit-learn 
23429, PyTorch 
23430, PyTorch Lightning 
23430, PyTorch 
23430, LightGBM 
23430, Keras 
23430, Huggingface 
23430,  Scikit-learn 
23430, Xgboost 
23431,  Scikit-learn 
23432, Keras 
23432, PyTorch 
23432, Xgboost 
23434,Other
23434,  Scikit-learn 
23435, Caret 
23435, Tidymodels 
23435, Fast.ai 
23435,  Scikit-learn 
23436, JAX 
23436,  TensorFlow 
23436, Keras 
23438, LightGBM 
23438,  Scikit-learn 
23438, Keras 
23438, Xgboost 
23438,Other
23438, CatBoost 
23439, Huggingface 
23439, Keras 
23439,  TensorFlow 
23439,  Scikit-learn 
23439, PyTorch 
23439, CatBoost 
23439, Xgboost 
23439, LightGBM 
23439, Fast.ai 
23439, PyTorch Lightning 
23440,  Scikit-learn 
23440, PyTorch 
23440,  TensorFlow 
23441,  Scikit-learn 
23442,  Scikit-learn 
23443,  Scikit-learn 
23443,Other
23444,  TensorFlow 
23445,  Scikit-learn 
23445,  TensorFlow 
23446,  Scikit-learn 
23446, PyTorch Lightning 
23446, PyTorch 
23450,  Scikit-learn 
23451,  Scikit-learn 
23453,  Scikit-learn 
23453, PyTorch 
23453,  TensorFlow 
23454,  TensorFlow 
23454, PyTorch Lightning 
23454, PyTorch 
23455,  TensorFlow 
23456, Keras 
23456,  Scikit-learn 
23456,  TensorFlow 
23458,  TensorFlow 
23458, Keras 
23458, Xgboost 
23458, LightGBM 
23458, Huggingface 
23459, Xgboost 
23459,  Scikit-learn 
23460, PyTorch 
23460, Keras 
23460,  TensorFlow 
23460,  Scikit-learn 
23463,  Scikit-learn 
23470, Keras 
23470, Xgboost 
23470,  Scikit-learn 
23470,  TensorFlow 
23471, Caret 
23471, Xgboost 
23471,  Scikit-learn 
23472, Xgboost 
23473,  TensorFlow 
23473,  Scikit-learn 
23473, Keras 
23474,  Scikit-learn 
23474, PyTorch 
23474,  TensorFlow 
23474, Keras 
23475,  TensorFlow 
23475,  Scikit-learn 
23475, Xgboost 
23475, Keras 
23476,  Scikit-learn 
23479,  TensorFlow 
23480,  Scikit-learn 
23481,  TensorFlow 
23481, Keras 
23481,  Scikit-learn 
23482,  Scikit-learn 
23483,  TensorFlow 
23484, Keras 
23484, PyTorch 
23485, LightGBM 
23485,  TensorFlow 
23485, Xgboost 
23485, Keras 
23485, PyTorch 
23485, CatBoost 
23485,  Scikit-learn 
23486,  TensorFlow 
23488,  Scikit-learn 
23488, Keras 
23488, Xgboost 
23489,  TensorFlow 
23489, Keras 
23489,  Scikit-learn 
23491,Other
23492,  Scikit-learn 
23493, PyTorch 
23493, Huggingface 
23493, PyTorch Lightning 
23493,  TensorFlow 
23493, LightGBM 
23493, CatBoost 
23493, Fast.ai 
23493,  Scikit-learn 
23494, CatBoost 
23494, Keras 
23494,  Scikit-learn 
23494, Xgboost 
23494,  TensorFlow 
23495, PyTorch 
23495,  Scikit-learn 
23495, Keras 
23495, Xgboost 
23495, LightGBM 
23495, PyTorch Lightning 
23495, CatBoost 
23495,  TensorFlow 
23495, Huggingface 
23495, Caret 
23496, LightGBM 
23496,  Scikit-learn 
23496, Keras 
23496, Xgboost 
23497,  TensorFlow 
23497, Keras 
23497,  Scikit-learn 
23497, PyTorch 
23500,  Scikit-learn 
23500, PyTorch 
23500,  TensorFlow 
23500, Xgboost 
23501,  TensorFlow 
23501,  Scikit-learn 
23501, Keras 
23502, PyTorch 
23502,  TensorFlow 
23502, Keras 
23504, Keras 
23504, Xgboost 
23504, Caret 
23504,  TensorFlow 
23504,  Scikit-learn 
23504, CatBoost 
23504, LightGBM 
23504, PyTorch 
23504, Huggingface 
23504, Fast.ai 
23505,  TensorFlow 
23505, LightGBM 
23505, Xgboost 
23505,  Scikit-learn 
23505, Keras 
23508,  Scikit-learn 
23509, Xgboost 
23509,  Scikit-learn 
23511, PyTorch 
23512,  Scikit-learn 
23512, Xgboost 
23512, Keras 
23512, LightGBM 
23515,  Scikit-learn 
23516,  Scikit-learn 
23517,Other
23520, Tidymodels 
23520, Keras 
23520, Caret 
23521,  Scikit-learn 
23522,  Scikit-learn 
23522, PyTorch 
23524,  Scikit-learn 
23525, Keras 
23525,  TensorFlow 
23525,  Scikit-learn 
23526, LightGBM 
23526, Xgboost 
23526,  Scikit-learn 
23527, PyTorch 
23527,  Scikit-learn 
23528,  TensorFlow 
23528, Keras 
23528,  Scikit-learn 
23529,  Scikit-learn 
23529,  TensorFlow 
23529, PyTorch 
23532,  Scikit-learn 
23532,  TensorFlow 
23532, Huggingface 
23534,  Scikit-learn 
23534, Caret 
23534, Keras 
23535,  TensorFlow 
23535,  Scikit-learn 
23536,  Scikit-learn 
23536, Keras 
23536,  TensorFlow 
23537, PyTorch 
23537, PyTorch Lightning 
23538,  Scikit-learn 
23538,  TensorFlow 
23538, LightGBM 
23538, PyTorch 
23538, Keras 
23539,  TensorFlow 
23539, Xgboost 
23539,  Scikit-learn 
23540, PyTorch 
23540,  TensorFlow 
23541,  Scikit-learn 
23543, Keras 
23543,  Scikit-learn 
23545, Keras 
23545,  Scikit-learn 
23545,  TensorFlow 
23546, Keras 
23546, Xgboost 
23546,  Scikit-learn 
23546,  TensorFlow 
23547,  Scikit-learn 
23547,  TensorFlow 
23551, PyTorch 
23551, PyTorch Lightning 
23552,  TensorFlow 
23552, Xgboost 
23552, LightGBM 
23552, Keras 
23552,  Scikit-learn 
23552, Huggingface 
23552, PyTorch 
23553, PyTorch 
23553, Keras 
23554, Keras 
23554,  Scikit-learn 
23554, PyTorch 
23554, PyTorch Lightning 
23554,  TensorFlow 
23555,  Scikit-learn 
23557, Fast.ai 
23557, PyTorch 
23560, LightGBM 
23560, Fast.ai 
23560,  Scikit-learn 
23560, Xgboost 
23560, PyTorch 
23561, PyTorch 
23562, Xgboost 
23562,  TensorFlow 
23562, PyTorch 
23562, Huggingface 
23562,  Scikit-learn 
23566, Xgboost 
23566,  Scikit-learn 
23566, LightGBM 
23567,  Scikit-learn 
23567, Keras 
23567,  TensorFlow 
23567, CatBoost 
23568,  Scikit-learn 
23569,  Scikit-learn 
23569,  TensorFlow 
23569, PyTorch 
23570, Keras 
23571, Fast.ai 
23571,  TensorFlow 
23572,  Scikit-learn 
23573, PyTorch 
23573,  TensorFlow 
23573,  Scikit-learn 
23573,Other
23573, Keras 
23576, Keras 
23576, Xgboost 
23576,  Scikit-learn 
23576,  TensorFlow 
23576, PyTorch 
23576, PyTorch Lightning 
23576, Huggingface 
23577,  Scikit-learn 
23578,  Scikit-learn 
23578, Keras 
23578,  TensorFlow 
23579, Xgboost 
23579, Tidymodels 
23579, Caret 
23583, Keras 
23583,  Scikit-learn 
23583,  TensorFlow 
23585, Keras 
23585, Huggingface 
23585, PyTorch 
23585,  Scikit-learn 
23587, LightGBM 
23587, Keras 
23587, Xgboost 
23587,  Scikit-learn 
23587,  TensorFlow 
23587, CatBoost 
23589,  Scikit-learn 
23589, Xgboost 
23589, Keras 
23589, Caret 
23589, Tidymodels 
23589, PyTorch 
23591,  Scikit-learn 
23592,  Scikit-learn 
23592,  TensorFlow 
23593, Keras 
23593,  Scikit-learn 
23593, PyTorch 
23594, CatBoost 
23594, PyTorch 
23595,  Scikit-learn 
23596,  TensorFlow 
23597, PyTorch 
23601, Keras 
23601,  TensorFlow 
23601, PyTorch 
23601,  Scikit-learn 
23602, Xgboost 
23602,  TensorFlow 
23602,  Scikit-learn 
23602, PyTorch 
23604, Xgboost 
23604,  Scikit-learn 
23606, PyTorch 
23607, Keras 
23607,  TensorFlow 
23607, PyTorch 
23610,  Scikit-learn 
23610, Keras 
23613, Tidymodels 
23613,  Scikit-learn 
23613, Caret 
23614,  Scikit-learn 
23615,  Scikit-learn 
23618, Keras 
23618, Caret 
23618,  Scikit-learn 
23618,  TensorFlow 
23618, Tidymodels 
23619,  TensorFlow 
23619, Keras 
23620,  TensorFlow 
23620,  Scikit-learn 
23620, PyTorch 
23620, Keras 
23620, Xgboost 
23620, CatBoost 
23625, Xgboost 
23625, PyTorch 
23625, Keras 
23625,  TensorFlow 
23625,Other
23625,  Scikit-learn 
23630, Xgboost 
23630, Keras 
23630,  Scikit-learn 
23630,  TensorFlow 
23630, PyTorch 
23633, Caret 
23633, Xgboost 
23633, LightGBM 
23633,  Scikit-learn 
23637,  Scikit-learn 
23637, Keras 
23637,  TensorFlow 
23637, Xgboost 
23638, PyTorch 
23638,  Scikit-learn 
23639,  Scikit-learn 
23640,  Scikit-learn 
23640,  TensorFlow 
23640, Keras 
23641, PyTorch Lightning 
23641,  TensorFlow 
23641, Keras 
23641, PyTorch 
23641,  Scikit-learn 
23642,  Scikit-learn 
23645, LightGBM 
23645, PyTorch 
23645,  Scikit-learn 
23645, Xgboost 
23645,  TensorFlow 
23645, Keras 
23646,  Scikit-learn 
23647, Keras 
23647, Tidymodels 
23647, Xgboost 
23647,  TensorFlow 
23648,  Scikit-learn 
23648, Xgboost 
23648, LightGBM 
23652,  Scikit-learn 
23653,  Scikit-learn 
23654, Xgboost 
23654,  Scikit-learn 
23656,  TensorFlow 
23656,  Scikit-learn 
23656, PyTorch 
23656, Keras 
23657,  TensorFlow 
23657,  Scikit-learn 
23657, Keras 
23658, Keras 
23658,  TensorFlow 
23658, PyTorch 
23658,  Scikit-learn 
23663, Xgboost 
23663,  TensorFlow 
23663, Keras 
23663,  Scikit-learn 
23663, LightGBM 
23665,  Scikit-learn 
23666,  Scikit-learn 
23666, Keras 
23666,  TensorFlow 
23667,  Scikit-learn 
23669, Xgboost 
23669, LightGBM 
23669,  Scikit-learn 
23669, PyTorch 
23669, Keras 
23669, CatBoost 
23669,  TensorFlow 
23670, JAX 
23670, PyTorch Lightning 
23670,  Scikit-learn 
23670, PyTorch 
23674, Keras 
23674,  Scikit-learn 
23674, Xgboost 
23675,  TensorFlow 
23678,  TensorFlow 
23678, Xgboost 
23678,  Scikit-learn 
23678, Keras 
23679, Xgboost 
23679,  Scikit-learn 
23683,  Scikit-learn 
23683, Xgboost 
23683, Caret 
23683, LightGBM 
23683, PyTorch 
23683, PyTorch Lightning 
23683, Keras 
23683, Tidymodels 
23683,  TensorFlow 
23688, PyTorch 
23688,  TensorFlow 
23688, Keras 
23688,  Scikit-learn 
23688, Xgboost 
23689, Tidymodels 
23690, LightGBM 
23690,  TensorFlow 
23690, Keras 
23690, Xgboost 
23690, Caret 
23690,Other
23693, Keras 
23693, Caret 
23693,  Scikit-learn 
23693,  TensorFlow 
23693, LightGBM 
23693, PyTorch 
23693, PyTorch Lightning 
23693, Xgboost 
23693, CatBoost 
23694,  Scikit-learn 
23694, Xgboost 
23694, Fast.ai 
23694, PyTorch 
23694, Huggingface 
23695,  TensorFlow 
23695,  Scikit-learn 
23696, PyTorch 
23696,  Scikit-learn 
23697,  TensorFlow 
23697, Xgboost 
23697, LightGBM 
23697,  Scikit-learn 
23697, Keras 
23703, Fast.ai 
23703,  Scikit-learn 
23703, PyTorch 
23707,  Scikit-learn 
23708,Other
23712,  Scikit-learn 
23713, CatBoost 
23713,  TensorFlow 
23713, PyTorch 
23713, LightGBM 
23713,  Scikit-learn 
23713, Xgboost 
23713, Keras 
23713, Fast.ai 
23713, PyTorch Lightning 
23714,  Scikit-learn 
23714, Xgboost 
23715,  TensorFlow 
23715, Keras 
23715,  Scikit-learn 
23715, LightGBM 
23715, Xgboost 
23715, PyTorch 
23715, CatBoost 
23719,  TensorFlow 
23721,  Scikit-learn 
23721, Xgboost 
23721, Keras 
23721, CatBoost 
23721,  TensorFlow 
23721, PyTorch 
23721, LightGBM 
23722,  TensorFlow 
23722,  Scikit-learn 
23722, PyTorch 
23722, Keras 
23723,  TensorFlow 
23723, Keras 
23723,  Scikit-learn 
23723, LightGBM 
23723, Xgboost 
23726,  TensorFlow 
23727, Tidymodels 
23727,  TensorFlow 
23727,  Scikit-learn 
23727, LightGBM 
23727, Huggingface 
23727, Caret 
23727, PyTorch 
23727, PyTorch Lightning 
23727, Xgboost 
23727, JAX 
23727, Fast.ai 
23727, Keras 
23727, CatBoost 
23729, PyTorch 
23729,  Scikit-learn 
23729, Keras 
23729, PyTorch Lightning 
23729, Huggingface 
23729,  TensorFlow 
23730,  TensorFlow 
23730, Xgboost 
23730, Keras 
23730, PyTorch 
23730,  Scikit-learn 
23730, Caret 
23730, LightGBM 
23731,  Scikit-learn 
23731, Keras 
23736, CatBoost 
23736,  Scikit-learn 
23736, Xgboost 
23736, LightGBM 
23739, PyTorch 
23740,  Scikit-learn 
23740, PyTorch 
23742,  Scikit-learn 
23742, Keras 
23742,  TensorFlow 
23742, PyTorch 
23747, Keras 
23747,  TensorFlow 
23747, Xgboost 
23747,  Scikit-learn 
23748,  Scikit-learn 
23748,  TensorFlow 
23748, LightGBM 
23748, Xgboost 
23749,  Scikit-learn 
23749, Xgboost 
23753,  Scikit-learn 
23756, LightGBM 
23756, PyTorch Lightning 
23756,  TensorFlow 
23756, CatBoost 
23756, Xgboost 
23756, Tidymodels 
23756, Caret 
23756,  Scikit-learn 
23756, PyTorch 
23756, Keras 
23759,  TensorFlow 
23759, CatBoost 
23759,  Scikit-learn 
23759, LightGBM 
23759, Keras 
23759, Xgboost 
23759, PyTorch 
23761,  Scikit-learn 
23761, Keras 
23761, LightGBM 
23761, Xgboost 
23761, PyTorch 
23761,  TensorFlow 
23764,  Scikit-learn 
23764, LightGBM 
23764, Xgboost 
23766,  TensorFlow 
23766, Keras 
23766,  Scikit-learn 
23768,  Scikit-learn 
23769,  TensorFlow 
23769,  Scikit-learn 
23769, PyTorch 
23770, Keras 
23770, LightGBM 
23770,  Scikit-learn 
23770,  TensorFlow 
23770, Xgboost 
23771, PyTorch 
23771,  Scikit-learn 
23771,  TensorFlow 
23772,  Scikit-learn 
23772,  TensorFlow 
23776, PyTorch 
23778,  Scikit-learn 
23779,  Scikit-learn 
23781,  TensorFlow 
23781,  Scikit-learn 
23782,  Scikit-learn 
23782,  TensorFlow 
23783, Keras 
23783,  Scikit-learn 
23783, PyTorch 
23783,  TensorFlow 
23784, Caret 
23784,  Scikit-learn 
23784, LightGBM 
23784, Xgboost 
23784, Tidymodels 
23787,  TensorFlow 
23787, Keras 
23787, Xgboost 
23787,  Scikit-learn 
23789, Keras 
23789,  TensorFlow 
23789, Caret 
23789, PyTorch 
23790,  TensorFlow 
23790,  Scikit-learn 
23791, Keras 
23791,  TensorFlow 
23791,  Scikit-learn 
23794, Keras 
23795, Keras 
23795, Xgboost 
23795,  Scikit-learn 
23795, LightGBM 
23795,  TensorFlow 
23795, PyTorch 
23796, Keras 
23796,  Scikit-learn 
23797,  Scikit-learn 
23797, Keras 
23797, LightGBM 
23797,  TensorFlow 
23797, Xgboost 
23797, PyTorch 
23797, CatBoost 
23800, PyTorch 
23800,  TensorFlow 
23800,  Scikit-learn 
23800, Huggingface 
23800, Keras 
23801,  Scikit-learn 
23805, PyTorch 
23805,  Scikit-learn 
23805, Huggingface 
23805, Xgboost 
23805, LightGBM 
23807, Keras 
23807, PyTorch 
23807, PyTorch Lightning 
23807, Huggingface 
23807,  TensorFlow 
23808, PyTorch 
23810,  TensorFlow 
23811,  TensorFlow 
23811,  Scikit-learn 
23811, PyTorch Lightning 
23811, PyTorch 
23811, Xgboost 
23811, JAX 
23811, Keras 
23812, PyTorch 
23816, Xgboost 
23816, Keras 
23816,  Scikit-learn 
23816, Fast.ai 
23816, LightGBM 
23816, Tidymodels 
23816, CatBoost 
23817,  Scikit-learn 
23818, Keras 
23818, Xgboost 
23818, LightGBM 
23818, CatBoost 
23818,  TensorFlow 
23818,  Scikit-learn 
23819,  TensorFlow 
23819, PyTorch 
23819, Keras 
23819,  Scikit-learn 
23820,  Scikit-learn 
23820,  TensorFlow 
23820, LightGBM 
23820, Huggingface 
23820, Xgboost 
23822,  Scikit-learn 
23823,  Scikit-learn 
23824, PyTorch 
23825, Keras 
23825,  TensorFlow 
23825,  Scikit-learn 
23827,  TensorFlow 
23828,  Scikit-learn 
23828, Keras 
23828, PyTorch 
23830,  TensorFlow 
23830,  Scikit-learn 
23830, Keras 
23830, Huggingface 
23830, Fast.ai 
23830, Xgboost 
23830, PyTorch Lightning 
23830, PyTorch 
23830, LightGBM 
23830, CatBoost 
23832,  Scikit-learn 
23834,  Scikit-learn 
23835,  Scikit-learn 
23835, PyTorch 
23837, Keras 
23837, PyTorch 
23837,  TensorFlow 
23839,  Scikit-learn 
23839,Other
23840,  TensorFlow 
23840, Keras 
23841,  Scikit-learn 
23841, PyTorch 
23841, Huggingface 
23844,  TensorFlow 
23844,  Scikit-learn 
23844, LightGBM 
23844, Keras 
23844, Xgboost 
23845, PyTorch 
23846, Xgboost 
23846,  TensorFlow 
23847,  Scikit-learn 
23847, Keras 
23848,  Scikit-learn 
23849,  Scikit-learn 
23850,  Scikit-learn 
23850, Xgboost 
23850, LightGBM 
23851, Xgboost 
23851,  Scikit-learn 
23851, PyTorch 
23851, PyTorch Lightning 
23851, Keras 
23851,  TensorFlow 
23853,  Scikit-learn 
23855, Keras 
23855, LightGBM 
23855, CatBoost 
23855,  Scikit-learn 
23855,  TensorFlow 
23855, Xgboost 
23858,  Scikit-learn 
23860,  Scikit-learn 
23860, PyTorch 
23860,  TensorFlow 
23860, Keras 
23860, Xgboost 
23861,  Scikit-learn 
23863, LightGBM 
23863,  Scikit-learn 
23865,  Scikit-learn 
23865, Keras 
23865,  TensorFlow 
23866, Xgboost 
23866,  Scikit-learn 
23866, Tidymodels 
23866, PyTorch 
23866,  TensorFlow 
23866, Huggingface 
23867,  Scikit-learn 
23867, Keras 
23867,  TensorFlow 
23869, PyTorch 
23869, Huggingface 
23869,  Scikit-learn 
23872,  Scikit-learn 
23872, PyTorch 
23872, Keras 
23872,  TensorFlow 
23872, Huggingface 
23872, PyTorch Lightning 
23873,  TensorFlow 
23873,  Scikit-learn 
23874,Other
23874,  Scikit-learn 
23874,  TensorFlow 
23874, Keras 
23874, Xgboost 
23874, Caret 
23874, PyTorch 
23874, CatBoost 
23876, Huggingface 
23876, PyTorch Lightning 
23876, LightGBM 
23876, CatBoost 
23876,  TensorFlow 
23876,  Scikit-learn 
23876, Keras 
23876, PyTorch 
23876, Xgboost 
23876, Caret 
23877,  Scikit-learn 
23878, PyTorch 
23878, Fast.ai 
23878,  Scikit-learn 
23878, Xgboost 
23879, PyTorch 
23881, PyTorch 
23881,Other
23884,  TensorFlow 
23884,  Scikit-learn 
23884, Xgboost 
23885,  Scikit-learn 
23885, Keras 
23885,  TensorFlow 
23886, PyTorch Lightning 
23886,  TensorFlow 
23886, PyTorch 
23886,  Scikit-learn 
23886, Keras 
23886, Huggingface 
23886, JAX 
23888,  TensorFlow 
23888,  Scikit-learn 
23891,Other
23893,  Scikit-learn 
23893, PyTorch 
23896,  Scikit-learn 
23896,  TensorFlow 
23896, Xgboost 
23896, Keras 
23897, PyTorch 
23897,  Scikit-learn 
23899, Keras 
23899, PyTorch 
23899,  TensorFlow 
23899,  Scikit-learn 
23900,  Scikit-learn 
23900, Keras 
23900,  TensorFlow 
23902, Huggingface 
23902,  TensorFlow 
23902,  Scikit-learn 
23902, Keras 
23903,  Scikit-learn 
23904,  Scikit-learn 
23906,  Scikit-learn 
23906,  TensorFlow 
23906, Xgboost 
23910,  Scikit-learn 
23912, PyTorch 
23912, Keras 
23912,  TensorFlow 
23913,  TensorFlow 
23913, Keras 
23913, Huggingface 
23913, PyTorch 
23913,  Scikit-learn 
23915,  Scikit-learn 
23915, Caret 
23915, Xgboost 
23918,  Scikit-learn 
23918, Keras 
23918, Xgboost 
23918,  TensorFlow 
23918, LightGBM 
23920, LightGBM 
23920, Xgboost 
23920,  Scikit-learn 
23921,  Scikit-learn 
23923, Huggingface 
23923,  TensorFlow 
23923, Fast.ai 
23924,  Scikit-learn 
23925, Huggingface 
23925,  Scikit-learn 
23925, PyTorch 
23926, Xgboost 
23926, Caret 
23926,  Scikit-learn 
23926, LightGBM 
23926, CatBoost 
23929,  TensorFlow 
23929, Keras 
23929,  Scikit-learn 
23930,  Scikit-learn 
23930, Keras 
23930,  TensorFlow 
23932, Xgboost 
23932, Keras 
23932,  TensorFlow 
23932,  Scikit-learn 
23932, LightGBM 
23934,  TensorFlow 
23934, Xgboost 
23934,  Scikit-learn 
23934, Keras 
23934, Huggingface 
23934, PyTorch 
23934, LightGBM 
23935,  Scikit-learn 
23935, PyTorch 
23935, Keras 
23935, Huggingface 
23935,  TensorFlow 
23936, PyTorch 
23936,  Scikit-learn 
23936,  TensorFlow 
23940, Keras 
23940,  Scikit-learn 
23940,  TensorFlow 
23942, CatBoost 
23942, Xgboost 
23942,  Scikit-learn 
23942,  TensorFlow 
23943, Xgboost 
23943,  TensorFlow 
23943, Keras 
23943,  Scikit-learn 
23943, PyTorch 
23943, PyTorch Lightning 
23949, PyTorch Lightning 
23949, Keras 
23949, PyTorch 
23949,  TensorFlow 
23952, Keras 
23952,  Scikit-learn 
23953,  Scikit-learn 
23955, Keras 
23955,  TensorFlow 
23955,  Scikit-learn 
23956, Keras 
23956,  Scikit-learn 
23957, Keras 
23957, Xgboost 
23957,  Scikit-learn 
23957,  TensorFlow 
23960,  Scikit-learn 
23960, Keras 
23960,  TensorFlow 
23961,  Scikit-learn 
23961, Keras 
23961, CatBoost 
23961,  TensorFlow 
23961, Xgboost 
23961, PyTorch 
23964,  TensorFlow 
23965, Keras 
23965,  TensorFlow 
23965, Huggingface 
23965,  Scikit-learn 
23965, Fast.ai 
23965, PyTorch 
23966, Huggingface 
23966, Xgboost 
23966, LightGBM 
23966, PyTorch 
23966,  Scikit-learn 
23967, PyTorch 
23969,  Scikit-learn 
23970,  Scikit-learn 
23970,  TensorFlow 
23971,  Scikit-learn 
23971,  TensorFlow 
23971, Keras 
23972,  Scikit-learn 
23972, Keras 
23972,  TensorFlow 
23973,  Scikit-learn 
23973, Xgboost 
23973,  TensorFlow 
23973, PyTorch 
23973, Keras 
23976,Other
23976,  TensorFlow 
23976,  Scikit-learn 
23976, Keras 
23979,  TensorFlow 
23979, PyTorch 
23979, Keras 
23979,  Scikit-learn 
23979, Xgboost 
23983,  TensorFlow 
23983, Keras 
23983, PyTorch 
23984, Keras 
23984,  Scikit-learn 
23984, PyTorch 
23984, Fast.ai 
23984,  TensorFlow 
23985,  Scikit-learn 
23985,  TensorFlow 
23985, Xgboost 
23986,  TensorFlow 
23986,  Scikit-learn 
23987, CatBoost 
23987, Xgboost 
23987, PyTorch 
23987,  Scikit-learn 
23988,  TensorFlow 
23989,  Scikit-learn 
23989,Other
23990, Xgboost 
23990,  Scikit-learn 
23993,  TensorFlow 
23993, Xgboost 
23993, PyTorch 
23993, Keras 
23993,  Scikit-learn 
23995, LightGBM 
23995, CatBoost 
23995, Xgboost 
23996,  Scikit-learn 
23997,  Scikit-learn 
23997,  TensorFlow 
