id,language
2,Java
3,C
3,SQL
3,MATLAB
3,Python
4,Python
4,Bash
4,SQL
5,Java
5,C++
5,Python
6,Python
6,SQL
7,SQL
7,C++
7,Javascript
7,Python
8,PHP
8,SQL
8,C
8,Javascript
8,Python
8,Java
9,Python
10,R
10,Bash
10,Python
10,SQL
10,C++
10,C
11,Python
11,SQL
12,Python
12,SQL
14,SQL
14,Python
14,R
15,Python
16,Python
16,C#
16,Other
16,MATLAB
17,C
17,SQL
17,Python
17,Javascript
17,Bash
17,C#
18,SQL
18,Bash
18,Python
19,Python
20,C++
20,Java
20,SQL
20,C
20,Bash
20,Javascript
20,Python
21,Python
22,MATLAB
22,Python
23,Java
23,MATLAB
23,Python
24,Python
25,SQL
25,Javascript
25,Bash
25,Python
26,Python
26,C++
26,Other
26,C
26,R
26,SQL
27,Python
28,R
29,C#
29,Javascript
29,Python
30,Python
30,SQL
30,R
31,C
31,MATLAB
31,Python
31,C++
32,Other
33,Python
34,MATLAB
34,Java
34,C#
34,C
34,Python
35,SQL
35,R
35,Python
35,C++
36,Python
37,Python
37,Java
38,SQL
39,Python
40,R
40,SQL
40,C
40,Python
40,MATLAB
41,SQL
41,Python
42,Python
42,Other
43,Go
43,Javascript
43,Java
43,SQL
43,Python
43,PHP
44,C++
44,Bash
44,Javascript
44,Python
45,Python
46,Python
46,MATLAB
48,Python
48,R
49,PHP
49,Python
49,Javascript
50,Python
52,Java
52,C
52,C++
52,Python
53,SQL
53,C
53,C++
53,Python
53,PHP
55,Python
55,SQL
55,Bash
56,C++
56,Java
56,SQL
57,Python
58,Julia
58,R
58,Python
58,SQL
60,R
61,C
61,R
63,Python
64,C#
64,Python
64,Javascript
64,SQL
65,SQL
65,Other
65,Python
66,Python
67,Python
67,Javascript
68,Python
68,Bash
68,SQL
69,MATLAB
69,Python
69,C
70,R
71,Python
71,MATLAB
71,Other
72,Python
73,Python
73,R
74,R
74,SQL
74,Python
75,Python
75,PHP
75,C
76,Python
76,SQL
77,SQL
77,MATLAB
77,Python
77,Javascript
78,C
78,Python
78,Java
79,Python
79,MATLAB
80,Python
80,SQL
81,Python
81,SQL
81,C
82,C++
82,Bash
82,Go
82,Other
82,Python
82,Javascript
84,Python
84,SQL
84,Javascript
84,R
84,Java
84,MATLAB
86,SQL
86,Java
86,C
86,Python
87,PHP
87,C++
87,Java
87,C#
87,Python
87,Javascript
88,Python
88,C++
88,SQL
89,C
89,Javascript
89,C++
90,Python
92,Javascript
92,C#
93,Python
93,SQL
93,C
93,MATLAB
93,Java
94,C#
96,Java
96,SQL
96,C
96,Javascript
96,Python
97,Python
98,R
98,Other
98,Python
98,SQL
99,Java
99,C
99,C++
99,Python
100,Python
100,MATLAB
100,C
100,Java
100,SQL
101,Python
101,R
101,SQL
102,Python
102,C
102,MATLAB
102,Javascript
102,SQL
103,Python
105,Python
105,SQL
106,Other
107,R
107,Python
109,C++
109,Python
109,Javascript
109,MATLAB
109,C#
109,SQL
110,C#
110,C++
110,Python
110,Java
111,SQL
111,Python
111,R
112,Python
112,SQL
113,R
113,Python
114,Python
114,Other
115,Python
115,SQL
116,Bash
117,Python
118,PHP
118,Javascript
118,Python
119,PHP
119,Python
119,C
119,C++
119,Javascript
119,Java
119,SQL
120,Python
120,Javascript
120,C#
120,SQL
121,SQL
121,R
121,Python
122,SQL
123,MATLAB
123,Python
123,R
124,R
124,Python
124,PHP
124,SQL
126,Other
126,Go
127,R
127,Python
128,Python
128,R
128,SQL
128,Bash
130,PHP
130,Python
130,R
130,C++
130,SQL
130,Java
130,C
131,R
131,Java
132,Python
134,Other
134,Python
134,MATLAB
134,SQL
134,R
135,Javascript
135,Bash
135,Python
136,SQL
136,Python
137,Python
137,SQL
137,Other
138,SQL
138,R
138,Java
138,Python
139,Python
140,PHP
140,Java
140,Python
141,R
141,Python
141,Java
141,SQL
142,Bash
142,Python
143,Java
145,Python
145,SQL
146,Java
146,Python
147,SQL
147,Java
148,R
148,Python
148,SQL
150,MATLAB
150,Python
150,SQL
151,Python
152,Python
152,R
152,Java
153,Python
154,Python
154,C
154,Java
155,R
155,SQL
156,Python
156,C++
156,Javascript
156,PHP
156,C
156,Java
156,SQL
156,C#
157,SQL
158,C
158,Java
158,Python
159,R
159,Python
159,SQL
160,Java
160,Python
161,Python
163,Python
164,SQL
164,Python
164,Go
165,Java
165,Python
165,Bash
165,Javascript
166,Python
166,SQL
166,C
167,Python
168,R
168,SQL
168,Java
168,Python
169,R
170,MATLAB
170,Python
170,SQL
171,Python
171,SQL
172,C#
173,Python
174,Python
174,Javascript
174,SQL
174,Java
175,Python
175,SQL
175,Java
176,C
177,Python
177,R
177,SQL
178,SQL
178,Python
179,Javascript
179,SQL
179,Java
179,R
181,Python
182,C++
183,Python
183,R
184,Javascript
184,PHP
185,SQL
185,Other
186,Python
186,SQL
187,Java
187,SQL
187,R
187,Python
188,Python
188,R
189,Bash
189,SQL
189,Python
189,C
190,Python
191,Other
191,Python
192,C#
192,C
192,Python
192,SQL
192,R
193,Python
194,Java
194,C
194,C++
194,R
194,Python
195,Java
195,Python
195,C
196,SQL
196,Python
196,R
198,Bash
198,Python
198,SQL
199,Java
199,Python
199,R
200,Python
201,Bash
201,Julia
201,C++
201,Python
203,Python
203,C#
203,Java
204,Other
205,SQL
205,Python
205,C++
205,Other
206,Bash
206,SQL
206,R
206,Python
207,Python
208,Javascript
208,Python
209,C++
209,Java
209,Python
210,Python
210,R
211,Python
211,R
211,SQL
212,MATLAB
212,C++
212,Python
213,Java
213,SQL
213,C#
213,Python
214,Python
215,Python
215,MATLAB
215,Bash
216,Python
216,Javascript
218,Python
220,Python
221,MATLAB
221,SQL
221,Java
221,Javascript
222,Python
222,SQL
223,C
223,C++
223,Python
223,PHP
223,SQL
225,C++
225,C
225,Python
226,SQL
226,Javascript
226,Python
228,Java
228,SQL
228,MATLAB
228,Python
228,C++
229,Python
229,Julia
230,Python
230,SQL
232,MATLAB
232,SQL
232,R
232,Java
232,C++
232,Python
232,C
233,Python
234,Python
234,C
234,C++
235,Javascript
236,Python
237,SQL
237,Other
237,Python
237,Javascript
237,C++
237,Java
238,Javascript
238,Python
238,C++
239,Python
240,Python
240,C
240,C++
240,SQL
241,Bash
241,Python
241,PHP
241,SQL
241,C
241,Javascript
242,Python
243,Python
243,Bash
243,MATLAB
244,R
244,SQL
244,C++
244,Python
244,Java
244,MATLAB
245,Python
245,Java
246,Python
247,Java
247,PHP
248,SQL
248,Python
248,R
249,Python
249,SQL
250,SQL
250,Python
250,C
250,Java
251,Python
251,C++
251,SQL
253,Python
254,Python
254,SQL
255,Python
256,Python
256,Java
257,C#
257,PHP
257,Java
257,C++
257,Javascript
257,Python
258,Python
259,Javascript
259,Python
259,SQL
260,Javascript
260,PHP
260,Java
260,Python
260,C
260,C++
260,C#
261,Python
261,C++
261,C
262,SQL
262,Python
263,C++
263,C#
264,R
264,Python
264,C
265,R
266,PHP
266,Java
266,SQL
266,Javascript
267,SQL
267,Python
268,Python
268,SQL
269,Bash
269,Python
269,SQL
272,Python
272,Other
272,MATLAB
272,C
273,Python
273,SQL
274,Julia
274,C
274,Python
274,C++
274,C#
274,SQL
274,PHP
274,Javascript
274,R
274,Java
275,Python
276,Python
277,R
277,C
281,Java
281,MATLAB
281,Javascript
281,Python
282,Python
282,Bash
282,SQL
282,C
283,Javascript
284,Python
284,SQL
284,Javascript
284,C++
284,C
285,Python
286,Python
286,SQL
287,Python
288,Other
288,Python
289,Python
289,MATLAB
290,Python
290,SQL
290,R
292,C++
292,Python
292,MATLAB
293,Other
294,R
294,Python
294,SQL
295,Python
296,Python
297,Python
298,C#
298,Java
298,R
298,C++
298,Python
298,SQL
298,Javascript
298,C
299,Python
301,Python
301,Bash
301,C++
301,Java
301,Javascript
301,C
302,Python
302,C++
303,Python
303,SQL
303,Bash
305,SQL
305,Python
306,Python
306,SQL
307,Other
308,MATLAB
308,PHP
308,Javascript
308,Python
308,R
308,C
308,SQL
308,Go
308,Java
310,Python
310,C++
311,R
311,Other
312,C
312,R
312,Other
312,PHP
312,Javascript
314,Python
315,Other
315,Python
316,Python
316,Java
316,SQL
317,Python
319,Python
322,Javascript
322,PHP
322,C
322,C++
322,Other
323,SQL
323,Python
326,Python
326,Bash
327,C
327,Java
327,C++
327,C#
327,Python
327,PHP
327,Bash
327,SQL
328,SQL
328,Python
328,R
329,SQL
329,Python
329,C#
330,C++
330,Python
330,C
331,Python
332,Python
332,C
332,C++
333,Go
333,Javascript
333,Python
334,Python
334,Javascript
334,Java
334,SQL
335,R
336,C++
336,C#
336,Python
336,Java
336,Bash
336,SQL
336,Javascript
336,PHP
336,R
336,C
337,Java
337,Javascript
337,SQL
337,Python
338,R
338,Python
338,SQL
339,Python
339,C#
340,C
340,Python
340,PHP
340,SQL
340,C++
340,Java
341,Python
342,Python
342,Java
342,C#
342,SQL
343,Bash
343,Javascript
343,Python
344,Python
344,R
345,R
345,PHP
345,Java
348,R
348,SQL
348,Python
349,C#
350,SQL
350,Python
351,R
351,Python
351,SQL
352,SQL
352,Python
353,C++
355,Python
356,C++
356,MATLAB
357,Python
357,R
358,C
358,Java
358,C++
358,Python
359,SQL
359,Python
359,Java
359,C++
359,R
359,C
359,PHP
360,SQL
360,R
361,SQL
361,Python
362,MATLAB
362,Python
363,Python
363,C++
364,Python
364,C++
364,C
365,MATLAB
365,SQL
365,Python
367,MATLAB
367,Python
367,R
368,Javascript
368,Python
368,Java
369,SQL
369,Python
370,Python
370,C++
371,Go
371,C
371,Other
371,SQL
371,PHP
371,C++
371,Julia
371,R
371,Bash
371,Python
372,Python
373,SQL
373,Javascript
373,Python
374,R
374,SQL
374,Python
375,Python
375,MATLAB
376,SQL
376,R
377,SQL
377,R
379,Bash
379,C#
379,Python
380,Python
381,R
381,Javascript
381,Python
382,R
382,Python
382,Java
383,Javascript
383,Python
384,Python
384,C++
385,SQL
385,C#
385,Javascript
385,Python
386,Python
386,SQL
387,SQL
387,Python
388,Python
388,MATLAB
389,Python
390,Python
390,PHP
390,C++
391,MATLAB
391,SQL
391,Python
392,Python
392,SQL
393,C++
393,Python
393,C
394,SQL
394,Python
394,R
395,Bash
395,SQL
395,Other
395,Python
396,SQL
397,C
397,Python
398,Python
398,SQL
399,Python
400,Python
400,SQL
400,Bash
402,SQL
402,C#
402,Javascript
402,Python
403,Python
403,C#
403,C++
403,C
404,SQL
404,Javascript
404,Java
405,SQL
406,Python
406,Java
406,C++
406,C
406,Other
407,Python
407,Other
407,Bash
408,Other
408,MATLAB
408,Python
409,R
410,Python
410,Javascript
410,SQL
410,C++
410,Java
410,R
411,C++
411,MATLAB
411,Python
412,R
412,SQL
412,Python
413,SQL
414,Python
414,C
414,C++
415,Python
416,Python
417,Python
418,C
418,C++
418,Python
419,Python
419,SQL
419,R
419,C#
420,PHP
420,Python
421,Python
423,C++
423,R
423,Python
424,Other
425,Python
426,Python
426,Bash
427,R
427,C++
427,Python
428,Python
429,Python
430,R
430,PHP
430,Python
430,SQL
431,MATLAB
431,Python
432,Python
432,Java
433,MATLAB
433,SQL
433,Julia
433,Python
434,C++
434,SQL
434,Python
434,C#
434,Bash
436,Python
437,Python
437,SQL
438,SQL
438,R
438,Python
440,Python
440,Java
441,Python
441,Javascript
441,Other
441,Bash
441,SQL
442,Java
443,C++
443,Python
443,SQL
444,Python
444,MATLAB
446,MATLAB
446,Python
446,C
446,C++
447,SQL
447,Python
448,Javascript
448,Python
448,PHP
448,Other
448,SQL
449,Python
449,SQL
450,C
450,Java
450,Bash
450,C++
450,Javascript
450,MATLAB
450,Python
450,PHP
451,Python
451,R
451,MATLAB
452,SQL
452,R
452,Python
455,SQL
455,Javascript
455,Python
456,Python
456,SQL
458,Python
459,Python
460,C#
460,SQL
461,SQL
461,Python
462,Python
462,R
463,PHP
463,Javascript
463,Python
464,C
464,Java
464,Python
464,C++
466,Bash
466,SQL
466,Python
467,Javascript
467,Java
467,Python
468,Java
468,Python
468,C++
469,R
470,SQL
470,PHP
470,C
470,Javascript
470,MATLAB
470,C++
470,Python
471,Bash
471,Java
471,MATLAB
471,SQL
471,Python
472,Python
472,SQL
472,C
473,Python
474,C++
474,Python
474,Javascript
475,Python
475,SQL
475,Javascript
477,SQL
477,Python
478,Python
478,SQL
479,Python
480,C++
480,MATLAB
480,Python
481,Python
481,Javascript
481,SQL
482,MATLAB
482,Python
482,R
482,Javascript
483,C++
483,SQL
483,Python
484,MATLAB
484,R
485,SQL
485,Python
486,Python
486,MATLAB
489,Other
490,Python
490,C#
490,C++
490,SQL
490,Javascript
491,Python
491,Javascript
491,Java
491,C#
492,SQL
492,Python
492,Java
493,Python
493,C++
493,Javascript
495,Python
497,SQL
497,R
497,Python
498,C
498,Python
498,Java
500,Python
500,C
501,Python
503,Python
505,Python
505,Java
505,SQL
505,C++
506,C++
506,Python
506,C
507,R
508,Python
508,Javascript
508,MATLAB
508,C
508,SQL
508,Bash
508,C++
509,Other
510,Python
511,SQL
511,Python
512,R
512,SQL
512,Python
512,MATLAB
513,Python
514,Python
515,Bash
515,Python
515,SQL
515,Java
516,Python
518,Java
518,MATLAB
518,Python
520,Python
521,C
521,Python
521,Javascript
521,SQL
523,C
523,PHP
523,Java
523,MATLAB
523,SQL
523,Python
523,Javascript
524,Python
525,Java
525,C#
525,SQL
525,C++
527,C++
527,C
527,Python
527,SQL
528,Python
528,SQL
530,SQL
530,R
530,MATLAB
531,C++
531,Python
532,Python
532,Bash
532,Java
533,SQL
533,Python
533,Bash
534,SQL
534,Python
535,R
535,Other
535,Python
535,SQL
535,PHP
536,Python
536,Javascript
536,C
536,C++
536,Java
536,SQL
537,Python
538,Python
538,SQL
540,C++
540,Python
540,C
541,PHP
541,C++
541,MATLAB
541,Java
542,Python
543,Java
543,SQL
543,Python
544,Python
544,SQL
544,R
545,Python
546,C++
546,SQL
546,Python
546,Javascript
546,C
546,Java
547,C#
547,Python
547,Julia
548,R
548,SQL
549,Python
550,Python
551,Python
551,Java
552,SQL
552,Python
552,Java
552,C++
552,C
553,C
553,Python
554,Python
554,C++
555,Python
556,SQL
556,MATLAB
556,C++
556,Python
557,Python
558,Javascript
558,SQL
558,C++
558,Python
558,Java
558,Bash
558,Go
558,C
559,Bash
559,Javascript
559,Python
559,C
560,SQL
560,C++
560,Python
562,Java
562,SQL
562,Javascript
562,Python
563,Python
563,C++
563,Java
564,Python
564,R
564,C
566,R
566,Python
566,SQL
567,Python
567,MATLAB
569,Python
570,SQL
570,Java
570,C++
570,C
571,Javascript
571,PHP
571,SQL
571,C
571,Python
572,R
572,Python
573,C++
573,Java
573,Javascript
573,Python
574,Java
574,SQL
575,Python
576,Python
576,C
577,C++
577,Python
577,MATLAB
578,Python
579,Python
580,SQL
580,Python
580,Other
581,Java
581,SQL
581,Python
582,R
582,Java
582,Python
582,C
582,Javascript
583,Python
584,R
584,SQL
585,C
585,SQL
585,Python
585,C++
586,Python
586,Javascript
587,Python
588,SQL
588,C
588,Python
588,R
588,C#
588,Javascript
588,C++
589,SQL
589,Python
590,Javascript
590,Python
590,SQL
590,Java
590,PHP
591,Python
592,SQL
592,Python
593,R
594,Python
594,C#
595,SQL
595,Other
595,C++
595,Python
595,C
596,Python
597,Python
597,MATLAB
598,Python
598,MATLAB
599,Java
599,Python
599,C
600,C++
601,SQL
601,Python
602,Python
603,Java
603,C
603,C++
603,SQL
605,Python
606,Python
607,Javascript
607,Java
607,C++
607,C
607,SQL
607,Python
610,Python
610,MATLAB
611,Bash
611,SQL
611,Python
612,Python
612,SQL
613,Javascript
613,Python
614,R
614,Python
615,Python
616,C
616,Python
616,R
616,SQL
616,C++
617,Bash
617,Go
617,Other
617,R
617,SQL
618,C#
618,MATLAB
618,SQL
619,Python
620,C#
620,SQL
621,SQL
621,Python
622,Python
622,Javascript
622,PHP
622,Other
623,C++
623,SQL
623,Python
624,SQL
624,Python
624,Bash
625,Python
625,SQL
626,Python
626,Bash
627,SQL
627,Bash
627,Python
629,Java
629,Python
629,PHP
630,R
630,Python
630,SQL
630,Bash
630,Javascript
630,C#
631,Python
631,Javascript
632,Javascript
632,Other
633,Python
633,SQL
634,R
634,Java
634,PHP
634,C++
634,C#
634,C
634,Python
634,Javascript
634,SQL
635,SQL
635,Bash
635,Javascript
635,Python
636,R
636,SQL
636,Python
637,Python
638,R
638,Python
639,Java
639,PHP
639,SQL
639,Javascript
639,Python
639,Go
639,R
639,Bash
640,SQL
640,R
641,Python
641,C
641,SQL
642,SQL
642,Python
643,Python
643,R
644,SQL
644,Python
645,Python
645,C
645,C#
645,PHP
645,Javascript
645,SQL
645,Java
646,Python
646,C++
647,Other
647,R
647,Python
649,Python
649,Bash
649,SQL
650,R
650,Python
650,SQL
651,SQL
651,R
651,C++
651,Java
651,Python
651,C
653,PHP
653,Python
653,SQL
654,Python
655,SQL
656,SQL
656,Other
656,MATLAB
656,Python
656,Javascript
657,Python
658,Bash
658,SQL
658,Java
658,PHP
658,Javascript
658,Python
658,C
658,MATLAB
658,C++
660,C
660,Java
660,Python
660,SQL
661,Java
661,C++
661,Python
662,R
662,Python
663,Javascript
663,Python
663,C++
663,C
664,R
664,SQL
664,Python
666,Python
667,Python
667,Javascript
667,MATLAB
668,Python
670,Python
671,R
671,SQL
671,Python
672,R
673,SQL
673,R
673,Javascript
673,PHP
673,Python
675,Python
677,Java
677,Python
678,Python
678,C
679,C
679,SQL
679,R
679,Python
680,SQL
680,MATLAB
680,Python
681,Python
681,SQL
682,Python
682,MATLAB
682,R
683,Python
683,R
685,PHP
685,Javascript
685,Java
685,C++
685,MATLAB
685,SQL
685,C
685,C#
685,R
685,Python
686,Python
686,SQL
687,Python
687,Java
688,Python
688,SQL
688,PHP
688,Java
688,MATLAB
688,Javascript
689,Javascript
689,Python
689,Go
689,SQL
689,Bash
690,Python
691,Python
692,Python
693,Python
693,R
693,SQL
694,MATLAB
694,R
694,Python
695,MATLAB
695,SQL
695,Python
696,Java
696,C#
696,Javascript
696,C++
696,R
696,Python
696,C
696,PHP
696,SQL
697,SQL
697,Java
697,Python
697,C++
697,PHP
698,SQL
698,C++
698,Python
699,MATLAB
700,Python
701,Python
702,Go
702,Other
702,Bash
702,Python
702,SQL
702,Javascript
703,Python
703,C
703,C++
704,Python
706,Bash
706,SQL
706,Python
707,Python
707,C
707,MATLAB
707,Java
708,Java
708,Python
709,C++
709,PHP
709,SQL
709,C#
710,SQL
710,R
710,Python
710,Java
711,Python
711,MATLAB
712,C
712,Python
712,Other
715,C#
715,SQL
715,Java
715,Python
716,Python
716,MATLAB
717,R
717,MATLAB
717,Python
718,Python
718,SQL
718,C
718,Java
718,C#
718,Javascript
718,C++
719,R
719,C++
719,MATLAB
719,Java
719,C
719,Python
719,Other
719,SQL
719,Javascript
719,PHP
720,Python
721,Python
721,C#
721,C++
721,Java
721,Bash
721,C
721,Javascript
722,Python
723,R
724,Python
724,SQL
724,R
725,Python
725,Javascript
725,Java
726,Python
727,R
727,Python
728,Python
728,C++
729,R
729,Java
729,Python
729,Javascript
729,Other
729,PHP
729,SQL
731,Python
732,R
732,Python
734,Javascript
734,Bash
734,R
734,C++
734,Python
734,SQL
735,MATLAB
735,Python
735,C#
735,SQL
736,Python
737,Python
738,PHP
738,SQL
739,C++
739,Python
740,Python
740,SQL
741,R
741,SQL
741,Python
742,C++
742,Python
743,Bash
743,Python
743,SQL
743,Javascript
745,Python
748,Python
749,Java
749,Python
749,SQL
749,C++
749,C
750,C++
752,Python
752,SQL
753,Python
753,SQL
753,C#
754,R
754,C
754,Bash
754,Python
756,Python
757,SQL
757,C
757,Other
757,Go
757,Java
757,Python
757,R
758,PHP
758,C#
758,C++
758,C
758,MATLAB
758,Bash
758,Javascript
758,SQL
758,Java
758,Python
758,R
758,Go
759,Python
759,C
759,C++
760,Python
761,SQL
762,Python
762,SQL
763,PHP
763,SQL
763,Java
763,Python
764,SQL
764,Python
764,Javascript
766,Java
766,Python
766,C++
766,SQL
766,Javascript
766,PHP
766,C
767,C
767,Python
767,C#
767,C++
768,C++
768,C
768,Javascript
768,Python
769,Python
769,SQL
769,R
770,Python
770,MATLAB
770,C
770,SQL
770,PHP
770,R
770,C#
770,C++
770,Javascript
770,Java
771,SQL
771,Python
771,Javascript
771,R
772,Python
772,SQL
773,SQL
773,Python
773,C++
774,C
774,Python
774,C++
775,Python
775,Bash
775,SQL
775,C
776,SQL
776,R
777,Python
777,Bash
777,MATLAB
778,Python
778,Java
778,SQL
779,Other
779,SQL
779,Python
780,Python
780,Java
780,SQL
781,C#
781,C
781,C++
781,R
781,Python
781,MATLAB
781,Java
781,SQL
781,Javascript
782,Python
783,Python
783,C#
783,Javascript
784,C
784,Java
784,Python
784,C++
785,Python
785,R
785,SQL
786,Python
786,Go
786,SQL
787,Python
788,MATLAB
788,SQL
788,C++
788,Python
789,SQL
789,Python
790,R
790,Python
790,SQL
791,Bash
791,Python
791,SQL
792,Python
792,SQL
792,Bash
792,R
794,R
795,Other
795,Python
795,Javascript
795,SQL
795,C
796,Python
796,R
797,SQL
797,R
797,Python
798,Python
799,Python
800,Bash
800,Python
800,SQL
800,R
801,Python
802,Python
803,Python
803,C
803,Java
804,R
804,C++
804,C
804,Python
804,SQL
805,Python
806,Javascript
806,Python
806,C#
807,Python
808,Python
808,R
808,MATLAB
809,Java
809,C++
809,PHP
809,C
809,SQL
809,Python
809,C#
809,Javascript
810,C
810,Java
810,C++
810,SQL
810,MATLAB
810,Python
811,Java
811,Javascript
812,SQL
812,Python
813,Python
813,C++
813,MATLAB
814,Python
814,Javascript
814,Bash
814,SQL
815,Python
816,Python
816,SQL
818,R
818,Python
818,SQL
819,Python
820,C
820,PHP
820,Python
820,R
820,C++
821,Other
821,Python
822,R
822,SQL
822,Java
822,Python
823,C++
823,Python
823,MATLAB
824,Python
824,Java
825,Python
826,Python
827,R
827,SQL
827,Python
828,Python
828,SQL
829,C++
829,MATLAB
830,C++
830,C
830,Python
831,Python
832,Python
834,Python
834,C++
834,R
834,MATLAB
834,SQL
835,C
836,SQL
836,Python
837,SQL
837,Python
838,C
838,Python
838,R
838,C++
838,MATLAB
839,Python
840,C
841,Python
841,Java
842,Python
843,SQL
843,Python
844,Python
844,SQL
845,C
845,C++
846,C++
846,Python
846,R
846,MATLAB
846,SQL
846,Java
846,C#
847,SQL
847,Python
848,Java
848,Python
848,Javascript
848,SQL
849,SQL
849,Bash
849,Python
850,Python
851,Python
851,C++
852,Python
852,C++
853,SQL
854,Python
854,C++
855,Other
856,Python
857,R
857,Python
858,SQL
858,Bash
858,PHP
859,C
859,Python
859,SQL
860,Python
860,SQL
860,C
860,MATLAB
862,Python
862,Javascript
863,MATLAB
863,R
863,Python
863,SQL
864,Python
864,R
864,SQL
865,SQL
865,Javascript
865,Python
865,MATLAB
866,SQL
866,C++
866,R
866,Java
866,C#
866,Python
867,Python
868,SQL
868,Python
868,Java
869,Javascript
869,Java
869,C
869,C++
869,PHP
869,Other
869,SQL
869,Python
869,MATLAB
871,Python
872,Python
872,SQL
873,SQL
873,Python
873,R
874,Python
875,C++
875,Java
875,C
875,Python
876,MATLAB
876,C++
876,Python
878,Python
878,R
878,SQL
879,Python
879,C++
880,Python
880,C
880,C++
880,SQL
881,Other
881,Python
881,C#
881,C++
881,Javascript
881,C
881,PHP
881,SQL
881,Java
882,C#
882,SQL
885,Python
885,C
885,Java
886,Java
886,C
886,Python
886,C++
887,Python
887,Javascript
887,C#
887,PHP
887,SQL
888,SQL
888,Javascript
888,Python
888,Java
888,C
889,Java
889,Python
889,R
890,MATLAB
891,Python
891,C
891,Java
892,C
892,Python
893,MATLAB
893,Java
893,PHP
893,Bash
893,Python
893,C
893,Javascript
893,C++
893,SQL
894,SQL
894,Javascript
894,R
894,Python
895,SQL
895,Python
896,C
896,C#
896,SQL
897,R
898,Java
898,Python
899,Python
900,Python
900,C#
900,C
900,R
900,Javascript
900,Bash
900,SQL
901,R
902,MATLAB
902,Python
904,R
904,Python
905,Java
908,Python
908,SQL
909,Python
909,C
911,SQL
911,C
911,R
911,Python
911,C++
912,Bash
912,Python
912,Javascript
913,Python
914,Python
915,SQL
915,Other
915,Python
915,PHP
915,Javascript
915,Bash
916,Python
917,Python
919,R
919,Python
920,SQL
920,MATLAB
920,R
920,Python
920,C#
922,Other
922,Python
922,R
923,SQL
923,R
923,Python
923,C++
925,C++
925,PHP
925,Java
925,SQL
925,C
925,Javascript
925,Python
926,Python
928,SQL
928,Java
928,Python
929,Python
929,R
929,C#
929,SQL
930,Python
933,Julia
933,R
933,Bash
933,Python
933,SQL
934,Java
934,Javascript
934,PHP
934,SQL
934,Python
935,Python
936,Python
937,Java
937,Python
939,C++
939,Python
939,Javascript
942,Python
942,C++
942,C
942,Javascript
942,SQL
944,R
944,Python
945,PHP
945,Java
946,C++
946,C#
947,C++
947,Python
949,MATLAB
949,Python
949,C
950,R
951,C++
952,PHP
952,C
952,Java
952,SQL
952,Python
953,Python
953,R
954,Java
954,MATLAB
954,SQL
954,C#
954,Python
955,Python
956,SQL
956,R
956,Python
957,C++
957,Java
958,Python
959,SQL
959,Javascript
959,PHP
959,Python
960,Python
960,C++
960,Other
961,Python
961,R
961,C++
961,C
961,Java
962,C++
962,Other
962,Python
963,Python
964,Python
965,Python
965,Other
965,PHP
965,SQL
966,SQL
966,R
968,C
968,Python
968,C#
968,Java
968,C++
968,SQL
969,C
969,Python
969,Javascript
969,Java
969,C++
970,Python
970,SQL
972,Bash
972,SQL
972,C++
972,C
972,C#
972,Java
972,Javascript
972,Python
973,C++
973,SQL
973,Python
974,Python
974,C
976,SQL
976,Java
976,Python
977,Python
978,Python
978,MATLAB
978,R
978,SQL
979,SQL
979,Python
980,Python
980,C
980,C++
980,SQL
981,R
981,Python
982,Python
982,SQL
982,PHP
982,C++
983,SQL
983,Python
984,Python
985,Python
985,R
985,SQL
986,Python
987,Python
987,C
987,Java
987,Other
987,C++
987,Javascript
988,Python
988,C++
988,Javascript
989,Python
989,Other
990,Javascript
990,Python
990,C++
990,C
991,Javascript
991,C++
991,SQL
991,Java
991,Python
992,Python
993,Python
994,Python
995,Python
996,Bash
999,Python
999,Javascript
1000,C++
1000,Java
1000,Python
1001,Other
1001,SQL
1001,Python
1002,SQL
1002,R
1002,Bash
1002,Python
1003,Java
1004,Python
1004,MATLAB
1005,Python
1006,SQL
1006,Python
1006,C
1007,Python
1008,Python
1009,R
1009,Javascript
1009,C
1009,SQL
1009,Python
1009,Bash
1011,Python
1012,C
1012,Python
1013,SQL
1013,Python
1014,MATLAB
1014,C++
1014,Python
1015,R
1015,SQL
1015,Javascript
1015,Python
1016,Other
1016,C#
1016,Python
1016,Javascript
1017,Python
1018,PHP
1018,C
1018,C++
1018,Python
1019,Python
1019,SQL
1020,Bash
1020,Python
1021,Python
1021,Javascript
1023,SQL
1023,Python
1024,Python
1024,C
1024,C++
1025,Python
1026,C
1026,MATLAB
1026,Python
1026,C++
1027,C#
1027,Python
1027,SQL
1028,Python
1029,Python
1030,Python
1031,Python
1031,C++
1031,Java
1032,Python
1033,SQL
1033,Python
1033,R
1034,SQL
1034,Bash
1034,Java
1034,Python
1034,Javascript
1035,Python
1035,SQL
1035,Javascript
1036,MATLAB
1036,SQL
1036,Python
1037,Java
1037,PHP
1037,Javascript
1037,Python
1037,SQL
1038,SQL
1038,Python
1039,R
1039,SQL
1039,Python
1040,MATLAB
1040,Python
1041,Python
1042,MATLAB
1042,C++
1042,Python
1043,PHP
1043,MATLAB
1043,C++
1043,Python
1043,Javascript
1043,SQL
1044,Python
1044,Javascript
1045,Python
1046,Python
1047,Python
1048,C++
1048,MATLAB
1049,SQL
1049,Python
1049,MATLAB
1049,C++
1049,Javascript
1050,SQL
1050,R
1050,Python
1051,Python
1052,PHP
1052,Python
1052,SQL
1053,SQL
1053,Python
1055,Python
1055,SQL
1056,SQL
1056,Python
1056,R
1057,R
1057,C++
1057,Java
1057,Python
1057,C
1058,Python
1058,SQL
1059,Python
1059,C++
1060,Python
1060,R
1060,Bash
1060,SQL
1060,C
1060,Java
1061,SQL
1061,Python
1062,C++
1062,Python
1062,Javascript
1062,SQL
1062,Java
1062,PHP
1063,R
1063,Python
1063,SQL
1064,Python
1064,SQL
1064,C#
1065,Java
1065,Python
1065,C
1067,Python
1067,PHP
1068,PHP
1068,Python
1068,SQL
1069,SQL
1069,Python
1071,Javascript
1071,Python
1071,SQL
1072,C++
1072,C
1072,Python
1072,Java
1073,Python
1073,SQL
1074,Python
1074,C++
1074,Other
1074,C
1074,Go
1076,Python
1076,R
1076,Other
1076,SQL
1077,R
1077,Python
1078,SQL
1078,Python
1079,Python
1079,SQL
1079,C++
1079,C
1079,Java
1080,Python
1080,Julia
1080,MATLAB
1081,Python
1081,SQL
1081,Javascript
1082,Python
1083,Java
1083,Python
1083,SQL
1085,Python
1086,Python
1086,C++
1088,Python
1089,Python
1089,Java
1090,SQL
1090,Python
1090,PHP
1090,Other
1090,C#
1091,Python
1091,C++
1092,SQL
1092,Python
1093,MATLAB
1093,Python
1094,C++
1094,Python
1094,Java
1094,Javascript
1095,SQL
1095,R
1095,Python
1096,SQL
1096,Java
1096,Python
1097,Other
1098,Python
1099,Python
1100,C++
1100,SQL
1100,Bash
1100,Python
1100,PHP
1100,R
1100,Javascript
1100,C
1101,R
1101,C
1101,MATLAB
1102,C
1102,C++
1102,Python
1102,SQL
1102,R
1103,Python
1104,Python
1105,SQL
1106,SQL
1106,C++
1106,Python
1107,C#
1107,Python
1107,Other
1107,C++
1108,C++
1108,Java
1108,PHP
1110,Python
1110,Javascript
1110,C++
1111,Javascript
1111,Python
1111,PHP
1112,SQL
1112,R
1112,Other
1112,Python
1114,R
1114,Python
1115,Java
1116,Python
1116,SQL
1117,SQL
1117,Python
1117,C++
1117,R
1118,C
1118,PHP
1118,Python
1118,Javascript
1118,C++
1118,C#
1118,R
1122,C
1124,Python
1125,SQL
1125,Bash
1125,Python
1126,C#
1126,Java
1126,Python
1126,Javascript
1126,SQL
1126,PHP
1128,Python
1128,SQL
1129,Javascript
1129,SQL
1129,PHP
1129,Java
1129,Python
1130,Javascript
1130,Java
1130,SQL
1130,C
1130,MATLAB
1130,Python
1130,Bash
1130,R
1131,Python
1131,Bash
1131,C++
1132,Javascript
1132,Python
1132,C++
1133,MATLAB
1133,Python
1133,C++
1133,PHP
1133,Javascript
1133,SQL
1134,Python
1134,SQL
1135,SQL
1135,Python
1136,Java
1137,SQL
1137,R
1137,Python
1138,Python
1138,R
1139,R
1139,C++
1139,MATLAB
1139,SQL
1139,Python
1140,C#
1140,Python
1140,C
1140,Javascript
1140,Java
1140,MATLAB
1141,Other
1141,Bash
1141,Python
1141,C
1141,C++
1142,MATLAB
1142,Python
1142,Other
1143,Python
1143,MATLAB
1144,MATLAB
1144,Python
1145,Java
1145,Python
1145,MATLAB
1145,SQL
1146,C
1146,SQL
1146,C++
1146,Python
1146,R
1146,MATLAB
1146,C#
1147,C++
1147,Python
1147,Java
1148,Python
1149,Python
1150,Python
1150,SQL
1150,Bash
1151,Python
1152,R
1152,SQL
1152,Python
1153,Python
1153,SQL
1153,Other
1154,SQL
1155,SQL
1155,Python
1155,R
1157,C++
1157,Java
1158,Python
1158,Java
1159,Python
1159,MATLAB
1159,SQL
1159,Java
1159,C
1160,Python
1160,SQL
1161,Java
1161,C
1161,Python
1162,Python
1162,R
1162,C
1162,C++
1162,Java
1162,Javascript
1162,SQL
1164,Python
1166,Python
1166,SQL
1167,Python
1168,SQL
1168,Python
1169,C#
1169,Python
1169,Java
1169,C++
1170,Python
1170,R
1171,MATLAB
1171,Python
1172,Python
1173,Python
1173,C
1174,C#
1174,Python
1174,Other
1174,SQL
1175,R
1176,MATLAB
1176,Python
1177,Bash
1177,R
1177,Python
1179,SQL
1180,Java
1180,C
1180,Bash
1180,Other
1180,Python
1180,SQL
1181,Python
1181,SQL
1181,Javascript
1182,Other
1183,Python
1187,Python
1188,PHP
1188,C++
1188,Python
1188,MATLAB
1188,Javascript
1189,SQL
1189,Python
1190,SQL
1190,Python
1190,MATLAB
1191,R
1191,Python
1191,SQL
1192,Go
1192,Python
1192,Javascript
1192,Java
1192,R
1192,C
1192,SQL
1192,C#
1192,C++
1194,Python
1194,SQL
1194,C
1195,Python
1195,R
1196,Python
1196,SQL
1198,Python
1198,R
1199,R
1199,Python
1199,Java
1201,C++
1201,C
1201,Java
1201,C#
1201,Python
1201,SQL
1201,R
1202,Python
1202,C
1202,SQL
1203,Python
1204,Python
1204,Javascript
1204,R
1206,Java
1207,Python
1207,Javascript
1208,R
1209,Python
1210,Javascript
1210,C#
1210,SQL
1210,PHP
1212,Python
1212,SQL
1214,C
1214,Bash
1214,Python
1214,C++
1214,MATLAB
1214,Julia
1214,Javascript
1214,Java
1214,SQL
1215,Python
1216,Python
1216,MATLAB
1216,C++
1216,C
1217,MATLAB
1217,R
1217,Python
1218,C++
1218,Javascript
1218,C#
1218,PHP
1218,C
1218,Java
1218,Python
1218,SQL
1219,Python
1219,C++
1219,Javascript
1220,SQL
1220,Python
1220,Other
1221,C++
1221,Python
1221,Java
1221,SQL
1222,C
1222,Java
1222,Javascript
1222,Python
1223,SQL
1223,C++
1223,Python
1223,MATLAB
1223,C#
1225,C
1225,Python
1225,MATLAB
1226,Python
1226,Java
1226,SQL
1226,Javascript
1227,Python
1227,SQL
1228,Python
1228,PHP
1228,SQL
1228,MATLAB
1228,R
1228,Javascript
1229,SQL
1229,C
1229,Python
1229,R
1230,C
1230,C++
1230,Python
1231,C#
1231,SQL
1231,Python
1231,Javascript
1231,Bash
1231,C
1232,SQL
1232,MATLAB
1232,Other
1232,Javascript
1232,PHP
1232,R
1232,C++
1233,MATLAB
1233,Python
1233,Bash
1233,R
1233,SQL
1234,SQL
1234,C
1234,Python
1234,C#
1234,C++
1235,Python
1235,R
1237,SQL
1237,R
1237,Python
1239,C++
1239,Javascript
1239,C
1239,Python
1240,Python
1240,C
1240,C++
1241,C++
1241,Javascript
1241,Java
1241,C
1241,Python
1245,R
1245,MATLAB
1245,Python
1246,Python
1246,SQL
1246,R
1249,Python
1249,SQL
1249,Java
1249,R
1250,Python
1250,SQL
1251,Python
1251,SQL
1251,C#
1252,R
1252,SQL
1252,Python
1254,Python
1254,C++
1254,C
1254,MATLAB
1255,Python
1256,Python
1256,SQL
1258,Python
1260,Python
1262,Java
1262,Python
1262,C
1263,R
1263,Python
1264,Python
1264,C
1264,R
1264,MATLAB
1265,Javascript
1266,Python
1266,SQL
1267,C++
1267,Python
1268,R
1268,SQL
1268,Python
1270,Python
1272,Python
1272,Go
1272,C++
1273,R
1273,SQL
1273,Python
1274,R
1274,SQL
1275,R
1275,Javascript
1275,SQL
1275,C#
1276,Java
1276,SQL
1276,Python
1276,R
1277,Python
1277,C++
1278,Python
1278,C++
1279,Python
1279,C++
1280,SQL
1280,Python
1281,C
1281,SQL
1281,Other
1281,Java
1282,R
1282,PHP
1282,Python
1282,SQL
1283,R
1284,Python
1285,C
1286,Python
1286,SQL
1286,Java
1286,R
1287,C++
1287,Python
1287,SQL
1287,Javascript
1288,Python
1289,Python
1290,Python
1291,Python
1292,Python
1292,C++
1292,Javascript
1292,SQL
1292,C#
1293,SQL
1293,Python
1294,SQL
1294,Python
1295,Java
1296,SQL
1296,Other
1298,C#
1298,C
1298,C++
1298,Python
1298,Julia
1299,Python
1302,Python
1302,R
1302,C++
1302,Javascript
1302,SQL
1303,C++
1303,C
1303,R
1304,Python
1304,R
1304,SQL
1304,Bash
1305,C++
1305,C
1305,R
1305,Python
1306,SQL
1306,Python
1306,Bash
1307,MATLAB
1307,Python
1307,Javascript
1308,C
1308,Python
1309,Bash
1309,Python
1309,SQL
1310,Java
1310,C++
1310,SQL
1310,MATLAB
1311,Python
1312,Python
1312,C
1312,SQL
1313,R
1313,Python
1314,Java
1315,SQL
1316,Python
1317,Other
1318,Javascript
1318,Python
1319,Java
1319,SQL
1319,Python
1319,R
1320,SQL
1320,Python
1320,C++
1321,MATLAB
1321,Python
1321,C
1321,Other
1322,MATLAB
1322,Python
1322,Bash
1323,Python
1324,R
1324,Python
1324,C++
1325,Python
1325,Java
1325,C++
1325,C#
1326,Python
1327,Python
1328,Javascript
1328,Python
1328,Java
1329,Python
1330,PHP
1330,SQL
1330,Python
1331,Python
1331,SQL
1331,C#
1331,Javascript
1332,C
1332,C++
1332,MATLAB
1332,Python
1333,C#
1333,Python
1333,SQL
1333,Javascript
1333,Other
1334,Python
1334,SQL
1334,Bash
1335,SQL
1335,Other
1335,C
1335,C++
1335,Python
1335,R
1335,C#
1337,C#
1337,C++
1337,C
1337,SQL
1337,Python
1338,Python
1339,SQL
1339,Python
1340,SQL
1340,Python
1340,R
1341,C++
1341,Python
1341,C
1341,R
1341,SQL
1341,Java
1342,C
1342,Python
1342,C++
1343,Python
1344,Python
1345,Python
1345,SQL
1346,C
1346,Python
1347,Python
1347,C
1347,SQL
1348,SQL
1348,Python
1349,Python
1349,Javascript
1349,C++
1349,C
1349,Java
1349,C#
1350,C++
1350,Python
1350,Java
1350,SQL
1350,MATLAB
1352,Python
1352,Javascript
1353,C
1353,Python
1353,Javascript
1353,Java
1355,SQL
1355,Python
1356,R
1357,C#
1358,Python
1359,MATLAB
1359,C++
1359,C
1359,Python
1360,Python
1361,SQL
1361,Python
1361,Bash
1362,Python
1362,SQL
1363,SQL
1363,Python
1365,Java
1365,MATLAB
1365,Python
1366,Python
1366,C
1366,SQL
1366,Java
1367,Python
1368,Java
1368,Python
1370,Python
1371,Python
1371,SQL
1372,Python
1373,Python
1374,SQL
1374,Python
1374,R
1375,Python
1378,Python
1378,SQL
1379,Python
1379,Javascript
1379,SQL
1379,R
1380,C
1380,Java
1380,Python
1381,Python
1382,Python
1383,Python
1384,SQL
1384,Python
1384,Javascript
1384,C#
1385,SQL
1385,Python
1386,SQL
1386,Python
1387,Python
1387,MATLAB
1388,Python
1388,R
1389,Javascript
1389,Python
1389,Bash
1390,MATLAB
1390,Other
1390,SQL
1390,Python
1391,Python
1391,MATLAB
1391,C
1392,Python
1392,SQL
1392,Bash
1392,C
1393,R
1393,Python
1394,Python
1394,Java
1395,Python
1395,Javascript
1395,SQL
1395,Other
1395,R
1396,MATLAB
1396,Python
1397,Python
1398,Python
1400,Python
1401,Python
1402,Other
1402,MATLAB
1402,Python
1402,Bash
1403,Python
1403,SQL
1404,Java
1404,C++
1404,C
1404,Python
1405,Python
1406,Python
1406,Bash
1407,Python
1407,SQL
1407,Javascript
1407,Java
1407,MATLAB
1408,Python
1409,Python
1410,R
1410,Bash
1410,Python
1411,C
1411,PHP
1411,Python
1411,C++
1411,Javascript
1411,SQL
1411,Java
1411,R
1412,Python
1412,Javascript
1413,Python
1414,Python
1415,R
1415,Java
1415,SQL
1415,C++
1415,MATLAB
1415,Python
1415,C
1416,Python
1416,Javascript
1418,SQL
1419,Python
1422,Javascript
1422,Python
1422,SQL
1423,R
1423,Python
1424,R
1424,Other
1425,PHP
1425,Java
1425,Python
1425,Javascript
1425,C++
1426,Javascript
1426,C#
1426,C
1426,Java
1426,SQL
1426,Python
1426,C++
1427,C++
1427,Python
1428,Python
1430,Python
1430,SQL
1431,Python
1431,C++
1431,SQL
1432,SQL
1432,Javascript
1432,Python
1435,Java
1435,Python
1436,Python
1437,Python
1437,SQL
1438,Python
1438,R
1438,SQL
1438,Go
1438,Bash
1439,SQL
1439,C
1439,MATLAB
1439,Python
1440,C++
1441,MATLAB
1441,R
1441,C
1441,Python
1441,SQL
1442,Python
1442,SQL
1442,MATLAB
1443,C
1443,Python
1445,Python
1445,C
1445,Java
1445,SQL
1445,C++
1446,Python
1446,C++
1447,Python
1448,SQL
1448,Python
1449,Python
1450,Javascript
1450,SQL
1451,R
1452,R
1452,SQL
1452,Python
1453,Python
1453,Javascript
1454,PHP
1454,Java
1454,C++
1454,SQL
1454,C
1454,Python
1455,C
1455,C++
1455,Java
1456,Python
1456,Javascript
1456,SQL
1457,SQL
1459,SQL
1459,Python
1460,Python
1460,SQL
1461,Python
1462,C++
1462,Python
1462,Java
1463,Python
1463,SQL
1464,Java
1464,Bash
1464,Python
1464,SQL
1465,Python
1465,SQL
1465,MATLAB
1465,R
1466,Python
1467,MATLAB
1467,Python
1467,C
1467,Other
1467,R
1468,SQL
1468,Python
1468,MATLAB
1469,MATLAB
1469,Python
1469,SQL
1469,C++
1470,Python
1470,C++
1470,MATLAB
1471,R
1471,C
1471,Java
1471,C++
1471,Bash
1471,Javascript
1471,C#
1471,SQL
1471,Python
1473,SQL
1474,Python
1474,SQL
1475,SQL
1475,Python
1476,Javascript
1476,Python
1477,Python
1477,Java
1477,C
1478,SQL
1478,Python
1478,R
1479,Python
1480,SQL
1480,R
1480,Python
1481,Python
1481,SQL
1481,C++
1481,Javascript
1481,Java
1482,C++
1482,SQL
1482,Python
1483,R
1483,Python
1483,SQL
1484,SQL
1484,Python
1485,Python
1486,MATLAB
1486,Python
1486,SQL
1487,C++
1487,Javascript
1487,Python
1487,Bash
1488,SQL
1488,Python
1489,Python
1490,Python
1491,C
1491,C++
1491,Python
1491,Java
1491,Other
1491,SQL
1491,C#
1492,Python
1492,R
1492,SQL
1492,Javascript
1493,Python
1494,Python
1496,Python
1496,R
1496,Bash
1497,SQL
1497,Python
1497,Bash
1498,Python
1498,R
1499,SQL
1499,C++
1499,C
1499,Python
1500,C++
1500,MATLAB
1500,R
1500,Python
1501,Java
1501,SQL
1501,Python
1503,R
1503,Python
1503,SQL
1504,C++
1505,Java
1505,R
1505,C
1505,SQL
1505,Javascript
1505,Python
1505,C++
1507,C
1507,R
1507,MATLAB
1507,Python
1508,MATLAB
1508,SQL
1509,Java
1509,Javascript
1509,Python
1509,MATLAB
1509,PHP
1509,C
1509,SQL
1509,Other
1509,R
1510,Python
1510,Javascript
1510,SQL
1510,C
1510,C++
1512,Java
1512,PHP
1512,C
1512,SQL
1512,C++
1512,Javascript
1512,Python
1513,Python
1513,Javascript
1514,C++
1514,Javascript
1514,Python
1515,C++
1515,Javascript
1515,Python
1515,C#
1515,R
1515,SQL
1516,Python
1518,C++
1518,Other
1518,Java
1518,Bash
1518,C
1518,Python
1518,SQL
1519,Python
1520,Python
1521,Javascript
1521,PHP
1521,SQL
1521,Java
1521,C
1521,Python
1521,C#
1521,C++
1522,Python
1522,Other
1522,Julia
1524,Python
1525,Python
1525,SQL
1525,Javascript
1525,Java
1526,SQL
1526,Python
1526,C
1526,MATLAB
1527,Python
1527,R
1528,MATLAB
1528,Python
1528,SQL
1529,Python
1530,Python
1530,Java
1531,Python
1531,SQL
1532,C
1532,Java
1532,Python
1532,Bash
1532,SQL
1532,Javascript
1532,C++
1533,Python
1533,C
1534,Other
1534,Java
1534,Python
1535,Python
1536,SQL
1536,Python
1537,Python
1538,Python
1538,Javascript
1538,SQL
1538,Other
1538,C#
1539,Python
1539,C++
1539,C
1540,MATLAB
1540,SQL
1540,R
1540,Python
1541,C#
1541,Python
1541,SQL
1541,R
1542,SQL
1542,Python
1543,Bash
1543,SQL
1543,Python
1544,Python
1545,R
1545,C
1545,Python
1546,Python
1548,SQL
1548,Python
1549,Python
1549,Java
1550,Python
1550,C++
1550,MATLAB
1552,Python
1553,SQL
1553,Python
1554,Python
1554,SQL
1554,R
1555,Python
1557,Python
1558,Bash
1558,SQL
1558,Python
1558,R
1558,Julia
1559,Python
1559,C
1559,Java
1560,Python
1560,SQL
1561,Python
1562,Java
1562,Python
1563,Python
1563,C++
1565,Javascript
1566,Python
1566,SQL
1567,Python
1568,R
1568,C#
1568,Python
1568,Java
1568,SQL
1569,Python
1570,SQL
1570,Python
1571,Python
1573,SQL
1574,Python
1574,SQL
1574,Bash
1575,Javascript
1575,Python
1575,MATLAB
1575,SQL
1576,R
1576,SQL
1577,Python
1577,Java
1579,R
1579,Python
1579,SQL
1580,Java
1580,PHP
1580,C
1580,Javascript
1580,C++
1580,Python
1581,SQL
1582,Python
1582,SQL
1584,Python
1585,Python
1586,Python
1586,SQL
1587,SQL
1587,R
1587,Python
1588,PHP
1588,Javascript
1588,Python
1589,R
1590,Python
1592,Python
1593,R
1593,SQL
1594,Python
1594,SQL
1595,SQL
1595,Javascript
1595,C#
1595,Java
1596,SQL
1596,Python
1597,Python
1598,Python
1599,Python
1600,Python
1600,C++
1600,SQL
1601,C
1601,Java
1601,Python
1602,Java
1602,Python
1602,C++
1603,Python
1604,Python
1604,C++
1604,Javascript
1605,R
1605,Python
1605,SQL
1606,Java
1606,Python
1607,SQL
1607,Python
1608,Python
1608,C++
1608,C
1608,SQL
1608,Java
1609,C++
1609,C
1609,Python
1610,R
1610,Python
1610,SQL
1612,Python
1612,Java
1613,Java
1614,Python
1615,R
1615,SQL
1615,Javascript
1615,Python
1616,Python
1616,Java
1617,Python
1617,C
1617,MATLAB
1617,R
1618,SQL
1618,Python
1618,R
1618,Bash
1619,SQL
1619,Python
1620,C
1620,Java
1620,Python
1621,Python
1621,SQL
1622,SQL
1622,Python
1624,SQL
1624,R
1626,Python
1627,Python
1627,SQL
1627,R
1628,Python
1628,R
1628,Javascript
1630,Python
1630,SQL
1632,C++
1632,Java
1632,Javascript
1632,Python
1632,C
1634,Python
1635,SQL
1635,PHP
1636,Bash
1637,MATLAB
1637,Python
1638,C
1638,SQL
1638,C#
1638,Javascript
1638,R
1638,C++
1638,Python
1638,Other
1639,C++
1639,Python
1640,Python
1640,MATLAB
1642,C++
1642,Javascript
1642,SQL
1642,C
1642,PHP
1642,Python
1643,SQL
1643,Python
1643,C
1644,R
1644,SQL
1645,SQL
1645,Python
1645,R
1646,Python
1646,SQL
1647,Python
1647,C++
1648,Python
1649,SQL
1649,C#
1649,Java
1649,Python
1649,C++
1650,C
1650,Python
1650,Javascript
1650,C++
1651,SQL
1651,Java
1651,Python
1652,C
1652,Java
1652,Python
1652,SQL
1652,C++
1653,Python
1653,C++
1654,C++
1654,Python
1655,Javascript
1655,SQL
1655,C++
1655,Python
1656,Python
1657,Python
1657,SQL
1659,MATLAB
1660,Python
1660,PHP
1660,SQL
1660,Other
1660,Bash
1661,SQL
1662,Bash
1662,PHP
1662,Javascript
1662,Java
1662,Python
1663,R
1663,Python
1663,MATLAB
1663,Julia
1664,Python
1664,SQL
1665,Python
1666,Python
1666,Java
1667,C#
1667,Python
1667,Javascript
1668,Python
1668,Other
1668,Bash
1668,SQL
1669,SQL
1669,R
1670,SQL
1670,Python
1670,Bash
1670,C#
1670,Javascript
1671,C++
1671,MATLAB
1671,Python
1672,R
1672,Python
1672,SQL
1673,SQL
1673,Python
1673,Other
1673,R
1674,SQL
1674,Python
1675,Python
1675,C++
1675,Javascript
1675,Java
1675,SQL
1676,Python
1676,R
1678,C#
1678,Bash
1678,SQL
1678,Python
1678,R
1679,Javascript
1679,PHP
1679,Python
1679,Java
1680,Python
1680,SQL
1681,Java
1683,C++
1683,Java
1683,Python
1685,Python
1686,Python
1686,Java
1686,C++
1686,Javascript
1686,SQL
1686,R
1687,C++
1687,Python
1687,MATLAB
1687,Java
1688,C++
1688,C
1688,Python
1688,Javascript
1688,Java
1688,PHP
1688,C#
1688,SQL
1689,SQL
1689,Python
1690,Python
1690,MATLAB
1691,Python
1692,Python
1692,C
1692,MATLAB
1692,SQL
1693,MATLAB
1693,Python
1693,SQL
1693,Other
1694,Python
1695,Python
1695,Javascript
1696,SQL
1696,Python
1697,SQL
1697,R
1697,Python
1698,C#
1698,Python
1699,MATLAB
1699,C++
1699,Python
1699,Julia
1700,Python
1700,R
1700,SQL
1700,Java
1701,Python
1701,SQL
1702,Java
1702,Python
1702,SQL
1704,Other
1704,PHP
1704,Python
1704,SQL
1705,Python
1705,Other
1706,Python
1708,Python
1708,SQL
1709,Python
1710,Java
1710,Python
1710,SQL
1711,SQL
1711,Python
1712,Python
1712,SQL
1713,C
1713,Python
1713,SQL
1713,Java
1714,SQL
1714,C
1714,PHP
1715,R
1715,Bash
1715,Python
1715,SQL
1716,SQL
1716,Bash
1716,Python
1717,Bash
1717,Python
1717,R
1718,Python
1718,SQL
1718,Other
1718,C
1718,PHP
1718,Javascript
1718,Java
1718,C++
1720,C
1720,Java
1720,SQL
1720,C++
1720,C#
1720,Javascript
1722,Python
1723,Python
1723,R
1723,C
1724,Python
1724,R
1724,C++
1724,C
1725,Python
1725,C++
1726,R
1726,Python
1726,SQL
1727,Javascript
1727,Python
1728,Java
1728,Javascript
1728,Python
1728,SQL
1732,SQL
1732,Python
1733,MATLAB
1733,SQL
1733,Java
1734,Python
1735,Python
1735,SQL
1736,Python
1736,SQL
1737,Python
1737,Javascript
1737,MATLAB
1737,PHP
1737,SQL
1738,SQL
1738,Python
1740,Python
1740,Javascript
1740,PHP
1740,C
1740,C++
1742,SQL
1742,Python
1742,PHP
1744,SQL
1744,Python
1745,R
1745,Python
1746,Javascript
1746,Python
1747,Python
1747,SQL
1748,Java
1748,Python
1751,Python
1751,Javascript
1752,Python
1752,Other
1752,C++
1752,MATLAB
1752,Javascript
1754,SQL
1754,MATLAB
1754,Python
1754,C++
1755,Python
1755,R
1756,C#
1756,Python
1756,SQL
1757,Python
1758,C
1758,Java
1758,R
1758,PHP
1758,MATLAB
1758,Python
1758,SQL
1758,Javascript
1758,C++
1760,Other
1760,Bash
1760,Python
1761,Javascript
1761,C
1761,C++
1761,Python
1761,Java
1762,Python
1763,Java
1763,Python
1763,PHP
1763,C
1763,R
1763,SQL
1764,Python
1765,Python
1765,SQL
1766,C++
1766,Python
1766,C
1767,C
1767,Java
1767,Python
1767,PHP
1767,Julia
1767,C++
1767,Javascript
1767,R
1768,Python
1769,C
1769,MATLAB
1769,C++
1769,Python
1770,R
1770,Python
1771,Python
1771,Javascript
1771,SQL
1771,R
1772,Java
1772,R
1772,Python
1772,SQL
1773,C++
1773,SQL
1773,Python
1773,Java
1774,R
1774,Python
1774,SQL
1775,SQL
1775,Javascript
1775,C#
1775,PHP
1775,R
1775,Python
1776,MATLAB
1776,R
1776,Python
1776,C++
1776,SQL
1778,SQL
1778,Python
1779,Python
1779,C++
1779,SQL
1779,C#
1779,Javascript
1779,C
1779,Java
1780,C#
1780,PHP
1780,R
1780,Javascript
1780,Python
1780,C
1780,SQL
1782,Python
1782,SQL
1782,C#
1783,Python
1784,R
1784,Bash
1786,Python
1787,MATLAB
1787,Python
1787,C++
1788,Python
1789,Python
1789,Bash
1790,Python
1790,Javascript
1790,SQL
1790,R
1791,Python
1791,Java
1792,Python
1793,Python
1794,MATLAB
1794,SQL
1794,R
1794,Python
1795,Python
1795,SQL
1795,Javascript
1797,C#
1797,Javascript
1798,Python
1799,C
1799,Python
1800,SQL
1800,Python
1800,Bash
1801,SQL
1802,R
1802,Python
1802,SQL
1803,Python
1803,MATLAB
1804,Python
1804,SQL
1807,Python
1808,C++
1809,R
1809,SQL
1809,Python
1810,Python
1811,Python
1811,Bash
1811,Other
1811,SQL
1812,R
1812,Python
1812,Julia
1812,SQL
1812,MATLAB
1813,SQL
1813,Python
1813,C
1814,Python
1814,C++
1816,Python
1816,SQL
1817,R
1817,SQL
1817,Python
1819,Python
1820,Javascript
1820,SQL
1820,Python
1821,Python
1824,MATLAB
1824,Other
1824,SQL
1824,C
1824,C++
1825,SQL
1825,Python
1827,R
1827,Python
1828,SQL
1828,Python
1829,Python
1829,R
1829,SQL
1830,MATLAB
1830,C++
1830,Python
1831,C++
1831,Javascript
1831,PHP
1831,Python
1831,C
1831,R
1831,Bash
1831,SQL
1831,Go
1832,C++
1832,Python
1832,SQL
1832,R
1833,Python
1833,SQL
1834,Javascript
1834,SQL
1834,Other
1835,SQL
1835,PHP
1835,Javascript
1835,Python
1836,SQL
1836,R
1836,Python
1837,SQL
1837,Python
1838,R
1838,Python
1838,SQL
1839,Python
1839,SQL
1840,Python
1841,Java
1841,SQL
1841,R
1841,Python
1841,PHP
1842,R
1842,SQL
1844,Python
1845,Python
1846,Python
1846,C#
1846,SQL
1846,Java
1846,PHP
1846,Javascript
1846,C++
1847,SQL
1847,Python
1847,MATLAB
1848,C
1848,C++
1848,Python
1848,SQL
1848,Javascript
1849,Python
1849,SQL
1849,PHP
1849,Javascript
1849,R
1849,Bash
1849,Other
1850,SQL
1850,R
1850,Python
1851,Python
1851,SQL
1851,C#
1851,Javascript
1852,Javascript
1852,Bash
1852,SQL
1852,Python
1853,C++
1853,Python
1853,C
1856,Python
1856,MATLAB
1857,SQL
1857,Python
1857,PHP
1857,C
1857,C#
1857,MATLAB
1857,Javascript
1859,Python
1859,Other
1859,SQL
1859,R
1859,Bash
1860,Python
1861,Javascript
1861,Python
1861,Go
1862,SQL
1862,Java
1862,Python
1862,C++
1863,Python
1864,Python
1864,SQL
1865,C++
1865,Java
1865,Python
1865,C
1866,Python
1867,Python
1867,SQL
1867,R
1868,SQL
1868,Python
1869,Python
1869,R
1870,Python
1871,C
1871,R
1871,Python
1872,Python
1872,C++
1873,PHP
1873,Javascript
1875,C
1875,MATLAB
1875,Java
1875,Python
1876,Python
1876,PHP
1876,Julia
1876,R
1876,Java
1876,SQL
1877,Python
1878,Java
1878,SQL
1878,Python
1879,Python
1879,MATLAB
1879,SQL
1880,Java
1880,Python
1880,SQL
1880,Javascript
1881,Python
1882,Python
1882,SQL
1883,C++
1883,MATLAB
1883,C
1883,Java
1883,Python
1884,MATLAB
1884,Python
1885,R
1885,Python
1885,SQL
1885,Java
1886,Python
1886,SQL
1886,Other
1887,C#
1887,SQL
1887,Python
1888,C
1888,Java
1888,SQL
1888,Python
1889,Javascript
1889,SQL
1889,PHP
1889,Python
1890,Python
1891,C
1891,Java
1891,C++
1891,Bash
1891,Python
1892,Python
1892,Java
1893,Other
1893,SQL
1894,Python
1896,Python
1897,Python
1897,SQL
1898,R
1899,Python
1900,SQL
1900,R
1900,Python
1901,Python
1902,Javascript
1902,C
1902,Bash
1902,Python
1902,SQL
1902,C++
1903,R
1903,Python
1904,C++
1904,SQL
1904,Python
1906,Python
1906,SQL
1907,SQL
1907,Java
1907,Other
1908,Python
1909,R
1909,SQL
1909,Python
1909,PHP
1909,Javascript
1910,C++
1910,Java
1910,C
1910,Python
1910,SQL
1910,Javascript
1911,MATLAB
1911,Python
1911,Javascript
1911,Bash
1911,SQL
1912,C++
1912,Python
1913,R
1914,Python
1914,SQL
1915,Bash
1915,Python
1916,Python
1916,R
1917,R
1917,MATLAB
1917,SQL
1917,Python
1918,Python
1918,SQL
1918,R
1919,R
1919,SQL
1919,Python
1920,Python
1920,MATLAB
1921,Python
1921,SQL
1922,Other
1922,Bash
1922,Java
1922,Python
1922,Javascript
1923,Python
1923,SQL
1924,C++
1924,Python
1925,Python
1925,R
1926,Python
1926,MATLAB
1927,Python
1928,C
1928,Python
1928,C++
1929,MATLAB
1930,Python
1930,C++
1930,C#
1930,SQL
1930,MATLAB
1931,C++
1931,C
1931,Python
1933,C#
1933,Go
1933,MATLAB
1933,Julia
1933,SQL
1933,PHP
1933,Java
1933,Bash
1933,R
1933,Python
1933,C++
1933,Javascript
1933,C
1934,Java
1934,Python
1934,Javascript
1934,SQL
1935,R
1935,Python
1936,R
1936,SQL
1938,Python
1938,Go
1939,Python
1940,MATLAB
1940,R
1940,SQL
1940,C++
1941,Javascript
1941,Java
1941,PHP
1943,Python
1943,Other
1943,R
1944,C
1944,Python
1944,R
1946,Python
1947,SQL
1947,Python
1947,C
1947,R
1948,Other
1948,SQL
1948,Javascript
1949,Python
1949,C++
1949,MATLAB
1949,C
1949,SQL
1950,Python
1950,C
1950,Java
1950,MATLAB
1951,MATLAB
1951,Python
1952,Python
1952,R
1952,SQL
1953,Java
1953,Python
1953,C
1956,Javascript
1956,Python
1956,PHP
1956,SQL
1957,Javascript
1957,Python
1957,SQL
1958,R
1958,Python
1959,Python
1960,PHP
1960,Javascript
1961,SQL
1961,Python
1961,C
1961,C++
1962,C
1962,Python
1962,C++
1962,Java
1963,Python
1963,SQL
1963,MATLAB
1963,C
1964,C
1964,Java
1964,PHP
1964,Python
1964,C#
1964,C++
1964,SQL
1964,R
1964,Javascript
1965,Python
1965,SQL
1966,C++
1966,SQL
1966,Javascript
1966,MATLAB
1966,Java
1966,Go
1966,Python
1966,C
1967,Python
1968,Python
1968,SQL
1968,Bash
1969,Python
1970,Python
1970,C
1972,SQL
1972,Python
1973,Python
1974,SQL
1974,Python
1975,R
1975,Python
1975,MATLAB
1975,Bash
1976,Java
1976,Javascript
1976,Python
1977,Python
1978,Bash
1978,SQL
1978,Python
1979,Python
1980,C++
1980,C#
1980,MATLAB
1980,PHP
1980,SQL
1980,R
1980,Java
1981,C++
1981,Python
1981,SQL
1982,Python
1982,C
1982,C++
1982,Julia
1982,Javascript
1982,Bash
1982,SQL
1983,C
1983,Javascript
1983,Python
1984,Java
1985,Python
1986,Python
1986,Java
1986,Bash
1986,SQL
1988,R
1988,Python
1989,Python
1990,SQL
1990,Javascript
1990,Java
1990,Python
1991,C++
1991,C
1991,Python
1992,Python
1992,C++
1992,C
1992,R
1992,Java
1992,SQL
1993,R
1993,Python
1993,SQL
1994,Other
1995,Python
1995,C#
1995,C++
1996,SQL
1996,Python
1997,PHP
1997,C++
1997,C
1997,Python
1997,SQL
1997,R
1998,R
1999,Python
1999,C
1999,SQL
2000,Python
2000,SQL
2001,SQL
2001,Python
2001,C++
2002,Python
2003,Python
2004,PHP
2004,C++
2004,Python
2005,Python
2006,C#
2007,SQL
2007,Python
2010,Python
2010,R
2011,Python
2012,Python
2013,Python
2013,Bash
2014,Python
2015,Python
2016,R
2016,SQL
2016,Python
2017,R
2017,Python
2017,C
2017,SQL
2019,SQL
2019,C#
2019,Python
2020,SQL
2020,R
2021,Python
2022,Python
2024,SQL
2024,Python
2024,Java
2025,SQL
2025,Python
2025,Java
2026,Python
2026,Other
2026,SQL
2027,Javascript
2027,Python
2028,Bash
2028,Python
2029,Python
2029,SQL
2030,SQL
2030,C
2030,C++
2030,Python
2032,Bash
2032,Python
2032,Other
2032,R
2033,C
2033,MATLAB
2033,Python
2033,C++
2034,MATLAB
2034,Python
2035,Python
2035,SQL
2036,C#
2036,Python
2036,Other
2036,Javascript
2037,SQL
2037,C#
2037,Python
2038,C
2038,C++
2038,MATLAB
2038,Julia
2038,C#
2038,Python
2039,R
2039,Python
2039,SQL
2040,SQL
2040,Python
2040,Bash
2041,SQL
2041,Python
2041,C
2042,Other
2042,Python
2042,R
2043,Javascript
2043,Python
2043,PHP
2043,SQL
2044,SQL
2045,Other
2045,C++
2045,Python
2046,PHP
2046,C#
2046,Javascript
2046,SQL
2046,Bash
2047,Bash
2047,R
2047,Python
2048,SQL
2048,R
2048,Python
2049,R
2049,Python
2049,C
2049,SQL
2050,Python
2051,R
2051,Python
2053,C#
2053,Javascript
2054,Python
2054,Javascript
2054,SQL
2054,C++
2054,C
2055,Python
2056,Python
2056,PHP
2056,Javascript
2056,Java
2057,C#
2057,Python
2057,SQL
2057,PHP
2057,Bash
2057,C++
2058,Python
2059,SQL
2059,C++
2059,Python
2060,C
2060,Javascript
2060,SQL
2060,Bash
2060,R
2060,Python
2061,Python
2061,SQL
2062,C++
2062,R
2062,Python
2063,Python
2063,Bash
2063,SQL
2063,C++
2064,Python
2065,R
2065,C++
2066,Other
2066,PHP
2066,SQL
2067,Python
2068,Python
2071,Python
2071,SQL
2072,Python
2072,R
2073,R
2073,Python
2073,SQL
2074,C++
2074,Python
2075,R
2075,SQL
2075,Python
2076,Python
2076,Javascript
2076,SQL
2077,Javascript
2077,Python
2077,C++
2077,SQL
2077,Bash
2078,Python
2079,Python
2079,Javascript
2079,R
2079,SQL
2080,C++
2080,MATLAB
2080,R
2080,SQL
2080,C
2080,Python
2081,PHP
2082,R
2082,Python
2082,SQL
2083,SQL
2083,Python
2083,R
2084,R
2084,SQL
2084,Python
2085,SQL
2085,R
2085,Python
2086,Python
2089,SQL
2089,Python
2090,R
2091,MATLAB
2091,C++
2091,Python
2092,C++
2092,SQL
2092,Javascript
2092,MATLAB
2092,Python
2095,Julia
2095,Javascript
2095,C
2095,C++
2095,Java
2095,Python
2096,SQL
2096,Python
2097,Python
2097,C++
2098,Python
2100,Python
2100,SQL
2100,R
2100,Bash
2101,C
2101,Python
2101,C++
2101,SQL
2101,R
2102,Python
2102,SQL
2104,Python
2105,C
2105,Python
2106,R
2106,Javascript
2106,Python
2106,Java
2106,Other
2106,C
2106,SQL
2106,C++
2107,Javascript
2107,Python
2107,Java
2107,C++
2108,R
2108,Python
2108,Bash
2108,MATLAB
2108,SQL
2109,Python
2109,R
2110,Python
2111,Python
2111,Javascript
2111,Other
2112,Python
2113,Python
2113,R
2114,Python
2115,R
2115,MATLAB
2115,SQL
2116,Python
2117,SQL
2117,Java
2117,Python
2118,Python
2119,SQL
2119,Python
2120,Java
2120,Python
2120,C++
2120,C
2120,SQL
2121,Python
2122,Java
2122,SQL
2122,Bash
2122,C
2122,C#
2122,R
2122,Python
2123,Python
2123,Javascript
2123,C#
2124,Java
2125,C
2125,Bash
2125,Python
2125,SQL
2125,Javascript
2128,Python
2129,Python
2130,Python
2131,Python
2132,Python
2134,Java
2134,C++
2134,Bash
2134,SQL
2134,Python
2134,C
2135,Python
2135,SQL
2135,Java
2135,PHP
2136,Javascript
2136,C#
2137,C++
2137,Python
2137,MATLAB
2137,SQL
2137,Java
2137,R
2138,Python
2139,Python
2139,C
2139,Javascript
2140,Python
2140,Javascript
2140,Bash
2142,Bash
2142,Java
2142,PHP
2142,Python
2142,C++
2142,Javascript
2144,Python
2145,Python
2145,C
2146,SQL
2146,Python
2147,Python
2148,Python
2148,C
2148,Java
2149,Python
2150,R
2150,Python
2151,C#
2151,C
2151,C++
2151,Python
2151,Javascript
2153,Python
2154,SQL
2154,Other
2154,Python
2155,Javascript
2155,C#
2155,Python
2155,C
2155,SQL
2155,PHP
2155,Java
2156,Python
2156,Other
2156,SQL
2157,C
2157,C++
2157,Python
2158,SQL
2158,C#
2158,Python
2158,MATLAB
2158,Other
2158,C
2160,Python
2160,Java
2161,Python
2161,C
2161,C++
2161,MATLAB
2162,C#
2162,Python
2162,C
2162,C++
2163,Python
2163,R
2164,Python
2164,R
2165,Java
2165,SQL
2165,Python
2165,Other
2167,Python
2167,Javascript
2168,Python
2169,Python
2170,R
2170,Other
2170,SQL
2171,Python
2171,Bash
2172,Python
2173,Python
2174,R
2174,MATLAB
2174,Python
2175,Python
2176,Other
2177,C#
2177,Python
2179,Python
2180,MATLAB
2180,C++
2180,Python
2180,C
2181,MATLAB
2181,Python
2182,C++
2183,Java
2183,Python
2183,SQL
2183,R
2186,R
2186,Javascript
2186,Python
2187,C
2187,Python
2187,MATLAB
2187,C++
2188,Python
2189,Python
2190,Python
2191,SQL
2191,MATLAB
2191,Python
2191,C
2191,R
2191,Java
2191,PHP
2192,Java
2192,Python
2192,Javascript
2192,SQL
2192,C++
2192,C
2193,Python
2193,C
2193,C++
2193,PHP
2193,MATLAB
2193,C#
2195,Java
2195,C++
2195,Python
2195,C
2196,SQL
2196,Python
2197,Javascript
2197,C++
2197,Python
2198,Java
2198,Python
2198,C
2198,PHP
2198,Other
2199,Julia
2201,Python
2201,SQL
2202,Python
2203,SQL
2203,R
2204,Java
2204,Python
2205,R
2205,Python
2205,SQL
2206,MATLAB
2206,Bash
2206,R
2206,Python
2207,Python
2208,Python
2208,SQL
2210,Python
2210,Javascript
2210,R
2211,Python
2211,Go
2212,Python
2212,Java
2214,Python
2214,SQL
2215,SQL
2216,SQL
2216,Python
2216,R
2217,Javascript
2217,Python
2217,SQL
2218,Python
2219,SQL
2219,Python
2219,Java
2220,R
2220,Python
2221,Python
2221,C++
2221,Bash
2221,C
2222,Python
2223,R
2223,Java
2223,SQL
2223,Python
2224,Python
2224,SQL
2225,Java
2225,Python
2225,C++
2226,Python
2226,SQL
2226,Java
2226,Javascript
2226,R
2227,Python
2228,Python
2229,MATLAB
2229,C
2229,Python
2229,Bash
2229,C++
2231,SQL
2231,Python
2231,MATLAB
2231,C++
2232,SQL
2232,C#
2232,C
2233,C#
2234,Python
2235,Julia
2235,R
2236,Python
2237,SQL
2237,Python
2238,Java
2238,PHP
2239,Python
2239,SQL
2242,Python
2243,Python
2243,R
2244,SQL
2244,Go
2244,Javascript
2244,Bash
2244,Python
2246,R
2246,Python
2246,SQL
2247,SQL
2247,Python
2248,MATLAB
2248,Python
2249,Python
2249,C++
2250,MATLAB
2250,Bash
2250,PHP
2250,Python
2250,SQL
2251,SQL
2251,Bash
2251,Javascript
2251,Python
2253,R
2253,Python
2254,MATLAB
2254,C++
2255,Python
2255,SQL
2255,Java
2256,Bash
2256,Python
2258,Python
2258,Java
2259,SQL
2259,C++
2259,Python
2260,Python
2261,SQL
2261,Python
2262,Javascript
2262,Bash
2262,Java
2262,SQL
2262,Go
2262,Python
2263,Python
2263,SQL
2264,SQL
2264,Javascript
2264,Other
2264,Java
2265,C++
2265,Python
2266,SQL
2266,Python
2268,R
2268,SQL
2268,Python
2268,C++
2268,C
2268,MATLAB
2269,Python
2271,Python
2272,C
2272,Python
2273,Other
2273,C
2273,Python
2273,MATLAB
2275,C++
2275,Python
2275,C
2276,Python
2277,Python
2278,Python
2278,SQL
2278,MATLAB
2278,R
2280,Python
2280,SQL
2281,SQL
2282,Python
2283,SQL
2283,Python
2284,R
2285,Bash
2285,C++
2285,Python
2285,C
2286,Java
2286,SQL
2286,Python
2286,R
2287,Python
2288,Python
2288,C
2288,C++
2288,C#
2289,R
2290,C#
2290,Java
2290,SQL
2290,PHP
2290,R
2290,C
2290,Python
2292,C++
2292,Java
2292,C
2292,Bash
2292,MATLAB
2292,Python
2293,C
2293,C++
2293,Python
2294,Python
2295,Bash
2295,Other
2295,Python
2295,SQL
2295,Java
2296,R
2296,SQL
2297,Python
2297,R
2298,C++
2298,Python
2299,Python
2299,Java
2300,SQL
2300,Python
2300,C++
2300,Javascript
2301,Python
2301,MATLAB
2302,Python
2302,SQL
2303,R
2304,Javascript
2304,SQL
2304,Python
2304,PHP
2304,Bash
2306,Python
2307,Java
2307,C#
2307,C
2307,Python
2307,SQL
2308,SQL
2308,Python
2310,Python
2310,C++
2311,Python
2312,Python
2312,MATLAB
2312,SQL
2313,Julia
2314,Java
2314,Python
2315,Python
2315,R
2316,Python
2316,C++
2316,PHP
2316,C
2316,SQL
2316,Javascript
2316,Java
2318,Python
2319,Python
2319,Java
2320,Java
2321,Other
2321,Go
2322,C#
2322,Python
2323,Python
2323,SQL
2323,C
2323,C++
2324,Python
2325,Python
2325,SQL
2326,Python
2326,SQL
2327,Python
2328,Python
2328,C
2329,SQL
2329,Python
2330,Javascript
2330,Java
2330,SQL
2330,C
2330,Python
2330,PHP
2331,SQL
2331,Python
2332,PHP
2332,SQL
2332,Java
2332,Python
2333,Python
2335,R
2335,Python
2336,PHP
2336,Python
2336,C++
2337,R
2338,Python
2338,SQL
2339,Python
2339,SQL
2340,Python
2340,R
2340,SQL
2340,C
2340,Javascript
2340,Java
2341,Other
2341,SQL
2342,Python
2343,Other
2343,C
2343,Python
2343,Julia
2343,Bash
2344,Other
2345,Python
2346,C
2347,Bash
2347,Python
2347,SQL
2348,Python
2348,SQL
2348,Go
2349,Java
2349,Python
2349,C
2349,SQL
2350,SQL
2351,Python
2352,Other
2352,Python
2352,SQL
2353,Python
2353,Java
2353,C++
2354,Java
2354,Python
2354,SQL
2354,C
2354,C++
2354,PHP
2354,MATLAB
2355,Python
2355,Java
2355,Javascript
2356,Python
2357,Python
2357,MATLAB
2359,C
2359,Python
2360,Python
2361,SQL
2361,R
2361,C
2361,Python
2361,C++
2362,Python
2362,SQL
2363,Javascript
2363,R
2363,Python
2363,Bash
2363,Java
2363,SQL
2365,Other
2365,Python
2365,SQL
2366,MATLAB
2366,C#
2366,PHP
2366,C++
2366,SQL
2366,Javascript
2366,C
2366,Python
2367,Python
2367,SQL
2367,C
2368,Python
2369,Python
2369,SQL
2369,Other
2369,R
2370,C++
2370,C
2370,Python
2372,Python
2372,C++
2372,Bash
2372,SQL
2373,Python
2373,SQL
2373,PHP
2373,Javascript
2374,Javascript
2374,C++
2374,Python
2374,PHP
2375,Python
2376,SQL
2376,R
2376,Python
2377,SQL
2377,R
2378,MATLAB
2379,Python
2380,SQL
2380,Other
2380,C
2380,C++
2380,Java
2381,Java
2381,SQL
2381,C++
2381,Python
2382,R
2382,SQL
2383,C#
2383,C++
2384,Python
2384,SQL
2385,Python
2386,SQL
2386,R
2386,Python
2388,Python
2388,Javascript
2389,Python
2389,SQL
2390,Javascript
2390,Python
2390,C#
2390,R
2390,C++
2390,SQL
2390,Java
2391,Python
2391,Java
2392,Python
2392,C
2393,C++
2393,Javascript
2393,Java
2393,C
2394,C
2394,SQL
2394,Javascript
2394,MATLAB
2394,C++
2394,Other
2394,Python
2395,Python
2395,MATLAB
2395,Java
2395,SQL
2395,R
2396,Python
2396,SQL
2396,Bash
2396,Javascript
2396,Julia
2397,Javascript
2397,C++
2397,Java
2397,Python
2397,MATLAB
2397,C
2397,R
2397,SQL
2398,Python
2398,C
2399,C++
2399,C#
2399,Javascript
2399,C
2400,Python
2401,PHP
2401,C
2401,Python
2401,C++
2401,Javascript
2403,Python
2403,Javascript
2403,SQL
2403,PHP
2403,C++
2404,SQL
2404,Python
2405,Other
2406,Javascript
2407,Python
2408,C++
2408,C
2409,R
2409,Python
2410,C#
2411,SQL
2411,Python
2411,C#
2412,Python
2412,C
2413,R
2413,SQL
2413,Python
2415,Python
2416,SQL
2416,Javascript
2416,C
2416,Python
2416,C++
2416,Java
2417,R
2417,Python
2417,MATLAB
2418,MATLAB
2418,Other
2418,Python
2419,Python
2419,Other
2420,Javascript
2420,Python
2421,Javascript
2421,Python
2421,Java
2421,Go
2421,C#
2421,SQL
2422,SQL
2422,Bash
2422,Python
2423,Python
2423,C++
2424,SQL
2425,Python
2426,Javascript
2427,Python
2427,C++
2427,Bash
2427,Go
2428,SQL
2428,Python
2429,Python
2429,R
2430,Python
2430,SQL
2431,Python
2431,Javascript
2432,Python
2433,Python
2434,Other
2434,SQL
2434,MATLAB
2434,Python
2435,C
2435,Python
2435,C++
2436,Bash
2436,SQL
2436,Python
2437,Bash
2437,Python
2437,Other
2437,C
2439,Python
2440,Python
2441,MATLAB
2441,Python
2442,Python
2443,Python
2443,C
2444,Java
2444,Python
2446,SQL
2446,Python
2446,C#
2446,Javascript
2447,SQL
2447,Python
2448,Python
2448,SQL
2449,Python
2450,MATLAB
2450,R
2453,SQL
2453,Python
2453,PHP
2453,Javascript
2453,C++
2453,MATLAB
2455,R
2455,Python
2455,SQL
2456,Java
2456,PHP
2456,SQL
2456,Python
2457,C
2457,Java
2457,C#
2458,Python
2458,Java
2459,C++
2459,Python
2459,Bash
2460,Javascript
2460,Java
2460,Python
2460,Bash
2462,R
2462,Python
2463,Python
2463,SQL
2464,SQL
2464,C++
2464,Python
2464,Bash
2466,C++
2466,Javascript
2466,R
2466,Python
2467,Javascript
2467,PHP
2467,Python
2468,SQL
2468,Python
2470,Python
2470,Javascript
2471,SQL
2471,C++
2471,Java
2471,Python
2472,Java
2473,Python
2474,Python
2474,PHP
2474,C++
2475,Python
2475,C++
2476,C
2476,Python
2476,C++
2478,SQL
2478,Java
2478,C++
2478,C
2478,Python
2478,MATLAB
2481,SQL
2481,Python
2483,Python
2483,SQL
2484,Other
2485,C#
2485,C++
2485,Python
2486,Python
2487,Python
2488,C++
2488,MATLAB
2488,Javascript
2488,Python
2489,Python
2489,MATLAB
2489,C++
2491,Python
2491,MATLAB
2492,Python
2492,R
2492,SQL
2495,Java
2495,Bash
2495,Python
2495,Javascript
2495,SQL
2496,Other
2497,SQL
2498,Python
2499,SQL
2499,R
2500,Python
2500,C++
2500,C
2501,Python
2501,R
2501,SQL
2503,SQL
2503,C++
2503,C#
2503,Python
2504,C++
2504,Python
2505,Python
2506,Python
2506,Javascript
2506,SQL
2506,PHP
2506,C++
2507,MATLAB
2507,C
2507,Python
2507,C++
2508,R
2508,SQL
2508,Python
2509,Python
2509,Java
2509,SQL
2509,C++
2509,PHP
2509,R
2509,Javascript
2510,C
2510,C++
2512,Python
2513,SQL
2514,Bash
2514,SQL
2514,C
2514,Python
2516,Python
2516,C++
2517,MATLAB
2518,Python
2518,Go
2519,C++
2519,MATLAB
2519,Python
2520,Python
2521,C++
2521,Python
2521,C
2521,Javascript
2522,Python
2523,Python
2523,R
2524,Python
2525,SQL
2525,C#
2525,Python
2525,Java
2525,MATLAB
2526,Javascript
2526,C++
2527,Javascript
2527,Python
2528,Python
2528,SQL
2529,Python
2529,C++
2530,Javascript
2530,SQL
2530,Python
2530,C++
2530,Java
2531,Other
2531,Python
2531,Java
2531,Javascript
2531,C
2532,C++
2532,Python
2533,Javascript
2533,SQL
2533,PHP
2534,C++
2534,Python
2534,Java
2535,Python
2535,Java
2535,C++
2536,Python
2536,Javascript
2537,Python
2538,SQL
2538,Java
2538,Python
2538,Javascript
2539,Python
2539,C++
2540,Java
2540,Javascript
2540,Bash
2540,C#
2540,Python
2541,SQL
2541,Python
2541,C
2541,C++
2542,Python
2543,Python
2543,Javascript
2543,PHP
2543,SQL
2544,SQL
2544,Python
2544,C++
2544,C
2545,Python
2545,SQL
2546,Java
2546,C++
2546,Python
2547,R
2547,Python
2547,SQL
2549,SQL
2550,R
2550,C++
2550,C
2550,Python
2551,C++
2551,Python
2552,Python
2552,SQL
2553,R
2554,Python
2555,Python
2555,C
2555,MATLAB
2555,Other
2555,R
2555,PHP
2555,Julia
2555,C#
2555,Bash
2555,Javascript
2555,Java
2555,SQL
2555,C++
2555,Go
2556,SQL
2556,R
2556,Python
2558,Python
2558,C
2558,MATLAB
2558,SQL
2558,R
2559,Python
2560,Java
2560,Javascript
2561,C
2561,R
2561,SQL
2561,Python
2561,Bash
2562,SQL
2562,MATLAB
2562,C
2562,Python
2563,Python
2563,MATLAB
2564,Python
2565,C#
2565,Javascript
2565,SQL
2566,Python
2566,Java
2566,R
2566,C
2567,Python
2567,SQL
2568,C++
2568,Other
2568,C
2568,MATLAB
2568,Python
2569,C
2569,Python
2569,SQL
2569,C++
2570,SQL
2570,Javascript
2570,Python
2571,Python
2571,C++
2572,Javascript
2572,Python
2572,Java
2573,MATLAB
2573,C++
2573,Python
2574,Java
2574,C++
2574,Julia
2575,Python
2575,Bash
2576,Python
2576,C#
2576,PHP
2577,SQL
2577,Bash
2577,Python
2578,R
2578,SQL
2578,Python
2579,C
2579,Python
2580,Python
2580,SQL
2581,Java
2581,R
2581,Other
2581,Python
2581,PHP
2581,Javascript
2581,SQL
2583,C++
2583,Python
2584,Python
2584,SQL
2586,Python
2586,R
2586,C++
2587,Other
2587,C++
2587,Python
2587,SQL
2587,C#
2587,Bash
2588,Python
2588,SQL
2589,Python
2590,Python
2591,C
2591,Other
2591,Python
2592,R
2592,Python
2594,C
2594,Python
2595,Python
2595,SQL
2596,Python
2596,C++
2596,SQL
2598,C++
2598,Python
2598,C
2598,Javascript
2598,Java
2599,MATLAB
2599,Python
2600,Python
2600,PHP
2600,Javascript
2600,R
2601,Java
2601,SQL
2601,C
2601,PHP
2601,Python
2602,SQL
2602,R
2602,Python
2603,C++
2603,Python
2603,Javascript
2604,Python
2605,Python
2605,Javascript
2605,MATLAB
2605,Java
2605,SQL
2605,C#
2606,C
2606,MATLAB
2606,C++
2607,Python
2607,MATLAB
2607,R
2608,Python
2608,SQL
2609,Python
2609,SQL
2609,R
2610,Java
2611,SQL
2611,Python
2611,R
2612,SQL
2612,Python
2613,SQL
2613,Python
2613,R
2614,Python
2615,Python
2615,C
2615,SQL
2615,Bash
2615,MATLAB
2615,C++
2615,R
2616,Python
2616,SQL
2616,Other
2617,R
2617,Python
2617,SQL
2618,Other
2618,Python
2619,Python
2619,R
2619,SQL
2620,Python
2620,C++
2620,C
2620,Java
2621,R
2621,SQL
2621,Python
2622,Java
2623,Python
2624,Python
2625,Python
2626,SQL
2626,Python
2627,C
2627,C++
2627,Bash
2627,Python
2628,Python
2628,C
2628,MATLAB
2628,C++
2628,Bash
2628,R
2629,C
2630,SQL
2630,Python
2630,R
2630,Bash
2631,R
2631,Python
2632,Python
2632,SQL
2633,Python
2633,SQL
2634,R
2634,Java
2634,Python
2635,Java
2635,Python
2635,PHP
2638,SQL
2638,Python
2639,SQL
2639,Other
2639,R
2640,SQL
2640,Python
2641,Python
2641,Bash
2643,SQL
2643,Python
2644,C
2644,MATLAB
2644,Python
2644,C++
2645,MATLAB
2645,Python
2646,Javascript
2646,R
2646,Java
2646,SQL
2646,Python
2646,PHP
2647,Java
2647,Bash
2647,Python
2648,Python
2648,SQL
2648,R
2650,C++
2650,Python
2651,Python
2652,SQL
2652,Java
2653,C++
2653,Javascript
2653,Python
2653,R
2653,Other
2653,MATLAB
2654,SQL
2654,Python
2655,MATLAB
2656,SQL
2656,Python
2657,Python
2657,SQL
2658,SQL
2658,Python
2659,Python
2659,Other
2661,Python
2662,SQL
2662,Python
2663,Python
2664,Python
2665,Python
2665,SQL
2666,Python
2666,R
2666,SQL
2667,Python
2667,R
2667,SQL
2668,SQL
2668,C++
2668,C
2668,Bash
2668,Python
2669,Javascript
2669,Python
2670,Javascript
2670,C#
2670,Bash
2670,Python
2670,Go
2671,Python
2672,Python
2672,SQL
2673,Other
2675,Python
2675,C
2675,C++
2676,Javascript
2676,Python
2676,Bash
2676,C++
2676,SQL
2676,Java
2676,C
2677,Other
2677,R
2678,Python
2678,SQL
2679,Python
2680,Python
2680,C
2681,Python
2681,R
2681,SQL
2682,R
2683,Java
2683,Python
2683,Javascript
2684,SQL
2684,Bash
2684,Python
2685,Java
2685,Python
2685,SQL
2685,MATLAB
2686,SQL
2686,Python
2686,PHP
2686,Javascript
2687,MATLAB
2687,Python
2687,R
2688,Java
2688,C
2688,PHP
2688,Python
2688,C++
2688,C#
2688,SQL
2690,R
2690,Python
2691,C++
2691,Python
2691,SQL
2692,Python
2692,Java
2693,Python
2694,Python
2695,SQL
2695,C++
2695,C#
2695,Python
2696,Python
2697,C
2697,C++
2697,Java
2698,Python
2698,C
2699,Python
2699,Javascript
2699,MATLAB
2699,C++
2699,SQL
2699,C
2699,Java
2700,Python
2700,R
2700,Other
2701,SQL
2701,Python
2701,MATLAB
2701,C
2701,C++
2705,Python
2705,SQL
2706,Python
2706,Java
2706,MATLAB
2706,C++
2707,Javascript
2707,SQL
2707,C#
2708,Python
2709,Python
2710,MATLAB
2710,Javascript
2711,SQL
2711,Python
2712,SQL
2713,SQL
2713,PHP
2713,Python
2714,Python
2714,Bash
2715,Python
2716,Python
2716,R
2716,Javascript
2716,SQL
2716,PHP
2717,Javascript
2717,Python
2717,Other
2717,SQL
2717,C#
2718,SQL
2718,C++
2718,Java
2718,Javascript
2718,Bash
2718,C
2718,Python
2719,Python
2719,R
2719,SQL
2720,C#
2720,Python
2720,SQL
2721,Python
2721,Bash
2721,SQL
2721,R
2722,Other
2722,Python
2722,SQL
2726,Python
2727,Python
2727,C++
2727,Other
2728,Python
2728,MATLAB
2729,SQL
2729,Julia
2729,Python
2729,Other
2729,R
2729,Go
2729,C++
2729,C
2730,C++
2730,Python
2730,MATLAB
2731,SQL
2731,Python
2733,Python
2734,Javascript
2734,C#
2734,Python
2734,Java
2734,SQL
2734,C
2735,MATLAB
2735,R
2735,SQL
2735,Python
2735,Java
2735,C++
2736,Python
2736,C++
2736,SQL
2736,Java
2737,C#
2737,C
2737,Python
2737,Java
2737,SQL
2738,C++
2738,Javascript
2738,C
2738,Python
2738,Java
2739,Python
2740,SQL
2741,C#
2741,SQL
2742,C++
2742,Python
2743,Python
2743,C
2744,Python
2745,Python
2745,C++
2746,Python
2746,Javascript
2746,C++
2746,PHP
2747,Python
2747,Java
2748,Javascript
2748,Python
2749,R
2750,Other
2750,Python
2750,SQL
2751,MATLAB
2751,Python
2751,C++
2752,Python
2752,C
2752,Javascript
2752,SQL
2752,C++
2753,Python
2753,SQL
2754,Javascript
2754,C++
2754,Java
2754,Python
2754,C
2755,Other
2755,SQL
2756,SQL
2756,Java
2756,Python
2757,MATLAB
2757,Python
2757,SQL
2758,Python
2759,SQL
2759,Java
2759,Python
2759,R
2760,Python
2760,R
2760,SQL
2760,Java
2760,C
2760,MATLAB
2761,C#
2761,Java
2761,Python
2761,C++
2761,Javascript
2762,Python
2763,Python
2763,R
2763,SQL
2764,Python
2764,Java
2764,C++
2764,Javascript
2766,Python
2767,R
2767,SQL
2768,Python
2769,Python
2770,R
2770,Python
2771,Python
2772,Python
2773,Javascript
2773,C#
2773,Python
2773,SQL
2773,C++
2773,R
2774,Bash
2774,SQL
2774,Javascript
2775,Python
2775,R
2776,Javascript
2776,C++
2776,Python
2776,C
2776,Bash
2777,C
2777,SQL
2777,R
2777,C++
2777,Java
2777,Python
2778,Java
2778,SQL
2778,Python
2779,Python
2779,Javascript
2780,C
2780,Python
2780,MATLAB
2781,SQL
2781,Python
2782,Python
2782,SQL
2783,SQL
2783,Java
2783,C
2783,Javascript
2783,Python
2784,Python
2784,SQL
2784,Other
2785,SQL
2785,C
2785,Python
2786,Python
2788,Python
2788,SQL
2789,SQL
2789,Python
2790,R
2790,Python
2791,C
2791,Python
2792,Python
2792,SQL
2792,R
2793,C++
2793,Java
2793,C
2793,R
2794,Python
2794,C++
2794,Javascript
2795,Python
2795,SQL
2796,Java
2796,Python
2796,SQL
2797,SQL
2797,Python
2798,Python
2798,C#
2798,PHP
2799,C++
2799,Python
2800,Javascript
2800,SQL
2800,C#
2800,Other
2801,C#
2801,SQL
2801,Python
2801,C
2801,C++
2801,Java
2802,Python
2802,SQL
2802,R
2803,C#
2803,Bash
2803,C
2803,SQL
2803,Javascript
2803,C++
2803,Python
2803,Java
2805,C++
2805,SQL
2805,Javascript
2805,Python
2806,C++
2806,Python
2806,R
2806,MATLAB
2807,Javascript
2807,Java
2807,Python
2807,C++
2807,PHP
2807,C#
2807,SQL
2807,C
2808,SQL
2808,Python
2809,Java
2809,Other
2809,Python
2810,SQL
2810,Python
2811,SQL
2811,Python
2812,Java
2812,Python
2812,PHP
2812,SQL
2812,Javascript
2812,C
2813,Other
2813,Python
2813,SQL
2813,Bash
2814,SQL
2815,Python
2816,C
2816,Javascript
2816,PHP
2816,SQL
2816,Java
2818,Python
2818,R
2819,PHP
2819,R
2819,Javascript
2819,Go
2819,Java
2819,C#
2819,C++
2819,C
2819,Bash
2819,SQL
2819,Python
2820,Python
2821,Python
2821,Bash
2822,SQL
2822,Python
2823,Python
2825,Bash
2825,Python
2826,R
2826,SQL
2826,Python
2827,C++
2827,C#
2827,R
2827,Python
2828,Python
2829,Bash
2829,C++
2829,C
2829,Python
2830,Python
2831,Python
2833,Python
2834,R
2834,C++
2834,Java
2834,SQL
2834,MATLAB
2834,Bash
2834,Javascript
2834,PHP
2834,C
2834,C#
2834,Python
2834,Julia
2835,Python
2835,Other
2835,Julia
2837,C++
2837,Python
2837,C
2838,SQL
2838,Python
2839,Python
2839,SQL
2839,Bash
2840,Python
2840,Javascript
2840,C++
2840,C#
2841,Python
2842,R
2842,C++
2842,C
2842,SQL
2842,Python
2843,Other
2843,SQL
2844,PHP
2844,Javascript
2844,C
2844,C++
2844,Python
2845,Javascript
2845,Python
2845,PHP
2845,SQL
2846,Python
2847,C++
2847,C
2847,Java
2849,Javascript
2849,Java
2849,Other
2850,C
2850,Python
2850,Java
2850,Javascript
2850,SQL
2851,C++
2851,SQL
2851,Java
2851,Python
2853,Java
2853,Python
2853,SQL
2854,SQL
2854,Javascript
2854,PHP
2854,Java
2855,Python
2856,Python
2856,C
2856,C++
2857,C++
2857,C
2857,Python
2858,Bash
2858,SQL
2858,Java
2858,Python
2859,Python
2859,MATLAB
2859,C++
2859,SQL
2860,Java
2860,C
2860,Python
2860,C++
2862,C
2862,R
2862,C++
2862,Python
2862,SQL
2862,Java
2862,PHP
2863,SQL
2863,Python
2863,R
2864,R
2865,MATLAB
2865,Python
2865,SQL
2865,Java
2865,R
2867,C++
2867,Python
2867,Julia
2867,SQL
2867,Java
2867,Javascript
2868,R
2869,Java
2869,Python
2870,R
2870,SQL
2870,Python
2871,R
2871,Java
2873,Python
2874,SQL
2874,Python
2875,R
2875,Python
2875,SQL
2876,Python
2876,SQL
2877,Java
2877,Javascript
2878,Javascript
2878,SQL
2878,C
2878,PHP
2878,C++
2878,R
2878,Bash
2878,Python
2878,Java
2878,Go
2880,SQL
2880,Python
2880,C++
2881,R
2881,MATLAB
2881,C++
2881,Python
2881,SQL
2881,C
2883,SQL
2883,C++
2883,Python
2883,MATLAB
2884,Java
2884,Javascript
2884,Other
2884,SQL
2884,Python
2884,PHP
2885,Python
2886,Python
2886,C++
2886,Java
2886,C
2887,C
2887,Python
2887,C++
2888,SQL
2888,Python
2889,Java
2890,PHP
2890,SQL
2890,Javascript
2891,SQL
2891,Julia
2891,Bash
2891,Other
2891,C
2891,Python
2892,Python
2892,C++
2892,MATLAB
2892,C
2893,Python
2893,Javascript
2894,Python
2894,SQL
2895,Python
2895,Bash
2895,Java
2895,PHP
2896,SQL
2896,Python
2896,Java
2896,C++
2896,C#
2896,C
2897,Python
2897,SQL
2898,C
2898,Java
2898,Python
2898,R
2898,C++
2898,Javascript
2898,PHP
2899,C++
2899,Java
2899,Other
2901,Python
2902,Python
2903,C++
2903,SQL
2903,Python
2904,Java
2904,Python
2904,SQL
2904,C++
2905,Python
2905,Other
2906,SQL
2906,Python
2907,C++
2907,MATLAB
2907,Java
2907,Python
2908,Python
2908,C
2910,Javascript
2910,R
2912,Python
2912,R
2912,SQL
2913,SQL
2913,Python
2915,Python
2916,Python
2917,SQL
2917,Python
2918,Python
2918,C#
2919,R
2919,Python
2919,SQL
2919,C#
2919,C++
2919,C
2920,SQL
2920,Python
2920,Javascript
2921,SQL
2921,Python
2922,Python
2923,Bash
2923,C#
2923,C++
2923,Javascript
2923,MATLAB
2923,Julia
2923,PHP
2923,SQL
2923,Python
2923,Go
2923,C
2923,Java
2923,R
2924,SQL
2924,C++
2924,Python
2925,Java
2925,Python
2925,SQL
2926,Python
2927,Python
2928,Python
2928,SQL
2931,PHP
2931,Python
2931,Java
2931,SQL
2932,Python
2933,Go
2933,PHP
2933,Java
2933,Javascript
2934,Java
2934,Python
2936,C++
2936,C#
2937,Python
2937,SQL
2938,R
2938,SQL
2938,Python
2940,C++
2940,C#
2940,Python
2940,Javascript
2940,SQL
2941,C++
2941,Python
2942,C#
2944,SQL
2944,R
2944,Java
2945,Python
2945,SQL
2946,MATLAB
2946,SQL
2946,Python
2948,Python
2948,SQL
2949,Python
2949,C
2949,C++
2950,Python
2950,Bash
2951,R
2951,Python
2952,Python
2952,Java
2953,Bash
2953,Python
2953,SQL
2954,Python
2954,SQL
2955,C++
2955,C#
2955,Python
2955,MATLAB
2956,Javascript
2956,Python
2956,SQL
2956,Java
2956,PHP
2958,R
2958,Python
2959,Python
2961,Python
2962,R
2962,Java
2962,C#
2962,Python
2962,Javascript
2962,C
2962,MATLAB
2962,C++
2962,PHP
2962,SQL
2963,C++
2963,Python
2963,SQL
2964,R
2964,Python
2964,SQL
2965,Bash
2965,Python
2965,SQL
2966,Python
2967,SQL
2967,Other
2967,Python
2968,Bash
2968,SQL
2969,Python
2969,C++
2970,R
2970,Python
2971,Python
2971,SQL
2971,Javascript
2972,C++
2972,Python
2972,C
2973,C
2973,Python
2973,C++
2974,Python
2974,C
2975,C
2975,Bash
2975,SQL
2975,C++
2975,Other
2975,Python
2975,MATLAB
2976,Python
2976,C
2976,C++
2977,Python
2978,Other
2979,Python
2979,C
2980,Java
2980,Python
2982,R
2982,SQL
2982,Python
2983,Python
2985,Python
2986,R
2986,Python
2987,C
2987,SQL
2987,Python
2987,C++
2990,Python
2990,Java
2991,C++
2991,Python
2991,Java
2992,R
2992,Python
2992,SQL
2993,Java
2993,Python
2994,Python
2995,R
2995,Python
2995,SQL
2996,R
2996,Java
2996,Javascript
2996,C++
2996,C#
2996,C
2997,Python
2998,Python
2998,PHP
2998,SQL
2998,C++
2998,C#
2998,MATLAB
2998,Javascript
2998,Java
2999,SQL
2999,Python
3001,MATLAB
3001,Python
3002,Python
3003,Python
3004,SQL
3004,C++
3004,Python
3005,Python
3005,SQL
3005,C
3005,C++
3005,R
3006,C++
3006,Python
3007,Python
3008,Python
3008,MATLAB
3008,R
3009,C++
3009,Python
3011,Python
3011,Javascript
3011,Java
3012,Python
3013,Python
3014,Bash
3014,SQL
3014,Python
3015,C#
3015,Python
3015,PHP
3016,R
3016,Other
3016,C++
3017,Javascript
3017,Python
3018,SQL
3018,Python
3019,Other
3019,Python
3019,SQL
3020,SQL
3020,Python
3020,C++
3020,Java
3020,C
3020,Bash
3021,Python
3021,SQL
3022,Javascript
3022,SQL
3022,Java
3022,C++
3022,Bash
3022,Python
3023,Python
3023,SQL
3024,Python
3025,SQL
3025,MATLAB
3026,SQL
3026,Python
3027,SQL
3027,Python
3028,Python
3028,Javascript
3028,SQL
3029,Python
3029,SQL
3030,Python
3030,Java
3032,Python
3032,C++
3033,Python
3034,Javascript
3034,SQL
3034,Python
3035,Python
3035,C++
3035,C
3036,Python
3036,SQL
3037,Python
3037,R
3037,SQL
3038,Python
3039,Julia
3039,Python
3039,SQL
3039,Java
3039,Other
3039,R
3040,Java
3040,Python
3040,MATLAB
3040,C#
3041,Python
3041,MATLAB
3041,Java
3042,Python
3043,PHP
3043,C++
3043,C
3044,R
3044,Python
3045,Python
3046,MATLAB
3046,Python
3046,R
3046,C
3046,C++
3046,SQL
3047,C++
3047,SQL
3047,Python
3047,MATLAB
3048,Javascript
3048,C
3048,SQL
3048,Julia
3048,MATLAB
3048,C++
3048,Python
3049,C++
3049,PHP
3050,Python
3050,SQL
3051,R
3051,Python
3052,SQL
3052,Python
3054,Java
3054,Julia
3054,C
3054,Javascript
3054,Python
3055,SQL
3055,Javascript
3055,Python
3056,Python
3056,Javascript
3056,R
3058,Python
3058,MATLAB
3058,C++
3059,R
3059,MATLAB
3059,Python
3060,Python
3061,Javascript
3062,Python
3062,SQL
3063,R
3064,Python
3064,SQL
3064,Bash
3065,R
3065,C#
3065,MATLAB
3065,Python
3065,SQL
3065,Java
3065,Bash
3067,Python
3068,Python
3069,R
3070,Java
3070,SQL
3072,Python
3073,SQL
3073,Python
3073,C
3074,SQL
3074,Python
3076,Python
3076,Java
3076,SQL
3076,C++
3076,R
3076,Javascript
3077,MATLAB
3077,Python
3078,MATLAB
3078,SQL
3078,C
3078,C#
3078,Python
3078,Java
3079,SQL
3079,R
3079,Python
3080,Python
3081,Other
3082,Python
3082,R
3082,SQL
3083,SQL
3083,R
3085,Python
3085,Java
3088,Python
3089,Python
3089,SQL
3090,Python
3092,MATLAB
3092,C++
3092,Python
3092,C
3093,Python
3093,Javascript
3093,C++
3093,Java
3094,Java
3094,Python
3094,C++
3095,SQL
3095,C#
3095,C++
3095,Python
3095,Javascript
3095,Other
3095,MATLAB
3095,C
3096,Python
3098,SQL
3098,Python
3099,C
3099,R
3100,SQL
3100,C
3100,C++
3101,C++
3101,Python
3102,C++
3102,Java
3102,Go
3102,Python
3102,C
3103,Javascript
3103,C++
3103,Python
3104,Python
3104,SQL
3104,C#
3105,R
3105,SQL
3105,Python
3107,Python
3108,SQL
3108,Python
3109,SQL
3109,R
3109,Python
3110,Python
3110,C++
3110,SQL
3110,C
3111,SQL
3112,Python
3113,SQL
3113,Python
3114,Python
3114,C
3115,Python
3115,SQL
3116,Python
3117,C
3117,Python
3118,Python
3118,Java
3118,C++
3119,Python
3119,SQL
3120,R
3120,SQL
3121,Python
3122,Python
3122,SQL
3123,Python
3123,Java
3123,SQL
3123,C++
3124,MATLAB
3124,Python
3124,C++
3125,Python
3125,PHP
3126,Python
3126,Javascript
3128,PHP
3128,Bash
3128,SQL
3128,Java
3128,Python
3128,Javascript
3129,Python
3129,SQL
3130,SQL
3130,Python
3131,Python
3132,Python
3132,SQL
3133,Python
3134,Python
3134,SQL
3135,Python
3136,R
3136,Python
3136,SQL
3137,Python
3138,SQL
3138,Java
3138,Python
3138,Javascript
3139,Python
3139,SQL
3140,R
3140,Python
3140,Bash
3141,C++
3141,SQL
3141,R
3141,Python
3142,Python
3144,Python
3145,Python
3146,Javascript
3146,Python
3146,SQL
3146,PHP
3148,SQL
3148,Python
3149,Python
3149,C
3149,C#
3149,PHP
3150,Java
3150,SQL
3150,R
3151,MATLAB
3151,C++
3151,Python
3151,C
3151,PHP
3151,SQL
3151,Java
3153,Python
3153,Bash
3154,R
3154,Python
3155,SQL
3155,C
3155,Python
3155,C++
3156,Python
3156,SQL
3157,Other
3158,Python
3158,SQL
3159,Python
3159,SQL
3160,Python
3161,Python
3161,R
3162,Bash
3162,MATLAB
3162,Python
3163,Python
3163,SQL
3164,Python
3165,Python
3166,SQL
3166,Python
3169,Python
3169,Java
3169,SQL
3169,C++
3169,MATLAB
3170,Python
3171,Python
3171,Julia
3171,Go
3172,Javascript
3172,SQL
3172,Python
3173,SQL
3174,Java
3174,Python
3175,Python
3176,C++
3176,Python
3176,MATLAB
3177,Python
3177,C
3178,SQL
3178,Python
3179,Python
3180,Python
3180,SQL
3181,SQL
3181,C++
3181,Java
3181,Python
3182,Python
3183,Python
3183,MATLAB
3184,Python
3185,Python
3186,Python
3187,Python
3187,MATLAB
3187,C++
3188,Python
3189,SQL
3189,C
3189,Python
3190,Javascript
3190,Python
3191,C
3191,Python
3192,SQL
3192,Python
3194,MATLAB
3194,C
3194,C++
3195,Python
3197,Python
3199,Python
3200,Python
3201,C
3201,C++
3201,Java
3203,Java
3205,C++
3205,Python
3206,Python
3206,SQL
3207,C++
3207,C
3207,Python
3208,Other
3209,Python
3209,SQL
3210,SQL
3210,R
3212,R
3212,Python
3212,C++
3212,SQL
3214,Python
3215,Python
3217,R
3217,SQL
3217,Python
3217,Java
3218,Python
3218,SQL
3218,PHP
3219,MATLAB
3219,Bash
3219,C++
3219,Python
3220,Python
3220,SQL
3220,R
3220,PHP
3222,Python
3223,Java
3224,C
3224,MATLAB
3224,Python
3225,SQL
3225,Python
3226,Python
3227,Java
3227,R
3227,Javascript
3227,C
3227,PHP
3227,MATLAB
3227,Python
3229,MATLAB
3229,Javascript
3229,Python
3230,C
3230,Java
3230,C++
3230,SQL
3230,Python
3232,PHP
3232,C++
3232,C
3232,SQL
3232,Python
3232,R
3233,R
3233,Python
3233,SQL
3234,R
3234,Python
3234,SQL
3234,Javascript
3235,SQL
3235,R
3236,SQL
3236,Python
3236,R
3237,Python
3239,SQL
3239,Python
3240,Javascript
3240,C++
3241,Python
3241,SQL
3241,C
3241,R
3241,Java
3241,MATLAB
3242,C
3242,Python
3242,C++
3243,Javascript
3243,Python
3244,Java
3244,Python
3245,Python
3246,SQL
3246,Python
3247,R
3247,SQL
3248,Python
3249,R
3249,Python
3249,SQL
3249,Javascript
3250,SQL
3250,Python
3251,R
3251,Bash
3251,Python
3251,MATLAB
3252,Python
3252,SQL
3252,R
3254,R
3254,MATLAB
3255,Python
3255,MATLAB
3255,SQL
3256,MATLAB
3257,R
3257,MATLAB
3257,Python
3257,SQL
3258,Python
3258,Javascript
3258,Bash
3258,SQL
3258,C
3258,Java
3258,C++
3259,C++
3259,MATLAB
3259,Python
3260,R
3260,Python
3262,Python
3262,MATLAB
3263,MATLAB
3263,Python
3263,R
3263,C++
3263,Julia
3264,Java
3264,Python
3265,Python
3265,SQL
3266,SQL
3266,Python
3266,Other
3267,Python
3267,C++
3268,Java
3268,C++
3268,Javascript
3268,PHP
3268,SQL
3268,C#
3268,R
3268,Python
3269,Python
3270,Python
3270,SQL
3271,SQL
3271,Python
3271,Javascript
3271,C++
3271,Go
3273,Javascript
3273,SQL
3273,Python
3273,Java
3274,R
3274,SQL
3275,SQL
3275,R
3275,Python
3276,Python
3277,Python
3278,Python
3279,Python
3280,Java
3280,Python
3280,C
3280,SQL
3281,R
3281,C++
3281,PHP
3281,Python
3281,Java
3281,C
3281,SQL
3282,Other
3283,Python
3284,Python
3285,C#
3285,Python
3286,Python
3286,SQL
3287,C
3287,Python
3287,MATLAB
3289,C
3289,Python
3289,Java
3289,C++
3289,Bash
3291,Python
3293,SQL
3294,R
3294,Python
3295,C#
3295,Python
3295,SQL
3296,Bash
3296,C
3296,Other
3296,R
3296,Python
3297,C
3297,C++
3297,Java
3297,Python
3298,C
3298,PHP
3298,Python
3298,SQL
3300,C
3300,C++
3300,Python
3301,Python
3301,C++
3302,Python
3302,C#
3302,R
3302,Java
3302,SQL
3303,SQL
3303,Python
3303,R
3304,C
3304,Python
3305,Javascript
3305,C#
3305,Python
3306,R
3306,MATLAB
3306,Java
3306,Python
3307,Python
3307,Bash
3307,SQL
3307,Javascript
3308,Python
3309,C++
3309,C
3309,Java
3309,Python
3310,Python
3310,SQL
3310,R
3310,Javascript
3310,Java
3311,Java
3311,Python
3313,Python
3313,Julia
3314,Go
3314,Bash
3314,SQL
3314,Javascript
3314,Other
3315,Bash
3315,C
3315,SQL
3315,C#
3316,SQL
3316,Bash
3316,PHP
3318,C#
3318,PHP
3318,Python
3318,Java
3318,C++
3318,C
3318,Javascript
3319,SQL
3319,Python
3320,Python
3321,Python
3322,SQL
3322,R
3323,SQL
3323,Python
3324,Python
3325,Python
3325,SQL
3326,C++
3326,Python
3327,PHP
3327,Java
3327,SQL
3327,Python
3327,C#
3328,SQL
3328,Python
3329,Python
3330,Python
3330,SQL
3331,Python
3331,C++
3333,Python
3334,Java
3335,Python
3335,Bash
3336,Python
3337,SQL
3337,Other
3337,Python
3340,Python
3340,Julia
3340,SQL
3341,C#
3341,Java
3341,R
3341,Python
3341,Javascript
3341,PHP
3341,SQL
3341,C
3342,SQL
3342,Python
3343,C++
3343,Javascript
3343,SQL
3343,C
3343,Python
3343,PHP
3344,C#
3344,Python
3344,SQL
3345,Python
3345,C
3345,MATLAB
3346,Java
3346,Python
3347,Python
3348,Java
3348,PHP
3348,C++
3348,Python
3348,MATLAB
3348,SQL
3349,Python
3349,C#
3349,SQL
3350,C
3350,Other
3351,C++
3351,C
3351,R
3351,MATLAB
3351,Python
3352,Python
3353,Python
3353,C++
3354,C
3354,Python
3354,C++
3355,C
3355,Other
3355,Bash
3355,Python
3355,R
3355,C++
3356,Python
3357,Other
3357,SQL
3357,Python
3357,Bash
3358,SQL
3358,C
3358,C++
3358,Javascript
3358,Java
3358,Python
3358,Bash
3359,Python
3360,Python
3361,Python
3361,SQL
3362,C++
3362,SQL
3362,Python
3363,Javascript
3363,Python
3363,Java
3365,Python
3366,Python
3367,Java
3367,Python
3367,C++
3367,C
3367,SQL
3368,SQL
3368,Python
3369,SQL
3369,Python
3370,R
3370,Python
3370,Java
3371,Python
3371,SQL
3372,Python
3373,C++
3374,Python
3374,C++
3375,Python
3375,SQL
3376,SQL
3376,MATLAB
3376,R
3376,Python
3377,Python
3378,Java
3378,Javascript
3378,Python
3378,SQL
3380,Python
3381,Python
3382,Other
3382,SQL
3382,Python
3383,Javascript
3383,Python
3384,Python
3385,Python
3385,SQL
3386,C
3386,Javascript
3386,Java
3386,C++
3386,Other
3387,Javascript
3387,Python
3387,Java
3387,C
3387,C++
3387,SQL
3389,SQL
3389,Python
3390,Python
3390,SQL
3391,Python
3392,Python
3392,C#
3392,SQL
3392,Java
3393,Python
3395,C++
3396,Python
3397,R
3397,Python
3398,R
3398,Javascript
3398,Java
3398,C
3398,SQL
3398,Python
3398,Go
3399,SQL
3400,Python
3402,Bash
3402,C++
3402,Python
3402,C
3403,Python
3403,R
3404,Python
3404,Java
3404,R
3404,MATLAB
3404,C
3404,SQL
3405,R
3405,Python
3405,C
3405,C++
3405,Java
3406,Python
3406,PHP
3406,Javascript
3406,C++
3407,Python
3408,Bash
3408,C#
3408,Javascript
3408,SQL
3408,Python
3409,Python
3409,R
3409,Java
3410,Python
3410,R
3410,SQL
3411,Java
3411,C
3411,Python
3411,SQL
3411,PHP
3411,R
3411,C#
3412,SQL
3412,Python
3412,R
3413,Python
3415,Python
3415,Java
3416,Python
3417,C
3417,PHP
3417,C#
3417,Javascript
3417,SQL
3417,Bash
3417,C++
3417,Python
3417,Java
3418,C++
3418,Python
3419,Python
3419,Javascript
3421,SQL
3421,PHP
3421,R
3421,Java
3421,Python
3421,Javascript
3422,Java
3422,Python
3423,Javascript
3423,C
3423,Java
3423,Python
3423,C++
3424,Python
3425,SQL
3425,Javascript
3425,Python
3426,Python
3427,MATLAB
3427,Python
3427,SQL
3428,Python
3429,C++
3430,Python
3430,R
3430,SQL
3431,Python
3432,Java
3432,C
3432,SQL
3432,Python
3433,R
3433,SQL
3433,Python
3434,Python
3435,SQL
3435,Python
3436,Python
3438,Python
3439,Python
3440,Python
3440,C
3440,Javascript
3441,Python
3442,C++
3442,Python
3443,Python
3444,SQL
3444,Python
3445,C
3446,Python
3446,R
3447,PHP
3447,Go
3447,MATLAB
3447,Java
3447,C++
3447,Javascript
3447,C
3447,Python
3447,C#
3447,Bash
3447,SQL
3449,SQL
3449,Bash
3449,Python
3450,SQL
3451,SQL
3451,Python
3451,C++
3452,Javascript
3452,SQL
3452,Bash
3452,C#
3452,Python
3453,Python
3453,R
3453,SQL
3455,C++
3455,Python
3456,Javascript
3456,Python
3456,C++
3456,C
3457,Python
3457,SQL
3458,Python
3458,Javascript
3459,Python
3460,Python
3461,C
3462,Julia
3462,Python
3463,Javascript
3463,R
3463,Java
3463,Bash
3463,Python
3464,Python
3465,SQL
3465,R
3466,SQL
3466,Java
3466,MATLAB
3466,Python
3466,C
3466,C++
3466,Javascript
3466,Bash
3466,C#
3466,PHP
3467,C
3467,SQL
3467,Python
3467,Bash
3467,C++
3467,Java
3468,Python
3468,R
3469,C++
3469,C
3470,Python
3470,MATLAB
3470,C++
3472,R
3472,C++
3472,Python
3473,Python
3474,Python
3475,Java
3475,Python
3475,SQL
3475,C++
3476,C++
3476,Java
3477,Python
3478,SQL
3479,Python
3479,R
3479,SQL
3481,Python
3481,R
3482,C++
3482,Python
3482,SQL
3482,C
3483,Python
3483,C++
3484,Javascript
3484,Python
3484,SQL
3485,SQL
3485,Python
3486,C++
3486,Javascript
3486,Python
3486,Go
3486,MATLAB
3487,R
3487,SQL
3487,Python
3487,Other
3488,Python
3489,SQL
3489,Python
3490,Python
3490,R
3490,SQL
3492,SQL
3492,Python
3492,Bash
3493,Bash
3493,Python
3493,Java
3493,C++
3493,Javascript
3493,C
3493,SQL
3494,SQL
3494,Python
3495,C
3495,Python
3496,MATLAB
3496,C++
3496,SQL
3496,Python
3498,SQL
3498,R
3498,Python
3500,Python
3500,C#
3500,SQL
3500,Javascript
3502,Java
3502,Python
3502,C
3504,R
3505,Python
3505,C++
3506,Python
3507,SQL
3508,Python
3508,Javascript
3509,MATLAB
3509,Python
3511,Python
3511,SQL
3511,Other
3512,Python
3513,SQL
3513,Python
3514,R
3514,Python
3514,C#
3514,SQL
3515,SQL
3515,Python
3516,SQL
3516,Python
3517,R
3517,C++
3517,MATLAB
3517,Python
3518,Python
3519,R
3519,Python
3519,SQL
3520,Python
3520,Bash
3520,Javascript
3520,SQL
3521,Python
3521,SQL
3522,Python
3523,SQL
3523,Python
3523,Bash
3524,Python
3525,Python
3525,SQL
3526,R
3526,SQL
3526,Python
3527,R
3527,SQL
3528,SQL
3528,R
3528,Python
3529,Python
3530,Python
3530,R
3531,SQL
3531,Python
3532,Python
3533,Python
3534,Python
3535,Python
3535,SQL
3535,Other
3536,Python
3536,R
3536,SQL
3539,SQL
3539,Python
3540,C++
3540,Java
3540,SQL
3540,Python
3541,Javascript
3541,Bash
3541,SQL
3541,Python
3542,Javascript
3542,Python
3542,SQL
3542,C++
3543,SQL
3543,R
3543,Python
3543,Javascript
3545,Python
3545,SQL
3545,Java
3545,Javascript
3546,Python
3546,C++
3548,Other
3548,SQL
3548,Python
3549,C++
3550,MATLAB
3551,SQL
3551,Python
3551,PHP
3551,Java
3552,Python
3552,MATLAB
3553,SQL
3553,Python
3553,R
3554,SQL
3554,Python
3556,Python
3557,R
3557,MATLAB
3557,Python
3557,SQL
3558,C#
3558,SQL
3558,Python
3559,Python
3559,R
3559,SQL
3560,Python
3560,SQL
3561,Python
3562,Python
3563,Python
3564,SQL
3564,MATLAB
3564,Python
3565,Bash
3565,C++
3565,Python
3566,C
3566,Python
3567,Python
3567,R
3567,PHP
3567,MATLAB
3567,SQL
3568,SQL
3569,Python
3570,C++
3570,Python
3572,Java
3573,Python
3573,C
3573,MATLAB
3573,C++
3574,Python
3577,Python
3578,Other
3579,R
3579,Python
3579,SQL
3580,C++
3580,Java
3580,SQL
3580,Go
3580,Javascript
3580,Python
3581,C++
3581,Python
3582,Python
3582,Java
3582,SQL
3583,Python
3583,R
3584,Python
3585,Python
3585,C
3586,Python
3586,R
3587,SQL
3587,Python
3590,Javascript
3590,Python
3592,Python
3593,Java
3593,SQL
3593,Javascript
3593,Python
3594,Python
3594,C#
3594,SQL
3595,Python
3597,Python
3598,Python
3598,R
3599,Python
3599,Java
3599,C
3600,Python
3600,R
3600,SQL
3600,C++
3601,R
3601,Python
3601,MATLAB
3601,C++
3602,C++
3602,Python
3602,Other
3602,Java
3602,C
3603,Python
3604,Python
3606,C
3606,C++
3607,Python
3607,Javascript
3607,SQL
3607,C#
3607,Go
3608,C
3608,Python
3608,Java
3610,C++
3610,Python
3611,PHP
3611,R
3611,C
3611,Python
3611,Java
3612,Python
3613,R
3613,SQL
3613,Javascript
3613,Java
3614,PHP
3614,Other
3614,SQL
3614,Javascript
3616,C
3616,Python
3617,Python
3617,MATLAB
3618,MATLAB
3618,Bash
3618,C++
3618,Python
3618,C
3619,Python
3619,Bash
3619,SQL
3620,Python
3621,Javascript
3621,C#
3621,C++
3621,Python
3621,C
3621,Java
3622,C++
3622,MATLAB
3622,Java
3622,C
3622,Python
3622,SQL
3623,Python
3623,SQL
3624,R
3624,Python
3624,SQL
3625,SQL
3625,Python
3625,R
3626,R
3626,Python
3627,Python
3627,MATLAB
3628,R
3628,Python
3630,Python
3630,SQL
3630,C++
3630,Other
3630,Java
3631,R
3631,Python
3632,Python
3632,Java
3632,SQL
3633,Java
3633,SQL
3633,R
3633,Javascript
3634,C++
3634,Python
3635,Python
3635,C++
3637,Python
3637,R
3638,C
3638,Python
3638,C++
3638,Java
3639,R
3639,Python
3640,C++
3640,C
3640,Python
3640,MATLAB
3641,Javascript
3642,Java
3642,Python
3642,C
3643,Java
3643,C
3643,Bash
3643,Javascript
3643,C++
3644,R
3644,Python
3645,Go
3645,Python
3646,Bash
3646,Python
3646,SQL
3647,Python
3648,C
3648,Python
3649,Python
3649,SQL
3651,Python
3652,Python
3653,Other
3653,C++
3653,C#
3653,Javascript
3653,Bash
3653,C
3653,Python
3654,Other
3654,Python
3655,Python
3657,C++
3657,C
3657,Python
3658,R
3658,SQL
3658,Python
3659,C
3659,SQL
3659,C++
3659,Python
3660,R
3660,SQL
3664,Python
3664,Javascript
3664,PHP
3665,C
3665,Python
3666,Python
3666,MATLAB
3667,SQL
3667,Javascript
3667,PHP
3667,Java
3667,Python
3668,Python
3668,SQL
3669,Python
3669,MATLAB
3670,Python
3671,SQL
3671,Python
3673,SQL
3675,R
3675,SQL
3675,Python
3676,Java
3676,C++
3676,Javascript
3676,SQL
3676,Python
3677,R
3677,Python
3677,SQL
3678,Python
3679,C++
3679,Python
3680,R
3680,SQL
3680,Java
3680,Javascript
3680,Python
3681,Python
3683,Python
3684,Python
3685,Python
3685,C++
3686,Python
3687,Python
3687,SQL
3688,Bash
3688,Python
3688,Go
3688,SQL
3689,SQL
3689,Javascript
3689,Java
3689,Bash
3690,Python
3690,C
3691,Bash
3691,Javascript
3691,Python
3691,SQL
3692,Python
3692,Bash
3692,C
3692,C++
3692,Java
3693,SQL
3694,Javascript
3694,Python
3694,R
3694,SQL
3695,SQL
3695,Java
3695,Bash
3695,R
3695,Go
3696,C
3696,Python
3696,Java
3697,Python
3697,SQL
3697,C++
3698,Other
3698,Python
3699,SQL
3699,Other
3700,Python
3701,C++
3701,Javascript
3701,Python
3701,Other
3701,SQL
3702,R
3702,SQL
3702,Python
3702,C
3702,Javascript
3702,Java
3703,SQL
3703,Python
3704,Python
3704,Java
3704,C++
3704,C
3704,SQL
3705,Python
3705,SQL
3706,Python
3707,SQL
3707,R
3708,C#
3708,SQL
3708,Python
3708,Java
3709,SQL
3709,Python
3709,Javascript
3710,Python
3711,Python
3712,Java
3712,SQL
3712,C++
3712,Python
3713,Python
3714,Python
3714,R
3715,Javascript
3715,Python
3715,SQL
3716,PHP
3716,Javascript
3716,Python
3717,Python
3717,SQL
3718,Python
3718,C
3718,SQL
3719,SQL
3719,Python
3720,Java
3720,Python
3721,Bash
3721,Python
3722,SQL
3722,Python
3724,Python
3725,Bash
3725,Python
3725,R
3725,SQL
3726,Javascript
3726,Python
3726,Bash
3727,Python
3728,Python
3728,R
3728,SQL
3730,C++
3730,SQL
3730,Python
3730,Javascript
3730,MATLAB
3730,Other
3730,C
3730,C#
3730,Java
3732,C
3732,Java
3732,Other
3733,C
3733,Javascript
3733,SQL
3733,Python
3733,Java
3736,Javascript
3736,Python
3737,C++
3737,Python
3737,MATLAB
3738,Other
3738,C
3738,SQL
3738,PHP
3738,Javascript
3738,C++
3738,Java
3738,Python
3738,Bash
3739,R
3739,SQL
3740,SQL
3740,C++
3740,Python
3740,Bash
3741,Java
3741,Python
3742,SQL
3743,C++
3743,Python
3743,PHP
3743,R
3743,SQL
3743,C
3744,C
3744,C++
3744,Python
3744,Javascript
3745,SQL
3745,Python
3747,C++
3747,SQL
3747,Python
3747,Javascript
3748,Javascript
3748,Python
3749,R
3749,Java
3749,Python
3749,SQL
3750,Python
3750,Bash
3750,SQL
3750,C#
3750,Java
3750,R
3750,MATLAB
3750,Go
3750,C++
3750,C
3750,PHP
3750,Javascript
3750,Julia
3751,Bash
3751,Other
3751,Python
3751,SQL
3752,Python
3752,Bash
3752,PHP
3753,C
3753,C++
3753,Python
3753,Bash
3754,C#
3754,Javascript
3754,Python
3754,SQL
3755,R
3756,Python
3756,SQL
3757,SQL
3757,C
3757,C++
3757,Python
3757,R
3758,Python
3759,Python
3760,SQL
3760,Python
3761,Python
3761,R
3761,C++
3762,Python
3763,Python
3763,MATLAB
3763,R
3764,R
3765,Python
3765,SQL
3766,SQL
3766,Python
3767,Python
3767,R
3768,Python
3768,Other
3769,SQL
3769,Python
3770,Python
3770,SQL
3770,Other
3772,Python
3772,Java
3775,Python
3776,C++
3776,Python
3776,Java
3776,SQL
3777,R
3777,Bash
3777,C++
3777,Python
3777,C
3778,Java
3778,Python
3778,SQL
3778,C#
3778,C
3779,C#
3779,Python
3780,Python
3780,C++
3780,C
3780,SQL
3781,SQL
3781,Javascript
3781,PHP
3782,R
3782,Python
3782,Javascript
3782,SQL
3782,Java
3782,C#
3783,R
3783,Python
3784,Python
3784,SQL
3785,SQL
3785,C
3785,C++
3785,Python
3786,Python
3786,SQL
3786,C
3786,Java
3786,C++
3787,Java
3787,SQL
3787,Python
3788,Python
3788,Javascript
3788,R
3790,Python
3791,MATLAB
3791,SQL
3791,Python
3791,Java
3792,C++
3792,Python
3792,Bash
3792,SQL
3793,Python
3794,SQL
3794,Python
3795,Python
3795,SQL
3795,C++
3795,Java
3796,Python
3797,Bash
3797,C
3797,Python
3797,C++
3799,Java
3799,Python
3799,Other
3799,C#
3799,SQL
3800,Python
3800,SQL
3801,Python
3801,C
3802,C++
3802,C
3802,Python
3802,Java
3802,Bash
3803,C
3803,SQL
3803,Python
3803,PHP
3804,PHP
3804,Python
3804,C
3805,SQL
3805,Python
3806,SQL
3806,Python
3806,Other
3807,Python
3807,MATLAB
3807,R
3808,SQL
3808,Python
3810,MATLAB
3810,Python
3810,C
3811,C++
3811,PHP
3811,Java
3811,Javascript
3811,Python
3812,SQL
3812,C++
3812,Java
3812,Python
3813,Python
3813,SQL
3813,R
3813,Javascript
3814,MATLAB
3814,Python
3814,C++
3815,C
3815,Python
3816,Javascript
3816,Python
3816,R
3818,C++
3818,Python
3819,Python
3819,SQL
3820,MATLAB
3820,Python
3820,C++
3820,C
3821,Python
3821,SQL
3823,Python
3823,SQL
3824,Python
3825,Bash
3825,SQL
3825,Python
3826,Python
3826,SQL
3828,PHP
3828,C
3828,R
3828,Python
3830,C++
3830,Python
3831,Python
3831,C++
3831,MATLAB
3831,R
3832,Python
3834,Python
3835,R
3835,Python
3837,Python
3837,Bash
3838,MATLAB
3838,Other
3838,C
3838,Python
3839,Java
3839,Python
3840,SQL
3840,Python
3841,Python
3842,R
3842,Java
3842,SQL
3842,Python
3843,Python
3844,Python
3844,MATLAB
3845,SQL
3845,Python
3845,Java
3846,Python
3846,SQL
3846,C++
3847,Javascript
3847,SQL
3847,Python
3850,Python
3851,MATLAB
3851,Python
3854,Javascript
3854,Python
3855,Java
3855,R
3855,Python
3855,SQL
3856,SQL
3856,Python
3856,R
3858,Bash
3858,C++
3858,R
3858,Python
3858,C#
3858,Javascript
3858,SQL
3861,Python
3862,SQL
3862,Java
3862,Python
3863,C++
3863,C
3863,Java
3863,Python
3864,Python
3864,PHP
3864,C
3864,SQL
3864,C#
3864,Java
3866,SQL
3866,Javascript
3866,Python
3869,SQL
3870,R
3870,SQL
3870,C#
3870,Java
3870,Python
3870,Javascript
3871,Javascript
3871,Python
3871,Java
3871,SQL
3872,Python
3872,R
3872,SQL
3875,Other
3876,MATLAB
3876,C++
3876,Python
3876,PHP
3876,Javascript
3876,C
3877,R
3877,Python
3877,C
3878,Python
3879,Python
3879,Javascript
3880,Python
3881,Java
3881,Python
3882,Python
3882,Java
3883,Java
3883,C++
3883,C
3883,Python
3884,SQL
3884,Python
3887,Python
3887,C
3888,Bash
3888,Python
3888,SQL
3888,R
3888,C#
3890,Javascript
3890,Java
3890,Python
3890,SQL
3891,MATLAB
3891,C++
3891,Python
3892,SQL
3892,Python
3893,Python
3893,Javascript
3893,Bash
3894,Python
3894,SQL
3894,C
3894,Java
3895,R
3896,Python
3897,Python
3897,C#
3898,SQL
3898,Python
3898,Java
3899,Java
3899,Python
3899,R
3900,R
3900,C
3901,C#
3901,SQL
3901,C
3901,Javascript
3901,Python
3901,Java
3901,C++
3902,Python
3903,C++
3903,MATLAB
3904,Python
3905,Python
3906,Python
3907,Javascript
3907,Python
3907,C++
3907,C#
3907,Java
3907,SQL
3908,Python
3908,Java
3908,R
3909,Python
3909,SQL
3909,Javascript
3910,Python
3910,R
3910,MATLAB
3910,C++
3911,Javascript
3911,Python
3912,Python
3912,C++
3912,R
3913,Python
3914,Java
3914,Python
3914,SQL
3915,R
3915,Javascript
3915,Python
3915,SQL
3917,R
3917,Python
3917,Java
3918,SQL
3918,Java
3918,Python
3919,Python
3919,C
3920,Java
3920,C++
3920,C
3920,Python
3920,Javascript
3921,PHP
3921,R
3922,Python
3922,R
3923,C++
3923,Python
3926,Python
3926,C#
3926,SQL
3926,C++
3926,C
3927,Python
3927,SQL
3928,SQL
3928,C++
3928,Javascript
3928,Java
3928,Python
3930,Python
3930,C++
3930,C
3931,Python
3932,Python
3932,SQL
3933,Python
3934,SQL
3934,R
3934,Python
3934,Bash
3935,SQL
3935,Python
3936,Python
3936,R
3936,MATLAB
3937,Python
3938,Python
3938,C++
3938,C
3939,Python
3941,C++
3941,Python
3942,Python
3942,Other
3942,SQL
3942,Bash
3944,PHP
3944,Javascript
3944,Python
3945,C
3945,Python
3946,Python
3948,C++
3948,C
3948,Python
3948,MATLAB
3949,C++
3949,Python
3949,Java
3950,Python
3950,SQL
3951,Python
3951,C
3951,C++
3951,Java
3951,SQL
3952,Python
3952,Java
3953,Python
3953,C
3953,MATLAB
3954,Javascript
3954,Python
3954,SQL
3955,Python
3956,Python
3957,Python
3958,R
3959,Python
3960,Python
3961,Python
3962,R
3962,Python
3962,Other
3963,MATLAB
3963,Java
3963,Python
3964,R
3964,SQL
3964,Python
3964,Javascript
3964,Java
3964,PHP
3964,C++
3964,C
3965,C++
3965,Python
3966,Python
3966,SQL
3967,Python
3967,SQL
3967,Bash
3969,Python
3969,R
3971,C++
3971,Python
3972,SQL
3972,Bash
3972,Python
3973,Python
3973,SQL
3974,Other
3974,SQL
3974,R
3974,Python
3975,SQL
3975,Python
3975,MATLAB
3976,Python
3978,Python
3978,MATLAB
3979,Python
3979,SQL
3980,Other
3980,SQL
3981,R
3981,SQL
3982,SQL
3982,Javascript
3982,R
3982,Python
3983,Python
3983,SQL
3984,Python
3984,SQL
3985,Python
3986,Python
3986,SQL
3987,SQL
3987,Python
3988,R
3988,Python
3988,SQL
3989,SQL
3989,Python
3989,R
3990,Python
3990,C++
3990,C#
3991,R
3991,C#
3991,Python
3991,C++
3991,Java
3991,C
3991,SQL
3992,Python
3992,C++
3992,Javascript
3993,Python
3993,R
3993,C++
3993,MATLAB
3993,Javascript
3994,SQL
3994,Python
3995,Python
3995,R
3995,SQL
3996,Java
3996,Javascript
3996,Python
3996,PHP
3996,MATLAB
3996,SQL
3997,R
3999,C
3999,Python
4000,Javascript
4000,MATLAB
4001,C++
4001,Python
4002,Python
4003,Python
4003,Java
4004,SQL
4004,Python
4005,PHP
4005,Python
4005,Javascript
4006,Javascript
4007,Java
4007,Python
4009,Javascript
4009,SQL
4009,PHP
4010,SQL
4010,Java
4010,Python
4011,Python
4011,Bash
4011,SQL
4011,C
4011,R
4013,SQL
4013,Javascript
4013,Java
4013,Python
4013,R
4014,Python
4014,SQL
4015,Python
4015,C
4015,Java
4017,C++
4017,Python
4018,C++
4018,R
4018,Python
4018,C
4019,SQL
4019,R
4019,Python
4020,SQL
4020,R
4020,Python
4021,Python
4021,SQL
4022,SQL
4022,R
4022,Bash
4022,Python
4023,Python
4024,C
4024,C++
4024,Python
4025,Python
4025,SQL
4025,Javascript
4025,PHP
4026,Python
4026,Javascript
4026,Java
4026,SQL
4027,Python
4028,Python
4028,SQL
4029,Python
4030,Python
4030,C
4031,PHP
4031,R
4031,SQL
4031,Bash
4031,Python
4031,Javascript
4032,SQL
4032,Python
4033,Python
4033,SQL
4034,C
4034,Java
4034,Python
4035,Python
4037,Javascript
4037,SQL
4037,Python
4038,Python
4039,Python
4040,Python
4042,Python
4043,Python
4044,Python
4045,SQL
4045,Other
4046,SQL
4046,Python
4047,C++
4047,Java
4047,Python
4047,C
4047,R
4048,SQL
4049,C
4049,Python
4049,C++
4050,SQL
4050,Python
4051,Other
4051,Java
4051,Python
4052,Python
4053,Java
4053,Python
4053,SQL
4054,R
4054,C++
4054,Python
4055,Javascript
4056,Python
4057,R
4058,Python
4059,Python
4059,C++
4059,Java
4059,PHP
4059,SQL
4059,Javascript
4060,Python
4062,Python
4063,C
4063,Python
4063,SQL
4064,Python
4064,SQL
4065,Javascript
4065,Go
4065,Bash
4065,Python
4066,C#
4066,Python
4067,Python
4068,SQL
4068,Python
4069,Python
4069,C
4070,C#
4070,Python
4070,MATLAB
4070,C++
4071,C#
4071,Python
4071,C
4071,SQL
4071,Javascript
4071,Java
4071,C++
4073,Python
4074,SQL
4074,Python
4075,PHP
4075,C
4075,C#
4075,C++
4075,MATLAB
4075,Python
4075,Javascript
4075,Java
4075,R
4075,Bash
4076,C++
4076,Python
4076,MATLAB
4077,Python
4078,SQL
4078,Python
4079,SQL
4079,Python
4080,Python
4080,C++
4080,R
4081,R
4081,C
4081,Python
4083,C#
4083,Java
4083,Python
4085,Python
4085,SQL
4086,Python
4086,PHP
4086,C
4086,Java
4087,C
4087,Javascript
4087,C++
4087,Python
4087,Other
4087,SQL
4087,Java
4088,C#
4088,Python
4088,MATLAB
4089,SQL
4089,Python
4089,C#
4089,C++
4089,PHP
4089,Java
4090,MATLAB
4090,Python
4091,Python
4091,MATLAB
4092,Bash
4092,Python
4092,Java
4092,C#
4092,SQL
4093,R
4093,Python
4093,Javascript
4093,SQL
4094,SQL
4094,Python
4095,Python
4095,C
4095,R
4096,Python
4096,SQL
4096,Javascript
4097,Python
4097,C
4097,Java
4097,SQL
4098,R
4099,SQL
4099,PHP
4099,Javascript
4099,Python
4099,Other
4100,Javascript
4100,SQL
4100,MATLAB
4100,Java
4100,Python
4100,R
4101,C
4101,Python
4101,C++
4102,SQL
4102,PHP
4102,Javascript
4104,Python
4106,R
4106,Python
4107,R
4107,C#
4107,Python
4107,Javascript
4108,Python
4110,Python
4111,Python
4113,Java
4114,Python
4114,C
4114,C++
4115,Python
4116,Python
4116,SQL
4117,C
4117,Python
4117,C++
4118,Javascript
4118,Python
4118,SQL
4119,Python
4119,SQL
4119,Go
4120,R
4120,Python
4120,SQL
4121,Python
4121,C
4121,SQL
4121,Java
4122,PHP
4122,C#
4122,C
4122,SQL
4122,C++
4123,R
4123,Java
4124,SQL
4125,SQL
4125,R
4125,Python
4126,C
4126,SQL
4126,Java
4126,Javascript
4127,SQL
4128,C
4128,C++
4128,Java
4128,Python
4129,SQL
4129,C++
4129,Python
4131,Python
4132,Python
4132,Java
4133,Python
4133,Java
4133,SQL
4134,SQL
4134,Python
4135,Python
4135,C++
4136,Python
4137,Python
4137,C++
4140,C++
4140,Java
4140,Javascript
4140,C
4142,Python
4142,C
4142,R
4142,Other
4142,SQL
4143,Python
4143,R
4143,SQL
4144,MATLAB
4144,Python
4145,SQL
4145,Javascript
4145,C
4145,Java
4145,C#
4145,C++
4145,Python
4146,SQL
4146,Python
4147,R
4147,Python
4147,C
4148,SQL
4148,Python
4149,Python
4151,Python
4152,Bash
4152,Python
4153,C++
4153,Python
4155,Python
4156,Python
4157,Bash
4157,Python
4157,SQL
4158,R
4158,SQL
4158,Python
4159,SQL
4159,R
4159,C#
4159,C++
4159,MATLAB
4159,Python
4159,Java
4161,Python
4163,SQL
4163,Python
4164,Python
4164,C
4164,MATLAB
4164,C++
4165,C
4165,Javascript
4165,Java
4165,C++
4165,SQL
4165,Python
4165,R
4166,Bash
4166,SQL
4166,Python
4167,Python
4167,SQL
4168,Python
4168,C++
4168,Bash
4168,Javascript
4168,C
4169,Other
4169,Python
4170,C
4170,Python
4170,MATLAB
4171,SQL
4171,R
4171,Python
4172,C++
4172,Python
4172,SQL
4172,R
4172,Java
4173,Java
4173,Python
4173,Javascript
4173,SQL
4174,Python
4175,Python
4176,SQL
4176,Python
4176,PHP
4176,Java
4177,C
4177,Python
4177,C++
4179,Python
4179,SQL
4180,Java
4180,MATLAB
4180,Python
4181,Python
4181,C#
4181,SQL
4181,Java
4182,C
4182,Python
4182,R
4182,Java
4183,Python
4183,PHP
4183,Javascript
4184,Python
4185,Javascript
4185,Python
4185,Java
4185,C++
4185,C
4186,Python
4186,SQL
4187,SQL
4187,Python
4187,Javascript
4187,Java
4187,C++
4188,SQL
4188,R
4189,SQL
4189,Java
4190,Python
4191,Python
4191,Bash
4192,C
4192,Python
4192,C++
4194,Python
4195,C++
4195,Python
4196,Python
4196,R
4196,SQL
4197,SQL
4197,R
4198,SQL
4198,Python
4199,Java
4199,Javascript
4199,PHP
4199,Python
4199,C
4199,R
4199,MATLAB
4199,SQL
4200,R
4200,Python
4200,Javascript
4200,Java
4201,C++
4201,Bash
4201,Python
4202,SQL
4202,Python
4203,Python
4203,R
4203,SQL
4205,R
4205,Python
4206,C++
4206,Java
4206,Python
4206,MATLAB
4207,R
4207,Python
4208,Python
4208,MATLAB
4208,Other
4209,C
4209,Java
4209,Python
4210,Java
4210,SQL
4211,Java
4211,Python
4213,C#
4213,MATLAB
4213,Java
4213,Python
4214,Javascript
4214,Java
4214,Python
4214,SQL
4214,C#
4214,Bash
4218,Java
4218,Python
4218,R
4218,SQL
4218,Javascript
4218,PHP
4219,Python
4219,PHP
4219,Java
4219,Javascript
4219,C++
4220,SQL
4220,Python
4221,C++
4221,C
4221,Python
4223,Python
4224,PHP
4224,Python
4224,C#
4225,SQL
4225,R
4225,Python
4226,Python
4227,Java
4227,Python
4227,SQL
4229,Python
4230,Python
4231,Python
4231,R
4231,C
4231,SQL
4231,C++
4232,Python
4232,Java
4233,Python
4233,R
4234,Java
4234,PHP
4234,Python
4234,SQL
4235,Python
4235,SQL
4235,R
4236,C#
4236,C
4236,C++
4236,Python
4236,PHP
4236,Javascript
4237,Python
4237,C#
4238,Javascript
4239,MATLAB
4239,Python
4239,C
4240,SQL
4240,Python
4241,SQL
4241,C#
4242,R
4242,SQL
4243,SQL
4243,C#
4243,C++
4243,R
4243,Python
4245,Python
4246,Python
4246,SQL
4247,Python
4248,Python
4248,PHP
4248,Javascript
4248,Java
4248,C
4248,C++
4250,C++
4250,SQL
4250,C
4250,C#
4250,Python
4250,Java
4251,Python
4251,SQL
4251,R
4252,SQL
4252,Python
4253,Bash
4253,MATLAB
4253,Python
4253,R
4253,SQL
4254,Python
4254,C
4254,C++
4254,R
4254,SQL
4255,PHP
4255,Javascript
4255,Python
4255,Julia
4255,SQL
4255,C++
4255,Java
4256,Python
4256,C
4256,C#
4256,C++
4256,Java
4256,R
4256,Javascript
4256,SQL
4256,PHP
4258,SQL
4259,Python
4259,R
4260,SQL
4260,MATLAB
4260,R
4260,Python
4261,Python
4261,R
4261,MATLAB
4262,Python
4264,SQL
4264,Python
4265,Bash
4265,Python
4265,Java
4266,MATLAB
4266,Python
4266,C++
4266,C
4267,SQL
4267,Python
4268,Python
4269,Java
4269,Python
4270,Javascript
4270,SQL
4270,R
4270,Python
4270,PHP
4271,Python
4272,Python
4273,Python
4273,Java
4273,SQL
4274,Python
4275,Python
4276,SQL
4276,C++
4276,Python
4276,C#
4277,R
4277,Python
4277,SQL
4278,Python
4279,SQL
4279,Python
4281,MATLAB
4281,Bash
4281,Python
4281,Javascript
4282,Python
4282,SQL
4282,Bash
4283,Python
4283,SQL
4285,SQL
4285,Python
4286,C
4286,MATLAB
4286,Python
4286,C++
4287,Python
4288,R
4289,SQL
4289,Java
4289,Javascript
4290,C++
4290,Java
4290,Python
4291,Python
4292,Javascript
4292,Java
4292,SQL
4292,MATLAB
4292,C++
4292,C#
4292,C
4292,R
4292,Python
4293,Python
4293,R
4294,SQL
4296,Julia
4296,SQL
4297,SQL
4297,Python
4297,Javascript
4298,Python
4299,Python
4299,SQL
4299,Bash
4300,Python
4301,C++
4302,SQL
4302,Python
4304,SQL
4305,SQL
4305,Python
4305,C++
4305,Bash
4306,MATLAB
4306,C++
4306,Python
4306,Java
4307,Python
4307,SQL
4308,MATLAB
4308,SQL
4308,C
4309,Python
4310,Python
4310,C++
4311,Python
4311,Other
4311,Javascript
4311,SQL
4313,SQL
4313,Python
4313,Bash
4313,R
4314,C
4314,Other
4314,Java
4314,Javascript
4315,Python
4315,R
4315,C++
4315,SQL
4315,MATLAB
4316,Python
4317,Python
4318,Javascript
4318,Java
4318,Python
4318,SQL
4318,C
4319,SQL
4319,Python
4320,Python
4320,Java
4321,C
4321,Python
4323,Python
4323,SQL
4324,C
4324,Python
4325,C#
4325,SQL
4325,Java
4326,MATLAB
4326,SQL
4326,Python
4326,C#
4328,SQL
4328,Python
4328,R
4329,Bash
4329,Python
4330,C#
4330,C
4330,SQL
4331,Java
4331,C++
4332,SQL
4332,Python
4333,Python
4333,SQL
4334,R
4334,SQL
4334,Python
4336,Python
4336,SQL
4336,R
4337,Python
4338,SQL
4338,Python
4339,C++
4339,Python
4339,MATLAB
4340,Python
4340,Bash
4340,SQL
4342,Other
4342,C
4342,C++
4342,PHP
4342,Python
4342,Javascript
4343,Javascript
4343,Python
4343,R
4343,SQL
4344,Python
4344,MATLAB
4344,C
4345,Python
4346,R
4347,R
4347,Python
4348,SQL
4348,Python
4348,R
4348,Other
4349,C
4349,C#
4349,R
4349,Python
4350,Python
4350,SQL
4351,SQL
4351,Python
4352,SQL
4352,Other
4352,Python
4353,R
4353,Python
4354,SQL
4354,Python
4355,Javascript
4355,Go
4355,Python
4356,Java
4356,SQL
4356,Python
4356,C++
4357,SQL
4357,C#
4357,C
4357,Python
4357,R
4357,MATLAB
4357,PHP
4357,C++
4357,Javascript
4358,SQL
4361,R
4361,Python
4362,Python
4362,C++
4362,C
4364,MATLAB
4364,R
4364,Python
4364,Javascript
4365,Java
4365,Bash
4365,Python
4365,C
4366,R
4366,Python
4366,SQL
4367,Python
4367,Javascript
4367,SQL
4368,Python
4369,Python
4369,C
4369,SQL
4370,Python
4371,C++
4371,Python
4372,Javascript
4372,R
4372,C
4372,MATLAB
4372,C++
4373,SQL
4373,Python
4373,Other
4374,Python
4374,SQL
4375,Python
4376,Other
4376,Python
4376,SQL
4376,C++
4377,C#
4377,Javascript
4377,Python
4377,R
4377,PHP
4378,Java
4378,C
4378,Python
4378,MATLAB
4378,C++
4379,C
4379,Python
4379,Java
4379,R
4380,Python
4381,SQL
4381,R
4382,Python
4383,Python
4383,Javascript
4383,PHP
4383,C
4383,C#
4383,SQL
4385,Javascript
4385,R
4385,MATLAB
4385,SQL
4385,C
4385,C++
4385,Java
4385,PHP
4385,Python
4386,SQL
4386,Python
4386,Java
4387,Python
4388,Python
4389,SQL
4390,Javascript
4391,Python
4392,R
4392,MATLAB
4392,Javascript
4392,Python
4393,SQL
4393,Java
4393,R
4394,C++
4394,C
4394,MATLAB
4394,Python
4395,Javascript
4395,PHP
4395,R
4395,Bash
4395,MATLAB
4395,C
4395,SQL
4395,Java
4395,Python
4395,C++
4396,Other
4396,C++
4396,Python
4397,Python
4397,SQL
4398,Python
4398,SQL
4399,Python
4399,R
4400,Javascript
4400,SQL
4400,PHP
4400,Java
4400,C#
4401,Python
4403,C++
4403,Bash
4403,C
4403,Python
4403,MATLAB
4404,Python
4404,MATLAB
4405,Python
4406,SQL
4406,Python
4408,Python
4409,C
4409,Python
4409,SQL
4411,SQL
4411,C
4411,Python
4411,C++
4413,Other
4413,Python
4414,C
4414,Python
4414,C++
4415,SQL
4415,Javascript
4415,Python
4416,Python
4417,Javascript
4418,SQL
4418,R
4419,Javascript
4420,Bash
4420,Python
4420,SQL
4420,Javascript
4423,R
4423,C
4423,Python
4424,Python
4424,SQL
4424,R
4425,C++
4425,SQL
4425,PHP
4426,SQL
4426,Python
4428,Java
4428,Python
4428,SQL
4428,MATLAB
4428,C++
4429,Python
4429,SQL
4430,Python
4430,C++
4430,C
4430,SQL
4430,Java
4432,Python
4433,SQL
4433,Python
4434,Python
4434,C++
4435,Python
4435,C
4435,C++
4437,SQL
4437,Python
4438,Python
4438,Julia
4439,R
4439,MATLAB
4439,Python
4439,SQL
4440,Python
4440,R
4441,R
4441,Python
4441,Java
4441,C++
4441,Javascript
4442,Bash
4442,Python
4443,SQL
4443,Python
4444,SQL
4444,Python
4444,R
4444,Bash
4445,SQL
4445,Python
4445,R
4445,C
4445,Javascript
4445,C++
4445,C#
4446,C++
4446,Python
4447,Python
4448,Python
4449,Python
4450,R
4450,Python
4451,Python
4452,Python
4452,R
4453,Python
4453,SQL
4454,C++
4454,MATLAB
4454,Javascript
4454,PHP
4454,Python
4455,Java
4456,Javascript
4456,Python
4456,SQL
4456,C
4456,Java
4456,C++
4457,Python
4459,Python
4460,C++
4460,Javascript
4460,Java
4460,C
4460,C#
4460,Bash
4460,PHP
4460,R
4460,Python
4460,SQL
4461,Python
4461,SQL
4462,Python
4462,C++
4463,C++
4463,Java
4463,Python
4464,R
4464,SQL
4464,C++
4464,Python
4465,SQL
4465,Python
4466,Java
4466,Python
4466,R
4466,SQL
4467,Javascript
4468,SQL
4468,Python
4469,Julia
4469,C
4469,Python
4469,Bash
4470,SQL
4470,Python
4471,C++
4471,MATLAB
4471,Python
4472,SQL
4472,Python
4473,Python
4473,SQL
4474,Python
4475,R
4475,Javascript
4475,Python
4477,R
4477,Bash
4478,C
4478,C#
4478,C++
4478,Python
4478,Java
4478,SQL
4479,SQL
4479,R
4479,Java
4479,Python
4480,Java
4480,C++
4480,Python
4480,SQL
4480,C#
4481,Python
4482,R
4482,Python
4483,PHP
4483,Python
4483,SQL
4484,SQL
4484,R
4484,Python
4484,C++
4484,C
4484,Java
4484,MATLAB
4485,Python
4485,MATLAB
4485,Javascript
4486,R
4486,C
4487,Python
4487,SQL
4487,C++
4488,Python
4488,C++
4488,SQL
4489,SQL
4489,C
4489,Python
4489,C++
4490,SQL
4490,Python
4490,R
4491,C++
4491,C#
4491,Java
4491,SQL
4492,Python
4493,Javascript
4493,Python
4493,SQL
4493,C++
4493,C
4494,Java
4494,Python
4494,C++
4496,C++
4496,Python
4497,C
4497,Java
4497,C++
4497,Python
4498,C
4498,C++
4498,Python
4498,R
4499,Bash
4499,SQL
4499,Python
4501,Python
4501,SQL
4502,Python
4502,R
4503,Python
4504,Python
4505,Python
4506,SQL
4506,Python
4507,Python
4507,SQL
4508,Python
4509,Python
4509,SQL
4509,R
4511,MATLAB
4511,SQL
4511,C#
4511,Java
4512,Python
4512,MATLAB
4513,R
4514,Python
4514,SQL
4515,R
4515,Python
4516,Python
4518,SQL
4518,Python
4518,Javascript
4519,Python
4519,Javascript
4519,C++
4519,SQL
4519,PHP
4520,C++
4520,Javascript
4520,Python
4520,SQL
4521,SQL
4521,Python
4523,R
4523,Python
4523,SQL
4524,SQL
4524,Python
4525,MATLAB
4525,SQL
4525,C++
4525,Javascript
4525,Python
4525,R
4525,Java
4525,C
4526,C++
4526,Python
4527,Python
4527,R
4527,Other
4528,C
4528,Python
4528,SQL
4528,C++
4529,Java
4529,SQL
4529,Python
4530,Python
4530,Javascript
4531,R
4531,Python
4532,Other
4532,Python
4533,Python
4533,C++
4533,Java
4533,C
4534,Python
4534,C++
4535,Python
4535,R
4535,Java
4536,R
4536,SQL
4536,Python
4537,SQL
4537,Python
4538,Python
4538,Bash
4538,SQL
4538,Javascript
4540,Java
4540,C++
4540,Python
4541,C
4541,Python
4542,Other
4543,Python
4544,SQL
4544,Python
4545,Python
4545,Java
4545,R
4545,SQL
4546,Java
4546,SQL
4546,R
4546,Python
4547,SQL
4547,Java
4547,Javascript
4549,Python
4549,Javascript
4549,SQL
4549,C++
4549,Bash
4549,Java
4549,C
4550,Python
4551,Javascript
4551,SQL
4551,Python
4552,Python
4552,R
4552,C#
4553,SQL
4553,R
4553,Python
4555,Python
4555,MATLAB
4556,SQL
4556,Python
4557,SQL
4557,Python
4557,Javascript
4557,PHP
4557,C++
4557,C
4558,Python
4559,C++
4559,Python
4560,Python
4561,Python
4561,SQL
4562,Python
4563,Javascript
4563,Python
4564,Python
4564,MATLAB
4566,Java
4566,Go
4566,Bash
4566,Python
4567,Python
4568,C
4568,Python
4569,Python
4570,C++
4570,C
4570,SQL
4570,Java
4570,Go
4570,Python
4570,PHP
4570,C#
4571,MATLAB
4571,Python
4572,SQL
4572,Python
4572,R
4573,MATLAB
4573,Python
4573,R
4573,SQL
4573,Other
4574,Python
4574,C
4574,Java
4574,MATLAB
4574,SQL
4574,C++
4575,Go
4575,C++
4575,Python
4576,Other
4576,PHP
4576,Python
4576,SQL
4577,Python
4577,MATLAB
4578,Javascript
4578,Python
4578,C#
4578,C++
4578,C
4579,Java
4579,Python
4580,Python
4581,Java
4581,Javascript
4581,PHP
4581,C++
4581,SQL
4581,R
4581,Python
4581,C
4581,Other
4582,SQL
4582,Python
4582,C++
4583,Python
4584,Python
4584,SQL
4586,Python
4586,SQL
4586,C
4586,R
4587,Python
4587,SQL
4587,C
4588,R
4588,Python
4589,Python
4589,MATLAB
4590,SQL
4590,Python
4591,MATLAB
4591,SQL
4591,R
4591,Python
4592,Python
4592,SQL
4592,Javascript
4593,Java
4593,Python
4594,Python
4594,Bash
4594,C
4594,C++
4595,Python
4596,Python
4596,SQL
4596,Javascript
4597,Python
4597,C++
4598,C++
4598,Python
4598,Java
4599,R
4599,Python
4600,SQL
4600,Python
4600,R
4601,SQL
4601,Python
4601,C
4601,Java
4601,Bash
4602,Other
4603,C
4603,C++
4603,Other
4603,C#
4603,Python
4604,SQL
4604,Python
4604,C
4605,Python
4606,Python
4606,MATLAB
4606,SQL
4606,C++
4607,SQL
4607,Go
4607,MATLAB
4607,Python
4608,SQL
4608,Python
4608,Javascript
4610,R
4610,Python
4611,R
4611,Python
4612,Python
4612,SQL
4613,Python
4613,Javascript
4613,SQL
4614,R
4615,MATLAB
4615,Python
4616,Python
4616,R
4617,Python
4617,Java
4617,C++
4617,R
4618,SQL
4618,Java
4618,C++
4618,C
4618,Python
4619,Python
4619,SQL
4621,Python
4622,Python
4622,C++
4623,R
4623,Python
4623,SQL
4624,Python
4624,Go
4624,Javascript
4624,SQL
4624,Bash
4624,PHP
4625,R
4625,MATLAB
4625,Python
4625,Other
4625,SQL
4626,SQL
4626,R
4626,Python
4627,Java
4627,Python
4627,SQL
4627,Javascript
4627,MATLAB
4628,Python
4628,Bash
4629,Other
4629,R
4629,SQL
4630,Python
4630,SQL
4632,Python
4632,R
4632,SQL
4632,C
4633,R
4633,SQL
4633,Python
4634,Python
4635,SQL
4635,Javascript
4635,C
4635,C++
4635,Python
4635,PHP
4635,C#
4635,Java
4637,C
4637,Other
4637,Bash
4637,Javascript
4637,C++
4637,Python
4638,Python
4638,SQL
4639,Python
4639,SQL
4639,Java
4639,C++
4640,SQL
4640,C
4640,Python
4640,MATLAB
4641,Python
4642,SQL
4642,Python
4642,Java
4644,C++
4644,SQL
4644,R
4644,Python
4645,R
4646,Python
4647,C
4647,Python
4647,C++
4648,SQL
4648,Python
4649,Python
4649,Other
4649,SQL
4650,Python
4650,SQL
4651,Python
4652,SQL
4652,R
4652,C++
4652,Python
4653,R
4653,Python
4655,Javascript
4655,SQL
4655,Java
4655,Python
4656,Python
4656,Javascript
4656,SQL
4657,Python
4657,R
4658,Python
4659,SQL
4659,C
4659,C#
4659,Other
4659,C++
4660,PHP
4660,SQL
4660,Java
4660,Python
4660,C
4661,SQL
4661,Javascript
4661,C++
4662,Python
4663,R
4663,SQL
4663,Python
4664,C++
4664,Bash
4664,Java
4664,Python
4664,Javascript
4665,Python
4665,SQL
4666,Python
4666,C
4667,Python
4667,SQL
4667,R
4668,Python
4668,SQL
4670,Python
4672,Python
4672,R
4674,C++
4674,Python
4674,Java
4674,C
4675,SQL
4675,C++
4675,Javascript
4675,Python
4677,Python
4677,C
4677,C++
4678,C#
4678,C
4678,PHP
4678,MATLAB
4678,R
4678,Javascript
4678,Python
4678,Bash
4679,SQL
4679,R
4679,Python
4679,Other
4680,C
4680,MATLAB
4680,Python
4680,R
4681,MATLAB
4681,PHP
4681,Javascript
4681,C
4681,Java
4681,C++
4681,SQL
4681,Python
4682,Python
4682,C
4683,Python
4685,Python
4686,Python
4686,SQL
4687,Python
4688,Python
4689,Python
4689,C
4689,R
4690,C++
4690,Javascript
4690,Python
4691,Python
4691,C++
4692,Python
4693,SQL
4693,Python
4694,Javascript
4694,SQL
4694,PHP
4694,Java
4695,Python
4695,SQL
4696,SQL
4696,Python
4697,Python
4697,Javascript
4698,SQL
4698,C#
4698,Python
4699,Python
4699,R
4699,Javascript
4699,C#
4699,Java
4699,SQL
4701,Python
4701,SQL
4702,SQL
4702,Python
4703,Python
4703,SQL
4704,Python
4704,Bash
4704,C
4704,Javascript
4705,R
4705,Python
4706,Python
4707,C
4707,C++
4707,Javascript
4707,Python
4708,Python
4709,Python
4710,Python
4711,SQL
4711,PHP
4711,Javascript
4712,R
4712,Python
4712,SQL
4713,Python
4713,C++
4713,C
4713,R
4714,Python
4716,Python
4717,Python
4718,PHP
4718,Java
4718,C
4718,Python
4718,C++
4719,C++
4719,MATLAB
4719,Python
4719,R
4719,C
4720,Java
4720,SQL
4720,Javascript
4720,C++
4721,R
4722,Python
4722,R
4722,SQL
4723,Python
4723,R
4723,Bash
4724,R
4725,SQL
4725,R
4726,MATLAB
4726,Python
4726,C++
4726,C
4727,Python
4727,R
4727,SQL
4728,R
4728,Python
4729,C++
4729,Java
4729,SQL
4729,Javascript
4729,C#
4729,Python
4730,MATLAB
4730,R
4730,SQL
4730,Python
4731,MATLAB
4731,Bash
4731,Python
4731,C
4732,Python
4733,SQL
4733,Other
4733,Python
4734,C
4734,C++
4734,Python
4734,SQL
4734,Java
4735,MATLAB
4735,C
4735,C#
4735,SQL
4735,Bash
4735,Javascript
4735,Python
4736,Other
4736,Python
4737,SQL
4737,Python
4739,Python
4739,SQL
4739,PHP
4740,Python
4740,R
4740,SQL
4741,Javascript
4741,Python
4741,SQL
4742,C++
4743,SQL
4743,R
4743,Python
4743,C++
4744,Python
4744,Javascript
4744,Java
4745,C
4745,Python
4745,Bash
4745,C++
4746,Python
4746,C#
4746,SQL
4747,C#
4747,SQL
4747,Python
4748,Javascript
4748,PHP
4748,C
4748,SQL
4748,Python
4748,Go
4748,C++
4749,Java
4749,R
4749,SQL
4749,Bash
4749,C++
4749,Go
4749,Python
4750,Python
4750,C
4751,SQL
4751,Python
4752,Python
4752,R
4752,SQL
4753,Python
4753,SQL
4754,R
4755,Python
4755,Java
4756,Python
4756,C
4756,R
4756,SQL
4757,SQL
4757,Python
4758,Python
4759,SQL
4759,Python
4760,R
4760,SQL
4760,Python
4761,Javascript
4761,Python
4761,SQL
4761,Java
4762,Python
4762,SQL
4763,Python
4763,SQL
4763,Javascript
4763,PHP
4763,C#
4763,Java
4764,PHP
4764,Python
4764,SQL
4764,Javascript
4767,PHP
4767,Java
4767,Python
4767,C++
4767,Javascript
4767,SQL
4767,C
4768,C
4768,Python
4768,SQL
4768,MATLAB
4768,C++
4769,SQL
4769,Python
4770,C++
4770,C#
4770,Python
4772,SQL
4772,R
4773,Python
4774,SQL
4774,Python
4775,Python
4776,Python
4777,C++
4777,Javascript
4777,C#
4777,Java
4777,Python
4777,C
4777,MATLAB
4778,Python
4780,R
4780,SQL
4780,Python
4783,Python
4783,SQL
4783,C#
4784,R
4784,Python
4785,Python
4787,Python
4790,C
4790,Python
4790,R
4791,C++
4792,C#
4792,Python
4793,R
4793,Python
4793,Java
4793,Bash
4794,SQL
4794,Python
4794,C++
4794,Java
4794,C
4794,PHP
4794,C#
4794,R
4795,Java
4795,Python
4795,SQL
4796,Javascript
4796,Java
4797,Python
4797,R
4798,MATLAB
4798,Java
4798,C
4799,Python
4800,C++
4801,Python
4801,R
4802,C#
4802,C++
4802,MATLAB
4802,Java
4802,Python
4802,SQL
4802,Javascript
4802,R
4803,PHP
4803,Python
4803,Javascript
4803,SQL
4803,Bash
4804,Python
4805,Python
4805,SQL
4806,SQL
4806,R
4807,MATLAB
4807,Python
4809,Python
4809,SQL
4809,R
4810,Python
4810,SQL
4812,Python
4813,Python
4814,C++
4815,C
4815,MATLAB
4815,Python
4816,Python
4817,Python
4817,SQL
4818,C++
4818,Python
4818,Java
4819,SQL
4819,Python
4820,Python
4820,SQL
4821,Python
4821,MATLAB
4821,R
4822,SQL
4822,Python
4822,R
4822,Bash
4823,Python
4823,C++
4823,SQL
4824,C
4824,MATLAB
4824,C++
4824,Python
4825,C++
4825,Python
4825,SQL
4825,Java
4825,C
4825,R
4826,SQL
4826,Python
4827,Javascript
4827,SQL
4827,C
4827,Java
4827,PHP
4827,Python
4828,Python
4828,Javascript
4828,C++
4829,Python
4829,PHP
4829,SQL
4829,Javascript
4830,C
4830,Python
4831,Bash
4831,C
4831,Python
4831,R
4832,SQL
4832,Python
4833,SQL
4833,R
4834,Python
4835,C
4835,C++
4835,Python
4836,Python
4836,Javascript
4837,Python
4837,Java
4837,R
4837,SQL
4837,C++
4838,Python
4838,SQL
4838,C++
4838,Java
4838,C
4839,C++
4839,C
4839,Java
4839,Python
4839,R
4840,SQL
4840,C++
4840,Python
4841,Python
4841,Java
4841,C++
4842,Java
4842,Bash
4842,Other
4842,Python
4843,Python
4844,Bash
4844,SQL
4844,Python
4845,Python
4846,SQL
4847,Python
4848,R
4848,MATLAB
4848,Python
4849,C
4849,C++
4849,Python
4850,Bash
4850,Python
4850,C++
4850,MATLAB
4851,C
4851,C++
4851,Python
4852,C++
4852,Python
4853,R
4854,C++
4854,SQL
4854,Python
4854,Other
4855,MATLAB
4855,Python
4856,Python
4856,Javascript
4857,SQL
4857,Javascript
4857,PHP
4857,Python
4858,Python
4858,SQL
4859,Python
4860,SQL
4860,Other
4860,Python
4861,Python
4861,SQL
4862,Javascript
4862,Python
4863,R
4863,Python
4864,Python
4864,Other
4864,Javascript
4864,C++
4864,C
4864,SQL
4864,PHP
4865,R
4865,SQL
4865,Python
4865,C
4866,C++
4866,Javascript
4867,Python
4868,Python
4868,SQL
4869,Python
4870,Python
4870,Java
4870,MATLAB
4872,Python
4872,SQL
4872,C++
4873,R
4873,SQL
4873,Python
4873,Other
4874,Python
4875,Python
4875,Javascript
4876,Python
4876,SQL
4876,Javascript
4877,C#
4877,C++
4877,SQL
4877,MATLAB
4877,Python
4877,PHP
4878,Other
4878,MATLAB
4880,C++
4881,C
4881,Python
4882,Python
4882,PHP
4882,Java
4882,SQL
4882,R
4882,Javascript
4885,SQL
4885,Python
4885,Bash
4886,Other
4886,Python
4887,Python
4887,Javascript
4887,C
4887,PHP
4887,Java
4887,Other
4889,Python
4890,R
4890,Python
4891,Python
4892,C
4892,Python
4892,PHP
4892,C++
4892,Java
4893,Python
4893,SQL
4894,Java
4894,Other
4894,Javascript
4894,SQL
4894,C
4894,Python
4894,PHP
4895,Python
4896,Javascript
4896,Python
4896,Java
4896,SQL
4897,Java
4898,SQL
4898,R
4898,Other
4899,MATLAB
4899,SQL
4899,Java
4899,R
4899,Python
4902,Python
4902,MATLAB
4903,Python
4904,Python
4904,R
4904,SQL
4905,Python
4906,SQL
4906,Bash
4906,Python
4906,Java
4907,SQL
4907,R
4907,Python
4908,Java
4908,Python
4909,Java
4909,Python
4910,Python
4910,SQL
4911,Python
4911,SQL
4912,SQL
4912,Other
4913,Python
4913,Other
4914,Java
4914,Python
4914,Bash
4915,Python
4916,MATLAB
4916,SQL
4916,R
4916,Python
4917,Python
4917,SQL
4917,Javascript
4918,R
4919,Python
4919,R
4920,C++
4920,PHP
4920,Python
4920,C
4921,PHP
4921,Python
4922,Python
4922,C
4922,MATLAB
4923,Python
4923,SQL
4924,Python
4924,SQL
4924,Javascript
4924,PHP
4924,C
4924,MATLAB
4925,Python
4926,C++
4926,Python
4927,Java
4927,C
4927,Python
4928,Java
4928,Python
4928,C
4928,C++
4929,Python
4930,Python
4930,SQL
4932,Other
4932,Bash
4932,Python
4933,SQL
4933,R
4933,Bash
4934,C++
4934,MATLAB
4934,Python
4934,Javascript
4934,SQL
4934,C
4934,C#
4935,PHP
4935,Python
4935,SQL
4935,Javascript
4935,C
4935,R
4935,Java
4935,C#
4936,Python
4937,Javascript
4937,SQL
4937,C#
4937,Python
4938,Bash
4938,Python
4939,Python
4939,SQL
4940,Javascript
4940,Other
4940,Python
4940,Go
4941,Python
4941,R
4941,SQL
4942,MATLAB
4942,Python
4943,Python
4943,PHP
4944,Python
4945,C++
4946,Python
4946,SQL
4947,SQL
4947,Javascript
4947,Bash
4947,Python
4948,Python
4948,C#
4949,Python
4950,R
4950,Bash
4952,Javascript
4952,Bash
4952,Python
4953,Java
4953,Julia
4953,MATLAB
4953,C
4953,C#
4953,Python
4953,C++
4953,PHP
4953,SQL
4954,R
4954,Python
4954,C
4956,Bash
4956,SQL
4956,PHP
4956,Java
4956,Javascript
4956,Python
4956,R
4957,R
4957,Python
4958,Java
4958,Python
4958,SQL
4958,C
4959,Python
4959,SQL
4959,C++
4960,Python
4961,Python
4962,Python
4962,SQL
4963,SQL
4963,C
4963,Python
4963,R
4964,Python
4965,C++
4965,SQL
4965,Python
4965,Bash
4965,Javascript
4965,Java
4965,C
4966,SQL
4966,Bash
4966,Python
4967,Other
4968,Javascript
4968,MATLAB
4968,C++
4968,Python
4968,Java
4968,SQL
4971,SQL
4971,Python
4971,R
4973,C
4973,Python
4973,Java
4973,SQL
4974,C
4974,Python
4974,MATLAB
4974,C++
4975,Other
4976,C
4976,Java
4976,R
4976,Bash
4976,Python
4976,PHP
4976,C++
4976,Javascript
4976,SQL
4976,Julia
4977,SQL
4978,Python
4978,Bash
4979,C
4979,Python
4979,C++
4980,C++
4980,Python
4981,R
4981,SQL
4982,R
4983,C
4983,C++
4983,SQL
4983,Python
4984,Python
4984,SQL
4985,Java
4985,Python
4985,C#
4985,SQL
4986,R
4987,Java
4987,Python
4989,Python
4990,C
4990,Python
4991,C++
4991,Python
4993,C++
4993,Python
4993,Javascript
4994,Python
4995,SQL
4995,C++
4995,C
4995,R
4996,Python
4997,Java
4997,Python
4997,C++
4997,C
4998,Python
4998,Javascript
5000,R
5000,Java
5000,Python
5002,Python
5003,C++
5003,MATLAB
5003,Python
5004,Java
5004,Javascript
5004,PHP
5004,Python
5004,C
5005,Go
5005,Python
5005,SQL
5006,Python
5006,Java
5006,C
5006,SQL
5007,C#
5007,SQL
5007,Python
5008,Python
5008,SQL
5008,Bash
5009,C
5009,MATLAB
5009,Python
5011,Python
5012,Javascript
5012,C
5013,C
5013,Python
5014,Python
5016,SQL
5016,Python
5017,C#
5017,R
5017,Python
5017,SQL
5018,Java
5018,Python
5018,Other
5019,SQL
5019,R
5019,Python
5020,SQL
5020,Python
5020,R
5022,Python
5023,Javascript
5023,Python
5023,MATLAB
5024,Python
5025,Python
5025,SQL
5025,R
5026,Python
5027,C++
5027,Java
5027,C
5027,Python
5028,Python
5029,Python
5030,C
5031,R
5032,Python
5032,C++
5032,MATLAB
5033,R
5033,Python
5033,SQL
5037,C++
5037,R
5037,SQL
5037,Python
5037,Julia
5037,PHP
5037,MATLAB
5037,Bash
5037,C
5038,SQL
5038,Python
5039,Python
5040,Python
5041,Python
5041,SQL
5041,C#
5043,Python
5044,Python
5044,SQL
5046,R
5046,Python
5048,Python
5049,SQL
5049,Python
5051,Python
5051,R
5051,SQL
5052,R
5052,SQL
5052,Python
5053,Python
5053,Java
5053,SQL
5054,SQL
5054,PHP
5054,Javascript
5054,Python
5055,Python
5055,MATLAB
5056,SQL
5056,MATLAB
5056,R
5056,Java
5056,Python
5057,MATLAB
5057,SQL
5057,R
5057,C#
5057,Javascript
5057,Python
5057,PHP
5058,Python
5059,R
5059,Bash
5059,C++
5059,Python
5060,C++
5060,Python
5061,Java
5061,Python
5061,C
5062,Bash
5062,Python
5062,SQL
5064,Other
5065,Python
5066,Python
5066,Javascript
5067,Python
5068,SQL
5068,Java
5068,Python
5069,Python
5069,Other
5070,R
5071,Python
5071,C
5071,C++
5071,MATLAB
5072,R
5072,Javascript
5072,MATLAB
5072,Python
5072,SQL
5074,C++
5074,Python
5074,MATLAB
5075,Java
5075,Python
5075,R
5076,Python
5077,Python
5078,C++
5078,Python
5078,C
5079,Python
5079,C#
5080,Java
5080,SQL
5080,C
5080,Python
5080,Go
5080,C++
5081,Python
5082,C++
5082,SQL
5082,MATLAB
5082,Python
5082,C
5083,SQL
5083,R
5083,Python
5084,R
5084,Python
5084,SQL
5085,Other
5085,SQL
5085,C#
5085,Python
5087,Python
5088,SQL
5088,Python
5088,Java
5088,R
5089,C++
5089,R
5089,C
5089,Python
5089,C#
5090,C++
5090,Python
5091,Python
5093,Javascript
5093,Python
5094,Other
5094,SQL
5095,Python
5095,Bash
5095,SQL
5096,Python
5096,Java
5097,SQL
5097,Python
5097,Javascript
5098,Python
5099,Java
5099,Python
5099,MATLAB
5100,R
5100,Python
5101,C++
5101,R
5101,PHP
5101,Java
5101,Python
5102,Python
5104,Python
5105,Python
5105,Javascript
5105,Java
5106,Python
5107,Python
5107,C++
5108,SQL
5108,Python
5109,Other
5109,SQL
5111,Python
5112,Python
5112,Java
5112,C++
5112,C
5113,R
5113,Python
5113,Javascript
5113,Bash
5113,SQL
5113,C++
5115,R
5116,C
5116,Python
5116,SQL
5118,R
5118,Python
5118,Other
5119,R
5119,SQL
5119,Python
5120,Other
5120,Bash
5120,Python
5120,SQL
5121,Python
5122,SQL
5122,C++
5122,Python
5122,C
5122,C#
5123,SQL
5123,Julia
5123,R
5123,C
5123,Python
5124,Bash
5124,C++
5124,Julia
5124,SQL
5124,Python
5124,Go
5125,SQL
5125,Python
5125,Javascript
5126,Javascript
5126,Python
5126,Bash
5127,Java
5127,Python
5127,PHP
5127,C++
5127,C
5128,SQL
5128,Python
5128,Bash
5128,R
5128,Other
5129,Python
5130,C
5130,Python
5131,Python
5132,SQL
5132,Python
5133,SQL
5134,Python
5135,Javascript
5135,Python
5136,Python
5136,SQL
5136,Javascript
5137,R
5138,SQL
5138,Python
5138,Java
5138,C
5139,Javascript
5139,Other
5139,Python
5139,C
5139,SQL
5139,Java
5140,Python
5140,C
5140,SQL
5140,Java
5140,C++
5141,SQL
5142,SQL
5142,Python
5142,PHP
5142,C++
5143,Python
5143,SQL
5145,C++
5145,C
5145,Python
5146,SQL
5146,Python
5146,Java
5147,Javascript
5147,Python
5148,Javascript
5148,R
5148,SQL
5148,Python
5149,Python
5149,Javascript
5149,SQL
5149,MATLAB
5149,Java
5150,Python
5151,Python
5152,SQL
5152,Python
5152,Other
5153,Bash
5153,SQL
5153,Java
5153,Python
5154,Python
5155,Python
5156,C++
5156,SQL
5157,Java
5157,Python
5158,R
5158,SQL
5158,Javascript
5158,MATLAB
5158,Python
5158,Java
5160,Python
5161,Python
5161,SQL
5161,C
5161,C++
5161,PHP
5161,Java
5161,Javascript
5162,R
5162,Python
5162,SQL
5163,Bash
5163,Java
5163,Python
5163,C
5164,R
5164,Python
5164,SQL
5166,C++
5166,Java
5166,SQL
5166,Javascript
5167,Python
5167,C
5167,Java
5168,Python
5168,Java
5169,Other
5169,Python
5171,Python
5171,SQL
5171,Javascript
5171,C++
5171,Java
5171,C
5172,Javascript
5172,Python
5172,C++
5174,C
5174,Java
5174,C++
5174,Python
5174,MATLAB
5175,Python
5175,SQL
5177,SQL
5177,Python
5177,R
5178,Javascript
5178,Python
5179,Python
5180,Python
5181,Python
5182,R
5182,Python
5182,SQL
5183,C++
5183,C
5183,Python
5183,Other
5183,Bash
5183,MATLAB
5184,C
5184,Python
5186,SQL
5187,R
5187,SQL
5187,Python
5188,Python
5189,C++
5189,PHP
5189,SQL
5189,Python
5190,Python
5190,SQL
5191,Python
5193,Java
5193,PHP
5193,C++
5193,SQL
5193,R
5194,Python
5195,Java
5195,Python
5195,Other
5196,R
5196,Python
5196,C
5196,SQL
5197,R
5197,Other
5197,SQL
5198,Other
5198,C
5198,Python
5199,Python
5200,Python
5202,C#
5202,Java
5202,Javascript
5202,Python
5203,Python
5203,MATLAB
5204,C
5204,C++
5204,Python
5205,Javascript
5205,Python
5205,SQL
5206,Python
5207,C
5207,Java
5207,Javascript
5207,Python
5207,Bash
5207,MATLAB
5207,C++
5207,R
5207,SQL
5208,C++
5208,Other
5208,R
5208,Java
5209,Python
5209,SQL
5210,Python
5210,R
5210,Other
5211,Go
5211,C
5211,Python
5212,Other
5212,SQL
5213,Python
5214,R
5214,SQL
5215,C++
5215,Python
5216,Python
5216,SQL
5216,R
5217,Python
5217,MATLAB
5217,C++
5219,SQL
5219,Python
5219,Other
5220,Java
5220,Python
5220,C#
5220,SQL
5220,MATLAB
5220,C++
5221,Python
5221,SQL
5222,C
5222,Python
5223,C++
5223,Python
5223,Go
5223,Bash
5223,C
5224,C
5224,SQL
5224,Python
5225,Python
5226,Python
5226,Java
5226,SQL
5227,Python
5228,C++
5228,Python
5229,Python
5230,SQL
5230,Python
5231,SQL
5231,Python
5232,Java
5232,Javascript
5232,MATLAB
5232,Python
5232,C++
5233,MATLAB
5233,Python
5233,C++
5234,Python
5235,Python
5236,Python
5237,Python
5237,C
5237,Bash
5237,Javascript
5237,C++
5237,Java
5238,Javascript
5238,Python
5239,Python
5241,Python
5242,Python
5242,Java
5242,SQL
5243,Python
5243,MATLAB
5243,SQL
5243,Javascript
5243,PHP
5244,Python
5244,C++
5244,Java
5246,C++
5246,C
5246,R
5246,Python
5246,Other
5246,SQL
5247,Java
5247,C++
5247,Python
5248,C
5249,Python
5249,Javascript
5249,SQL
5250,C++
5250,SQL
5250,C
5250,Python
5251,Python
5252,Python
5252,C
5252,SQL
5252,PHP
5252,Java
5252,C++
5253,C
5253,Python
5254,Python
5255,Python
5256,Java
5256,Python
5257,Python
5258,SQL
5258,Python
5259,SQL
5259,R
5260,C++
5260,Python
5261,Go
5261,SQL
5261,Python
5261,Javascript
5261,Java
5262,C++
5262,Python
5262,Bash
5262,MATLAB
5262,Other
5263,Python
5263,Java
5264,C++
5264,Python
5265,Python
5265,Javascript
5266,R
5266,Python
5266,MATLAB
5267,Python
5267,SQL
5269,Python
5270,Python
5270,SQL
5271,C++
5271,Python
5273,Python
5274,R
5274,Python
5275,Python
5275,C++
5276,SQL
5276,Python
5277,C
5277,SQL
5277,Python
5279,C++
5279,Python
5280,SQL
5280,Python
5281,Python
5281,C
5281,Javascript
5281,R
5281,C#
5281,Bash
5281,C++
5281,PHP
5281,SQL
5282,C++
5282,Python
5282,C
5284,SQL
5285,Python
5286,SQL
5286,Python
5287,SQL
5287,C#
5287,Javascript
5287,Python
5288,C++
5288,C
5288,Other
5288,Bash
5289,Python
5289,PHP
5289,C
5290,Python
5290,C++
5291,Other
5291,Python
5291,Bash
5291,C++
5291,C
5291,Java
5292,Python
5292,SQL
5293,Python
5293,R
5295,Javascript
5295,Python
5295,SQL
5297,R
5297,Java
5297,Python
5297,PHP
5297,SQL
5298,Python
5299,Python
5300,Python
5300,SQL
5302,R
5302,Python
5302,SQL
5304,Python
5305,SQL
5305,Python
5306,Python
5307,MATLAB
5307,Python
5309,C
5309,C++
5309,Python
5310,SQL
5310,Python
5311,Python
5311,SQL
5311,R
5313,PHP
5313,Javascript
5314,R
5314,Python
5315,Python
5315,C#
5315,SQL
5316,Python
5316,C
5317,SQL
5317,Python
5317,MATLAB
5318,Python
5320,Javascript
5320,Python
5320,Bash
5321,Python
5323,MATLAB
5324,SQL
5325,R
5325,Go
5325,Javascript
5326,Python
5326,Java
5326,C
5327,Python
5327,SQL
5328,Javascript
5328,C#
5328,Go
5328,Python
5328,Julia
5328,Java
5328,R
5328,SQL
5329,SQL
5329,R
5330,C
5330,R
5330,Python
5331,C++
5331,Java
5331,SQL
5331,Python
5332,Python
5332,R
5332,Java
5332,SQL
5332,MATLAB
5333,Julia
5333,R
5334,MATLAB
5334,C++
5334,Python
5335,SQL
5335,Python
5335,R
5335,C#
5335,Javascript
5336,Java
5336,SQL
5336,Python
5336,C
5337,MATLAB
5337,Python
5337,SQL
5338,SQL
5338,Other
5338,Python
5339,C++
5339,Python
5341,SQL
5341,Python
5341,R
5342,Python
5342,SQL
5343,C
5343,SQL
5343,Python
5344,C++
5344,Python
5344,MATLAB
5344,SQL
5344,Java
5344,R
5345,SQL
5345,R
5345,Python
5346,Python
5347,R
5348,SQL
5348,R
5349,R
5349,Python
5350,R
5350,SQL
5350,Python
5351,SQL
5351,Python
5352,Python
5353,Javascript
5353,R
5353,Python
5354,Java
5354,R
5354,Python
5355,C
5355,SQL
5355,C++
5355,Python
5356,Python
5356,SQL
5357,Python
5357,R
5358,Python
5361,Python
5361,C++
5361,Javascript
5361,C
5362,Python
5362,C
5362,SQL
5362,C++
5367,Java
5368,Python
5368,C
5368,SQL
5368,C++
5368,MATLAB
5369,Python
5370,C
5370,Bash
5370,MATLAB
5370,SQL
5370,Python
5371,SQL
5371,Python
5372,R
5372,SQL
5373,SQL
5373,Python
5373,Javascript
5373,Java
5375,Python
5375,SQL
5376,Python
5377,MATLAB
5378,Python
5378,C++
5378,SQL
5379,Other
5379,Javascript
5379,Python
5380,Python
5381,MATLAB
5381,Python
5383,Java
5383,SQL
5383,Python
5384,Javascript
5384,C++
5384,C
5385,Java
5385,Javascript
5385,Python
5385,SQL
5385,C++
5386,C
5386,MATLAB
5386,Python
5387,Python
5388,MATLAB
5388,Python
5388,SQL
5389,Bash
5389,Python
5390,Python
5390,Bash
5390,SQL
5390,R
5393,MATLAB
5393,Python
5394,Python
5396,Python
5396,Java
5396,SQL
5397,Java
5398,SQL
5398,Python
5399,Python
5399,SQL
5399,R
5399,Bash
5400,SQL
5400,Python
5400,R
5401,Python
5402,SQL
5403,C
5403,Java
5403,Python
5404,Javascript
5404,Python
5404,SQL
5405,Javascript
5405,Python
5406,R
5406,SQL
5406,Python
5407,SQL
5407,Python
5407,PHP
5407,Javascript
5408,Python
5409,SQL
5409,Javascript
5409,Python
5410,Java
5411,Python
5411,C#
5411,C++
5412,Python
5413,Python
5413,SQL
5413,C
5413,C++
5414,SQL
5414,Python
5414,MATLAB
5414,C
5414,C++
5414,R
5415,Bash
5415,PHP
5415,SQL
5415,Java
5415,C
5415,Python
5415,Javascript
5415,C++
5418,R
5418,SQL
5418,Python
5419,Python
5419,C++
5419,R
5419,SQL
5419,C
5419,MATLAB
5420,Python
5420,SQL
5421,Bash
5421,C++
5421,Python
5422,MATLAB
5422,Python
5422,R
5423,Python
5423,MATLAB
5423,C++
5425,SQL
5425,MATLAB
5425,Python
5425,Bash
5425,R
5426,C++
5426,C
5426,Python
5427,C#
5427,Python
5427,SQL
5428,SQL
5428,Python
5428,R
5429,C
5429,R
5429,SQL
5429,Python
5430,C
5430,MATLAB
5430,Other
5430,C++
5430,Python
5431,C
5431,Python
5431,R
5431,C++
5431,Julia
5431,Java
5431,PHP
5431,Javascript
5432,SQL
5432,Python
5433,Python
5434,Java
5434,Python
5436,Python
5437,SQL
5437,C#
5437,Python
5437,R
5438,Python
5438,Bash
5438,SQL
5441,Python
5442,SQL
5442,Python
5445,PHP
5445,C
5445,Python
5445,C++
5445,Java
5446,Python
5447,Python
5448,Python
5448,R
5449,Python
5449,SQL
5450,Python
5450,R
5451,MATLAB
5451,Python
5452,SQL
5453,R
5453,SQL
5453,Other
5454,R
5455,C
5455,C++
5455,Python
5455,SQL
5456,SQL
5456,R
5456,Python
5457,C
5457,Python
5457,R
5457,SQL
5457,C++
5458,Python
5459,Julia
5459,R
5460,Python
5460,C++
5462,Python
5462,C++
5463,Python
5464,SQL
5464,Java
5465,Python
5465,C++
5465,C
5465,PHP
5465,MATLAB
5467,Python
5468,Python
5468,R
5468,C++
5469,Python
5470,C++
5470,Other
5470,C
5470,Python
5470,R
5471,Python
5472,Python
5472,SQL
5473,Java
5473,C#
5473,Python
5473,SQL
5474,Javascript
5474,Python
5475,SQL
5475,Python
5476,Python
5476,SQL
5477,SQL
5477,Python
5477,C#
5477,C
5478,C++
5478,Other
5478,Java
5478,Python
5478,SQL
5479,C
5479,Python
5479,C++
5480,C
5480,Python
5480,Java
5480,SQL
5481,Python
5481,Java
5481,SQL
5482,Python
5483,Java
5483,Python
5484,C++
5484,Python
5484,R
5484,C
5485,R
5485,SQL
5485,MATLAB
5485,Python
5486,Python
5486,Bash
5486,Java
5486,SQL
5487,Python
5488,Python
5488,PHP
5488,Javascript
5490,Julia
5491,C++
5491,Javascript
5491,Java
5491,SQL
5491,PHP
5492,Javascript
5492,Python
5492,Java
5492,C#
5492,Other
5492,SQL
5492,C++
5492,Bash
5492,PHP
5492,C
5494,Python
5494,C#
5494,C++
5495,Javascript
5495,R
5495,Python
5496,Python
5497,Python
5497,SQL
5498,Python
5499,SQL
5499,Python
5500,Bash
5500,Python
5500,Other
5500,SQL
5502,Other
5502,SQL
5502,Bash
5502,Python
5502,Javascript
5503,Python
5504,Python
5504,Java
5505,SQL
5505,Python
5506,Bash
5506,SQL
5506,Python
5507,Python
5507,SQL
5508,C
5508,Python
5508,C++
5509,MATLAB
5509,C
5509,Python
5511,R
5511,Python
5512,SQL
5512,Java
5513,Java
5513,Python
5513,SQL
5514,Python
5514,MATLAB
5515,Python
5515,Javascript
5515,Java
5515,SQL
5516,Bash
5516,Python
5516,R
5516,SQL
5517,SQL
5517,Python
5517,R
5518,Python
5518,C
5518,R
5519,SQL
5519,C
5519,Python
5519,C++
5521,SQL
5521,C#
5521,Javascript
5521,Python
5521,Java
5521,C++
5521,C
5522,SQL
5522,Python
5522,MATLAB
5522,C
5522,R
5522,C++
5523,Python
5524,Python
5525,Python
5526,R
5527,Python
5528,SQL
5528,Python
5528,Javascript
5528,Other
5529,Python
5529,R
5529,SQL
5529,Julia
5531,C#
5531,SQL
5531,Python
5532,SQL
5532,Python
5532,Java
5533,Python
5533,SQL
5533,Bash
5534,SQL
5534,Java
5534,C
5535,Python
5535,Javascript
5536,Python
5536,MATLAB
5537,Python
5537,C
5537,SQL
5539,Python
5539,MATLAB
5540,C++
5540,R
5540,Python
5540,SQL
5541,Python
5541,C#
5541,R
5541,SQL
5541,Java
5541,Bash
5542,Python
5543,C#
5544,SQL
5544,Javascript
5544,Python
5544,C++
5545,Python
5545,R
5545,Other
5545,SQL
5546,R
5547,Java
5547,Javascript
5547,SQL
5548,SQL
5548,PHP
5548,Python
5550,SQL
5550,Python
5551,MATLAB
5551,Bash
5551,SQL
5551,Go
5551,Python
5551,R
5551,Other
5552,C++
5552,Python
5553,Python
5554,SQL
5554,Java
5554,Python
5555,Python
5555,SQL
5556,Bash
5556,SQL
5556,Julia
5556,Python
5556,Javascript
5557,Python
5557,Other
5557,Javascript
5558,Javascript
5558,PHP
5558,Bash
5558,Java
5558,Python
5558,R
5558,C++
5558,MATLAB
5558,SQL
5558,C#
5558,C
5559,R
5559,Python
5561,C
5561,Python
5561,MATLAB
5562,R
5562,PHP
5563,Python
5564,Python
5564,C++
5567,Python
5567,Javascript
5568,Javascript
5568,C++
5568,C#
5568,Java
5568,PHP
5568,Python
5570,Python
5571,C++
5571,Python
5571,SQL
5572,C++
5572,Python
5572,Bash
5572,Java
5573,Bash
5573,Python
5574,Python
5574,Java
5576,Python
5577,Bash
5577,SQL
5577,Python
5578,Javascript
5578,C++
5578,C#
5578,SQL
5578,Python
5580,Python
5581,SQL
5581,Python
5582,Python
5583,Python
5584,SQL
5584,Bash
5584,Python
5585,C++
5585,MATLAB
5585,Python
5587,SQL
5587,Python
5588,C++
5588,C
5588,Python
5588,SQL
5588,Other
5588,Java
5588,Javascript
5589,Python
5590,Python
5591,C
5591,C++
5591,Python
5592,Java
5592,SQL
5592,Python
5592,C
5592,C++
5594,Python
5595,Python
5596,R
5596,Python
5597,R
5597,C++
5598,Python
5598,SQL
5599,C++
5599,Python
5599,Java
5600,Other
5600,SQL
5600,Javascript
5600,Bash
5600,Python
5601,Python
5602,Python
5603,C
5604,SQL
5604,Javascript
5604,MATLAB
5604,C++
5604,Python
5604,Java
5605,Python
5605,SQL
5605,C++
5606,Python
5606,C
5607,PHP
5607,Java
5607,Python
5607,C++
5608,C
5608,Python
5608,SQL
5608,Java
5610,MATLAB
5610,Python
5613,Python
5613,Java
5613,SQL
5615,SQL
5615,MATLAB
5615,Python
5616,C++
5616,C
5617,C
5617,Python
5617,C++
5617,Java
5618,Python
5618,Javascript
5619,PHP
5619,SQL
5619,Python
5620,R
5620,Python
5621,SQL
5621,C
5621,Python
5622,Python
5622,SQL
5623,Python
5625,Python
5625,Other
5625,C++
5625,C
5625,SQL
5625,Bash
5625,C#
5625,PHP
5625,Javascript
5626,Javascript
5626,Python
5627,Python
5628,SQL
5628,Python
5629,Python
5629,MATLAB
5629,R
5630,C++
5630,Python
5630,Java
5630,PHP
5630,SQL
5630,C#
5630,R
5630,Javascript
5630,C
5631,R
5633,Javascript
5635,C
5635,C++
5635,Python
5636,Python
5636,SQL
5638,C++
5638,MATLAB
5638,Python
5638,SQL
5638,C#
5639,SQL
5639,Python
5639,MATLAB
5640,SQL
5640,Python
5641,Python
5641,Java
5642,C
5642,Python
5643,Python
5644,Other
5645,Python
5647,SQL
5647,Javascript
5647,Python
5647,Java
5648,Python
5648,Java
5649,C
5649,Python
5649,Javascript
5650,Python
5651,MATLAB
5651,R
5651,Python
5652,Python
5652,C++
5652,Bash
5652,PHP
5652,SQL
5652,Java
5652,C#
5653,C++
5653,R
5653,Python
5654,SQL
5654,Java
5654,Python
5655,PHP
5655,SQL
5655,Python
5655,C++
5655,Javascript
5656,Python
5657,Python
5657,R
5658,C
5658,C++
5658,Python
5659,Python
5660,Python
5660,R
5661,C++
5661,Javascript
5661,Python
5661,C
5662,Python
5662,SQL
5663,Python
5663,C++
5663,SQL
5663,Java
5664,Python
5664,R
5664,SQL
5665,Python
5665,SQL
5665,MATLAB
5666,Bash
5666,Other
5666,SQL
5666,Python
5667,SQL
5667,Python
5667,R
5668,Java
5668,Javascript
5668,Python
5670,MATLAB
5672,C++
5672,Python
5673,SQL
5674,Python
5675,R
5675,Python
5675,C
5675,SQL
5676,Python
5676,Bash
5676,SQL
5676,C++
5676,C
5677,Python
5678,C++
5678,Python
5678,SQL
5679,R
5679,Python
5680,R
5680,SQL
5680,Python
5681,Python
5682,R
5682,Other
5684,R
5684,Javascript
5684,Python
5684,SQL
5686,MATLAB
5686,Python
5686,C++
5686,Bash
5686,SQL
5687,SQL
5687,Python
5688,MATLAB
5688,Python
5688,C++
5688,SQL
5689,SQL
5689,Python
5690,R
5690,Python
5690,SQL
5691,Python
5691,SQL
5692,Python
5694,Javascript
5694,Python
5695,Java
5695,Python
5696,Python
5696,SQL
5696,R
5696,Java
5697,C
5697,C++
5697,SQL
5697,Javascript
5697,Java
5697,Python
5698,SQL
5698,Python
5698,C++
5698,MATLAB
5699,Python
5699,Java
5699,SQL
5700,C++
5700,C
5700,Python
5701,Python
5702,Other
5702,Javascript
5702,Bash
5702,SQL
5702,Python
5703,Python
5704,R
5704,SQL
5704,Python
5706,Python
5706,SQL
5706,C
5706,C++
5708,SQL
5708,MATLAB
5708,Python
5709,MATLAB
5709,Other
5709,Java
5709,SQL
5709,C++
5709,C
5709,Python
5711,Python
5712,SQL
5712,R
5712,Python
5713,PHP
5713,Javascript
5713,Python
5714,Javascript
5714,SQL
5714,Python
5715,C
5716,Python
5717,MATLAB
5717,Python
5718,Python
5718,MATLAB
5719,Java
5719,C++
5719,C
5719,Python
5721,Python
5721,Bash
5721,SQL
5721,MATLAB
5722,R
5722,Python
5723,Python
5723,Javascript
5724,Other
5724,SQL
5724,Python
5725,C
5725,Java
5725,Python
5725,C++
5726,C
5726,MATLAB
5726,Java
5726,SQL
5726,Python
5726,Javascript
5727,R
5727,SQL
5727,Bash
5727,Java
5727,Python
5728,Bash
5728,Python
5728,MATLAB
5729,SQL
5729,C#
5729,Java
5729,C++
5729,Other
5729,Python
5729,Javascript
5729,PHP
5730,Java
5730,Other
5730,C++
5731,Python
5732,C++
5732,SQL
5732,PHP
5732,C
5732,Python
5732,Javascript
5732,R
5733,SQL
5733,R
5733,Python
5734,Python
5734,R
5734,SQL
5735,SQL
5735,Java
5735,Bash
5735,Javascript
5735,Python
5736,C
5736,SQL
5736,C#
5736,Python
5736,MATLAB
5737,SQL
5737,Javascript
5737,R
5737,C
5737,C++
5737,MATLAB
5737,Python
5738,C++
5738,Javascript
5738,SQL
5738,Python
5738,Java
5739,SQL
5739,C#
5739,Python
5740,SQL
5741,C
5741,Python
5742,Python
5742,SQL
5743,Bash
5743,Python
5743,C
5743,C++
5744,Python
5744,R
5744,MATLAB
5745,Bash
5745,Python
5745,SQL
5746,Java
5746,Python
5746,C
5747,Python
5747,Other
5749,C++
5749,PHP
5749,Javascript
5749,SQL
5749,Python
5749,Java
5750,Java
5750,Python
5751,Python
5752,MATLAB
5752,C++
5752,Python
5753,SQL
5753,Python
5753,Bash
5753,MATLAB
5754,Java
5754,Python
5754,C++
5754,C
5754,Javascript
5755,MATLAB
5755,Python
5756,Python
5756,Bash
5756,R
5756,C++
5757,Python
5757,SQL
5758,C++
5758,Python
5758,SQL
5758,Java
5758,MATLAB
5758,C
5759,Python
5759,SQL
5761,Python
5761,SQL
5762,R
5763,SQL
5763,Python
5764,SQL
5764,Python
5764,C++
5766,C
5766,Javascript
5766,SQL
5766,Java
5766,C++
5766,Python
5767,Python
5768,Python
5768,C
5768,MATLAB
5770,Javascript
5770,C++
5771,Python
5771,SQL
5771,Javascript
5772,Python
5772,SQL
5773,C++
5773,R
5773,Python
5773,C
5774,C
5774,SQL
5774,Bash
5774,Python
5774,Java
5776,MATLAB
5776,C++
5776,Python
5777,C
5777,Python
5777,SQL
5778,Javascript
5778,Java
5778,Python
5778,SQL
5779,C++
5779,SQL
5781,SQL
5781,Python
5781,C#
5781,C++
5782,C
5783,MATLAB
5783,Python
5783,SQL
5784,Other
5784,Python
5784,R
5785,SQL
5785,Python
5786,Python
5786,Java
5786,SQL
5787,MATLAB
5787,Java
5788,Python
5788,Java
5788,C
5788,C++
5789,Python
5790,Python
5791,Python
5791,R
5792,SQL
5792,Python
5793,Javascript
5793,Python
5793,SQL
5793,C++
5794,SQL
5794,C++
5794,C#
5794,Python
5795,Javascript
5795,C++
5795,PHP
5795,Python
5797,R
5797,Python
5798,C++
5798,Python
5798,MATLAB
5799,Python
5800,Python
5800,SQL
5801,Python
5802,Bash
5802,C#
5802,Javascript
5802,Python
5802,SQL
5802,R
5803,C++
5803,Python
5804,C#
5806,Python
5806,SQL
5806,R
5807,Python
5807,SQL
5808,SQL
5808,Python
5809,C#
5809,Python
5809,C++
5809,C
5809,SQL
5810,C++
5810,Python
5811,Python
5812,R
5812,MATLAB
5813,Python
5813,SQL
5814,Python
5814,SQL
5815,C++
5815,Python
5815,C
5816,SQL
5816,MATLAB
5816,Python
5816,C
5817,Python
5818,Python
5818,Java
5818,SQL
5818,R
5819,Python
5819,SQL
5819,MATLAB
5819,R
5820,Python
5820,C
5820,Java
5820,MATLAB
5821,SQL
5821,Python
5822,C
5822,Python
5822,C++
5823,Python
5825,C++
5825,Bash
5825,Python
5826,Java
5826,SQL
5826,Python
5826,Bash
5827,Bash
5827,R
5827,Python
5827,SQL
5829,C
5829,Python
5830,Javascript
5830,C
5831,Python
5831,C#
5832,C
5832,SQL
5832,MATLAB
5832,Python
5832,C++
5833,Python
5835,SQL
5835,Python
5836,Python
5836,SQL
5837,Python
5838,Python
5838,SQL
5839,Python
5839,Other
5839,MATLAB
5839,Bash
5839,C++
5841,C
5841,SQL
5841,Python
5842,Javascript
5842,Python
5844,Javascript
5844,PHP
5844,C#
5844,SQL
5845,Python
5846,Python
5846,R
5846,SQL
5848,Python
5849,SQL
5849,Python
5850,SQL
5850,Python
5850,R
5850,Bash
5850,Java
5850,C
5851,Java
5851,C
5851,Python
5852,Bash
5852,Python
5853,SQL
5853,C#
5853,Python
5854,C#
5854,Java
5854,SQL
5854,Javascript
5854,Python
5855,Javascript
5855,SQL
5855,Python
5856,SQL
5856,Java
5856,Python
5857,Other
5857,Python
5858,MATLAB
5858,C#
5858,Python
5858,C
5859,SQL
5859,Python
5859,C++
5860,Python
5860,SQL
5862,SQL
5862,R
5862,Python
5863,C
5863,Python
5863,C++
5864,Python
5865,SQL
5865,Other
5865,Java
5865,C#
5865,R
5865,PHP
5865,Javascript
5866,Python
5866,SQL
5867,C++
5867,Python
5868,C
5868,Python
5868,SQL
5868,Bash
5868,MATLAB
5869,SQL
5871,C++
5871,SQL
5871,Java
5871,C#
5871,PHP
5871,C
5871,Javascript
5871,Python
5872,C++
5872,C
5872,Python
5873,Python
5874,Other
5874,MATLAB
5874,R
5875,Python
5877,C++
5877,Python
5877,SQL
5877,PHP
5878,C
5878,C++
5878,Python
5878,C#
5879,Javascript
5879,R
5879,Other
5880,SQL
5880,C++
5880,Javascript
5880,Python
5880,C
5880,Java
5880,PHP
5881,Python
5881,SQL
5882,C++
5882,C
5882,Python
5883,Python
5884,Javascript
5885,Java
5885,SQL
5885,Python
5886,Python
5887,SQL
5887,C++
5888,Java
5888,Python
5889,Other
5891,R
5891,Python
5892,Python
5893,SQL
5893,Other
5893,Javascript
5893,Python
5894,Python
5895,R
5895,SQL
5895,Python
5896,SQL
5896,Python
5897,Python
5899,SQL
5899,Python
5900,SQL
5900,Python
5900,R
5900,Javascript
5901,Python
5902,SQL
5902,Python
5903,Python
5903,SQL
5904,SQL
5904,Python
5905,Python
5905,Javascript
5905,SQL
5906,C
5906,Python
5907,Other
5908,Python
5908,SQL
5908,R
5909,Java
5909,Bash
5909,R
5910,SQL
5910,Python
5911,SQL
5913,Python
5913,Javascript
5914,Python
5915,R
5915,MATLAB
5915,Python
5915,C
5916,SQL
5916,Python
5917,Python
5917,SQL
5917,Javascript
5918,Python
5919,SQL
5919,Python
5920,Python
5922,C
5922,Python
5922,MATLAB
5923,R
5923,Python
5923,SQL
5925,Python
5925,R
5925,Bash
5926,Python
5926,C
5927,Python
5930,Bash
5930,Go
5930,Python
5930,C++
5931,SQL
5931,Python
5931,MATLAB
5932,Python
5932,SQL
5933,Python
5933,C++
5934,Python
5935,C++
5935,C
5935,Python
5935,Java
5936,Javascript
5936,C
5936,C++
5936,Python
5936,Java
5938,C#
5938,C++
5939,MATLAB
5939,Bash
5939,R
5939,Javascript
5939,Python
5939,SQL
5940,SQL
5940,C#
5940,C++
5940,Javascript
5940,C
5940,Python
5941,Python
5941,Java
5941,SQL
5942,SQL
5942,Python
5942,R
5943,Java
5944,Python
5944,SQL
5946,C#
5946,C++
5946,C
5947,MATLAB
5947,Python
5947,Other
5948,Python
5948,SQL
5948,Bash
5948,R
5949,Python
5949,MATLAB
5950,Python
5951,Python
5951,R
5951,SQL
5952,C
5952,Python
5952,SQL
5952,C++
5955,Python
5955,SQL
5955,R
5956,Python
5957,Python
5958,Python
5959,R
5959,SQL
5959,Python
5960,Python
5960,Java
5960,SQL
5961,Python
5962,Other
5963,R
5963,Python
5965,Python
5965,SQL
5965,Javascript
5967,R
5967,Python
5967,SQL
5968,R
5968,Python
5968,SQL
5969,MATLAB
5969,Python
5970,C
5970,R
5970,C++
5970,Java
5970,Python
5970,PHP
5970,Javascript
5970,Bash
5970,SQL
5970,MATLAB
5971,Java
5971,Python
5971,SQL
5971,Bash
5973,R
5973,Bash
5973,Python
5973,SQL
5973,C
5974,Python
5974,C++
5975,C++
5975,Python
5976,Python
5976,SQL
5977,Python
5977,Java
5979,Python
5979,Other
5980,Python
5980,R
5981,Python
5982,C
5982,Other
5982,Python
5982,Java
5982,SQL
5985,Python
5985,MATLAB
5985,SQL
5985,C
5986,Other
5986,SQL
5987,Python
5988,Python
5988,Other
5989,C#
5989,C++
5989,Python
5989,C
5989,Java
5990,Java
5990,Javascript
5990,Python
5990,R
5990,SQL
5990,Bash
5991,Python
5992,SQL
5992,MATLAB
5992,R
5992,PHP
5992,Python
5993,Bash
5993,SQL
5993,Python
5994,Python
5994,SQL
5995,PHP
5995,Python
5995,Java
5995,MATLAB
5995,R
5995,C++
5996,Python
5997,Python
5998,Javascript
5998,Java
5999,Python
5999,SQL
6000,Java
6000,Python
6000,Other
6001,Python
6003,R
6003,Python
6003,Javascript
6003,Bash
6003,SQL
6004,Python
6004,MATLAB
6004,SQL
6005,Python
6006,PHP
6006,Javascript
6006,Python
6006,C#
6006,SQL
6006,C++
6007,Python
6007,SQL
6009,Python
6009,SQL
6009,MATLAB
6011,Python
6013,C#
6013,C++
6013,PHP
6013,Java
6013,SQL
6013,Python
6013,C
6014,SQL
6015,MATLAB
6015,Python
6016,Python
6016,Java
6019,R
6020,Python
6020,C++
6021,Python
6021,Java
6022,C
6023,Python
6023,SQL
6023,C#
6024,Python
6025,SQL
6025,Python
6027,Python
6027,SQL
6028,C
6029,Python
6029,MATLAB
6029,C++
6029,SQL
6030,MATLAB
6031,Python
6031,SQL
6032,SQL
6032,Python
6032,R
6033,Python
6034,PHP
6034,Javascript
6034,Python
6035,C
6035,SQL
6035,C++
6036,Python
6036,SQL
6036,R
6037,R
6037,Python
6038,SQL
6038,Java
6038,Python
6039,Python
6039,Bash
6040,C
6040,MATLAB
6041,R
6041,Java
6042,Bash
6042,Python
6042,Other
6043,R
6043,SQL
6043,Python
6044,SQL
6044,Python
6045,Python
6045,SQL
6045,C#
6045,Bash
6045,Javascript
6046,Python
6047,C#
6047,Python
6047,SQL
6048,C#
6048,Python
6048,SQL
6048,Go
6049,C++
6049,Python
6049,C
6049,Javascript
6049,PHP
6049,SQL
6050,Python
6050,R
6051,C++
6051,C
6051,C#
6051,Python
6051,R
6052,Python
6052,SQL
6053,Javascript
6053,Python
6054,MATLAB
6054,Python
6055,C++
6055,C#
6055,MATLAB
6055,PHP
6055,Python
6055,C
6055,Java
6055,SQL
6055,Javascript
6057,R
6057,Python
6058,Java
6058,PHP
6058,SQL
6058,C++
6058,Javascript
6058,C
6059,C
6059,Java
6059,Python
6059,SQL
6059,C++
6059,Bash
6059,Javascript
6060,SQL
6060,MATLAB
6060,Python
6061,SQL
6061,R
6061,Julia
6061,Python
6061,MATLAB
6062,Python
6063,SQL
6063,Python
6063,R
6064,Python
6065,SQL
6065,Python
6066,R
6066,SQL
6067,Python
6069,Julia
6069,C
6069,Python
6070,PHP
6070,C++
6070,Python
6071,Python
6072,Python
6072,Java
6073,SQL
6073,Python
6074,SQL
6074,Python
6075,C
6076,SQL
6076,Python
6078,Python
6078,C++
6078,C
6078,Java
6079,SQL
6079,Python
6080,Bash
6080,Other
6080,Python
6080,Java
6080,Javascript
6080,SQL
6081,SQL
6081,Python
6081,Javascript
6082,Julia
6082,Python
6082,MATLAB
6082,SQL
6082,R
6083,Python
6083,SQL
6083,R
6084,MATLAB
6084,R
6084,SQL
6086,MATLAB
6086,SQL
6086,Python
6086,R
6087,Python
6087,SQL
6087,PHP
6088,Python
6090,Python
6091,SQL
6091,Bash
6091,R
6091,Python
6092,Python
6093,Python
6094,Javascript
6094,Python
6094,SQL
6095,Java
6095,Python
6095,SQL
6095,Javascript
6095,C++
6095,PHP
6096,Python
6096,R
6096,SQL
6098,SQL
6099,C#
6099,Python
6099,SQL
6101,SQL
6101,Javascript
6102,Python
6102,SQL
6103,Javascript
6103,Python
6104,Java
6104,SQL
6104,Javascript
6104,Python
6104,R
6105,C++
6105,Java
6105,SQL
6105,C
6107,Javascript
6107,Python
6108,Javascript
6108,Go
6108,SQL
6108,Bash
6108,Python
6110,Python
6111,Python
6113,Go
6113,Julia
6113,Javascript
6113,Java
6113,C#
6113,SQL
6114,Python
6115,Python
6115,SQL
6115,MATLAB
6116,Java
6116,Python
6116,C++
6117,SQL
6117,Python
6117,C
6118,Javascript
6118,C
6118,MATLAB
6118,C++
6118,Python
6118,R
6119,Java
6119,C
6119,Javascript
6119,Python
6119,SQL
6119,PHP
6120,Python
6120,C
6120,SQL
6120,C++
6121,C
6121,Python
6121,Java
6121,C++
6121,C#
6122,C++
6122,Python
6123,MATLAB
6123,Python
6123,R
6123,SQL
6123,Javascript
6123,Bash
6124,SQL
6124,Javascript
6124,Python
6125,Python
6126,C++
6126,Python
6127,C++
6127,Java
6127,Python
6127,PHP
6127,SQL
6129,Bash
6129,SQL
6129,Python
6130,C++
6130,PHP
6132,SQL
6132,Javascript
6132,Python
6132,R
6133,C#
6133,MATLAB
6133,C
6133,Python
6135,Python
6135,SQL
6136,Bash
6136,Python
6136,Java
6138,C++
6138,Python
6138,Java
6139,Python
6140,Python
6140,Javascript
6140,SQL
6140,C#
6141,C++
6141,Python
6141,Other
6143,Bash
6143,Python
6145,Python
6145,Javascript
6146,Javascript
6146,Java
6146,SQL
6147,R
6147,Python
6147,C++
6147,PHP
6147,C
6147,Java
6147,SQL
6147,Javascript
6148,Other
6148,Python
6148,SQL
6150,R
6151,SQL
6151,Java
6151,R
6151,Python
6151,C++
6151,C
6151,Javascript
6152,SQL
6152,Java
6152,Python
6152,R
6153,R
6153,Python
6155,Python
6155,Other
6155,SQL
6156,Python
6156,SQL
6157,Python
6157,R
6160,Python
6160,C++
6161,Other
6162,Java
6162,SQL
6162,Javascript
6162,Python
6163,Python
6164,Python
6164,C
6165,Python
6165,Bash
6165,R
6165,Javascript
6166,Python
6166,SQL
6167,Python
6168,C++
6168,Javascript
6168,Python
6168,SQL
6169,Python
6169,Java
6169,C++
6169,R
6170,Bash
6170,C
6170,Python
6170,SQL
6171,Python
6171,SQL
6171,R
6172,C#
6172,Python
6172,SQL
6173,Python
6173,MATLAB
6175,Other
6175,SQL
6175,Python
6176,Python
6176,SQL
6177,Java
6177,Python
6177,SQL
6177,C++
6177,MATLAB
6177,C
6178,Python
6178,C
6180,C++
6180,SQL
6180,Python
6180,C
6181,C#
6181,Python
6182,C++
6182,MATLAB
6183,Python
6185,SQL
6185,C#
6185,Python
6187,Python
6187,PHP
6187,SQL
6187,C++
6189,Javascript
6189,C++
6189,Python
6189,C
6190,Python
6190,R
6191,MATLAB
6191,Python
6191,C
6192,Python
6193,C
6193,Python
6193,C++
6193,Go
6194,MATLAB
6194,PHP
6194,SQL
6194,Python
6194,Bash
6194,R
6194,Javascript
6195,MATLAB
6195,SQL
6195,Python
6195,R
6196,MATLAB
6196,Python
6197,Java
6197,Python
6198,Python
6198,SQL
6199,Java
6199,C
6199,C++
6199,Python
6200,C++
6200,Python
6200,R
6200,SQL
6201,Python
6202,SQL
6202,Java
6202,Python
6203,Python
6203,Bash
6203,Javascript
6203,C++
6203,SQL
6204,Python
6205,Python
6206,SQL
6206,R
6206,Python
6207,Python
6207,Javascript
6207,C++
6207,PHP
6207,R
6208,Python
6208,SQL
6209,MATLAB
6209,Python
6209,C++
6209,Javascript
6210,Python
6210,MATLAB
6210,C
6211,Python
6212,MATLAB
6212,Python
6213,Python
6214,R
6214,SQL
6214,C
6215,SQL
6215,Python
6216,Python
6216,SQL
6216,R
6216,MATLAB
6217,SQL
6217,R
6217,Other
6217,Java
6217,Python
6218,Java
6218,Python
6219,C++
6219,R
6219,C
6219,Python
6220,C
6220,Python
6221,Python
6222,Python
6222,SQL
6223,R
6223,Python
6223,SQL
6224,Python
6225,Python
6226,Java
6226,Python
6227,SQL
6227,Java
6227,Javascript
6227,C++
6227,PHP
6227,C#
6227,MATLAB
6227,Python
6227,R
6228,C#
6228,MATLAB
6228,Java
6228,Python
6228,R
6228,C++
6229,PHP
6229,C++
6229,Python
6230,Other
6231,Python
6232,Java
6232,Python
6233,Python
6234,Python
6234,C
6234,Java
6234,C++
6235,SQL
6235,Python
6236,Python
6237,C
6237,Python
6237,R
6239,Python
6239,Java
6239,C
6241,Python
6241,Other
6241,MATLAB
6242,SQL
6242,Python
6244,Python
6244,Java
6245,MATLAB
6245,Python
6245,C++
6245,SQL
6245,R
6245,C#
6246,SQL
6246,Python
6247,Javascript
6247,Python
6248,C
6248,Python
6248,Java
6249,C
6249,Python
6250,Other
6250,Javascript
6250,Python
6251,SQL
6251,R
6253,PHP
6253,SQL
6253,Python
6253,Javascript
6254,MATLAB
6254,R
6255,SQL
6255,Python
6255,R
6257,C
6257,Python
6258,Python
6259,Python
6260,Python
6260,Javascript
6260,SQL
6260,Bash
6261,Other
6261,Python
6261,C
6262,R
6262,Python
6262,SQL
6263,Python
6264,Python
6264,SQL
6264,C++
6266,R
6266,Julia
6266,Python
6267,C#
6267,R
6268,Python
6269,Python
6270,R
6270,SQL
6270,Python
6271,Python
6272,Python
6272,C
6272,C++
6273,C
6273,Bash
6273,SQL
6273,MATLAB
6273,Python
6274,Python
6274,MATLAB
6274,SQL
6276,Bash
6276,SQL
6276,Python
6276,C
6276,MATLAB
6277,Java
6277,Python
6277,C++
6277,SQL
6278,Python
6278,R
6279,Python
6279,C++
6280,Python
6281,Python
6281,Java
6282,Python
6283,C++
6283,Python
6283,SQL
6283,Javascript
6283,C
6283,Java
6283,MATLAB
6284,Python
6285,Python
6285,Java
6285,SQL
6287,C++
6287,Python
6288,Python
6289,SQL
6289,Python
6293,SQL
6294,Python
6294,Java
6294,SQL
6294,C++
6294,C#
6294,C
6295,Javascript
6295,SQL
6295,Java
6295,Python
6296,SQL
6296,R
6296,Python
6296,Bash
6296,Javascript
6297,Javascript
6297,Python
6298,C++
6298,Python
6299,Python
6299,C
6300,Python
6300,R
6301,Java
6301,PHP
6301,SQL
6302,C
6302,Python
6303,SQL
6303,R
6303,Python
6306,SQL
6306,Bash
6306,Python
6307,C#
6307,C++
6307,Python
6307,Javascript
6307,PHP
6307,SQL
6307,MATLAB
6307,Java
6308,C
6308,Java
6308,SQL
6308,C++
6308,C#
6309,Python
6309,PHP
6309,Javascript
6309,R
6309,Java
6310,Python
6310,MATLAB
6310,SQL
6312,C
6312,R
6312,C++
6312,Python
6312,Java
6312,SQL
6314,Python
6314,R
6314,MATLAB
6314,SQL
6315,Python
6316,SQL
6316,C++
6316,PHP
6316,Javascript
6317,SQL
6317,Python
6318,Python
6318,Javascript
6319,SQL
6319,R
6320,C
6320,Python
6321,Python
6322,R
6322,C++
6322,Python
6327,R
6327,Python
6328,C#
6328,Javascript
6328,C++
6328,SQL
6328,Python
6330,R
6330,Python
6332,Python
6332,Go
6332,Java
6332,SQL
6333,Python
6335,Python
6336,SQL
6336,Python
6337,Javascript
6337,Python
6337,Java
6338,SQL
6338,Python
6339,Other
6339,SQL
6339,C
6339,Python
6339,C#
6341,Javascript
6341,Python
6341,SQL
6342,Python
6343,R
6343,Python
6343,Julia
6343,SQL
6344,SQL
6344,R
6344,Python
6345,Python
6345,SQL
6345,Other
6345,Bash
6346,Python
6346,R
6347,PHP
6347,SQL
6347,Python
6347,R
6348,R
6348,Java
6348,Python
6348,Javascript
6349,Other
6349,Python
6349,SQL
6350,Javascript
6350,C++
6350,SQL
6350,Java
6350,C
6351,Python
6352,Python
6352,MATLAB
6352,C++
6352,SQL
6352,C
6352,Java
6352,Javascript
6352,PHP
6352,Go
6352,Bash
6353,Javascript
6353,SQL
6353,Python
6354,Python
6355,Python
6355,Other
6357,Java
6357,Python
6357,C
6357,SQL
6357,C++
6357,PHP
6357,Javascript
6360,Bash
6360,C++
6360,Python
6360,SQL
6361,Python
6362,Python
6362,SQL
6363,R
6363,Python
6363,SQL
6364,SQL
6364,Python
6364,C
6365,Python
6365,SQL
6366,PHP
6366,Python
6366,Javascript
6367,SQL
6367,Python
6367,C++
6367,C
6368,SQL
6368,Python
6370,Java
6370,Python
6370,Javascript
6370,R
6371,Python
6371,SQL
6372,Java
6372,C
6372,SQL
6372,Python
6375,Python
6376,C++
6376,R
6376,Java
6376,C
6376,Python
6376,SQL
6376,Bash
6377,Python
6377,R
6378,C
6378,Python
6379,Python
6380,Other
6380,Python
6380,SQL
6381,Python
6381,SQL
6382,SQL
6382,Python
6382,R
6382,Bash
6383,Java
6383,Python
6384,Python
6385,Python
6386,Python
6386,SQL
6388,SQL
6388,C
6388,Java
6388,Python
6389,C++
6389,Python
6391,Javascript
6391,PHP
6391,Bash
6391,SQL
6391,Python
6392,SQL
6392,R
6392,Python
6393,MATLAB
6393,Python
6394,C++
6394,Python
6394,Java
6395,C++
6395,Python
6396,R
6396,Python
6397,Python
6397,Other
6398,C++
6398,Python
6398,C
6399,Python
6401,Python
6401,Java
6401,Javascript
6402,Python
6404,Python
6405,Python
6405,C++
6405,MATLAB
6405,Javascript
6405,R
6405,SQL
6406,Python
6408,Python
6409,C++
6409,Python
6410,C
6410,Javascript
6410,C#
6410,C++
6410,Python
6411,C++
6411,Python
6411,SQL
6411,R
6412,Python
6412,MATLAB
6413,Python
6414,Java
6414,SQL
6414,Python
6415,PHP
6415,C#
6415,Python
6415,Javascript
6418,MATLAB
6418,C
6418,SQL
6418,Python
6419,Python
6420,SQL
6420,Python
6421,C++
6421,Python
6422,Python
6422,C++
6424,C
6424,Java
6424,Python
6425,C#
6425,SQL
6425,C++
6425,Python
6425,C
6426,Bash
6426,SQL
6426,R
6426,Python
6427,Javascript
6427,Python
6427,Bash
6427,SQL
6427,PHP
6428,R
6429,Python
6429,SQL
6429,R
6430,Go
6430,SQL
6430,Python
6430,PHP
6430,Java
6430,Javascript
6431,PHP
6431,SQL
6432,MATLAB
6432,Javascript
6432,C++
6432,SQL
6432,Python
6432,C
6433,Go
6433,PHP
6433,Python
6433,Javascript
6433,Java
6433,SQL
6433,MATLAB
6433,C++
6433,R
6433,C
6434,R
6434,Python
6434,MATLAB
6434,SQL
6435,Python
6435,SQL
6435,Bash
6435,R
6436,Javascript
6436,Bash
6436,Python
6437,R
6437,SQL
6438,Python
6439,Python
6440,Bash
6440,PHP
6440,Python
6440,Javascript
6442,Python
6444,SQL
6444,Python
6444,R
6445,SQL
6445,MATLAB
6445,Python
6446,Python
6447,SQL
6447,C#
6447,Java
6447,C
6447,C++
6447,PHP
6448,MATLAB
6448,PHP
6448,Python
6448,Javascript
6448,C++
6448,SQL
6448,Java
6449,C++
6449,C
6449,Python
6449,Java
6449,SQL
6450,Python
6451,Java
6451,SQL
6453,R
6454,Python
6455,Java
6456,C++
6456,C
6456,Python
6457,Bash
6457,Javascript
6457,Java
6457,Python
6457,SQL
6458,C++
6459,R
6459,SQL
6459,Javascript
6459,Python
6460,Python
6461,Python
6461,Java
6461,Javascript
6462,Python
6462,C
6463,Python
6464,Python
6465,Python
6466,Python
6466,Other
6467,Python
6468,Java
6468,C++
6468,C
6468,Python
6468,PHP
6468,SQL
6468,Javascript
6469,Python
6469,Java
6470,Python
6470,Go
6470,C
6470,C++
6470,SQL
6471,SQL
6471,C++
6471,Python
6472,Python
6473,Python
6473,SQL
6474,Python
6475,Python
6475,SQL
6476,Python
6477,Python
6478,Python
6478,MATLAB
6479,Python
6479,C
6479,C++
6480,Python
6481,Python
6481,SQL
6483,Python
6484,Python
6485,Python
6485,SQL
6485,C
6486,SQL
6486,Python
6486,Bash
6486,Javascript
6486,Other
6487,R
6487,Python
6487,SQL
6488,C++
6488,Java
6490,SQL
6490,Bash
6490,Python
6490,R
6491,Python
6492,Other
6493,R
6493,C
6493,Python
6494,Python
6495,Python
6495,SQL
6496,R
6496,Python
6496,MATLAB
6497,Python
6497,SQL
6497,Julia
6498,C++
6498,Python
6499,SQL
6499,Python
6499,C++
6499,C#
6500,Python
6500,SQL
6502,MATLAB
6502,Python
6503,Javascript
6503,Python
6503,R
6504,C#
6504,SQL
6504,Python
6505,Python
6506,Python
6506,R
6507,SQL
6507,R
6507,Python
6510,Python
6510,SQL
6511,C
6511,Java
6511,C#
6511,Python
6511,C++
6511,Javascript
6512,SQL
6512,R
6512,Python
6513,C
6513,C++
6513,Python
6513,MATLAB
6514,Python
6514,Java
6514,SQL
6514,C
6514,C++
6515,Python
6515,SQL
6516,Python
6517,Java
6517,Javascript
6517,C++
6517,Python
6518,Javascript
6518,SQL
6518,C++
6518,PHP
6518,C
6518,Python
6518,Java
6520,Other
6520,SQL
6520,Python
6521,SQL
6521,C
6521,Other
6521,Java
6521,Python
6522,Python
6522,MATLAB
6523,Python
6524,SQL
6524,Python
6525,R
6526,Javascript
6526,R
6526,Python
6527,Python
6527,C
6527,C++
6531,C
6531,C++
6531,SQL
6531,MATLAB
6531,Python
6531,C#
6532,SQL
6532,C
6532,Python
6534,Python
6534,R
6535,Python
6536,C
6536,PHP
6536,SQL
6536,Other
6536,Python
6537,SQL
6537,Python
6538,Java
6538,Python
6538,SQL
6539,SQL
6539,Python
6540,Java
6540,Python
6540,C
6541,R
6541,Python
6542,C
6542,C++
6542,Python
6544,C++
6544,SQL
6544,C
6544,Python
6545,Python
6545,R
6546,Python
6546,SQL
6547,SQL
6547,Python
6547,C++
6547,C
6548,MATLAB
6548,R
6548,Python
6549,Python
6549,SQL
6549,R
6550,Python
6550,SQL
6550,Other
6551,Python
6552,Python
6553,Python
6554,Python
6555,SQL
6555,Python
6555,C++
6555,C#
6556,Python
6559,Python
6559,SQL
6560,SQL
6560,Python
6561,SQL
6562,Python
6562,Java
6562,R
6563,Python
6563,C++
6563,Java
6564,C++
6564,Java
6564,C
6565,Python
6565,Javascript
6565,SQL
6566,Python
6567,Go
6567,C++
6567,Python
6568,Python
6569,SQL
6569,Python
6569,R
6570,C++
6570,Java
6570,SQL
6570,Python
6570,C
6571,Python
6572,Python
6573,Python
6573,Other
6573,SQL
6574,Python
6574,SQL
6575,C
6575,C++
6575,Java
6575,Python
6575,SQL
6576,C
6576,Javascript
6576,Python
6576,Java
6577,Java
6577,Javascript
6577,Python
6577,C++
6578,SQL
6578,Python
6578,C++
6578,R
6579,MATLAB
6579,SQL
6579,Javascript
6579,Python
6579,C
6579,C++
6580,Python
6580,Other
6580,MATLAB
6581,Python
6581,Java
6581,Javascript
6582,SQL
6582,Python
6582,MATLAB
6582,R
6583,SQL
6583,Python
6583,Javascript
6583,C#
6583,PHP
6584,C++
6584,C
6584,Java
6587,Python
6587,Java
6588,C++
6588,SQL
6588,R
6589,SQL
6589,R
6589,Python
6590,Python
6592,C++
6592,Javascript
6592,Python
6592,SQL
6592,C#
6593,R
6594,R
6594,Python
6595,Python
6596,Python
6600,Java
6600,SQL
6600,Other
6600,Python
6601,Java
6601,Python
6601,C
6601,R
6602,Python
6603,Python
6603,C#
6603,C++
6603,SQL
6605,PHP
6605,SQL
6605,C++
6605,Python
6606,Python
6606,R
6606,MATLAB
6606,Javascript
6606,Java
6606,C++
6607,PHP
6607,Python
6607,Javascript
6607,Java
6608,C++
6608,Python
6609,Python
6609,SQL
6610,Python
6611,Bash
6611,Python
6611,Java
6612,Python
6613,C++
6613,Python
6614,MATLAB
6614,SQL
6614,Python
6615,C
6615,C++
6615,Other
6615,MATLAB
6615,Python
6615,SQL
6616,Python
6617,C#
6617,PHP
6617,Python
6617,Java
6617,SQL
6617,R
6618,Python
6619,SQL
6619,PHP
6619,Python
6619,Julia
6619,Other
6620,SQL
6620,Python
6621,SQL
6621,Python
6621,Java
6622,Python
6622,SQL
6622,Java
6622,C++
6625,C++
6625,Python
6625,Javascript
6625,PHP
6625,C
6625,SQL
6628,MATLAB
6628,Python
6628,R
6629,R
6629,Python
6629,SQL
6630,Python
6630,SQL
6631,C
6631,Java
6631,C#
6632,SQL
6632,PHP
6632,Javascript
6632,Python
6633,SQL
6633,Python
6634,SQL
6634,R
6634,Python
6636,Python
6637,Python
6638,R
6638,Python
6639,C++
6639,Python
6639,R
6640,Python
6640,SQL
6640,Javascript
6641,Python
6641,SQL
6641,R
6642,R
6642,Python
6643,Python
6644,SQL
6644,Python
6645,R
6645,SQL
6645,Python
6646,Python
6646,R
6646,SQL
6647,R
6647,Python
6649,MATLAB
6649,Python
6650,C
6650,Python
6650,Java
6650,C++
6650,PHP
6650,MATLAB
6650,Javascript
6650,SQL
6651,Python
6651,R
6652,SQL
6653,C++
6653,C
6654,SQL
6654,Python
6654,MATLAB
6654,R
6655,SQL
6655,Python
6655,R
6656,Javascript
6656,SQL
6656,Python
6657,Python
6658,Python
6659,Other
6660,Python
6660,Bash
6660,SQL
6660,R
6661,C
6661,Java
6662,Java
6663,C
6663,Python
6665,Python
6667,C++
6667,SQL
6667,Python
6667,Javascript
6668,SQL
6668,Python
6669,SQL
6669,Python
6669,MATLAB
6669,R
6670,Python
6671,Javascript
6671,Python
6672,MATLAB
6672,C++
6672,Python
6672,PHP
6673,Python
6673,SQL
6673,C++
6674,C
6674,R
6674,Python
6674,SQL
6675,SQL
6675,Python
6676,MATLAB
6676,Python
6676,C++
6677,SQL
6677,Python
6678,Javascript
6678,SQL
6678,Python
6679,Python
6679,SQL
6680,R
6680,Python
6680,Bash
6681,Python
6682,R
6683,SQL
6683,Java
6683,Javascript
6683,Python
6684,Python
6684,R
6685,C
6685,Javascript
6685,Python
6685,C#
6685,C++
6687,SQL
6688,Python
6688,C#
6689,Javascript
6689,PHP
6689,SQL
6689,Python
6690,Go
6690,MATLAB
6690,R
6690,Python
6691,Python
6691,R
6691,Javascript
6691,C
6692,R
6692,Python
6692,Java
6692,Javascript
6693,Python
6693,Javascript
6693,C
6693,MATLAB
6693,C++
6694,Python
6694,C
6695,Python
6695,C
6696,Julia
6697,Python
6698,C++
6698,MATLAB
6698,Python
6699,C++
6699,Python
6700,Python
6701,Python
6701,SQL
6702,Python
6702,Java
6702,C++
6703,Python
6703,SQL
6704,C++
6704,Python
6704,MATLAB
6704,Java
6704,C
6706,Python
6707,Python
6708,Python
6708,SQL
6710,Other
6711,SQL
6711,Bash
6711,Python
6712,SQL
6712,Python
6712,C#
6713,SQL
6713,R
6713,Python
6715,Python
6716,Python
6716,Javascript
6718,Python
6718,SQL
6719,C++
6719,C
6719,Python
6720,MATLAB
6720,Python
6721,SQL
6721,C
6721,Java
6721,R
6721,C++
6721,Python
6722,R
6722,Python
6723,Javascript
6723,Java
6723,C++
6723,C#
6723,PHP
6723,SQL
6724,Python
6724,Java
6724,C++
6725,Java
6725,Python
6725,PHP
6725,SQL
6725,R
6726,Python
6728,C++
6728,Python
6729,C++
6729,Java
6729,MATLAB
6729,Python
6729,C
6730,Python
6730,C#
6730,R
6731,Python
6731,Go
6731,SQL
6731,Java
6732,C++
6732,C
6732,Python
6732,Bash
6733,PHP
6733,SQL
6733,Python
6733,Java
6734,Python
6735,Python
6736,C
6736,MATLAB
6736,Python
6737,C
6737,Bash
6737,Python
6737,R
6738,Python
6739,Python
6739,C
6739,Java
6740,Python
6740,SQL
6740,Java
6741,Other
6741,R
6741,SQL
6741,Python
6741,Bash
6742,C++
6742,Python
6742,R
6743,Python
6743,SQL
6744,Python
6745,Other
6745,Python
6746,Python
6746,Javascript
6747,SQL
6747,C++
6747,Python
6747,C
6747,R
6747,Javascript
6747,Java
6747,C#
6747,PHP
6748,MATLAB
6748,Python
6749,SQL
6749,MATLAB
6749,Python
6750,Python
6750,R
6751,Python
6751,SQL
6751,Bash
6752,SQL
6752,C#
6752,Java
6752,Python
6753,SQL
6754,Python
6754,SQL
6755,R
6755,C++
6755,C
6755,MATLAB
6756,Python
6757,Python
6757,SQL
6757,R
6758,Python
6759,Python
6762,R
6763,C++
6763,Python
6763,R
6764,R
6764,SQL
6764,Java
6764,Python
6765,Python
6765,SQL
6765,R
6767,R
6769,SQL
6769,MATLAB
6769,Javascript
6769,C++
6769,Python
6770,Python
6771,Python
6771,SQL
6771,Javascript
6772,MATLAB
6772,SQL
6772,R
6772,Python
6772,Julia
6773,Python
6774,C++
6774,Python
6774,C
6774,SQL
6774,MATLAB
6775,Python
6775,C
6775,Java
6775,Javascript
6775,SQL
6775,PHP
6775,Go
6775,C++
6775,Bash
6776,MATLAB
6776,Python
6776,R
6776,SQL
6777,Python
6777,SQL
6778,Python
6779,SQL
6779,MATLAB
6779,R
6779,Python
6780,Bash
6780,SQL
6780,Python
6781,Python
6781,C++
6781,Bash
6781,MATLAB
6781,Javascript
6784,Python
6784,R
6785,PHP
6786,Python
6786,SQL
6788,Bash
6788,SQL
6788,PHP
6788,Python
6788,Javascript
6789,R
6789,Python
6790,Python
6791,Python
6792,Python
6792,C++
6792,SQL
6792,Javascript
6793,SQL
6793,Python
6794,Python
6794,R
6794,SQL
6796,Python
6796,SQL
6797,R
6797,Python
6797,SQL
6799,Python
6799,SQL
6800,SQL
6800,Python
6800,Other
6801,SQL
6801,Python
6802,C#
6802,C
6802,Python
6802,SQL
6803,Python
6803,R
6803,SQL
6804,Java
6804,C++
6804,SQL
6804,Javascript
6804,Go
6804,C
6804,C#
6804,Python
6804,PHP
6804,R
6804,MATLAB
6805,Julia
6805,SQL
6805,C++
6805,Bash
6805,R
6805,Python
6806,C++
6808,Python
6809,R
6809,Javascript
6809,Java
6809,Python
6809,PHP
6810,Python
6810,SQL
6811,C
6811,Java
6812,Python
6812,Java
6812,MATLAB
6812,SQL
6813,Python
6813,SQL
6813,R
6814,MATLAB
6814,SQL
6814,Python
6815,Python
6815,C
6815,C++
6815,Bash
6816,C
6816,SQL
6816,Python
6817,Java
6817,Python
6817,SQL
6818,Python
6818,C
6818,Other
6818,Java
6818,C#
6818,R
6818,C++
6818,Javascript
6818,Bash
6818,SQL
6819,Python
6819,Java
6819,Javascript
6820,SQL
6820,C#
6820,Python
6820,Javascript
6821,Python
6821,Java
6822,Python
6822,SQL
6822,Javascript
6822,PHP
6823,Java
6823,SQL
6823,C++
6823,C
6823,C#
6825,Python
6826,SQL
6826,R
6826,Python
6826,MATLAB
6827,Python
6827,Javascript
6827,C++
6827,R
6827,Julia
6828,Python
6828,R
6828,SQL
6829,Python
6830,Python
6830,SQL
6831,SQL
6831,Python
6832,Python
6832,SQL
6833,Python
6834,Python
6834,C
6834,SQL
6834,Javascript
6834,C++
6835,Other
6835,R
6836,C++
6836,PHP
6836,SQL
6836,C
6836,Javascript
6837,Bash
6837,C
6837,Python
6838,Python
6840,R
6841,Python
6842,Python
6842,SQL
6842,Bash
6843,SQL
6843,Python
6844,R
6844,Python
6845,Javascript
6845,Python
6847,Python
6848,R
6849,SQL
6849,Python
6849,R
6850,Python
6851,Python
6851,Java
6851,C
6851,SQL
6851,R
6853,Python
6853,C++
6854,Python
6855,C++
6855,Python
6856,Python
6858,SQL
6858,Python
6859,MATLAB
6859,Python
6860,SQL
6861,C#
6861,Python
6861,SQL
6861,PHP
6862,R
6862,Python
6862,SQL
6862,Java
6863,Python
6864,C
6864,Python
6864,C++
6865,Python
6866,Python
6866,Javascript
6866,C++
6866,C
6867,SQL
6868,Python
6869,SQL
6869,Python
6870,Other
6870,Python
6871,R
6872,Python
6873,SQL
6873,Python
6873,R
6874,Python
6874,C++
6875,SQL
6875,Python
6876,Java
6876,Python
6877,SQL
6877,Javascript
6877,Java
6877,Python
6877,PHP
6878,Javascript
6878,Python
6878,C++
6879,Python
6880,Python
6881,SQL
6881,Python
6881,Javascript
6881,MATLAB
6882,Python
6883,Python
6884,Other
6885,MATLAB
6885,SQL
6885,Python
6886,Python
6886,SQL
6887,SQL
6887,Java
6887,Python
6887,C#
6887,Javascript
6887,C
6889,Other
6889,SQL
6889,R
6890,R
6890,Python
6890,SQL
6891,C++
6891,Java
6891,Javascript
6892,Bash
6892,Python
6892,Java
6893,Python
6893,Bash
6893,Go
6893,SQL
6893,R
6893,Javascript
6894,SQL
6894,Python
6896,C
6896,MATLAB
6896,C++
6896,Python
6896,Other
6896,C#
6897,Julia
6897,Python
6898,Javascript
6898,Python
6898,Java
6899,Javascript
6899,Python
6899,R
6899,PHP
6900,C++
6900,Python
6901,SQL
6902,C#
6902,PHP
6902,SQL
6902,Javascript
6902,Python
6904,SQL
6904,R
6904,Python
6905,Python
6906,Javascript
6906,Python
6906,C#
6907,Python
6908,C++
6908,Python
6909,Python
6910,Java
6910,PHP
6910,SQL
6910,C++
6910,Javascript
6910,C#
6910,Python
6910,C
6911,R
6911,Python
6912,R
6912,Python
6912,Other
6912,SQL
6914,Go
6914,Other
6914,Javascript
6914,Python
6914,Bash
6916,SQL
6916,Java
6917,Python
6918,R
6918,Python
6920,Python
6920,SQL
6922,Python
6923,Python
6923,Java
6923,C
6923,C++
6924,C
6924,Python
6925,C#
6925,C++
6925,Python
6925,R
6925,C
6926,Java
6927,Python
6927,SQL
6928,Javascript
6928,Java
6928,SQL
6928,Other
6928,Python
6929,Java
6929,C
6929,Python
6930,Other
6930,MATLAB
6930,C++
6930,Python
6932,SQL
6932,Python
6933,Python
6933,C++
6934,Python
6934,SQL
6934,C
6934,Java
6934,C#
6934,C++
6934,Javascript
6935,Java
6935,Python
6935,C++
6935,SQL
6937,Javascript
6937,SQL
6937,Python
6938,C++
6938,Python
6938,C
6939,Python
6939,SQL
6940,SQL
6940,Python
6940,R
6942,Python
6942,R
6942,Other
6943,Python
6943,Bash
6943,MATLAB
6943,R
6943,Julia
6944,Python
6944,C++
6944,Java
6945,Python
6945,SQL
6945,Javascript
6945,C#
6946,Python
6946,C
6947,Python
6948,Python
6949,Python
6950,Python
6950,C
6951,Python
6952,C++
6952,Java
6952,SQL
6952,PHP
6952,Python
6952,Javascript
6953,SQL
6953,C
6953,PHP
6953,C++
6953,Python
6954,Python
6955,Javascript
6955,Python
6956,SQL
6956,Javascript
6956,R
6956,Java
6956,Python
6956,Go
6956,MATLAB
6957,Javascript
6957,PHP
6957,Python
6957,SQL
6957,Java
6958,Python
6958,Bash
6958,MATLAB
6958,SQL
6958,C
6958,Java
6958,C++
6959,SQL
6959,Python
6960,Python
6960,Bash
6960,Javascript
6960,SQL
6961,Python
6961,Other
6962,Python
6962,SQL
6963,Python
6964,Python
6964,C#
6965,Python
6966,Python
6966,MATLAB
6967,Python
6967,R
6967,MATLAB
6967,SQL
6967,Java
6968,R
6968,C++
6968,C
6968,Javascript
6968,PHP
6968,SQL
6968,Python
6969,Python
6970,Java
6970,C++
6970,Python
6971,Python
6972,R
6972,Python
6973,Python
6973,MATLAB
6973,SQL
6975,Python
6975,Java
6975,C
6975,C++
6975,MATLAB
6976,Bash
6976,Python
6976,Javascript
6976,SQL
6977,SQL
6977,C
6977,C++
6977,Python
6978,Python
6978,SQL
6980,Python
6980,C
6981,Python
6983,C
6985,Python
6985,SQL
6985,R
6987,C#
6987,Other
6987,C++
6987,Java
6987,Python
6987,R
6987,SQL
6987,C
6987,MATLAB
6988,Javascript
6988,C++
6988,C#
6988,MATLAB
6988,Python
6988,SQL
6988,PHP
6989,Python
6990,Python
6990,SQL
6991,SQL
6991,R
6991,Other
6991,Python
6992,Python
6996,C
6996,Python
6997,C
6997,PHP
6997,Python
6997,Javascript
6997,Java
6997,SQL
6998,C#
6998,Python
6998,R
6998,SQL
6999,Python
6999,MATLAB
6999,C#
6999,C
7000,Python
7003,SQL
7003,Python
7003,C#
7004,Java
7004,Python
7005,Python
7006,Julia
7006,Python
7006,R
7007,SQL
7007,Python
7007,R
7008,C++
7008,Python
7009,Python
7009,C
7009,C++
7010,Bash
7010,Javascript
7010,Python
7012,Python
7013,Javascript
7013,Java
7014,Python
7015,Java
7015,SQL
7015,Javascript
7015,PHP
7016,MATLAB
7016,Python
7016,R
7017,Python
7017,C++
7017,C
7018,Python
7019,C
7019,C++
7019,MATLAB
7019,Python
7019,SQL
7021,Python
7022,Python
7023,SQL
7023,Python
7024,Java
7026,Python
7026,MATLAB
7027,SQL
7027,Python
7027,C++
7027,C
7028,C++
7028,SQL
7028,C
7028,Python
7028,Java
7030,SQL
7030,PHP
7031,Other
7031,Bash
7031,Python
7032,Python
7033,Python
7034,Python
7034,SQL
7035,Python
7036,Python
7037,Javascript
7037,MATLAB
7037,SQL
7037,R
7037,C
7037,Python
7037,Java
7037,C++
7037,Julia
7038,R
7038,SQL
7038,Python
7038,Java
7038,Javascript
7040,Java
7040,SQL
7040,Python
7041,C
7041,C++
7041,Python
7041,SQL
7042,SQL
7042,Python
7043,Python
7043,R
7044,R
7044,C
7044,C++
7044,Python
7045,Python
7045,SQL
7045,C++
7046,Python
7047,Python
7047,Other
7048,C#
7048,Java
7048,SQL
7049,SQL
7049,Python
7049,Java
7050,Python
7050,C++
7051,Python
7052,SQL
7052,Python
7052,C++
7052,R
7053,Python
7054,Python
7054,MATLAB
7054,SQL
7055,R
7056,Javascript
7056,PHP
7056,Python
7056,Java
7056,Other
7056,SQL
7057,Python
7058,R
7058,Python
7059,SQL
7059,C
7059,Bash
7059,Python
7060,Python
7060,Javascript
7060,C
7061,SQL
7061,Python
7061,R
7062,Javascript
7062,Python
7062,PHP
7062,SQL
7062,C#
7063,SQL
7063,Javascript
7063,Go
7063,R
7063,Python
7064,Python
7064,C++
7064,C
7066,Python
7066,SQL
7067,C++
7067,SQL
7067,Python
7068,Python
7068,SQL
7069,Python
7069,R
7070,SQL
7070,Javascript
7070,Python
7071,Java
7071,Javascript
7071,SQL
7071,Python
7072,Python
7072,MATLAB
7073,SQL
7073,PHP
7074,C++
7074,Python
7074,PHP
7074,SQL
7075,Java
7075,Python
7075,C++
7076,SQL
7076,Python
7077,C++
7078,SQL
7078,R
7078,Python
7079,Python
7081,Javascript
7081,Python
7081,PHP
7082,Java
7082,Python
7083,Python
7083,Bash
7085,Python
7085,Java
7086,Python
7086,C
7086,C++
7086,R
7086,Javascript
7086,Bash
7087,Python
7087,Javascript
7088,Python
7089,Python
7090,C
7090,Java
7090,Python
7091,C++
7091,Python
7092,Other
7093,Python
7093,SQL
7094,C++
7094,Python
7097,SQL
7097,Python
7099,Python
7100,Python
7100,Java
7100,SQL
7101,R
7101,Python
7104,Other
7104,Javascript
7104,Go
7104,Python
7104,PHP
7105,MATLAB
7106,C++
7106,Javascript
7106,Python
7107,Java
7107,C++
7107,C
7108,C
7108,Python
7108,Java
7109,SQL
7109,Python
7109,R
7110,Python
7110,MATLAB
7111,Python
7111,SQL
7112,SQL
7112,C++
7112,Java
7112,C
7112,Python
7113,Javascript
7113,Python
7114,Python
7114,SQL
7114,R
7114,Other
7115,Python
7115,C++
7115,Java
7116,Bash
7116,Python
7116,Javascript
7116,PHP
7117,Python
7118,Python
7118,Javascript
7118,C++
7119,SQL
7119,Python
7120,Python
7120,SQL
7121,Javascript
7121,SQL
7121,Python
7122,C
7122,Python
7122,SQL
7123,Python
7124,SQL
7124,Python
7124,R
7125,Java
7125,SQL
7126,C++
7126,C#
7126,Python
7126,SQL
7126,C
7127,MATLAB
7127,SQL
7127,Javascript
7127,C++
7127,Python
7129,SQL
7129,Python
7129,R
7130,Python
7130,SQL
7131,C++
7131,Python
7132,Python
7132,Bash
7132,Java
7133,C
7133,SQL
7133,C#
7133,Java
7133,Python
7133,C++
7134,SQL
7134,Python
7135,Python
7135,C
7136,PHP
7136,Python
7137,Python
7138,C
7138,Java
7138,Python
7138,Javascript
7139,SQL
7139,Python
7140,SQL
7140,Python
7140,C
7141,C#
7141,Python
7141,MATLAB
7141,SQL
7142,R
7142,C#
7142,Java
7142,Python
7142,MATLAB
7143,Python
7143,SQL
7144,Python
7144,PHP
7144,Java
7145,Python
7145,SQL
7147,Python
7147,SQL
7147,C
7147,C++
7148,Java
7148,Python
7148,C
7148,PHP
7148,R
7149,Python
7149,C
7149,C++
7149,Java
7149,SQL
7150,Python
7151,Python
7151,SQL
7152,C++
7152,Python
7153,SQL
7153,Javascript
7153,Bash
7153,Python
7154,Python
7154,R
7156,R
7157,Python
7158,MATLAB
7158,Python
7159,SQL
7159,Python
7160,Java
7160,C
7160,Python
7160,Javascript
7160,MATLAB
7160,C++
7160,SQL
7161,Python
7163,C#
7163,Bash
7163,R
7163,Go
7163,Java
7163,Python
7166,R
7167,Python
7167,Javascript
7168,SQL
7168,PHP
7168,Python
7168,R
7169,Python
7170,Python
7170,C#
7170,SQL
7171,Java
7171,MATLAB
7171,Javascript
7171,Python
7171,C++
7172,C++
7172,Python
7172,SQL
7173,Python
7173,Bash
7173,Javascript
7174,SQL
7174,R
7175,Python
7175,SQL
7175,R
7176,Python
7176,SQL
7177,C
7177,Python
7177,Java
7177,Javascript
7177,SQL
7178,R
7179,Python
7180,Javascript
7180,PHP
7180,Python
7180,C
7181,Julia
7181,C
7181,MATLAB
7181,Java
7181,R
7181,C++
7181,Go
7181,SQL
7181,PHP
7181,Python
7181,Javascript
7181,Bash
7181,C#
7183,Python
7184,R
7184,Python
7185,Python
7185,Bash
7185,R
7186,Java
7186,Bash
7186,Python
7188,SQL
7188,Javascript
7188,Python
7188,Java
7188,PHP
7188,C
7189,SQL
7189,Python
7189,Bash
7191,Java
7193,Java
7193,Python
7193,SQL
7193,Javascript
7194,Python
7194,C
7195,Python
7195,PHP
7195,C
7195,SQL
7196,Python
7197,Java
7197,Python
7198,Python
7198,C#
7198,C++
7199,Python
7200,Python
7200,MATLAB
7200,C
7201,Javascript
7201,C
7201,C++
7201,Bash
7201,SQL
7201,Python
7202,Python
7202,C
7202,SQL
7202,Bash
7202,C++
7203,Other
7203,Python
7204,Python
7204,SQL
7205,Python
7206,Python
7207,Python
7207,Javascript
7208,Python
7209,C
7209,Python
7210,Python
7210,Javascript
7211,SQL
7211,R
7211,Python
7212,SQL
7212,R
7212,Python
7213,Other
7214,SQL
7214,Python
7214,Java
7215,Javascript
7215,Java
7215,SQL
7215,Python
7216,Python
7217,R
7217,MATLAB
7217,Python
7218,C++
7218,SQL
7218,Python
7218,C
7218,Java
7219,Javascript
7219,Python
7219,C
7220,C++
7220,Python
7221,Python
7221,C++
7222,SQL
7222,Python
7222,C++
7222,C
7223,Python
7224,Python
7225,Java
7225,C
7225,C++
7226,Python
7226,SQL
7227,Python
7228,R
7228,Python
7229,R
7229,Python
7229,SQL
7230,Python
7231,Python
7231,SQL
7231,R
7232,SQL
7232,R
7232,Python
7232,Java
7233,Python
7235,Java
7236,Other
7236,Python
7236,MATLAB
7237,C#
7237,Python
7237,SQL
7237,PHP
7237,C++
7237,Javascript
7237,Java
7239,Python
7239,Java
7241,Python
7242,R
7242,SQL
7242,C++
7242,Bash
7242,Javascript
7242,PHP
7242,Python
7243,Java
7243,Python
7244,Java
7244,Python
7244,SQL
7244,C++
7244,Javascript
7246,Python
7248,PHP
7248,Python
7248,SQL
7249,MATLAB
7249,C++
7249,SQL
7249,PHP
7249,C#
7249,Javascript
7249,Java
7249,C
7249,Python
7250,SQL
7250,Python
7250,R
7252,C
7252,MATLAB
7252,Python
7253,SQL
7253,Java
7253,Python
7254,Python
7254,R
7255,Java
7255,R
7255,Python
7256,MATLAB
7257,MATLAB
7257,Bash
7257,R
7257,SQL
7258,Java
7258,SQL
7258,C
7258,MATLAB
7259,SQL
7259,Python
7260,Python
7260,SQL
7260,Javascript
7260,Bash
7262,SQL
7262,Python
7263,SQL
7263,Python
7264,C++
7264,Python
7265,MATLAB
7265,C
7265,Python
7266,SQL
7266,Python
7267,SQL
7267,Python
7268,Python
7269,SQL
7269,Other
7269,Bash
7271,Python
7271,SQL
7271,Java
7272,SQL
7272,Python
7273,Python
7273,Other
7274,Python
7275,Javascript
7275,Python
7276,SQL
7276,R
7277,Python
7277,SQL
7278,SQL
7278,PHP
7278,Javascript
7278,Python
7280,Python
7281,C++
7282,SQL
7282,Python
7283,Other
7283,SQL
7283,Python
7284,Go
7284,Python
7284,MATLAB
7284,SQL
7285,Python
7285,C#
7285,SQL
7286,SQL
7286,Other
7287,R
7287,Python
7288,Python
7289,SQL
7289,Python
7289,Java
7290,Python
7290,SQL
7290,R
7293,Javascript
7294,Python
7294,R
7295,Python
7296,C
7296,C++
7296,MATLAB
7297,Python
7297,R
7297,SQL
7299,C#
7299,C++
7299,SQL
7299,Javascript
7299,Python
7301,Python
7302,Other
7303,C++
7303,Python
7304,Java
7304,SQL
7305,Python
7307,Python
7307,Other
7307,Julia
7308,Java
7308,C
7308,Python
7308,SQL
7308,C++
7309,Python
7311,Python
7311,C++
7312,Python
7312,C
7312,C++
7313,Python
7313,R
7314,SQL
7314,C++
7314,Javascript
7314,Java
7315,Python
7315,MATLAB
7315,R
7317,PHP
7317,C
7317,Java
7317,Python
7317,SQL
7317,Javascript
7318,Other
7318,Python
7319,C
7320,C++
7320,Javascript
7320,C
7320,MATLAB
7320,Python
7320,Java
7320,SQL
7321,MATLAB
7321,Python
7321,C
7323,MATLAB
7324,C++
7324,Java
7324,Python
7324,SQL
7325,Python
7326,Python
7327,Python
7328,SQL
7328,R
7328,Python
7329,Python
7330,C++
7330,Python
7331,Java
7331,Python
7331,Javascript
7332,R
7333,Python
7334,Python
7334,SQL
7335,C#
7335,SQL
7335,C
7335,Python
7335,C++
7335,PHP
7336,SQL
7336,Python
7337,Go
7337,Python
7337,Javascript
7338,Python
7338,Java
7339,Python
7339,Other
7340,Python
7343,R
7343,MATLAB
7343,Python
7344,SQL
7345,Python
7346,C++
7346,Python
7347,C++
7347,R
7347,Javascript
7347,Python
7347,MATLAB
7348,Python
7348,C
7349,MATLAB
7349,Python
7349,Go
7350,Python
7350,Other
7350,SQL
7351,Python
7351,C
7353,C#
7353,Python
7355,Python
7355,R
7356,Python
7356,C
7356,MATLAB
7356,C++
7357,Python
7359,Java
7359,Python
7359,SQL
7359,C++
7361,C
7362,Javascript
7362,Python
7362,C
7363,R
7363,Python
7363,SQL
7364,Python
7366,Python
7366,C++
7367,Python
7368,SQL
7368,Go
7368,Bash
7369,C++
7369,Python
7369,C
7369,Bash
7370,Python
7371,Python
7372,SQL
7372,Python
7373,C++
7373,C
7373,R
7373,Python
7375,Python
7376,R
7376,Python
7376,SQL
7377,SQL
7377,Python
7377,Java
7377,C++
7379,MATLAB
7379,C
7379,R
7379,Python
7379,SQL
7380,PHP
7380,Other
7380,Javascript
7380,Python
7380,SQL
7381,Python
7381,R
7382,R
7382,Java
7382,Javascript
7382,Python
7382,Go
7384,Python
7385,C++
7385,Java
7385,SQL
7385,Python
7385,C
7386,Python
7389,SQL
7389,Python
7389,C#
7389,Javascript
7389,R
7390,C++
7390,Python
7391,Python
7392,Javascript
7392,Python
7392,Go
7393,Javascript
7393,R
7393,SQL
7393,Python
7395,Bash
7395,Java
7395,Python
7395,Javascript
7396,C++
7396,Javascript
7396,Python
7398,MATLAB
7398,Python
7398,SQL
7399,Java
7399,C++
7399,Python
7399,C
7399,Go
7399,SQL
7400,Python
7400,R
7400,SQL
7401,Bash
7401,Python
7401,SQL
7402,Python
7402,Java
7402,C
7402,C++
7402,MATLAB
7403,Julia
7404,C
7404,MATLAB
7404,C++
7404,Python
7405,Java
7405,Javascript
7405,SQL
7405,R
7405,Python
7406,C#
7406,SQL
7406,Python
7408,SQL
7408,R
7408,Python
7409,Javascript
7410,Python
7410,SQL
7412,Python
7413,Python
7413,Other
7413,SQL
7414,Java
7414,C++
7414,Python
7415,Java
7415,Python
7416,Javascript
7416,Python
7416,C++
7416,SQL
7416,MATLAB
7417,C
7417,Javascript
7417,SQL
7417,Python
7417,MATLAB
7417,Java
7418,Python
7418,SQL
7418,R
7419,Bash
7419,Javascript
7419,Python
7419,SQL
7420,Python
7420,R
7421,Python
7421,C++
7421,Bash
7421,SQL
7421,Other
7422,MATLAB
7422,Python
7423,Python
7423,SQL
7424,MATLAB
7424,SQL
7424,Python
7425,C
7425,C++
7425,SQL
7426,Python
7426,R
7427,Python
7427,SQL
7428,SQL
7428,Python
7429,MATLAB
7429,C
7429,Python
7430,MATLAB
7431,C++
7431,Python
7431,C
7432,Python
7432,Java
7432,SQL
7433,C#
7433,Javascript
7433,C++
7433,Python
7433,Bash
7433,SQL
7434,Python
7434,SQL
7434,R
7435,R
7435,Python
7435,Bash
7435,SQL
7436,Javascript
7436,C
7436,PHP
7436,C++
7436,Java
7436,SQL
7436,C#
7436,Python
7437,Python
7437,SQL
7438,Python
7438,R
7439,SQL
7439,Python
7439,Java
7440,Python
7440,PHP
7441,R
7441,Java
7441,Python
7442,Python
7442,SQL
7443,Python
7443,C
7444,SQL
7444,Python
7444,Bash
7445,Python
7447,Bash
7447,SQL
7447,Python
7448,Python
7448,R
7448,SQL
7449,Python
7450,SQL
7452,PHP
7452,C++
7452,C
7452,Java
7453,R
7453,Python
7455,Python
7455,SQL
7456,Java
7456,R
7456,Python
7457,Bash
7457,Other
7457,Python
7458,Java
7459,C
7460,Python
7460,C
7460,Other
7460,C++
7461,Python
7462,R
7465,Python
7466,Python
7466,MATLAB
7467,SQL
7467,Python
7468,SQL
7468,C#
7468,Python
7468,PHP
7468,Java
7469,Python
7469,Java
7469,SQL
7469,Javascript
7469,C++
7470,Python
7470,R
7470,SQL
7471,C++
7471,Other
7471,SQL
7471,C
7471,Python
7472,Python
7473,Python
7473,MATLAB
7473,C
7473,SQL
7474,Python
7475,SQL
7475,Python
7475,R
7476,Java
7476,PHP
7476,C#
7476,Javascript
7477,Python
7477,SQL
7478,Python
7479,Python
7479,MATLAB
7480,Python
7481,R
7481,Python
7481,SQL
7482,Python
7484,Python
7484,MATLAB
7486,Python
7487,Bash
7488,Python
7488,R
7489,MATLAB
7489,R
7489,Python
7491,SQL
7491,PHP
7492,Python
7492,C#
7492,SQL
7493,Other
7494,Python
7494,Java
7494,Javascript
7495,Javascript
7495,C
7495,Python
7495,Bash
7496,C
7496,Python
7497,Python
7497,R
7497,C
7498,Python
7498,C++
7499,R
7499,Python
7500,C#
7500,Python
7500,C++
7501,Python
7501,R
7502,Python
7502,Java
7502,SQL
7503,C
7503,Java
7504,MATLAB
7505,R
7505,Python
7505,SQL
7506,MATLAB
7506,R
7506,Bash
7506,Python
7506,Julia
7507,SQL
7507,R
7507,Python
7508,Python
7508,SQL
7510,Javascript
7510,SQL
7511,PHP
7511,Java
7511,C
7512,Other
7512,Python
7513,Julia
7513,Python
7513,SQL
7513,R
7514,Python
7515,Bash
7515,Python
7515,SQL
7516,Python
7517,Python
7517,C
7518,C++
7518,Java
7520,Python
7521,SQL
7521,Javascript
7521,Python
7521,Java
7521,R
7522,Bash
7522,Python
7522,SQL
7523,Java
7523,PHP
7523,SQL
7525,Python
7526,C++
7526,Python
7526,C
7526,Java
7527,SQL
7527,Python
7527,PHP
7528,SQL
7528,Python
7529,Python
7529,Java
7529,MATLAB
7530,MATLAB
7530,Python
7530,C
7531,SQL
7531,C#
7531,Python
7532,Javascript
7532,Python
7532,SQL
7532,R
7532,Java
7533,Python
7533,Java
7533,C
7534,Java
7534,Python
7534,C#
7534,SQL
7535,Bash
7535,SQL
7538,R
7538,SQL
7538,Python
7539,Python
7539,C
7540,C++
7540,Python
7543,Bash
7543,R
7543,Python
7545,Bash
7545,SQL
7545,R
7545,Python
7546,SQL
7546,Python
7546,R
7548,Python
7548,Javascript
7548,SQL
7549,Python
7552,Python
7552,Javascript
7552,SQL
7554,R
7554,SQL
7554,MATLAB
7555,SQL
7555,PHP
7555,Javascript
7555,Java
7555,Python
7557,Python
7558,SQL
7558,Python
7558,C++
7558,Javascript
7558,MATLAB
7558,Other
7559,MATLAB
7559,Javascript
7559,C++
7559,Java
7560,Python
7560,SQL
7560,R
7560,Julia
7561,SQL
7561,Python
7562,Python
7563,MATLAB
7563,Bash
7563,Python
7563,SQL
7563,C
7563,Javascript
7564,Python
7564,C
7567,SQL
7567,Python
7568,Python
7569,C#
7569,R
7569,Python
7569,SQL
7569,Other
7570,Python
7570,Other
7571,SQL
7571,R
7571,Python
7571,Java
7572,Python
7574,Python
7575,SQL
7575,Python
7578,R
7578,SQL
7578,Python
7579,Javascript
7579,Python
7580,MATLAB
7580,Python
7580,C++
7581,C++
7581,Java
7581,Python
7581,Bash
7581,C
7583,C#
7583,Javascript
7583,Java
7583,C
7583,Python
7583,R
7583,C++
7584,Python
7584,SQL
7585,Python
7586,C++
7586,R
7586,C#
7586,Python
7586,SQL
7586,Javascript
7586,C
7587,Python
7587,SQL
7587,R
7588,C
7588,Other
7588,MATLAB
7588,Python
7589,Python
7589,SQL
7590,Other
7590,Python
7590,Julia
7590,R
7592,Python
7593,Java
7593,Python
7593,C++
7594,Python
7594,SQL
7596,Javascript
7596,Python
7596,C
7596,Java
7598,Bash
7598,Python
7598,R
7599,Python
7599,R
7600,SQL
7600,C#
7600,C++
7600,Go
7603,Javascript
7603,Bash
7603,SQL
7603,PHP
7603,C++
7603,Python
7604,Python
7604,SQL
7605,Python
7605,Bash
7605,SQL
7607,SQL
7607,Python
7608,Java
7608,SQL
7608,Python
7608,Javascript
7609,Python
7610,Python
7611,R
7611,Python
7611,SQL
7613,Python
7614,Python
7615,C
7616,Python
7617,Python
7617,Other
7617,C++
7618,Python
7618,SQL
7619,Bash
7619,Python
7620,SQL
7620,C++
7620,MATLAB
7620,Julia
7620,Other
7620,Java
7620,C#
7620,C
7620,Javascript
7620,Python
7622,Python
7623,Python
7623,SQL
7624,Python
7626,Other
7626,Python
7626,Bash
7626,C#
7627,R
7627,Python
7627,Javascript
7628,MATLAB
7628,Python
7628,C++
7629,Python
7630,Python
7630,SQL
7631,SQL
7631,Python
7633,C
7633,C#
7633,Python
7634,MATLAB
7634,Python
7634,C++
7635,C++
7635,Javascript
7635,C
7635,Python
7635,SQL
7638,C
7638,Javascript
7638,PHP
7638,Python
7638,Other
7640,Other
7640,Python
7641,C
7641,Python
7641,SQL
7641,MATLAB
7643,Other
7643,SQL
7643,Python
7644,Python
7644,Java
7644,R
7646,Python
7646,C++
7649,Python
7649,SQL
7649,Other
7651,Python
7651,C
7652,Python
7652,C#
7653,SQL
7653,Python
7654,C
7654,Javascript
7654,R
7654,Bash
7654,Python
7654,C#
7654,Java
7654,C++
7655,Java
7655,Python
7655,SQL
7656,SQL
7656,Python
7657,Python
7657,SQL
7658,Python
7659,SQL
7659,Python
7660,Julia
7661,Javascript
7662,SQL
7662,Javascript
7662,Python
7663,C++
7663,Python
7663,SQL
7664,SQL
7664,Bash
7664,R
7664,Python
7665,SQL
7665,Python
7666,SQL
7666,R
7666,Python
7667,R
7667,Bash
7668,SQL
7668,Python
7669,C#
7669,Javascript
7669,SQL
7669,Java
7669,Python
7670,Python
7671,Javascript
7671,Bash
7671,Python
7671,SQL
7674,Python
7674,C++
7675,Python
7675,C++
7676,Python
7676,Bash
7677,Python
7678,Python
7679,Python
7679,C++
7679,SQL
7679,Java
7680,C++
7680,Python
7681,Python
7681,R
7682,Python
7685,C++
7685,Python
7685,MATLAB
7686,Python
7686,R
7686,C
7686,MATLAB
7687,C++
7687,Other
7687,Java
7687,Python
7688,C
7688,C++
7688,Javascript
7688,Python
7688,Java
7689,Python
7689,R
7689,SQL
7690,Bash
7690,Python
7690,Java
7690,C++
7690,Javascript
7690,C
7690,R
7690,SQL
7691,Python
7691,C++
7691,C
7691,MATLAB
7692,SQL
7692,Python
7693,C
7693,Python
7693,MATLAB
7694,C
7694,C++
7694,SQL
7694,Python
7694,Java
7695,Python
7696,Python
7696,SQL
7698,R
7698,Bash
7698,SQL
7698,Python
7699,Python
7700,Python
7701,MATLAB
7701,Python
7702,Python
7703,Python
7703,C++
7704,Javascript
7704,Python
7706,Other
7707,C
7707,Python
7707,C++
7707,Bash
7707,Other
7709,R
7710,SQL
7710,Python
7711,Javascript
7711,R
7711,Python
7711,Java
7711,SQL
7712,C++
7712,Python
7713,C
7713,C++
7713,Python
7714,Java
7714,Python
7714,SQL
7715,MATLAB
7715,Python
7716,Python
7717,Python
7718,PHP
7718,Python
7718,Java
7718,Bash
7718,Javascript
7718,C
7718,SQL
7719,SQL
7719,Python
7719,R
7720,MATLAB
7720,Javascript
7720,C
7720,Java
7720,PHP
7720,C#
7720,Python
7720,SQL
7721,Bash
7721,SQL
7721,Javascript
7721,Python
7721,Java
7722,Python
7722,SQL
7722,C
7722,MATLAB
7724,Other
7724,SQL
7724,Python
7724,Javascript
7724,C++
7725,Python
7725,SQL
7725,Other
7725,R
7726,Python
7726,SQL
7726,R
7728,C++
7728,Python
7730,Python
7730,SQL
7732,Python
7733,R
7733,Python
7733,SQL
7734,R
7734,Python
7735,Java
7735,Python
7736,Python
7737,Python
7737,R
7737,MATLAB
7738,Python
7740,Python
7740,Bash
7740,Go
7740,Javascript
7740,SQL
7740,Java
7740,C++
7741,SQL
7741,Python
7742,Python
7743,MATLAB
7743,R
7743,Python
7743,SQL
7744,C++
7744,Java
7744,MATLAB
7744,Python
7744,R
7745,Python
7745,SQL
7745,MATLAB
7745,C
7746,R
7746,Python
7746,PHP
7746,SQL
7746,Java
7747,Javascript
7747,Python
7747,C
7747,C++
7749,Javascript
7749,SQL
7749,Python
7749,Bash
7750,Bash
7750,Python
7750,MATLAB
7751,Python
7752,C++
7752,C
7752,Java
7752,Python
7753,Python
7753,SQL
7753,C
7754,SQL
7755,Python
7755,Other
7755,SQL
7756,MATLAB
7756,C++
7756,Python
7757,Java
7757,Python
7757,C++
7757,R
7758,Python
7759,C
7759,Other
7760,Python
7760,SQL
7761,SQL
7761,Python
7763,Javascript
7763,PHP
7763,Python
7763,SQL
7763,MATLAB
7764,R
7764,PHP
7764,Python
7764,C
7764,SQL
7765,Python
7765,SQL
7765,Bash
7767,C
7767,SQL
7767,Javascript
7768,Javascript
7768,SQL
7768,Java
7768,Python
7768,Bash
7769,C++
7769,Python
7769,C
7769,MATLAB
7770,R
7771,MATLAB
7771,Python
7773,Python
7774,SQL
7774,C++
7774,Python
7774,Java
7775,Python
7776,PHP
7777,Python
7777,SQL
7778,SQL
7778,MATLAB
7778,Python
7779,R
7779,Python
7780,Python
7780,Javascript
7780,C#
7780,C++
7780,C
7780,SQL
7780,R
7781,SQL
7782,Python
7782,Javascript
7782,SQL
7783,C#
7783,Python
7784,Python
7785,C#
7785,C
7785,Python
7785,Java
7785,C++
7786,SQL
7786,Python
7786,Java
7787,Bash
7787,SQL
7787,Java
7787,Python
7788,Python
7788,SQL
7788,R
7790,MATLAB
7790,SQL
7790,C#
7790,Python
7790,Javascript
7791,Other
7791,R
7791,Python
7792,Python
7792,SQL
7793,Python
7793,Java
7794,SQL
7794,Python
7794,Java
7794,C
7794,C++
7795,C++
7795,Python
7795,SQL
7795,PHP
7796,Java
7796,MATLAB
7796,C++
7796,Python
7798,Python
7800,C++
7800,Python
7800,C
7800,Java
7800,Bash
7800,SQL
7800,Javascript
7803,C
7803,Python
7803,Java
7803,Javascript
7803,C++
7804,Python
7804,SQL
7805,Other
7805,Python
7805,R
7805,SQL
7806,C
7807,SQL
7807,C
7808,R
7808,SQL
7808,Python
7809,Python
7810,C++
7810,Java
7810,SQL
7810,Python
7811,MATLAB
7811,Python
7811,C
7812,SQL
7812,Python
7813,Go
7813,SQL
7813,Bash
7813,Javascript
7813,Python
7814,C++
7814,Java
7814,Javascript
7814,PHP
7814,C
7814,Python
7814,SQL
7814,C#
7814,Bash
7815,Python
7815,Bash
7816,R
7816,SQL
7817,C
7817,C++
7817,MATLAB
7818,C
7818,C++
7819,R
7819,Other
7819,SQL
7819,Python
7820,Python
7821,SQL
7821,Python
7822,Go
7822,Python
7822,SQL
7822,C++
7822,C
7823,Python
7823,SQL
7824,Javascript
7824,Python
7825,R
7825,SQL
7825,Python
7827,Python
7827,Julia
7828,Python
7829,Python
7829,Java
7829,SQL
7830,Python
7830,Java
7830,SQL
7830,C#
7831,Python
7831,MATLAB
7831,Java
7832,Other
7832,Python
7833,Python
7834,C++
7834,Python
7834,MATLAB
7835,Python
7836,Python
7836,SQL
7837,Python
7837,Javascript
7837,C
7839,C++
7839,R
7839,Javascript
7839,SQL
7839,MATLAB
7839,Python
7840,C
7840,Bash
7840,Python
7840,MATLAB
7841,Python
7842,R
7842,Python
7843,Python
7843,PHP
7844,Python
7845,Python
7845,Java
7846,Python
7846,C
7848,Python
7848,C++
7849,Bash
7849,Java
7849,SQL
7849,Python
7850,Python
7850,C
7850,Java
7850,SQL
7850,Javascript
7850,C#
7850,MATLAB
7850,C++
7851,Python
7851,MATLAB
7852,Python
7852,SQL
7853,C++
7853,Python
7853,Java
7853,SQL
7853,Bash
7854,Python
7854,MATLAB
7854,Java
7854,Javascript
7854,SQL
7855,Bash
7855,Java
7856,R
7856,Python
7856,Julia
7856,SQL
7856,Other
7857,SQL
7857,R
7857,Python
7858,Python
7859,Python
7859,SQL
7860,C++
7860,Python
7860,SQL
7861,C
7861,SQL
7861,Python
7862,Bash
7862,Javascript
7862,Python
7863,R
7863,C
7863,C++
7863,Javascript
7863,Java
7863,Python
7864,Python
7864,C++
7864,SQL
7864,R
7865,Python
7867,Python
7867,C++
7868,Python
7869,Python
7870,Go
7870,Python
7870,C++
7870,Javascript
7872,R
7872,Python
7873,Python
7873,C++
7873,SQL
7874,Python
7876,Python
7877,Python
7878,Python
7878,SQL
7879,SQL
7879,Python
7879,Javascript
7880,MATLAB
7880,Python
7880,C++
7881,Python
7883,SQL
7883,Java
7883,Python
7885,Python
7885,Java
7885,Other
7886,Bash
7886,Python
7889,Python
7890,Python
7890,SQL
7891,Python
7891,Bash
7891,SQL
7892,PHP
7892,SQL
7892,Javascript
7892,Python
7893,MATLAB
7894,Python
7894,SQL
7895,SQL
7895,Python
7897,Javascript
7897,C
7897,Python
7897,C++
7897,C#
7898,Python
7899,SQL
7899,Python
7899,Java
7903,Python
7904,Python
7904,C++
7904,C
7905,SQL
7905,Python
7906,Java
7906,Bash
7906,Python
7906,SQL
7906,C++
7906,PHP
7906,R
7906,Javascript
7907,SQL
7907,Python
7908,C++
7908,Python
7908,Java
7908,C
7909,Python
7909,R
7909,SQL
7910,Python
7911,Python
7912,Python
7912,SQL
7913,Java
7913,SQL
7913,Python
7913,R
7914,PHP
7914,C++
7914,MATLAB
7914,SQL
7914,Python
7915,Python
7915,C++
7915,Java
7915,R
7916,MATLAB
7916,C++
7916,Go
7916,R
7916,Python
7917,Python
7917,SQL
7918,C
7918,Python
7919,Javascript
7919,SQL
7919,C#
7919,Python
7919,C++
7920,Java
7920,Python
7920,Javascript
7920,SQL
7921,R
7921,SQL
7921,Python
7922,Python
7924,Python
7924,SQL
7924,C
7925,Python
7926,Python
7926,R
7927,Javascript
7927,Python
7928,Go
7929,MATLAB
7929,Java
7929,Python
7930,R
7930,Python
7931,C#
7931,Python
7931,Java
7932,SQL
7932,Python
7933,Java
7933,Python
7933,C++
7934,Python
7934,R
7935,SQL
7935,Python
7937,C#
7937,C++
7938,Python
7938,C++
7938,C
7940,MATLAB
7940,Python
7941,Python
7941,SQL
7942,Python
7943,SQL
7943,Python
7943,R
7944,Python
7944,SQL
7945,Python
7945,Java
7946,SQL
7946,Python
7946,C
7947,Python
7947,C++
7947,Bash
7948,C++
7948,Python
7949,C++
7949,Python
7949,C
7950,Python
7951,C
7951,Python
7952,PHP
7952,Java
7952,C++
7952,Python
7952,MATLAB
7953,Java
7953,Python
7955,Python
7955,C
7956,Java
7956,Python
7957,Javascript
7957,Python
7957,SQL
7958,SQL
7958,Python
7958,Javascript
7959,C
7959,SQL
7959,Java
7960,Python
7961,Python
7961,C
7963,SQL
7963,Python
7963,R
7964,Python
7965,Python
7969,Python
7970,Python
7971,SQL
7971,Python
7971,Java
7971,PHP
7972,Python
7972,C++
7973,Python
7973,Javascript
7973,Java
7973,MATLAB
7974,MATLAB
7974,R
7974,Java
7974,C
7974,SQL
7974,Python
7974,Javascript
7975,Python
7975,SQL
7976,Java
7976,Python
7977,SQL
7977,Java
7977,R
7977,Python
7979,Python
7979,Other
7979,C++
7980,SQL
7980,Python
7980,C++
7980,Javascript
7981,Python
7982,C
7982,Python
7982,C++
7982,SQL
7983,Java
7983,Javascript
7983,C++
7983,Python
7985,SQL
7985,Python
7986,C++
7986,Javascript
7986,C#
7986,Python
7986,C
7987,Python
7987,C
7987,SQL
7989,MATLAB
7989,C
7989,C++
7989,Python
7990,Python
7990,SQL
7991,SQL
7991,Bash
7991,Python
7994,Javascript
7994,Python
7994,SQL
7996,Python
7996,SQL
7996,Bash
7996,R
7996,PHP
7996,C++
7996,Java
7996,Javascript
7996,MATLAB
7996,C
7998,C++
7998,Python
7999,Python
8000,Other
8001,Python
8001,C
8001,Javascript
8001,MATLAB
8001,C++
8001,Java
8002,Other
8002,Javascript
8002,Python
8003,Python
8003,R
8003,SQL
8004,SQL
8004,Python
8005,SQL
8005,Python
8006,C
8006,Python
8007,Python
8007,Bash
8007,SQL
8007,Other
8009,SQL
8009,Python
8010,Other
8010,Python
8010,C
8010,R
8011,Python
8011,SQL
8011,Javascript
8012,SQL
8012,Python
8013,Python
8014,C
8014,Python
8014,Bash
8014,Javascript
8015,Python
8015,SQL
8016,SQL
8016,Python
8017,Python
8017,SQL
8018,Python
8018,C#
8019,R
8019,Bash
8019,SQL
8019,Python
8020,Python
8021,Python
8022,C
8022,C++
8022,SQL
8022,Python
8022,Bash
8023,Python
8023,Java
8023,SQL
8024,Python
8025,Python
8027,SQL
8027,Python
8028,Java
8028,C++
8028,Python
8028,SQL
8029,Python
8029,SQL
8030,Python
8030,C
8032,Bash
8032,Python
8034,Python
8034,SQL
8034,R
8034,Java
8034,Javascript
8035,Python
8035,MATLAB
8035,C
8036,Python
8036,SQL
8038,Python
8038,C
8039,C++
8039,Python
8040,C++
8040,Python
8040,SQL
8041,Python
8042,Python
8043,Javascript
8043,SQL
8043,R
8043,C++
8043,C
8043,Python
8044,Other
8046,SQL
8046,Python
8047,C
8047,Python
8048,C++
8048,SQL
8048,Python
8049,MATLAB
8049,C
8049,Python
8049,C++
8050,Python
8051,Other
8052,SQL
8052,MATLAB
8052,Python
8052,C
8052,C++
8053,R
8053,Python
8053,Bash
8054,Python
8055,Python
8056,Java
8056,SQL
8056,Javascript
8056,C++
8056,MATLAB
8056,Other
8057,Python
8059,Python
8059,C++
8060,Python
8061,Bash
8061,Python
8062,Python
8063,Python
8064,Python
8065,Python
8065,R
8065,SQL
8066,Python
8066,Bash
8067,Java
8067,C
8067,C++
8067,MATLAB
8067,Python
8068,Javascript
8068,Python
8068,Bash
8068,Other
8068,C
8068,SQL
8069,SQL
8069,Python
8069,C++
8070,SQL
8070,Python
8070,R
8070,C
8070,PHP
8070,Java
8070,MATLAB
8070,Javascript
8070,C++
8070,Bash
8071,Python
8071,SQL
8071,C++
8073,Python
8074,C++
8074,Java
8074,Python
8074,Javascript
8076,SQL
8077,Python
8077,Javascript
8077,R
8077,SQL
8077,PHP
8078,SQL
8078,R
8079,R
8079,Python
8080,R
8080,Python
8081,Other
8081,SQL
8081,MATLAB
8081,R
8081,Javascript
8082,Python
8083,Java
8084,C++
8084,C
8084,Java
8084,SQL
8084,Python
8085,Javascript
8085,C++
8085,Java
8085,Python
8085,SQL
8086,C#
8086,Javascript
8086,Python
8087,Python
8087,SQL
8088,Python
8088,C
8089,MATLAB
8089,Python
8090,Python
8091,Python
8092,C#
8092,R
8092,Python
8092,MATLAB
8092,SQL
8093,Python
8093,C++
8093,C
8094,C++
8094,Javascript
8094,Java
8094,SQL
8094,R
8094,C
8094,Bash
8094,C#
8094,Python
8096,Python
8096,C++
8096,Other
8097,Python
8097,SQL
8100,SQL
8100,C
8100,Java
8100,Python
8100,MATLAB
8101,Java
8101,Python
8101,C#
8101,Javascript
8101,C++
8101,SQL
8101,PHP
8102,Python
8103,Python
8103,MATLAB
8104,Python
8105,Other
8106,R
8106,Python
8106,SQL
8107,SQL
8107,Bash
8107,Python
8108,Python
8108,C
8109,Python
8109,SQL
8110,Javascript
8110,R
8111,Python
8111,Javascript
8113,C
8113,Python
8114,Python
8115,Python
8116,C++
8116,Python
8116,C
8117,Javascript
8117,MATLAB
8117,C
8117,SQL
8117,Python
8118,Python
8118,Javascript
8118,Go
8118,C#
8118,SQL
8119,Python
8120,MATLAB
8120,Python
8121,Bash
8121,SQL
8121,Python
8122,SQL
8122,Python
8124,C++
8124,Python
8125,Python
8125,Java
8125,R
8125,C#
8125,SQL
8126,Python
8126,SQL
8127,SQL
8127,Javascript
8127,Python
8127,R
8129,SQL
8129,Python
8130,Java
8130,C++
8130,Python
8130,Javascript
8131,Python
8132,C#
8132,C++
8132,Javascript
8132,SQL
8132,Java
8132,PHP
8133,Python
8133,SQL
8133,C#
8133,C++
8136,MATLAB
8136,Python
8137,Python
8137,Java
8140,Javascript
8140,C
8140,Julia
8140,Python
8140,SQL
8140,Bash
8141,C#
8141,C++
8141,Python
8141,Java
8142,Python
8142,SQL
8143,PHP
8143,C++
8143,Python
8143,C
8143,SQL
8143,Javascript
8143,MATLAB
8143,Java
8144,Python
8144,C
8144,SQL
8144,Javascript
8144,C++
8144,Go
8144,Bash
8145,Python
8145,PHP
8145,C#
8145,C++
8145,R
8145,C
8145,MATLAB
8146,Python
8147,Python
8147,SQL
8147,C++
8148,SQL
8148,R
8148,Python
8150,Python
8151,C
8151,C++
8151,Python
8152,Python
8153,C++
8153,SQL
8153,R
8153,Python
8154,Java
8154,Python
8154,C++
8154,MATLAB
8154,Bash
8155,R
8155,SQL
8156,Python
8157,R
8158,Python
8159,PHP
8159,C
8159,C++
8159,SQL
8159,Go
8159,Python
8159,C#
8159,MATLAB
8160,Java
8161,C++
8161,Python
8161,C
8163,Java
8163,C
8163,Python
8163,C++
8164,Python
8164,MATLAB
8164,C
8164,R
8164,SQL
8164,C++
8165,Python
8166,Javascript
8166,Python
8166,SQL
8166,PHP
8166,Java
8166,C++
8167,SQL
8167,Javascript
8167,Java
8167,Python
8168,SQL
8168,R
8168,Python
8169,Python
8170,Python
8171,SQL
8171,Python
8172,SQL
8172,Python
8172,Java
8173,R
8173,C#
8173,Python
8173,SQL
8174,Python
8175,R
8177,Python
8178,Java
8178,MATLAB
8178,R
8178,Python
8178,C
8179,R
8179,C
8180,Python
8180,SQL
8180,PHP
8181,C
8181,C#
8181,Python
8181,R
8181,SQL
8181,C++
8183,Java
8183,C++
8183,Python
8184,Python
8184,SQL
8185,SQL
8185,Python
8186,Python
8186,MATLAB
8186,Other
8187,Julia
8187,Javascript
8187,R
8187,SQL
8187,Java
8187,MATLAB
8187,Python
8187,C++
8188,Python
8188,R
8190,SQL
8190,Python
8191,SQL
8191,Julia
8191,Python
8192,Python
8192,R
8193,Java
8193,Python
8194,Python
8195,Python
8195,SQL
8196,SQL
8196,Python
8196,C
8196,C++
8197,SQL
8197,Python
8197,Go
8197,C
8197,Java
8197,R
8197,MATLAB
8197,Julia
8197,C++
8198,SQL
8199,C++
8199,SQL
8199,R
8199,C
8199,Python
8199,Java
8200,Python
8201,Python
8203,Python
8203,C
8203,Julia
8203,Other
8203,Javascript
8204,Python
8204,R
8205,Python
8205,SQL
8206,C++
8206,MATLAB
8207,Python
8207,SQL
8208,Bash
8208,Python
8208,R
8209,SQL
8209,Python
8210,Java
8210,C++
8210,C#
8210,Python
8211,Python
8211,SQL
8212,Python
8212,R
8212,SQL
8212,Bash
8213,Python
8213,SQL
8214,Python
8215,R
8215,SQL
8215,Python
8215,MATLAB
8216,R
8216,Python
8216,Java
8216,SQL
8217,R
8217,Python
8217,SQL
8218,Python
8218,C
8219,Javascript
8219,SQL
8219,Python
8220,SQL
8220,Python
8220,R
8221,MATLAB
8221,Python
8222,Python
8222,MATLAB
8223,Python
8223,R
8223,MATLAB
8223,SQL
8224,Python
8224,C++
8227,Python
8227,R
8227,SQL
8228,Bash
8228,SQL
8228,Python
8229,Java
8229,SQL
8229,PHP
8229,C#
8229,Javascript
8229,Python
8229,C
8229,C++
8230,SQL
8230,MATLAB
8230,Python
8231,Python
8232,R
8232,Python
8232,C++
8233,Javascript
8233,Python
8233,R
8233,SQL
8234,Bash
8234,Javascript
8234,SQL
8234,Python
8235,C++
8235,Java
8235,Python
8236,MATLAB
8236,Python
8236,SQL
8236,PHP
8237,Python
8237,Javascript
8238,Python
8238,C++
8238,SQL
8238,R
8239,Python
8240,Python
8241,Python
8242,Python
8243,Python
8243,Java
8244,Python
8245,R
8245,Java
8245,Bash
8245,Javascript
8245,Python
8245,SQL
8246,C#
8246,PHP
8246,SQL
8246,Javascript
8247,Python
8248,Other
8248,Python
8250,Python
8253,MATLAB
8253,Python
8253,C++
8257,SQL
8257,Python
8258,Python
8258,SQL
8259,C++
8259,Python
8259,Java
8259,SQL
8260,SQL
8260,Python
8260,R
8261,Python
8261,C
8262,Python
8262,MATLAB
8262,Java
8262,C++
8262,C
8262,Bash
8262,Javascript
8263,Python
8264,Python
8264,SQL
8265,Python
8266,SQL
8266,Python
8267,SQL
8267,R
8267,Python
8268,Python
8268,MATLAB
8268,SQL
8268,R
8269,Python
8269,C
8270,Python
8270,SQL
8271,SQL
8271,R
8271,Python
8271,C++
8271,Java
8272,R
8272,C
8272,C++
8272,PHP
8272,Python
8272,MATLAB
8272,SQL
8273,Python
8274,Java
8274,SQL
8274,Python
8274,Bash
8275,Python
8275,PHP
8275,Javascript
8275,MATLAB
8275,SQL
8276,SQL
8276,Python
8278,Python
8279,Python
8280,C++
8280,Python
8281,Python
8282,Python
8282,R
8282,Other
8284,SQL
8284,Python
8285,Python
8285,C++
8285,Bash
8286,R
8286,SQL
8286,Python
8287,Python
8287,Javascript
8288,Python
8289,Python
8290,PHP
8290,Javascript
8290,C++
8290,SQL
8290,Java
8291,C++
8291,SQL
8291,Python
8291,C
8292,Python
8292,SQL
8294,Java
8294,Javascript
8294,Python
8294,R
8294,SQL
8295,SQL
8296,Python
8296,R
8296,SQL
8296,Javascript
8296,Other
8296,C++
8297,Javascript
8297,Java
8298,R
8298,Python
8300,MATLAB
8300,Python
8300,C++
8301,Python
8302,C#
8303,Python
8305,Python
8305,SQL
8305,PHP
8305,Javascript
8305,Java
8306,C++
8306,Javascript
8306,Python
8307,C#
8307,C
8307,MATLAB
8307,Java
8307,PHP
8307,C++
8307,SQL
8307,R
8307,Python
8307,Go
8307,Javascript
8309,C++
8309,Other
8310,Java
8310,C
8310,C++
8310,SQL
8310,R
8310,Python
8311,Python
8312,Python
8312,SQL
8313,SQL
8313,Python
8313,Javascript
8314,Bash
8314,R
8314,Julia
8314,Python
8314,SQL
8314,C++
8314,Go
8314,C#
8316,Python
8317,Python
8317,SQL
8318,SQL
8318,C#
8319,Javascript
8319,Python
8320,Python
8321,Python
8323,Python
8323,SQL
8323,C++
8324,SQL
8324,Julia
8324,Bash
8324,C++
8324,R
8325,Javascript
8325,Python
8326,SQL
8326,Python
8327,SQL
8327,Python
8328,Python
8329,Other
8329,SQL
8329,PHP
8329,C++
8329,Java
8329,Javascript
8329,Python
8329,C
8329,C#
8330,Python
8330,R
8330,Julia
8330,SQL
8331,Java
8332,Python
8335,Python
8335,C++
8335,C
8336,Java
8336,PHP
8336,Javascript
8336,C#
8336,C
8336,R
8336,C++
8336,Python
8339,Python
8339,SQL
8339,Javascript
8340,Python
8340,Java
8340,C++
8342,SQL
8342,Python
8343,Python
8344,Python
8344,C
8345,C
8345,Python
8345,SQL
8346,Javascript
8346,R
8346,PHP
8346,SQL
8346,Python
8347,C++
8347,C
8349,Python
8349,C
8349,Java
8351,Bash
8351,SQL
8351,R
8351,Python
8352,Julia
8352,Python
8352,SQL
8353,Python
8353,R
8353,Other
8354,R
8355,Python
8355,SQL
8357,SQL
8357,Python
8357,C++
8359,Python
8360,MATLAB
8360,R
8360,Python
8360,SQL
8360,Java
8361,R
8362,SQL
8362,Python
8362,Bash
8363,Bash
8363,Python
8363,SQL
8364,Python
8365,Python
8366,R
8367,Python
8368,Javascript
8368,C++
8368,PHP
8368,SQL
8368,Python
8368,Java
8369,R
8369,MATLAB
8369,Python
8369,PHP
8369,Javascript
8370,Python
8370,MATLAB
8370,SQL
8371,Python
8373,R
8373,Python
8374,SQL
8374,Python
8374,C#
8376,SQL
8376,Python
8377,Python
8378,Python
8378,Java
8379,C++
8379,Java
8379,Python
8379,SQL
8379,C
8381,MATLAB
8381,C++
8381,Python
8381,C
8383,Python
8383,R
8383,SQL
8384,C
8384,R
8384,Python
8385,Java
8385,Python
8385,Other
8387,Python
8389,Python
8389,SQL
8389,Bash
8390,Python
8390,C
8391,R
8391,Python
8391,Javascript
8391,SQL
8391,Java
8391,C++
8393,Python
8394,Python
8396,R
8396,SQL
8396,Python
8398,R
8399,Python
8399,SQL
8400,Python
8402,Python
8402,Other
8403,Java
8403,MATLAB
8403,C
8403,Python
8404,C#
8404,Python
8404,Javascript
8404,SQL
8405,Python
8405,Bash
8405,Julia
8405,SQL
8407,R
8407,SQL
8407,Python
8408,MATLAB
8408,SQL
8408,Python
8408,Java
8409,SQL
8409,Python
8410,Java
8410,Python
8411,Python
8411,SQL
8411,Javascript
8411,R
8411,Java
8411,C#
8412,Python
8412,MATLAB
8412,C
8413,C++
8413,Python
8413,Java
8414,C#
8415,Python
8415,C
8415,C++
8416,Python
8416,MATLAB
8416,C++
8416,C
8416,R
8417,Javascript
8417,C++
8417,Python
8418,Javascript
8418,R
8418,SQL
8418,Python
8419,SQL
8419,Javascript
8419,R
8419,Bash
8419,Python
8421,Python
8422,Other
8422,Java
8422,Python
8423,SQL
8424,Python
8424,R
8425,SQL
8425,Python
8425,R
8425,MATLAB
8426,Python
8426,R
8427,Python
8427,C#
8427,SQL
8429,Python
8430,Python
8431,Python
8431,SQL
8431,R
8432,C++
8432,Python
8433,Other
8434,C++
8434,SQL
8434,Java
8434,Python
8434,C
8435,MATLAB
8435,SQL
8435,Python
8435,C++
8436,Python
8436,C
8436,SQL
8436,C#
8436,Javascript
8436,C++
8438,Python
8438,SQL
8438,PHP
8439,Python
8440,SQL
8440,PHP
8440,R
8440,Javascript
8443,PHP
8443,Javascript
8443,SQL
8444,C
8444,MATLAB
8444,C++
8444,Python
8445,R
8445,SQL
8445,Python
8446,C
8446,Python
8447,Java
8447,SQL
8447,C++
8447,Python
8448,Python
8449,Python
8449,Javascript
8449,SQL
8451,C++
8451,Javascript
8451,R
8451,Python
8451,SQL
8451,Java
8451,C#
8452,Other
8452,SQL
8454,R
8454,Python
8456,MATLAB
8457,Python
8459,Python
8459,Java
8461,Python
8462,C
8462,Python
8463,Python
8464,C++
8464,C#
8464,Java
8465,Python
8465,SQL
8466,Java
8466,MATLAB
8466,Javascript
8468,Python
8468,SQL
8469,Javascript
8469,SQL
8469,Python
8469,PHP
8469,Bash
8470,Python
8471,Python
8472,Python
8472,R
8473,Javascript
8473,Python
8473,Bash
8474,Python
8474,MATLAB
8474,SQL
8474,R
8475,Python
8475,MATLAB
8475,Javascript
8476,Python
8476,R
8476,SQL
8477,R
8477,Bash
8477,SQL
8477,Python
8478,Bash
8478,SQL
8478,Python
8479,SQL
8479,Java
8480,SQL
8480,Python
8481,Python
8481,R
8482,Python
8483,Java
8483,Python
8484,Python
8484,C++
8485,SQL
8485,Python
8485,Java
8485,C
8485,C++
8486,Python
8486,SQL
8487,C#
8487,Javascript
8487,C++
8487,Python
8487,SQL
8487,Java
8487,C
8488,Python
8489,Python
8489,SQL
8489,Java
8492,Python
8492,SQL
8492,R
8493,Python
8493,MATLAB
8494,Javascript
8494,C
8494,C++
8494,SQL
8495,Python
8496,Other
8496,Javascript
8499,PHP
8499,Other
8499,Python
8499,Java
8499,R
8499,SQL
8500,MATLAB
8500,SQL
8500,C
8501,R
8501,SQL
8501,Python
8502,Python
8502,SQL
8502,R
8503,PHP
8504,C
8504,Python
8504,SQL
8506,C++
8506,R
8506,C
8506,Python
8507,Python
8507,SQL
8507,R
8507,Javascript
8508,Python
8511,PHP
8511,C
8511,Javascript
8511,SQL
8511,C#
8511,R
8511,Go
8511,Bash
8511,C++
8511,Java
8511,MATLAB
8511,Julia
8511,Python
8512,MATLAB
8512,R
8512,Python
8512,C++
8512,C
8512,SQL
8513,Python
8513,SQL
8513,C++
8513,C
8513,Javascript
8514,Python
8514,R
8515,C++
8515,Python
8515,Javascript
8515,SQL
8516,Python
8516,C++
8516,R
8516,SQL
8517,C#
8517,SQL
8517,Python
8517,PHP
8517,Java
8517,C++
8518,Python
8519,Python
8519,MATLAB
8520,Bash
8520,Python
8520,R
8521,C++
8521,Javascript
8521,Python
8522,Java
8522,Python
8522,C
8523,Python
8523,C++
8523,Java
8523,C
8524,SQL
8524,Javascript
8524,C++
8524,C
8524,Java
8525,SQL
8525,C
8525,Python
8526,Python
8526,SQL
8528,Python
8529,Javascript
8529,SQL
8529,Python
8529,PHP
8530,Javascript
8530,Python
8531,SQL
8531,Python
8531,Java
8531,Javascript
8532,C++
8532,Python
8533,Python
8535,SQL
8535,Python
8536,MATLAB
8536,R
8536,Other
8537,SQL
8537,PHP
8537,Javascript
8538,C++
8538,SQL
8538,Python
8542,Python
8542,SQL
8543,Python
8543,R
8543,SQL
8544,PHP
8544,Python
8545,MATLAB
8545,Javascript
8545,Python
8546,Python
8546,C
8546,Other
8547,Python
8547,MATLAB
8548,C
8548,MATLAB
8548,SQL
8548,Python
8548,Java
8549,Python
8549,C
8550,Bash
8550,Python
8550,SQL
8551,SQL
8552,SQL
8552,Java
8552,C++
8553,SQL
8554,MATLAB
8555,SQL
8555,Bash
8555,Python
8555,Java
8556,Python
8557,Java
8557,C
8557,SQL
8557,Python
8559,PHP
8559,Other
8559,R
8559,SQL
8559,Python
8560,Python
8560,Javascript
8561,Python
8562,Python
8563,C
8563,Python
8563,MATLAB
8563,SQL
8563,C++
8564,C++
8564,Python
8564,C
8564,Java
8565,Java
8565,Python
8565,C++
8565,SQL
8565,Javascript
8565,C
8566,Python
8566,C
8567,Python
8567,C
8568,C++
8568,Python
8568,SQL
8569,Java
8569,SQL
8569,MATLAB
8569,Python
8569,R
8569,Other
8570,Python
8572,Python
8573,C
8573,MATLAB
8573,Python
8574,Python
8575,C
8575,C++
8576,Python
8576,C++
8579,Python
8580,C#
8580,Python
8581,Python
8583,Python
8584,Java
8584,Python
8585,Python
8585,R
8585,SQL
8585,MATLAB
8585,Javascript
8586,Python
8586,SQL
8587,Python
8587,C
8588,SQL
8588,Python
8589,Python
8591,Python
8592,R
8592,SQL
8592,Python
8593,Python
8593,PHP
8593,Javascript
8593,Java
8593,C#
8595,C++
8595,Python
8595,C
8596,Python
8597,SQL
8597,Python
8598,Java
8598,Other
8598,Python
8599,SQL
8599,C
8599,C++
8599,Python
8600,Java
8600,Python
8601,Javascript
8601,Python
8601,Go
8602,Python
8603,R
8603,Python
8604,Python
8605,SQL
8605,Python
8605,Java
8605,C
8605,C++
8606,Python
8606,Javascript
8607,Python
8607,SQL
8608,SQL
8608,Python
8609,Python
8610,Python
8610,C++
8611,Python
8611,Javascript
8611,C#
8612,Java
8612,Go
8612,MATLAB
8612,C++
8612,Python
8613,Python
8613,SQL
8613,Javascript
8613,R
8614,Bash
8614,SQL
8614,Python
8614,Javascript
8614,C#
8615,SQL
8615,MATLAB
8615,Python
8618,SQL
8619,Python
8620,Python
8621,PHP
8621,Python
8621,SQL
8621,Javascript
8622,R
8622,SQL
8622,Python
8623,Python
8623,R
8624,Python
8624,Julia
8625,Python
8625,Other
8626,Python
8627,SQL
8627,Python
8628,Javascript
8628,Python
8629,Bash
8629,R
8629,Python
8629,SQL
8630,C++
8630,Python
8631,SQL
8631,C++
8633,C++
8633,Python
8633,C
8633,Java
8634,Python
8634,SQL
8635,SQL
8635,Python
8635,C++
8637,Python
8637,SQL
8638,R
8638,Python
8640,SQL
8640,Python
8642,Python
8642,SQL
8643,Julia
8643,Python
8644,Python
8645,Bash
8645,Python
8645,Other
8645,R
8645,MATLAB
8647,Python
8647,SQL
8648,Python
8648,Java
8648,Javascript
8649,SQL
8649,Python
8649,R
8650,Other
8650,Python
8650,Javascript
8651,Python
8651,SQL
8652,Python
8653,MATLAB
8653,SQL
8653,Python
8654,SQL
8654,R
8654,Python
8654,MATLAB
8655,MATLAB
8655,Python
8655,PHP
8655,Javascript
8655,Java
8655,SQL
8656,Python
8656,R
8657,Python
8657,SQL
8658,SQL
8658,Python
8659,PHP
8659,C
8659,SQL
8660,Python
8661,C
8661,C++
8661,Python
8661,SQL
8661,Javascript
8661,PHP
8661,Java
8662,Python
8662,C++
8662,C
8663,SQL
8663,C++
8663,Python
8664,Java
8664,Python
8664,SQL
8665,C
8665,Python
8665,PHP
8666,Python
8666,SQL
8669,SQL
8669,Java
8669,Python
8669,Bash
8669,Javascript
8669,C#
8670,C++
8670,Python
8670,MATLAB
8670,SQL
8671,C++
8671,Python
8672,Java
8672,Python
8672,Javascript
8673,C++
8673,C
8673,C#
8673,MATLAB
8673,Python
8674,SQL
8674,R
8674,PHP
8674,Javascript
8674,C++
8674,Python
8674,MATLAB
8675,Python
8676,Python
8676,SQL
8676,R
8677,R
8677,Python
8677,Javascript
8678,Bash
8678,Python
8678,C++
8678,MATLAB
8679,C
8679,SQL
8679,Java
8679,Python
8679,C++
8680,Python
8680,SQL
8681,MATLAB
8682,Python
8683,MATLAB
8683,SQL
8683,Python
8685,Java
8685,Javascript
8685,PHP
8685,Python
8687,Python
8687,Javascript
8687,Other
8688,Python
8689,Python
8689,R
8690,Java
8690,SQL
8690,Python
8690,MATLAB
8690,C++
8691,Python
8691,SQL
8691,Javascript
8692,Python
8693,Python
8693,SQL
8693,R
8694,C
8694,MATLAB
8694,Python
8695,C
8695,SQL
8695,Python
8695,C++
8695,PHP
8697,Javascript
8697,C
8697,C++
8697,Python
8698,Other
8698,Python
8699,PHP
8699,Java
8699,Python
8699,Javascript
8699,C
8700,C++
8700,C
8700,C#
8700,Python
8701,C++
8702,C
8702,Java
8702,C++
8703,C
8703,Bash
8703,SQL
8703,Julia
8703,Java
8703,Python
8703,C++
8704,SQL
8704,Python
8704,R
8705,Python
8706,SQL
8706,R
8706,Python
8707,Python
8707,MATLAB
8707,SQL
8708,R
8709,Python
8710,Python
8710,SQL
8711,SQL
8711,Java
8711,Python
8711,MATLAB
8711,R
8711,Javascript
8711,Bash
8713,R
8717,C
8717,C++
8718,Python
8718,SQL
8720,Other
8720,SQL
8720,Python
8721,Python
8722,SQL
8722,Python
8723,SQL
8723,Python
8725,Python
8726,Python
8727,Python
8727,Java
8728,Python
8728,Javascript
8728,C#
8729,SQL
8729,Python
8730,Python
8731,Other
8732,Python
8732,R
8733,C++
8734,R
8734,Other
8735,Javascript
8735,Python
8736,Python
8736,SQL
8736,MATLAB
8736,C#
8736,R
8736,C++
8737,SQL
8737,Python
8738,Python
8738,Javascript
8738,Bash
8738,C#
8739,SQL
8739,Python
8740,Python
8740,SQL
8742,Python
8742,Java
8743,Java
8743,C#
8743,Other
8743,C
8743,SQL
8743,Python
8743,PHP
8743,C++
8744,Python
8744,SQL
8745,Bash
8745,Python
8745,C++
8745,PHP
8745,R
8746,Python
8747,Python
8747,SQL
8749,SQL
8750,Python
8751,Python
8751,SQL
8751,R
8752,Python
8753,SQL
8753,Other
8754,C++
8754,Python
8755,Other
8755,Python
8755,SQL
8755,R
8756,Javascript
8756,Python
8756,SQL
8757,Javascript
8757,Python
8757,C++
8757,Other
8758,Python
8758,SQL
8759,MATLAB
8759,Python
8759,SQL
8759,Bash
8760,Python
8761,SQL
8761,PHP
8761,Python
8762,Python
8763,SQL
8763,Python
8764,SQL
8764,C++
8764,R
8764,Python
8765,Python
8766,Python
8766,SQL
8768,Python
8769,Python
8769,Other
8770,R
8770,Python
8770,MATLAB
8772,C#
8772,PHP
8772,Python
8773,Javascript
8773,Java
8773,C#
8773,PHP
8773,C++
8773,Python
8773,R
8773,SQL
8774,C++
8774,C
8774,Javascript
8775,SQL
8775,Python
8775,Other
8775,C#
8775,R
8776,Python
8777,SQL
8777,Python
8778,C
8778,MATLAB
8778,SQL
8778,C++
8778,Python
8778,R
8780,R
8780,SQL
8780,Other
8784,SQL
8784,Python
8785,R
8785,Other
8785,SQL
8785,MATLAB
8786,Python
8786,SQL
8787,Python
8787,Java
8787,C++
8787,SQL
8787,R
8787,C
8788,SQL
8788,Javascript
8788,Python
8790,SQL
8790,R
8790,Python
8791,Python
8793,SQL
8793,Python
8794,Other
8794,Python
8794,Javascript
8795,Python
8796,SQL
8796,R
8796,Python
8796,Other
8797,Python
8798,Python
8798,SQL
8798,R
8799,SQL
8799,Python
8800,Bash
8800,SQL
8800,Python
8800,Java
8801,Python
8802,Python
8803,Javascript
8803,Python
8804,R
8804,Python
8805,SQL
8805,Java
8805,Python
8805,Bash
8806,MATLAB
8806,Python
8807,Python
8807,SQL
8809,C++
8809,Python
8809,SQL
8809,R
8809,Javascript
8809,Bash
8809,Java
8810,C
8810,SQL
8810,Javascript
8810,Python
8811,C#
8811,Python
8811,Java
8812,Python
8813,Javascript
8813,C++
8813,Python
8813,PHP
8813,SQL
8813,C
8815,Python
8815,MATLAB
8815,C
8815,Java
8815,C++
8816,Java
8816,MATLAB
8816,C
8818,Python
8818,R
8819,Python
8820,Python
8820,SQL
8822,Python
8822,SQL
8823,MATLAB
8823,C
8823,R
8823,Python
8824,Python
8825,Python
8827,Javascript
8827,SQL
8827,Python
8828,SQL
8828,Python
8828,C#
8828,Javascript
8829,SQL
8829,R
8830,PHP
8830,C#
8830,Python
8830,SQL
8830,C
8830,C++
8830,Javascript
8831,SQL
8831,Bash
8831,Javascript
8831,Python
8831,Java
8832,SQL
8832,Other
8835,Python
8836,Python
8836,R
8837,R
8838,SQL
8838,C
8838,Javascript
8838,C++
8838,Julia
8839,C++
8839,R
8839,Javascript
8839,Python
8839,Java
8840,Go
8840,Python
8840,SQL
8840,Javascript
8841,Python
8841,C
8841,Java
8841,Javascript
8842,Python
8843,Python
8845,Go
8845,C
8845,Javascript
8845,MATLAB
8845,Bash
8845,SQL
8845,Julia
8845,C++
8845,C#
8845,Java
8845,Python
8845,R
8845,PHP
8846,Bash
8846,C++
8846,Java
8846,Python
8846,SQL
8846,C
8847,Java
8847,C
8848,SQL
8848,MATLAB
8848,C++
8848,Python
8848,Java
8849,SQL
8849,R
8849,Python
8850,C++
8850,SQL
8850,C
8850,Python
8850,Java
8851,SQL
8851,R
8851,Python
8852,Python
8852,Java
8853,Python
8854,Python
8855,R
8855,SQL
8857,Python
8857,SQL
8858,Python
8859,Python
8859,SQL
8860,SQL
8861,SQL
8861,MATLAB
8861,PHP
8861,Java
8861,Javascript
8861,Python
8861,C++
8862,Python
8862,R
8863,Python
8863,R
8864,Python
8865,SQL
8865,Python
8866,R
8867,Other
8867,R
8867,Python
8867,SQL
8868,R
8868,Python
8868,SQL
8869,Python
8869,Javascript
8870,SQL
8870,Python
8870,R
8873,Python
8873,SQL
8873,Javascript
8875,Javascript
8875,Python
8875,PHP
8875,Java
8876,Python
8876,Java
8877,MATLAB
8877,Python
8878,Python
8878,SQL
8878,MATLAB
8878,Javascript
8879,Javascript
8879,R
8880,SQL
8880,Python
8882,R
8882,MATLAB
8882,Python
8882,Java
8882,C++
8882,SQL
8882,Julia
8883,Python
8883,R
8884,Java
8885,Python
8885,SQL
8887,Java
8887,SQL
8887,Python
8888,Javascript
8888,C#
8888,Python
8889,R
8889,Bash
8889,SQL
8889,Python
8890,Javascript
8890,PHP
8890,C++
8890,Python
8891,Python
8891,R
8891,SQL
8892,Python
8892,SQL
8892,Java
8892,Javascript
8894,Python
8894,MATLAB
8894,C
8894,C++
8894,Bash
8895,C
8895,C++
8895,MATLAB
8895,Python
8896,SQL
8897,C
8897,Python
8897,Javascript
8897,SQL
8897,Bash
8898,SQL
8898,PHP
8898,Python
8898,Javascript
8899,Python
8900,Python
8901,Python
8901,R
8901,C++
8901,Bash
8901,SQL
8902,Python
8903,Python
8904,C
8904,Python
8905,SQL
8905,Python
8905,R
8906,Java
8906,Python
8907,Python
8907,C++
8907,C
8907,Javascript
8909,Javascript
8909,Java
8909,C#
8909,C++
8909,Bash
8909,Go
8909,SQL
8909,Python
8910,SQL
8910,Python
8910,R
8911,Python
8911,Bash
8912,Python
8912,Java
8913,Python
8913,R
8913,SQL
8914,Python
8915,Python
8915,Bash
8915,SQL
8915,R
8916,Python
8916,Bash
8916,C++
8916,Javascript
8916,Go
8916,C
8917,Python
8918,Python
8918,MATLAB
8918,C
8919,SQL
8919,Python
8920,Python
8921,R
8921,Python
8921,Other
8923,Python
8923,R
8924,SQL
8924,Python
8925,Python
8925,C++
8925,R
8925,MATLAB
8926,Other
8926,Python
8926,Javascript
8926,Bash
8926,Java
8926,Go
8927,Python
8928,Python
8928,C
8929,C
8929,Python
8930,R
8930,Python
8931,R
8932,C++
8932,C
8932,Java
8933,Python
8933,C
8934,Python
8935,Python
8935,SQL
8936,C#
8936,Java
8936,Javascript
8936,SQL
8936,Python
8937,Python
8938,Other
8938,R
8939,R
8939,SQL
8939,Python
8939,Bash
8939,Javascript
8939,Java
8941,R
8941,Python
8942,C#
8942,Java
8942,Python
8942,SQL
8944,PHP
8944,Python
8944,R
8944,Java
8944,SQL
8945,SQL
8945,Python
8946,Python
8947,Java
8947,Javascript
8947,Python
8947,PHP
8947,Bash
8947,SQL
8948,SQL
8948,Python
8949,R
8949,Python
8949,SQL
8950,MATLAB
8950,SQL
8950,Python
8950,C++
8950,Java
8950,C#
8950,R
8951,PHP
8952,Python
8954,MATLAB
8954,SQL
8954,C
8954,Java
8954,C++
8954,Python
8955,Python
8955,Javascript
8958,C
8958,Javascript
8958,Python
8959,Python
8959,SQL
8960,Python
8960,C++
8961,Python
8962,Python
8963,Python
8963,R
8963,SQL
8964,SQL
8964,R
8964,Python
8965,Python
8965,C
8966,Python
8967,SQL
8968,PHP
8968,Python
8968,MATLAB
8969,R
8971,Python
8971,R
8971,SQL
8972,R
8972,Python
8973,Python
8973,MATLAB
8973,Javascript
8975,Python
8975,MATLAB
8977,R
8977,C++
8977,C
8977,Python
8978,Python
8978,SQL
8979,Python
8982,Python
8982,R
8982,C
8983,Python
8983,C
8983,SQL
8983,C++
8983,Java
8984,Python
8985,C#
8985,SQL
8985,R
8985,Python
8986,Python
8987,Bash
8987,SQL
8987,Python
8987,R
8987,Other
8988,Python
8989,Bash
8989,SQL
8989,Other
8989,Javascript
8989,Python
8990,Python
8990,SQL
8992,Javascript
8992,C++
8992,SQL
8992,Python
8994,C
8994,MATLAB
8994,Python
8995,Python
8997,Python
8997,SQL
8997,C
8998,SQL
8998,C
8998,MATLAB
8998,C++
8998,R
8998,Python
8998,Bash
8999,Java
8999,Python
9000,Python
9001,Python
9002,Other
9002,Bash
9002,C
9005,R
9005,SQL
9005,Python
9007,Python
9007,R
9007,SQL
9008,Java
9008,SQL
9009,C
9009,C++
9010,Python
9010,Java
9011,Python
9012,Python
9012,R
9012,SQL
9013,Java
9013,Python
9013,Other
9013,Javascript
9013,SQL
9014,Python
9014,SQL
9014,C++
9015,Java
9015,C
9015,Python
9016,Python
9016,SQL
9016,R
9017,R
9017,MATLAB
9017,Python
9018,Other
9019,Bash
9019,Python
9019,SQL
9020,C#
9020,Other
9020,Bash
9020,SQL
9020,Javascript
9021,Java
9021,Python
9021,C
9022,Python
9022,R
9023,Python
9023,SQL
9023,Javascript
9025,Python
9025,R
9027,C++
9027,SQL
9027,Python
9027,C#
9027,PHP
9027,Javascript
9027,R
9027,Java
9028,Python
9028,C#
9028,Javascript
9028,SQL
9029,SQL
9029,Python
9030,SQL
9030,Python
9030,Javascript
9031,SQL
9031,Python
9033,Other
9034,Python
9035,Python
9035,SQL
9036,Python
9036,MATLAB
9036,C
9037,Python
9037,Javascript
9038,Bash
9038,MATLAB
9038,SQL
9038,Python
9038,PHP
9039,SQL
9039,Javascript
9039,Python
9039,R
9039,Java
9040,Python
9041,Python
9042,Python
9042,SQL
9043,C++
9043,C
9043,Python
9044,Java
9044,SQL
9044,Python
9044,C
9044,C++
9045,Python
9045,SQL
9046,Python
9046,C
9046,MATLAB
9046,R
9046,SQL
9047,SQL
9047,Python
9048,Python
9048,Java
9048,C++
9049,Python
9049,Other
9050,C
9050,SQL
9050,Python
9051,Java
9052,Javascript
9052,SQL
9053,SQL
9053,Python
9055,Python
9056,R
9056,Python
9057,SQL
9057,Python
9057,Bash
9057,C
9058,Python
9059,Python
9060,Python
9061,SQL
9061,Python
9061,R
9062,Javascript
9062,C++
9062,PHP
9062,Bash
9062,Python
9062,C#
9062,SQL
9063,R
9063,Other
9064,Python
9065,R
9065,Python
9066,Python
9066,SQL
9066,C#
9066,Java
9066,Javascript
9066,PHP
9066,C++
9067,SQL
9067,C
9067,C++
9067,Python
9069,Python
9069,C
9069,MATLAB
9069,Javascript
9069,C++
9069,SQL
9070,C
9070,Python
9070,MATLAB
9071,SQL
9071,Python
9072,Python
9072,SQL
9073,Python
9073,Other
9073,Javascript
9074,Python
9074,Javascript
9074,SQL
9075,Python
9075,SQL
9076,Python
9077,Python
9078,Python
9078,Java
9079,R
9079,Python
9080,Javascript
9080,C
9080,PHP
9080,Python
9080,SQL
9080,C++
9081,Python
9081,C++
9082,Other
9082,SQL
9083,Python
9084,Python
9085,C
9085,C++
9085,PHP
9085,Javascript
9085,SQL
9085,Python
9085,Java
9086,C++
9086,Javascript
9086,Python
9086,SQL
9087,Python
9087,R
9087,SQL
9087,MATLAB
9087,Other
9089,Python
9089,Java
9089,Bash
9089,Other
9090,Java
9090,Javascript
9090,SQL
9090,C
9090,Python
9090,C++
9091,Python
9092,SQL
9092,Python
9093,Python
9095,SQL
9095,R
9096,Javascript
9096,SQL
9096,R
9096,C
9096,C#
9096,Python
9096,C++
9097,SQL
9097,C
9097,C++
9097,Python
9097,Java
9098,PHP
9098,Python
9099,Java
9099,SQL
9100,SQL
9100,R
9100,Python
9101,Python
9101,C++
9102,SQL
9102,Python
9103,Python
9103,Javascript
9104,Python
9105,Javascript
9105,Python
9105,SQL
9106,Java
9106,Python
9107,R
9107,Python
9108,Other
9108,SQL
9108,Java
9108,Javascript
9108,Python
9108,R
9110,Python
9110,SQL
9110,Bash
9110,R
9111,C++
9111,Python
9112,Python
9113,Python
9114,SQL
9114,Python
9115,C++
9115,Python
9116,Python
9117,C
9117,Python
9119,C++
9119,Python
9120,Python
9120,SQL
9121,Python
9122,R
9122,Python
9124,Python
9124,SQL
9125,Python
9126,Python
9127,Python
9129,Python
9129,R
9129,SQL
9130,Python
9131,SQL
9131,Python
9131,Java
9131,Javascript
9132,Python
9133,SQL
9133,C#
9133,Python
9134,Javascript
9134,C
9134,SQL
9135,Python
9135,R
9136,Python
9136,SQL
9136,R
9137,R
9137,Python
9137,PHP
9137,Other
9139,Python
9140,Python
9141,Python
9142,Python
9143,C#
9143,SQL
9143,Python
9144,SQL
9144,R
9144,Python
9144,Java
9145,Python
9146,Python
9147,Python
9147,SQL
9147,C
9148,Python
9149,Javascript
9149,Python
9149,SQL
9150,Java
9150,SQL
9150,Python
9151,SQL
9151,Python
9151,R
9152,Python
9153,Python
9153,MATLAB
9154,SQL
9154,Java
9154,Python
9154,Javascript
9154,R
9155,C
9155,Python
9156,Java
9156,Python
9156,MATLAB
9157,Python
9157,SQL
9157,Java
9158,C
9158,Python
9158,C++
9159,SQL
9159,Bash
9159,Python
9159,R
9160,MATLAB
9160,PHP
9160,C++
9160,Python
9160,Java
9160,R
9160,Bash
9160,C
9160,Javascript
9160,SQL
9161,Python
9161,SQL
9161,C
9161,Javascript
9161,R
9162,SQL
9162,C
9162,Python
9162,C++
9163,SQL
9163,Python
9164,Python
9164,Java
9164,SQL
9164,C++
9165,R
9165,Python
9166,Java
9166,Python
9168,Python
9168,C++
9168,Java
9168,C
9168,Javascript
9168,SQL
9168,PHP
9169,Python
9169,SQL
9170,Java
9170,C++
9170,Javascript
9170,SQL
9170,R
9170,Python
9171,Other
9172,Bash
9172,SQL
9172,Python
9173,Python
9173,C++
9173,MATLAB
9176,SQL
9176,Bash
9176,Python
9177,Python
9177,C++
9178,Python
9179,C
9179,Python
9179,R
9180,SQL
9180,R
9180,Bash
9180,Python
9181,R
9181,Python
9181,SQL
9182,Python
9182,Javascript
9182,SQL
9182,R
9183,Python
9184,Python
9184,SQL
9185,Python
9186,Python
9187,C#
9187,Python
9187,R
9188,Julia
9188,Python
9189,Python
9189,Go
9189,C#
9189,SQL
9189,R
9190,SQL
9190,Python
9191,Python
9192,SQL
9192,Python
9193,Python
9193,SQL
9194,SQL
9194,Python
9195,R
9196,Python
9197,R
9198,Python
9199,C++
9200,Python
9200,R
9200,SQL
9201,MATLAB
9201,Python
9202,Python
9202,C
9202,C++
9203,MATLAB
9203,Java
9203,Python
9204,SQL
9204,Python
9205,R
9205,Python
9206,Javascript
9206,C
9206,C++
9206,SQL
9206,Python
9206,R
9206,Bash
9206,Java
9206,PHP
9208,C++
9208,MATLAB
9208,Python
9209,Python
9210,Python
9211,Python
9212,SQL
9212,Javascript
9212,Java
9212,Python
9212,PHP
9214,Python
9214,SQL
9215,Python
9215,Bash
9215,R
9215,SQL
9216,Python
9217,Python
9217,Bash
9217,SQL
9218,Java
9219,Javascript
9219,SQL
9219,Python
9219,Bash
9220,Python
9221,Java
9221,SQL
9221,Python
9222,SQL
9222,MATLAB
9222,Python
9222,Javascript
9223,Python
9224,Python
9224,Bash
9224,SQL
9226,C++
9226,Python
9227,Python
9227,SQL
9227,Javascript
9227,Java
9227,C
9229,C
9229,SQL
9229,C++
9229,Python
9229,Other
9229,Java
9231,Python
9231,Java
9231,MATLAB
9232,Python
9233,Python
9233,Javascript
9234,SQL
9234,Python
9235,SQL
9235,Python
9237,R
9237,Python
9237,SQL
9238,Python
9239,C
9239,C++
9239,Python
9239,MATLAB
9239,C#
9240,SQL
9240,Python
9241,R
9241,SQL
9241,Python
9242,Julia
9242,Python
9243,Python
9243,SQL
9245,Python
9245,C++
9245,MATLAB
9246,Java
9246,C++
9246,Python
9246,Javascript
9246,C
9247,Python
9247,MATLAB
9248,Java
9248,PHP
9248,C++
9248,Python
9248,Javascript
9249,Python
9250,Python
9251,MATLAB
9251,Python
9251,R
9252,Python
9253,MATLAB
9253,Python
9254,Python
9255,C++
9255,C#
9255,Javascript
9255,SQL
9256,Python
9259,C++
9259,Python
9260,C
9260,C++
9260,Python
9260,Java
9260,R
9261,SQL
9261,C++
9261,Python
9262,C#
9262,C++
9262,Python
9263,Python
9264,SQL
9265,Python
9265,Bash
9265,R
9266,Python
9266,Bash
9267,Python
9268,Bash
9268,SQL
9268,Python
9269,Python
9271,Java
9272,Python
9272,SQL
9274,Python
9275,Python
9275,C
9275,Java
9276,Python
9277,Python
9279,R
9279,SQL
9279,Python
9280,Python
9281,Python
9282,MATLAB
9282,R
9282,Julia
9283,Javascript
9283,Python
9284,Python
9284,SQL
9285,C++
9286,Julia
9286,Python
9286,C
9286,C#
9286,PHP
9286,MATLAB
9286,Bash
9286,SQL
9286,C++
9286,R
9286,Java
9287,Python
9287,Java
9288,MATLAB
9288,Python
9288,C++
9290,SQL
9290,Python
9291,Python
9291,Java
9291,R
9291,C++
9292,Javascript
9292,R
9292,Java
9292,SQL
9292,Python
9293,Python
9293,Java
9294,PHP
9294,C#
9294,Javascript
9294,Python
9294,SQL
9294,Bash
9296,C#
9296,C
9296,Python
9296,Javascript
9296,PHP
9296,R
9296,C++
9296,SQL
9296,Java
9297,Python
9298,SQL
9298,Python
9298,Javascript
9299,Javascript
9299,C
9299,C#
9299,C++
9300,Bash
9300,SQL
9300,Python
9302,C
9302,Python
9302,Java
9303,Javascript
9303,SQL
9303,PHP
9303,Java
9303,Python
9304,PHP
9304,Java
9304,R
9304,C
9304,Javascript
9304,Python
9304,SQL
9305,SQL
9305,Python
9306,C
9306,Javascript
9306,Java
9306,SQL
9307,Python
9308,Python
9309,Python
9310,C++
9310,Java
9310,Python
9310,C
9310,R
9310,SQL
9310,MATLAB
9312,Python
9312,MATLAB
9312,C++
9312,Javascript
9312,C
9313,Javascript
9313,Python
9314,Python
9314,SQL
9314,MATLAB
9315,C++
9316,Python
9316,C++
9317,SQL
9317,Python
9317,R
9317,Bash
9318,Java
9318,SQL
9318,C
9318,Python
9319,Python
9319,Javascript
9320,Javascript
9320,C++
9320,MATLAB
9320,Python
9321,C++
9321,Java
9321,Javascript
9321,SQL
9321,Go
9321,Bash
9321,Python
9321,C
9322,Python
9323,Go
9323,Bash
9323,Python
9324,SQL
9325,Python
9325,R
9326,Java
9326,Python
9327,Other
9327,SQL
9327,Python
9328,Python
9328,Javascript
9328,SQL
9329,Other
9329,Python
9329,Bash
9330,Python
9330,C++
9331,Python
9331,SQL
9332,Go
9332,Python
9332,PHP
9333,Other
9333,Java
9333,Javascript
9333,SQL
9333,Python
9334,MATLAB
9334,SQL
9334,R
9334,Javascript
9334,Python
9334,C
9334,C++
9334,Java
9335,C
9335,Javascript
9336,Python
9337,Python
9337,C++
9337,Bash
9338,Python
9340,Python
9341,Python
9341,R
9342,Python
9344,Python
9345,MATLAB
9345,Python
9346,Java
9346,C
9346,Python
9346,SQL
9346,Javascript
9347,Other
9347,SQL
9348,Python
9348,SQL
9348,C
9348,C++
9348,C#
9348,Javascript
9348,MATLAB
9348,R
9349,Python
9349,SQL
9350,SQL
9350,Python
9350,C
9351,R
9352,MATLAB
9352,SQL
9352,PHP
9352,Javascript
9352,C
9352,Python
9353,SQL
9353,Python
9354,Java
9354,SQL
9354,C++
9354,Python
9354,C
9355,Python
9355,C++
9355,MATLAB
9357,Python
9357,Java
9357,C
9357,C++
9358,R
9359,Python
9359,Javascript
9360,Python
9360,C
9361,Python
9362,Python
9362,Java
9363,Python
9364,C++
9364,Python
9364,C
9365,SQL
9365,R
9365,Python
9366,Python
9366,SQL
9367,Python
9368,C
9368,Python
9369,Python
9370,Python
9371,Python
9371,MATLAB
9372,Bash
9372,Python
9372,SQL
9373,Python
9373,C
9373,C++
9374,Other
9374,Python
9376,Python
9377,Python
9378,C++
9378,Python
9379,Python
9379,SQL
9379,C
9379,C++
9380,Javascript
9380,C
9380,C#
9380,PHP
9380,Bash
9380,Python
9380,SQL
9381,Javascript
9381,C#
9381,SQL
9381,Python
9382,C#
9382,SQL
9382,MATLAB
9382,C
9382,Python
9382,R
9382,C++
9383,Python
9384,Python
9384,C#
9384,Java
9384,R
9384,C++
9384,C
9385,Python
9386,Bash
9386,SQL
9386,Python
9387,R
9387,SQL
9388,Python
9389,C#
9389,Python
9389,C
9391,Java
9391,Python
9391,R
9392,SQL
9393,Python
9393,SQL
9394,Javascript
9394,Java
9394,Python
9394,SQL
9394,C#
9394,C++
9395,SQL
9395,Python
9397,Python
9397,SQL
9399,Python
9400,R
9400,Python
9400,C#
9401,SQL
9401,R
9402,Python
9402,C++
9402,MATLAB
9403,SQL
9403,Python
9404,Python
9405,Javascript
9405,Python
9406,Python
9406,C++
9406,C
9407,Python
9408,C++
9408,Python
9408,SQL
9409,Python
9409,C
9410,R
9411,SQL
9413,R
9413,Python
9413,SQL
9413,Java
9414,C++
9414,Python
9415,C++
9415,Javascript
9415,Python
9416,SQL
9416,Python
9416,Bash
9416,Julia
9417,C
9418,Python
9418,C++
9419,C
9419,C++
9419,R
9419,Python
9420,Python
9421,Other
9422,Python
9422,C
9422,Java
9423,C
9423,Java
9423,C++
9423,Python
9424,SQL
9424,Java
9424,Python
9425,C++
9425,Java
9425,Python
9426,Java
9426,C++
9426,Python
9426,C
9426,SQL
9427,Python
9427,Java
9428,C#
9428,Python
9428,SQL
9429,PHP
9429,Python
9429,SQL
9430,R
9431,Python
9433,Python
9433,SQL
9434,Python
9436,Python
9437,Python
9438,R
9438,Python
9439,Python
9439,Java
9439,C++
9439,SQL
9440,Python
9440,C
9440,MATLAB
9441,SQL
9441,Python
9442,Python
9443,Python
9445,C++
9445,Python
9445,R
9446,Java
9446,C++
9446,SQL
9446,C
9447,Python
9447,MATLAB
9447,C
9447,PHP
9447,SQL
9448,C#
9448,Javascript
9448,SQL
9448,PHP
9448,Python
9449,Python
9449,SQL
9450,R
9450,Python
9450,SQL
9451,Javascript
9451,Python
9452,C++
9452,Python
9453,Bash
9453,Python
9453,C
9453,C++
9453,SQL
9453,Java
9453,Go
9453,C#
9453,R
9453,PHP
9453,Javascript
9454,SQL
9454,C#
9454,Python
9454,C++
9454,PHP
9455,SQL
9455,Python
9455,MATLAB
9455,R
9456,R
9456,Python
9457,Other
9457,SQL
9457,Python
9458,Python
9458,SQL
9459,SQL
9459,Python
9460,Python
9461,Bash
9461,Python
9463,Python
9463,C#
9464,C++
9464,C
9465,C++
9465,Python
9466,SQL
9466,R
9466,Python
9467,Python
9468,Python
9468,Javascript
9468,Java
9468,SQL
9470,R
9470,Python
9471,SQL
9471,Python
9471,Java
9472,Python
9473,PHP
9473,Python
9473,Javascript
9473,SQL
9473,C#
9474,SQL
9474,Python
9474,Javascript
9474,Java
9474,C++
9474,PHP
9475,SQL
9475,Javascript
9475,Java
9475,Python
9475,Bash
9477,Bash
9477,Go
9477,R
9477,SQL
9477,Python
9478,SQL
9479,SQL
9479,R
9482,Python
9482,SQL
9484,Python
9484,SQL
9484,C
9485,Python
9486,Python
9486,SQL
9486,R
9487,R
9487,Other
9487,Python
9489,Python
9489,PHP
9489,Javascript
9490,Python
9490,C
9490,C++
9490,Java
9490,Javascript
9490,SQL
9490,PHP
9491,Python
9491,R
9492,C++
9492,Java
9492,C
9493,SQL
9493,Python
9494,Python
9494,SQL
9495,R
9495,Python
9495,SQL
9496,Python
9496,C
9496,C++
9498,SQL
9498,MATLAB
9498,Python
9498,Java
9499,Python
9499,C
9499,Java
9499,SQL
9500,Python
9501,R
9501,Python
9501,MATLAB
9502,Java
9502,Python
9503,C++
9503,Python
9503,MATLAB
9503,SQL
9504,SQL
9504,R
9505,SQL
9505,Python
9506,Python
9506,SQL
9506,Java
9506,C++
9506,MATLAB
9506,C#
9507,Javascript
9507,Python
9508,SQL
9508,Python
9509,R
9509,Python
9510,C++
9510,Python
9512,Python
9512,SQL
9512,Julia
9513,Javascript
9513,Java
9513,SQL
9513,R
9513,Python
9514,Python
9514,Bash
9515,Python
9515,MATLAB
9515,Javascript
9515,C
9515,Java
9516,Bash
9516,Python
9517,SQL
9517,Python
9519,Python
9519,SQL
9521,SQL
9521,Python
9522,Python
9522,Java
9523,C++
9523,Python
9523,MATLAB
9524,Python
9525,Python
9526,Python
9527,Python
9527,SQL
9528,R
9528,Python
9529,Python
9529,C++
9529,R
9529,SQL
9530,SQL
9530,Java
9530,Javascript
9530,Python
9531,SQL
9531,Python
9532,Other
9532,SQL
9532,C++
9532,Python
9533,SQL
9533,Python
9533,Java
9533,Javascript
9534,SQL
9534,C++
9534,C#
9534,Javascript
9534,Java
9534,PHP
9534,Python
9534,C
9535,Python
9536,SQL
9537,C
9537,Python
9538,Python
9540,Python
9540,SQL
9540,Other
9541,Python
9542,Python
9543,Python
9544,SQL
9544,Python
9545,Python
9545,MATLAB
9546,Julia
9546,R
9546,Python
9546,SQL
9547,Javascript
9547,C
9547,Java
9547,Python
9547,MATLAB
9547,SQL
9548,SQL
9548,C++
9548,Python
9548,R
9549,SQL
9549,Python
9550,SQL
9550,Javascript
9550,Go
9550,Python
9551,SQL
9551,Python
9551,R
9552,Other
9552,SQL
9552,Python
9553,Python
9554,C#
9554,SQL
9555,Python
9557,R
9558,Python
9561,SQL
9561,Python
9562,SQL
9562,Javascript
9562,Python
9563,R
9563,Python
9564,SQL
9564,Bash
9564,Python
9565,SQL
9565,Python
9566,Python
9567,C#
9567,MATLAB
9567,Python
9567,SQL
9567,C
9568,Python
9568,Javascript
9569,Python
9571,Python
9571,Javascript
9572,Python
9572,SQL
9573,Python
9573,Other
9574,SQL
9574,Python
9575,C++
9575,Javascript
9575,Java
9575,SQL
9575,Python
9576,R
9576,SQL
9577,Python
9578,Python
9578,C#
9578,C
9578,SQL
9578,C++
9578,Java
9578,MATLAB
9578,Javascript
9579,C++
9579,PHP
9579,Python
9580,SQL
9580,C++
9580,Javascript
9580,Python
9580,Java
9580,C
9581,SQL
9581,R
9581,MATLAB
9581,Python
9582,Python
9583,Python
9584,Javascript
9584,Python
9586,Python
9586,Java
9586,SQL
9587,SQL
9587,Python
9589,Java
9589,Python
9589,C
9589,PHP
9589,Bash
9592,R
9592,C#
9592,Python
9593,Python
9593,SQL
9594,SQL
9594,Python
9594,Javascript
9595,SQL
9595,C
9595,Bash
9595,Python
9595,MATLAB
9595,C#
9596,C++
9596,Python
9596,Bash
9597,Java
9597,C
9597,Python
9598,Python
9598,MATLAB
9599,Python
9599,SQL
9600,Python
9602,R
9602,SQL
9602,Python
9602,Other
9603,Python
9603,C
9603,C++
9604,PHP
9604,C++
9604,Python
9604,C#
9604,C
9604,SQL
9604,Java
9605,Python
9606,Python
9606,SQL
9607,Python
9608,Python
9608,Other
9608,SQL
9609,SQL
9609,Python
9610,Javascript
9610,Python
9610,C#
9610,SQL
9612,Javascript
9612,R
9612,Python
9614,Python
9614,SQL
9615,Python
9616,Python
9617,R
9617,Java
9617,C++
9617,SQL
9617,MATLAB
9617,Python
9618,Javascript
9618,Python
9618,Java
9619,SQL
9619,Python
9620,Java
9620,C++
9620,PHP
9620,SQL
9620,Javascript
9620,Python
9620,MATLAB
9620,R
9621,Python
9622,MATLAB
9622,Python
9622,SQL
9623,C
9623,SQL
9623,Python
9625,SQL
9625,Python
9625,R
9626,Python
9627,Python
9627,MATLAB
9627,R
9627,C++
9627,C
9629,Python
9629,C
9630,C++
9630,Python
9630,Javascript
9631,Python
9632,Python
9632,R
9633,SQL
9633,R
9633,Bash
9633,Javascript
9633,C++
9633,Python
9634,SQL
9634,Python
9635,Python
9637,R
9637,Java
9637,Python
9637,C++
9640,Python
9641,C++
9641,Java
9641,PHP
9641,Python
9641,SQL
9641,Javascript
9641,Other
9641,C
9642,Java
9642,C++
9643,R
9643,SQL
9643,Javascript
9643,C#
9644,Java
9644,Python
9644,C++
9644,C
9645,Python
9645,SQL
9646,Python
9648,R
9648,SQL
9649,Python
9649,C
9649,Java
9650,SQL
9650,Python
9651,Python
9652,Python
9652,C
9653,Python
9654,SQL
9654,Other
9654,Python
9655,R
9655,SQL
9655,Python
9655,Java
9656,Python
9657,Python
9657,Java
9657,SQL
9658,Python
9659,R
9659,SQL
9659,Python
9661,Python
9661,R
9663,R
9663,SQL
9663,Python
9663,Java
9663,C++
9663,PHP
9664,Python
9664,R
9665,C
9665,PHP
9665,Javascript
9665,MATLAB
9665,Python
9665,C++
9665,SQL
9666,Javascript
9666,C
9666,C++
9667,Python
9668,SQL
9668,Python
9669,PHP
9669,C++
9669,Javascript
9669,Python
9670,Python
9670,SQL
9671,Python
9672,SQL
9672,Python
9674,Python
9675,Python
9676,R
9676,Python
9676,Javascript
9676,SQL
9677,SQL
9677,Python
9678,Python
9679,C#
9679,MATLAB
9679,Python
9680,C
9680,R
9681,Python
9681,SQL
9682,Java
9682,Python
9683,Python
9683,R
9684,C++
9684,C#
9684,MATLAB
9684,Python
9684,SQL
9685,Python
9686,SQL
9687,Javascript
9687,Python
9687,Java
9687,C
9687,C++
9688,Javascript
9688,SQL
9688,Python
9688,Java
9689,SQL
9689,Python
9690,SQL
9690,Python
9690,C++
9691,Python
9691,SQL
9691,R
9693,Python
9693,Bash
9693,R
9694,SQL
9694,C
9694,Python
9694,C++
9695,Python
9695,R
9695,SQL
9696,Bash
9696,SQL
9696,Python
9696,PHP
9697,Java
9697,C
9697,Python
9698,C#
9698,SQL
9698,Javascript
9698,Java
9698,Python
9699,Other
9699,Go
9700,Python
9701,R
9701,SQL
9702,SQL
9702,Python
9703,Java
9703,SQL
9703,Javascript
9704,Python
9704,PHP
9704,C
9704,C#
9704,C++
9704,SQL
9706,Python
9707,Python
9709,C
9709,C++
9709,MATLAB
9709,Python
9709,Java
9710,C
9710,C++
9710,Python
9712,C++
9712,SQL
9712,C#
9712,Java
9712,MATLAB
9712,C
9712,Python
9713,Python
9714,Python
9714,R
9714,SQL
9714,C#
9715,Python
9715,SQL
9716,Python
9717,Python
9717,Bash
9718,Javascript
9720,C
9720,C++
9720,Python
9721,Python
9721,Bash
9722,SQL
9722,Python
9723,Other
9723,Python
9723,Bash
9723,Javascript
9724,PHP
9724,Python
9725,Python
9726,SQL
9726,Python
9726,C
9726,PHP
9726,Bash
9726,Javascript
9726,Java
9726,C#
9727,C
9727,Python
9728,SQL
9728,R
9730,Python
9731,C++
9731,Python
9731,SQL
9732,MATLAB
9732,Python
9732,Java
9733,SQL
9733,Python
9734,C++
9734,Python
9734,Javascript
9734,Java
9735,Python
9735,R
9737,Python
9737,MATLAB
9738,Bash
9738,SQL
9738,Python
9739,SQL
9739,Python
9740,MATLAB
9740,Java
9740,Javascript
9740,Python
9742,Python
9743,MATLAB
9743,Python
9744,Python
9744,SQL
9745,Other
9745,SQL
9745,PHP
9746,Python
9746,Other
9746,C
9746,C++
9747,Javascript
9747,C++
9747,PHP
9747,SQL
9747,Python
9747,Java
9747,C
9748,SQL
9748,Java
9748,Python
9749,Python
9750,SQL
9750,R
9750,MATLAB
9750,C++
9750,Python
9751,Python
9751,MATLAB
9751,PHP
9751,Javascript
9751,SQL
9751,C
9751,Go
9751,Java
9751,Julia
9751,C#
9751,R
9751,Bash
9751,C++
9752,Python
9752,C++
9752,MATLAB
9752,C
9753,Java
9753,C
9753,Python
9753,R
9755,R
9755,Python
9756,Python
9756,SQL
9757,Python
9757,Bash
9757,Java
9757,Javascript
9758,Python
9760,Python
9761,Java
9761,SQL
9761,C++
9761,R
9761,MATLAB
9761,C
9762,Python
9763,Python
9763,SQL
9765,Other
9765,Python
9766,Python
9766,C
9767,Python
9768,C++
9768,Python
9768,C
9768,SQL
9769,Python
9770,Python
9770,Java
9770,C
9771,Python
9771,C#
9771,R
9772,SQL
9772,Python
9773,Python
9773,Java
9773,SQL
9776,C
9776,SQL
9776,Python
9777,Python
9778,R
9778,C++
9778,C#
9778,MATLAB
9778,Python
9779,Python
9779,C#
9779,Java
9780,R
9781,SQL
9781,Python
9783,C++
9783,C
9783,Python
9783,Bash
9784,Java
9784,MATLAB
9784,C++
9784,Javascript
9784,Python
9785,R
9785,SQL
9787,SQL
9787,Python
9787,Javascript
9787,Bash
9788,Python
9789,Java
9789,Python
9789,SQL
9789,Javascript
9790,Other
9790,Python
9791,C++
9791,MATLAB
9791,Other
9792,Python
9793,Python
9793,SQL
9794,C
9794,Bash
9794,PHP
9794,Javascript
9794,SQL
9794,Python
9794,Other
9795,MATLAB
9795,SQL
9795,Python
9795,R
9796,C++
9796,Other
9796,Javascript
9796,MATLAB
9796,PHP
9796,C#
9796,SQL
9796,Java
9796,Python
9797,Python
9798,C++
9798,Python
9799,SQL
9799,Java
9799,C
9799,Javascript
9800,Python
9801,C
9801,Python
9801,C++
9802,C++
9802,Python
9802,C
9803,SQL
9803,Python
9804,Python
9804,C
9805,Python
9805,Java
9806,Python
9806,SQL
9807,SQL
9807,Python
9808,Python
9809,Python
9809,C
9809,Java
9809,SQL
9810,Python
9811,SQL
9811,Bash
9811,MATLAB
9811,Go
9811,Python
9811,C++
9812,C
9812,Other
9812,MATLAB
9812,Julia
9812,C++
9812,SQL
9812,Bash
9812,Python
9813,SQL
9813,Python
9814,C++
9814,PHP
9814,C
9814,SQL
9814,Python
9814,Javascript
9815,R
9815,MATLAB
9816,Java
9816,Python
9816,R
9816,SQL
9816,Javascript
9816,C
9817,Java
9817,SQL
9817,Python
9818,Python
9818,C++
9820,R
9820,Python
9821,Python
9821,MATLAB
9822,SQL
9822,Python
9823,PHP
9823,Python
9823,Javascript
9823,Bash
9823,SQL
9824,Javascript
9824,Python
9825,SQL
9825,Python
9826,MATLAB
9826,Python
9827,Python
9828,MATLAB
9828,Python
9829,SQL
9829,Python
9830,Python
9831,C
9831,SQL
9831,Python
9831,C++
9831,Java
9833,Python
9833,Other
9833,SQL
9833,MATLAB
9833,R
9833,Bash
9834,R
9835,PHP
9835,C++
9835,MATLAB
9837,Javascript
9837,SQL
9837,PHP
9838,Python
9840,C++
9840,Python
9841,Python
9842,Julia
9842,Bash
9842,Other
9844,R
9844,Python
9845,SQL
9845,Other
9845,Python
9846,Go
9846,SQL
9846,Java
9846,Python
9846,Javascript
9847,R
9847,Python
9848,C++
9848,MATLAB
9848,Python
9848,Javascript
9849,R
9849,SQL
9849,Python
9851,MATLAB
9851,Python
9851,SQL
9852,Python
9852,R
9853,Python
9853,R
9853,SQL
9853,C++
9853,C
9854,SQL
9854,Bash
9854,Python
9855,Python
9855,SQL
9855,Bash
9856,Python
9856,MATLAB
9858,Python
9859,Python
9859,R
9860,Python
9861,Python
9861,SQL
9862,Python
9863,Python
9864,SQL
9864,R
9864,C++
9864,C
9864,Python
9865,Python
9865,Java
9866,Python
9866,C#
9869,R
9869,Python
9871,Python
9871,SQL
9871,C
9873,PHP
9873,SQL
9873,Python
9874,Python
9875,SQL
9875,Python
9877,MATLAB
9877,C++
9877,Java
9877,Python
9877,C
9879,C++
9879,Python
9879,SQL
9880,Python
9882,Javascript
9882,Java
9882,Python
9882,C++
9883,Javascript
9883,SQL
9883,Bash
9883,Python
9887,SQL
9887,Python
9888,Python
9888,SQL
9889,Javascript
9889,R
9889,PHP
9889,Python
9889,MATLAB
9890,Python
9890,SQL
9891,Java
9891,Javascript
9891,Bash
9891,SQL
9892,Python
9893,Python
9894,SQL
9894,Python
9894,PHP
9895,R
9895,Python
9895,SQL
9896,C
9896,Python
9896,C++
9897,Python
9897,Java
9898,MATLAB
9898,Other
9899,R
9899,Python
9901,SQL
9901,Python
9902,Javascript
9902,Java
9902,SQL
9902,C++
9902,Python
9903,Python
9904,C++
9904,C
9904,Javascript
9904,PHP
9904,SQL
9904,Python
9905,Python
9906,Javascript
9907,C
9907,C++
9907,Javascript
9907,SQL
9907,Python
9907,Java
9908,Java
9908,SQL
9909,Javascript
9909,R
9909,Python
9910,SQL
9910,Python
9911,Javascript
9911,SQL
9912,Python
9913,Python
9913,SQL
9914,Python
9915,SQL
9915,Python
9916,Java
9917,Python
9918,Bash
9918,Javascript
9918,Python
9918,Other
9919,R
9919,SQL
9919,Other
9919,Python
9919,Bash
9920,Python
9920,SQL
9921,C#
9921,C++
9921,C
9921,R
9922,Bash
9922,Python
9922,C++
9923,Python
9924,MATLAB
9924,Python
9924,C
9926,C++
9926,Bash
9926,Python
9926,C
9927,C++
9927,SQL
9927,Python
9927,Java
9927,Javascript
9929,SQL
9929,Python
9930,Python
9931,Python
9932,Python
9932,SQL
9932,Other
9932,R
9932,C#
9932,Javascript
9933,MATLAB
9933,SQL
9933,Python
9933,Bash
9933,Javascript
9933,R
9935,Python
9936,Python
9937,Python
9937,R
9938,R
9938,Python
9939,SQL
9939,Python
9939,Javascript
9939,Java
9940,R
9940,Python
9940,SQL
9941,Python
9942,Python
9942,MATLAB
9943,Java
9943,C
9943,MATLAB
9943,Python
9944,Javascript
9944,Bash
9944,Python
9944,SQL
9945,Python
9945,SQL
9946,SQL
9946,Python
9946,C#
9947,Python
9947,MATLAB
9948,R
9948,Python
9949,Python
9949,SQL
9951,C
9951,Python
9952,Python
9953,MATLAB
9954,SQL
9954,Python
9956,Python
9956,SQL
9956,R
9957,Javascript
9957,Python
9957,Java
9958,R
9958,SQL
9958,Python
9960,R
9960,SQL
9960,Python
9961,SQL
9961,Python
9961,Bash
9961,R
9963,Python
9964,Python
9964,Bash
9964,Other
9964,SQL
9965,Python
9965,SQL
9966,Python
9966,SQL
9967,Python
9968,Python
9969,R
9970,SQL
9970,Python
9971,Python
9971,Bash
9973,Python
9973,Javascript
9973,SQL
9974,C
9974,Python
9975,PHP
9975,MATLAB
9975,Python
9975,C
9976,Python
9976,SQL
9977,C
9977,Java
9977,Python
9977,SQL
9977,C++
9978,Java
9978,SQL
9978,Python
9979,C#
9979,Other
9979,Python
9979,Javascript
9980,C++
9980,SQL
9980,C
9980,Python
9981,Python
9981,R
9983,Python
9983,C++
9984,SQL
9984,Python
9984,R
9985,Python
9985,C++
9985,MATLAB
9986,Other
9986,R
9986,Python
9986,MATLAB
9987,Javascript
9987,Go
9987,Python
9987,SQL
9988,Python
9988,C#
9988,MATLAB
9988,PHP
9988,Bash
9988,C++
9989,Python
9990,Python
9990,SQL
9990,Javascript
9990,Java
9992,Python
9993,Javascript
9993,C
9993,Java
9993,PHP
9993,R
9993,C#
9993,Go
9993,Python
9993,SQL
9993,C++
9994,SQL
9994,C++
9994,Python
9994,Javascript
9994,R
9995,Javascript
9995,Bash
9995,Python
9995,SQL
9996,SQL
9996,Java
9997,C#
9997,Python
9999,Python
9999,R
10000,Python
10000,Javascript
10001,Python
10001,SQL
10001,Javascript
10001,R
10002,C
10002,Python
10002,C++
10002,MATLAB
10003,Python
10005,C++
10006,Javascript
10007,Python
10008,Python
10008,SQL
10009,SQL
10009,Python
10010,Python
10010,SQL
10011,PHP
10011,Java
10011,Javascript
10011,MATLAB
10012,SQL
10012,Python
10013,SQL
10014,Bash
10014,Java
10014,C
10014,SQL
10014,Javascript
10014,Python
10016,C
10016,C++
10016,Python
10016,Javascript
10016,Go
10017,SQL
10017,Python
10017,C++
10017,Bash
10018,C++
10018,Java
10018,Python
10018,Javascript
10019,Java
10019,R
10020,R
10020,SQL
10021,Python
10021,SQL
10022,Python
10022,SQL
10022,R
10023,C++
10023,Python
10024,Python
10024,SQL
10025,Python
10025,Go
10025,Java
10025,C
10025,PHP
10025,SQL
10025,Javascript
10025,C++
10025,R
10025,Bash
10028,C++
10028,Python
10029,PHP
10029,Javascript
10029,Python
10029,SQL
10030,Python
10031,Python
10031,SQL
10031,PHP
10032,Java
10033,Python
10034,C++
10034,Python
10035,SQL
10036,Python
10036,SQL
10037,Python
10037,C
10038,Python
10038,R
10038,SQL
10038,MATLAB
10039,Python
10039,SQL
10041,SQL
10041,R
10041,Python
10044,SQL
10044,Python
10045,C
10045,SQL
10045,Javascript
10045,Python
10045,C++
10046,C
10046,C++
10046,Javascript
10046,Python
10048,Python
10048,MATLAB
10050,R
10050,Java
10050,Python
10050,SQL
10052,Javascript
10052,SQL
10052,PHP
10052,Java
10052,Python
10052,MATLAB
10052,Bash
10053,Python
10053,Bash
10054,SQL
10054,Python
10056,SQL
10056,C#
10056,Java
10056,C++
10056,C
10056,MATLAB
10056,Python
10057,Other
10057,Go
10057,Python
10058,Java
10058,Python
10058,MATLAB
10058,C#
10058,C++
10059,MATLAB
10059,Python
10060,R
10060,Python
10060,C++
10060,C
10061,Other
10061,Javascript
10061,Python
10061,Java
10061,SQL
10062,Javascript
10062,SQL
10062,Python
10062,PHP
10063,R
10064,SQL
10064,Python
10065,C#
10066,Python
10066,MATLAB
10067,Python
10069,C++
10069,Java
10069,C
10070,Java
10070,Python
10070,C
10071,Python
10071,SQL
10072,Python
10073,Other
10073,Java
10073,R
10073,C
10073,SQL
10074,R
10074,C
10074,SQL
10074,Javascript
10076,Python
10076,SQL
10077,SQL
10077,Python
10078,Python
10078,Other
10078,SQL
10078,Javascript
10079,MATLAB
10079,Java
10079,Python
10079,C++
10081,Python
10081,MATLAB
10082,Julia
10082,MATLAB
10082,PHP
10082,Go
10082,Bash
10082,Javascript
10082,SQL
10082,R
10082,Python
10082,Java
10082,C++
10083,Python
10083,Javascript
10084,C#
10084,Javascript
10084,C
10084,Java
10084,C++
10086,Python
10088,Python
10091,MATLAB
10091,Python
10091,Javascript
10091,C#
10091,C
10091,C++
10091,PHP
10092,SQL
10092,Python
10092,R
10093,C
10093,C++
10094,Python
10095,Python
10096,Javascript
10097,Python
10097,Java
10097,R
10097,C
10097,SQL
10097,C++
10098,Python
10098,SQL
10099,Python
10099,C++
10100,Python
10101,C++
10101,Java
10101,Python
10103,C
10103,PHP
10103,SQL
10104,Python
10104,Javascript
10104,Java
10104,C
10104,C++
10104,PHP
10104,SQL
10105,Javascript
10105,Python
10106,Python
10106,R
10107,Python
10108,Python
10109,Other
10109,Python
10109,SQL
10109,R
10109,Bash
10110,C#
10110,Python
10110,MATLAB
10111,Python
10112,SQL
10112,R
10112,Python
10114,C
10114,Python
10114,C++
10115,Python
10116,Python
10116,Bash
10116,SQL
10118,MATLAB
10118,Java
10118,Python
10118,R
10119,Python
10119,C
10119,C++
10120,C
10120,C++
10120,Javascript
10121,C
10121,Python
10121,MATLAB
10121,C++
10121,Java
10122,Python
10123,Python
10123,SQL
10125,R
10125,Python
10126,MATLAB
10126,Python
10126,SQL
10127,SQL
10127,Python
10127,C#
10128,R
10128,Python
10128,SQL
10129,Java
10129,SQL
10129,C
10129,Python
10130,Julia
10130,MATLAB
10130,R
10130,C++
10130,Python
10131,Python
10132,Python
10133,PHP
10133,Python
10134,SQL
10134,Javascript
10134,PHP
10135,C++
10135,Python
10136,Python
10136,C++
10136,C
10137,Python
10137,Javascript
10137,Bash
10137,R
10137,SQL
10138,R
10138,SQL
10138,Python
10139,C#
10139,Java
10139,SQL
10139,Python
10139,Javascript
10139,C++
10139,R
10139,C
10140,C++
10140,Python
10140,PHP
10140,Javascript
10140,C
10140,SQL
10140,Java
10140,C#
10142,SQL
10142,Python
10142,Java
10142,C
10144,Python
10144,C++
10144,R
10145,Other
10145,Javascript
10145,SQL
10145,Python
10147,Python
10147,R
10147,Java
10147,C
10150,Python
10150,C++
10151,R
10151,Python
10152,R
10152,Python
10153,Python
10153,SQL
10153,Java
10154,R
10154,Python
10154,C
10154,Javascript
10154,C++
10154,SQL
10155,C
10155,MATLAB
10155,R
10155,C++
10155,Python
10155,SQL
10156,SQL
10156,Python
10156,R
10156,C
10156,Bash
10156,C++
10157,C#
10157,SQL
10158,SQL
10158,Python
10158,R
10159,SQL
10159,Python
10159,PHP
10159,Java
10159,Javascript
10159,C++
10159,C
10160,Python
10162,SQL
10162,Bash
10162,PHP
10162,Other
10162,Python
10163,Python
10163,SQL
10163,C
10164,C
10164,MATLAB
10164,Python
10164,SQL
10165,R
10166,MATLAB
10166,C++
10166,Javascript
10166,Java
10166,C#
10166,Python
10166,R
10167,Javascript
10167,SQL
10167,Python
10168,Python
10168,SQL
10169,Java
10169,Javascript
10171,Python
10172,Python
10172,MATLAB
10172,C++
10172,SQL
10173,Python
10174,C#
10174,Python
10174,MATLAB
10174,PHP
10174,C
10174,SQL
10175,Python
10175,Java
10175,SQL
10175,C
10175,R
10176,Python
10176,C
10176,Java
10176,SQL
10177,SQL
10177,Python
10179,Python
10180,Python
10180,SQL
10181,PHP
10181,Python
10181,SQL
10181,Java
10182,Python
10183,Python
10183,SQL
10184,SQL
10184,Python
10185,Python
10185,SQL
10186,C++
10186,Python
10186,C
10186,SQL
10187,C
10187,Java
10187,Python
10188,Python
10189,Python
10190,R
10190,MATLAB
10190,Python
10191,C++
10191,Python
10191,SQL
10192,R
10192,Julia
10193,SQL
10193,Python
10194,SQL
10194,Python
10195,Python
10195,SQL
10196,Python
10196,SQL
10197,SQL
10197,Java
10197,Python
10198,Python
10199,R
10200,SQL
10200,Python
10200,C#
10204,Python
10205,Python
10205,C++
10205,Javascript
10206,Java
10207,C++
10207,Python
10208,R
10208,Python
10209,Python
10209,PHP
10209,SQL
10209,Bash
10210,MATLAB
10210,C++
10210,Python
10210,Java
10211,Javascript
10211,Python
10212,R
10212,Python
10214,C
10214,Java
10214,Python
10215,Python
10216,SQL
10216,Python
10217,Python
10218,Java
10218,Python
10218,SQL
10218,R
10219,Java
10219,Python
10220,Python
10221,Python
10222,C
10222,C++
10223,Python
10224,Python
10226,Python
10226,MATLAB
10226,R
10226,SQL
10227,Javascript
10227,Python
10227,C++
10227,Bash
10227,Other
10228,C
10228,Other
10229,SQL
10229,Python
10229,Javascript
10230,Python
10231,C++
10231,MATLAB
10231,Python
10231,C
10232,Python
10232,MATLAB
10233,C
10233,Python
10233,R
10234,R
10235,Python
10235,SQL
10236,R
10236,PHP
10236,Java
10236,SQL
10236,Python
10237,Python
10237,Bash
10237,SQL
10238,Python
10239,C
10239,Java
10239,PHP
10239,SQL
10239,Python
10240,Python
10242,SQL
10242,Python
10243,Javascript
10243,Julia
10243,Other
10243,SQL
10243,Python
10244,MATLAB
10244,C++
10244,Python
10244,C
10245,Python
10245,C
10245,Bash
10245,C++
10245,Other
10246,SQL
10246,Python
10247,Python
10248,MATLAB
10248,SQL
10248,C#
10248,Python
10248,C++
10249,SQL
10249,R
10250,Javascript
10250,Java
10250,SQL
10251,Python
10251,SQL
10251,PHP
10252,R
10253,C++
10253,Python
10254,Python
10255,Java
10255,Python
10255,C
10256,MATLAB
10256,Python
10257,C++
10258,Javascript
10258,Python
10258,Other
10259,Java
10259,Python
10261,MATLAB
10261,C#
10261,SQL
10261,Python
10261,C
10261,C++
10262,Python
10262,R
10263,Bash
10263,Python
10264,Python
10264,R
10264,SQL
10265,Other
10265,Python
10266,SQL
10266,R
10266,Python
10267,Python
10268,C++
10268,Java
10268,Javascript
10268,SQL
10268,Other
10268,Python
10268,C#
10268,PHP
10269,Python
10269,SQL
10269,Javascript
10270,Javascript
10270,SQL
10270,PHP
10270,Python
10271,Python
10271,SQL
10272,R
10272,SQL
10272,Python
10273,Other
10273,R
10273,Javascript
10273,Bash
10274,Python
10275,Python
10275,Javascript
10276,MATLAB
10276,C
10276,C++
10276,Python
10279,Python
10279,C++
10280,R
10280,SQL
10280,Python
10280,C++
10280,Javascript
10280,Bash
10281,SQL
10281,MATLAB
10281,Python
10282,SQL
10282,R
10284,Python
10284,MATLAB
10286,Python
10287,Javascript
10287,SQL
10287,C#
10287,Other
10287,Python
10288,R
10288,SQL
10289,Java
10289,C++
10289,Python
10290,Java
10290,C++
10290,Python
10290,C
10290,MATLAB
10291,SQL
10291,Python
10292,Python
10292,R
10292,Javascript
10293,Python
10293,SQL
10293,Javascript
10294,SQL
10295,SQL
10295,Javascript
10295,Python
10296,C++
10296,Python
10296,Javascript
10296,Java
10296,MATLAB
10297,C#
10297,Python
10298,Python
10299,Python
10300,SQL
10300,Python
10300,C++
10301,Python
10301,SQL
10303,SQL
10303,Python
10304,Python
10305,Python
10307,C
10307,C++
10307,R
10309,R
10309,SQL
10309,Python
10310,C
10310,Python
10311,Python
10311,R
10312,Java
10312,C
10312,Python
10313,Bash
10313,SQL
10313,Python
10314,C++
10314,C
10314,SQL
10314,R
10314,Python
10314,Other
10315,C++
10315,SQL
10315,Java
10315,C
10315,Python
10316,C
10317,Python
10317,SQL
10318,Python
10319,R
10320,R
10320,Python
10320,SQL
10321,R
10321,SQL
10322,PHP
10322,Bash
10322,SQL
10322,Java
10322,R
10322,Python
10322,MATLAB
10323,Python
10324,Python
10324,R
10325,R
10325,C#
10325,Javascript
10325,SQL
10325,C++
10325,Python
10325,Bash
10325,Java
10325,C
10326,Javascript
10326,Python
10326,MATLAB
10326,R
10327,Javascript
10328,Python
10329,Python
10330,Python
10330,Java
10330,SQL
10330,R
10331,Python
10333,C
10333,Other
10333,Bash
10333,Python
10333,Java
10333,SQL
10334,Python
10334,SQL
10336,Python
10337,SQL
10337,Python
10338,Python
10338,SQL
10338,Javascript
10339,R
10339,SQL
10340,Go
10340,Python
10340,Javascript
10340,PHP
10340,R
10341,Java
10341,Python
10342,SQL
10342,R
10342,Python
10342,Java
10344,Python
10346,Python
10348,C++
10348,C
10349,Python
10351,Python
10351,Other
10351,SQL
10352,Javascript
10352,C
10352,Java
10352,MATLAB
10352,Python
10352,PHP
10352,SQL
10353,Python
10354,Javascript
10354,MATLAB
10354,Python
10354,Bash
10355,Python
10356,Python
10356,SQL
10356,Bash
10357,Javascript
10357,Python
10358,Bash
10358,Javascript
10358,SQL
10358,Python
10358,MATLAB
10359,Python
10360,Python
10360,MATLAB
10361,Other
10362,SQL
10362,Python
10362,R
10363,Python
10363,Other
10363,SQL
10364,SQL
10364,C#
10364,Bash
10364,C++
10364,Python
10365,C++
10365,Other
10365,Python
10366,Python
10367,SQL
10367,Python
10370,Java
10370,Python
10370,SQL
10371,Python
10371,SQL
10371,R
10372,R
10372,MATLAB
10372,Python
10372,SQL
10373,Python
10374,SQL
10374,Python
10375,SQL
10375,Python
10376,Python
10378,Python
10378,C
10379,Python
10379,Javascript
10379,C++
10379,C
10379,R
10381,Python
10382,Python
10382,SQL
10383,Python
10383,SQL
10384,SQL
10384,Python
10384,R
10385,SQL
10385,Python
10386,C
10386,C++
10386,Python
10387,MATLAB
10387,Python
10387,Other
10387,C++
10388,C#
10388,Python
10389,SQL
10389,Python
10389,R
10390,SQL
10390,Python
10391,Python
10392,C
10392,SQL
10392,Java
10392,Python
10393,Javascript
10393,Python
10393,SQL
10393,C#
10394,Python
10394,SQL
10395,SQL
10395,C++
10395,Python
10396,Python
10396,SQL
10397,Python
10397,C
10397,C++
10398,Python
10398,MATLAB
10399,Bash
10399,Python
10402,Javascript
10402,R
10402,Python
10402,Bash
10402,C++
10403,Python
10404,Javascript
10404,Python
10405,SQL
10405,Python
10406,Python
10406,SQL
10407,SQL
10407,Python
10408,R
10408,Other
10409,Python
10409,R
10409,SQL
10410,C#
10410,Python
10411,Python
10411,PHP
10411,C++
10411,C
10411,SQL
10411,Bash
10411,Javascript
10412,Python
10413,SQL
10415,R
10416,Python
10416,Other
10417,Python
10418,Java
10418,Bash
10418,Python
10419,SQL
10419,Go
10419,Python
10419,Javascript
10419,PHP
10419,C++
10420,Python
10420,SQL
10421,Java
10421,SQL
10421,Python
10422,Python
10423,MATLAB
10423,SQL
10423,Javascript
10423,Python
10423,PHP
10423,Java
10423,C
10423,C++
10425,Bash
10425,Python
10425,Julia
10425,Javascript
10426,MATLAB
10426,Python
10427,Python
10427,SQL
10427,R
10428,Other
10428,Python
10429,Python
10429,C++
10429,Bash
10429,SQL
10430,SQL
10430,Python
10430,Javascript
10430,C
10430,Java
10430,C++
10431,SQL
10431,Javascript
10431,Python
10432,Python
10433,Python
10433,SQL
10435,Python
10435,Javascript
10436,Javascript
10436,Python
10436,Bash
10437,Python
10438,MATLAB
10438,Python
10439,Python
10439,SQL
10440,Python
10440,R
10440,SQL
10441,Other
10441,Java
10441,Javascript
10441,Python
10441,Bash
10442,Bash
10442,PHP
10442,C
10442,Other
10442,SQL
10443,C++
10443,SQL
10443,Other
10443,Python
10443,Javascript
10444,C#
10444,SQL
10444,R
10444,Python
10444,C++
10444,Javascript
10445,R
10446,C
10446,Bash
10446,Python
10446,C++
10447,Python
10447,Javascript
10448,SQL
10448,C#
10448,Python
10449,C++
10449,Java
10449,Python
10450,Python
10450,SQL
10451,Bash
10451,Other
10451,Python
10451,R
10451,SQL
10452,Python
10452,Javascript
10452,Java
10452,C#
10452,PHP
10454,Python
10455,R
10455,Java
10455,Python
10455,SQL
10456,MATLAB
10456,C++
10456,Python
10456,C
10456,SQL
10457,Python
10457,SQL
10459,C#
10459,Python
10460,C
10460,C++
10461,SQL
10461,Python
10462,Other
10462,Python
10462,SQL
10463,C
10463,MATLAB
10463,Python
10465,Java
10465,Python
10466,Python
10466,SQL
10467,Python
10468,C++
10468,SQL
10468,C
10468,Java
10468,Python
10468,R
10469,C#
10469,C++
10469,MATLAB
10470,Julia
10470,R
10470,Python
10471,R
10472,C++
10472,Python
10473,Javascript
10473,Java
10473,Python
10473,SQL
10474,MATLAB
10474,C
10475,Python
10476,C++
10477,Python
10477,SQL
10478,Python
10478,SQL
10478,R
10479,R
10479,SQL
10480,PHP
10480,MATLAB
10480,C++
10480,C#
10480,C
10480,R
10480,SQL
10480,Java
10480,Javascript
10480,Python
10481,Bash
10481,Python
10482,R
10482,SQL
10482,Python
10482,C++
10483,Python
10484,C++
10485,C++
10485,Python
10485,Javascript
10486,Python
10486,MATLAB
10487,Python
10487,Javascript
10487,SQL
10488,SQL
10488,Python
10488,C
10489,Python
10489,SQL
10489,C
10492,C
10492,Python
10492,Java
10493,Java
10493,Python
10495,C
10495,Javascript
10495,Java
10495,SQL
10495,Python
10496,Python
10496,SQL
10497,Java
10497,SQL
10497,Python
10498,MATLAB
10498,Java
10498,Python
10498,C
10499,Python
10500,Python
10500,SQL
10500,Bash
10501,Python
10503,Bash
10503,Python
10503,C++
10503,Javascript
10503,Java
10504,Javascript
10504,PHP
10504,Java
10505,C++
10505,R
10505,Javascript
10505,C
10506,Python
10507,Python
10507,SQL
10507,R
10508,Python
10509,Python
10509,SQL
10510,C++
10510,Javascript
10511,Python
10511,Javascript
10511,PHP
10511,SQL
10513,Python
10514,SQL
10514,Javascript
10514,Python
10515,Bash
10515,R
10515,Javascript
10515,MATLAB
10515,SQL
10515,Python
10515,C++
10515,C
10516,Python
10516,Java
10516,Javascript
10517,Other
10517,Python
10517,C++
10518,Javascript
10518,Python
10518,C++
10519,Python
10520,R
10520,Python
10521,Python
10521,SQL
10523,C
10523,Python
10524,Python
10525,C
10525,Python
10525,SQL
10525,R
10526,C
10526,MATLAB
10526,SQL
10526,Python
10528,Javascript
10528,C++
10529,Java
10529,Python
10529,Javascript
10529,SQL
10530,Python
10530,SQL
10530,R
10531,Python
10532,SQL
10532,R
10533,SQL
10533,C++
10533,Python
10533,Javascript
10534,C++
10534,R
10534,Python
10535,Javascript
10535,Python
10535,Other
10536,Python
10537,Python
10537,MATLAB
10537,C
10539,SQL
10539,Python
10539,PHP
10540,R
10541,Python
10542,Python
10542,R
10542,Javascript
10542,SQL
10543,Python
10544,SQL
10544,Bash
10544,Javascript
10544,Python
10544,R
10546,Python
10546,Other
10546,Javascript
10548,Javascript
10548,Python
10548,C
10549,MATLAB
10549,Python
10550,C
10550,R
10550,SQL
10550,Python
10551,MATLAB
10553,SQL
10553,Python
10553,R
10554,PHP
10554,Javascript
10554,Python
10555,Java
10555,SQL
10555,Python
10555,R
10555,Javascript
10556,Python
10557,Javascript
10557,C++
10557,Java
10558,C#
10558,SQL
10558,Python
10558,R
10559,Bash
10559,Python
10560,SQL
10560,Python
10560,Java
10561,Python
10562,R
10562,Python
10562,C++
10565,Javascript
10565,Python
10565,Other
10565,SQL
10566,Java
10566,C
10566,Python
10566,C++
10567,Python
10567,SQL
10568,SQL
10569,SQL
10569,Python
10569,MATLAB
10570,Python
10570,SQL
10571,MATLAB
10571,Javascript
10571,C++
10571,Python
10571,Java
10571,C
10572,Python
10572,SQL
10573,Python
10573,SQL
10574,MATLAB
10574,C++
10574,Python
10575,SQL
10575,Python
10576,R
10576,Python
10576,SQL
10577,PHP
10577,Java
10577,Python
10578,MATLAB
10578,Python
10578,C
10579,R
10580,Python
10581,SQL
10581,Python
10582,Python
10582,SQL
10583,SQL
10583,Python
10584,SQL
10585,Python
10585,C#
10585,SQL
10586,Python
10586,SQL
10586,Bash
10587,SQL
10587,Python
10588,Python
10588,C
10588,C++
10589,Python
10589,SQL
10590,Python
10590,C++
10591,SQL
10591,C#
10591,Python
10592,Python
10592,Bash
10592,Go
10593,Python
10593,Java
10593,SQL
10593,C++
10594,Python
10594,C++
10594,R
10595,Python
10595,SQL
10595,C++
10595,Java
10595,PHP
10596,Python
10596,SQL
10598,Python
10598,C++
10598,C
10598,MATLAB
10599,Python
10600,Python
10600,C++
10601,Python
10601,SQL
10601,MATLAB
10601,C
10601,Javascript
10601,C++
10601,R
10602,SQL
10602,Python
10603,SQL
10603,Python
10604,Java
10604,Javascript
10604,PHP
10604,C
10604,SQL
10604,C++
10605,Python
10605,SQL
10605,Javascript
10606,C
10606,C++
10606,Python
10607,Python
10608,C++
10608,Python
10608,MATLAB
10609,Python
10609,Java
10612,PHP
10613,Python
10613,SQL
10614,SQL
10614,Python
10615,SQL
10615,Bash
10615,Python
10616,Python
10616,R
10617,SQL
10617,Python
10618,Python
10618,C++
10619,Python
10619,Javascript
10620,Python
10621,Bash
10621,PHP
10621,C++
10621,SQL
10621,Javascript
10622,Python
10623,Python
10623,SQL
10624,SQL
10626,SQL
10626,Python
10627,Python
10628,MATLAB
10628,Python
10630,R
10632,Python
10632,SQL
10634,Python
10635,Python
10635,C
10635,SQL
10637,Java
10637,C++
10637,Python
10637,C
10638,Python
10639,SQL
10639,PHP
10639,Java
10639,Python
10639,C
10640,C++
10640,Python
10640,PHP
10640,SQL
10640,Java
10640,C
10641,R
10641,Python
10641,SQL
10642,Bash
10642,Javascript
10642,Python
10642,Java
10643,Python
10643,SQL
10644,Java
10644,Python
10644,PHP
10644,C++
10644,SQL
10645,Javascript
10645,Java
10645,Python
10645,MATLAB
10646,R
10646,Python
10646,SQL
10648,SQL
10648,Java
10648,Javascript
10648,Python
10649,Python
10649,Bash
10650,C
10650,Python
10650,R
10651,Other
10651,Python
10652,SQL
10652,Python
10653,C++
10653,SQL
10653,C
10653,Python
10654,C
10654,Python
10654,C++
10655,Java
10655,Python
10656,Other
10657,Python
10657,Bash
10657,SQL
10658,Java
10658,R
10659,Python
10659,Java
10659,C#
10660,Python
10660,Java
10662,C#
10662,R
10662,SQL
10662,PHP
10662,Java
10662,Python
10663,SQL
10663,Python
10663,Bash
10665,SQL
10665,Python
10665,R
10666,Python
10668,Python
10669,SQL
10669,C#
10669,Javascript
10669,Python
10669,Bash
10670,Python
10670,MATLAB
10670,C
10670,C++
10671,Python
10671,SQL
10671,R
10672,Python
10673,C++
10673,Python
10673,R
10673,SQL
10674,MATLAB
10674,R
10674,Python
10674,SQL
10675,C++
10675,Python
10675,C
10675,PHP
10675,Java
10675,SQL
10675,Javascript
10675,Bash
10676,Java
10676,C#
10676,C
10676,Javascript
10676,SQL
10678,SQL
10678,Javascript
10679,Python
10680,SQL
10680,Python
10681,C
10681,SQL
10681,C#
10681,Javascript
10681,PHP
10681,Java
10682,C++
10682,Java
10682,Python
10682,R
10682,MATLAB
10684,Other
10685,C
10685,SQL
10685,C++
10685,Bash
10685,Python
10686,Python
10686,SQL
10687,Java
10687,PHP
10687,C++
10687,Python
10687,MATLAB
10688,Python
10689,Python
10689,SQL
10690,R
10690,PHP
10690,C#
10690,C
10690,Go
10690,Python
10690,Javascript
10690,C++
10690,Java
10690,SQL
10691,Python
10692,Python
10692,C++
10692,Bash
10692,Javascript
10692,Go
10693,Bash
10693,Python
10693,SQL
10694,C
10694,C#
10694,R
10696,C
10696,Python
10698,PHP
10698,Python
10698,SQL
10698,R
10700,Python
10701,Javascript
10701,C
10701,SQL
10702,Python
10703,Python
10704,C++
10704,Java
10704,C#
10704,R
10704,SQL
10705,C
10705,C++
10705,R
10705,Python
10705,Java
10705,SQL
10706,Python
10707,Java
10707,SQL
10707,Python
10708,Python
10708,PHP
10708,SQL
10709,MATLAB
10709,SQL
10709,R
10710,C++
10710,Python
10711,Python
10711,Java
10711,Bash
10712,Python
10713,Python
10714,Python
10715,SQL
10715,Python
10716,R
10716,SQL
10717,R
10717,SQL
10718,Python
10719,Python
10720,Python
10720,Other
10720,Javascript
10720,Java
10721,Python
10721,Javascript
10723,Python
10724,Python
10725,R
10725,Python
10726,SQL
10726,MATLAB
10726,Python
10727,Python
10728,R
10728,SQL
10728,C#
10728,Python
10729,Python
10730,Java
10730,C#
10730,Python
10730,SQL
10730,Javascript
10731,Python
10731,R
10732,Python
10733,C++
10733,PHP
10733,Other
10733,Python
10733,R
10733,C
10733,MATLAB
10733,Javascript
10733,SQL
10734,Python
10735,C
10735,R
10735,Python
10735,MATLAB
10736,Python
10736,SQL
10737,Python
10737,Javascript
10738,Other
10738,Python
10739,Python
10739,SQL
10740,C#
10740,C++
10740,MATLAB
10740,C
10740,Python
10742,R
10743,Javascript
10744,Python
10744,SQL
10746,Javascript
10746,Python
10746,Java
10747,Python
10747,SQL
10747,R
10748,C++
10748,Python
10749,PHP
10749,C
10749,Java
10749,SQL
10750,C
10750,Python
10751,Javascript
10751,Python
10751,C++
10751,SQL
10751,Other
10751,Bash
10751,Java
10751,C
10752,SQL
10752,Python
10753,Other
10753,SQL
10753,Python
10754,Python
10756,C++
10756,Python
10756,C#
10756,C
10757,Python
10757,SQL
10760,Python
10761,SQL
10761,C++
10761,Javascript
10762,SQL
10762,Python
10763,Javascript
10763,R
10763,Python
10764,Javascript
10764,Python
10764,SQL
10764,C
10764,PHP
10765,C++
10765,Python
10766,R
10766,MATLAB
10766,Bash
10766,Python
10767,Python
10767,SQL
10767,R
10768,Java
10768,Javascript
10768,SQL
10768,C#
10770,Python
10771,Javascript
10771,C++
10771,Python
10771,C
10771,C#
10771,Other
10772,Python
10772,C#
10773,SQL
10773,Python
10773,R
10774,Java
10774,SQL
10774,C#
10774,C++
10774,Python
10775,Python
10775,C++
10776,SQL
10776,R
10776,Python
10777,Python
10778,R
10778,Python
10779,SQL
10779,MATLAB
10779,Python
10780,Other
10780,Python
10781,Python
10781,R
10782,Python
10783,Python
10784,Python
10784,R
10784,SQL
10785,SQL
10785,Java
10785,Python
10785,C++
10785,C
10786,C++
10786,Java
10786,Python
10787,MATLAB
10787,SQL
10787,Python
10787,R
10788,SQL
10788,Python
10789,Python
10790,Python
10790,SQL
10791,C++
10791,Julia
10791,SQL
10791,Python
10792,R
10792,Julia
10793,C++
10793,MATLAB
10794,Python
10794,SQL
10794,PHP
10796,SQL
10796,Python
10796,R
10797,Python
10797,SQL
10798,Python
10799,Python
10799,MATLAB
10800,R
10800,Python
10800,Java
10801,Python
10801,Javascript
10801,C++
10803,SQL
10803,R
10803,Python
10803,Java
10804,Javascript
10804,SQL
10804,Python
10806,Python
10806,Bash
10806,Go
10807,Python
10807,R
10808,Python
10808,SQL
10810,Bash
10810,Python
10810,SQL
10811,Python
10812,R
10812,SQL
10814,Python
10815,Python
10815,SQL
10815,R
10816,C
10816,Python
10816,MATLAB
10816,SQL
10818,Python
10818,C++
10818,MATLAB
10819,C++
10819,Python
10820,Python
10820,Java
10821,SQL
10821,Python
10822,R
10822,SQL
10822,Python
10823,MATLAB
10823,C
10823,Python
10823,C++
10824,SQL
10824,Python
10824,Bash
10824,Julia
10825,SQL
10825,Python
10825,R
10826,R
10826,Python
10826,SQL
10826,C#
10827,MATLAB
10827,SQL
10827,R
10827,Python
10828,Bash
10828,R
10828,C++
10829,Python
10834,Other
10835,Python
10835,R
10836,R
10836,SQL
10837,C++
10837,Python
10838,Other
10839,SQL
10839,Other
10840,Python
10841,Python
10842,Python
10842,Bash
10843,Python
10843,Java
10845,C#
10845,Python
10846,PHP
10846,Java
10846,Javascript
10846,Python
10846,Bash
10846,SQL
10847,SQL
10847,C++
10847,Python
10847,C
10848,PHP
10848,Java
10848,SQL
10848,Javascript
10848,Python
10849,R
10849,SQL
10850,Python
10851,Python
10852,Python
10852,C++
10852,C#
10853,R
10854,SQL
10854,Javascript
10854,Python
10855,Python
10856,Python
10856,SQL
10857,C++
10857,MATLAB
10857,Python
10858,Python
10858,SQL
10859,Python
10860,C++
10860,Python
10860,MATLAB
10861,Python
10861,SQL
10865,Python
10865,SQL
10866,SQL
10866,Python
10866,Java
10867,Python
10867,C++
10867,MATLAB
10867,SQL
10868,Python
10869,Python
10870,Python
10870,Java
10871,Java
10871,Python
10871,Javascript
10871,C
10872,SQL
10872,C++
10873,R
10873,C
10873,MATLAB
10873,Python
10873,Java
10873,SQL
10874,SQL
10874,Python
10875,Java
10876,SQL
10876,Python
10876,PHP
10876,Julia
10876,R
10876,C++
10877,Javascript
10877,Java
10877,PHP
10877,C
10877,Python
10878,Python
10878,SQL
10879,Java
10879,Python
10880,Python
10880,R
10881,Python
10882,Bash
10882,SQL
10882,C
10882,Java
10882,Python
10882,Javascript
10883,SQL
10883,C#
10883,Python
10884,Python
10884,SQL
10886,Python
10887,Python
10887,SQL
10888,Python
10888,PHP
10888,Javascript
10888,SQL
10889,Python
10889,C
10889,C++
10891,Python
10892,R
10892,SQL
10893,R
10893,Python
10894,Java
10894,SQL
10894,Python
10895,Python
10895,SQL
10897,R
10898,Python
10898,SQL
10899,C#
10899,Python
10900,R
10900,Python
10901,SQL
10901,Python
10902,SQL
10902,Javascript
10902,Python
10903,Python
10904,Python
10905,Python
10905,SQL
10906,C
10906,Python
10906,SQL
10907,C
10907,C++
10907,Python
10907,Javascript
10908,Python
10909,Python
10909,SQL
10910,Python
10911,PHP
10911,Javascript
10911,SQL
10912,Python
10912,C
10913,MATLAB
10913,Python
10913,Other
10914,Python
10914,SQL
10916,Python
10917,SQL
10917,Python
10917,Javascript
10918,Python
10918,C++
10918,Java
10918,SQL
10918,C
10918,MATLAB
10919,MATLAB
10920,Python
10921,Python
10921,R
10921,SQL
10922,MATLAB
10922,Python
10924,Python
10925,Python
10925,PHP
10925,R
10925,Javascript
10925,MATLAB
10926,Python
10928,SQL
10928,C++
10928,Python
10929,Python
10929,Javascript
10930,C++
10930,SQL
10930,Javascript
10930,C
10930,Python
10931,Other
10931,SQL
10931,Python
10931,MATLAB
10932,Bash
10932,Python
10932,SQL
10932,Javascript
10933,Python
10933,SQL
10933,Other
10934,MATLAB
10934,Python
10934,SQL
10934,R
10935,Other
10935,Java
10935,R
10935,Python
10936,SQL
10936,Python
10937,Python
10937,Other
10937,SQL
10940,R
10941,C
10941,MATLAB
10941,C++
10942,R
10942,Python
10942,SQL
10943,R
10943,Python
10943,SQL
10944,Python
10944,MATLAB
10944,R
10945,Python
10945,PHP
10945,Java
10946,Python
10947,Bash
10947,Python
10947,Javascript
10948,Python
10949,Python
10949,SQL
10949,R
10950,R
10950,Python
10951,R
10953,Java
10953,SQL
10953,R
10953,Python
10954,Python
10954,SQL
10955,SQL
10956,Other
10957,SQL
10957,Python
10958,SQL
10958,Javascript
10958,Python
10959,Python
10959,Bash
10959,R
10959,SQL
10960,Python
10960,C++
10960,C
10960,SQL
10961,C++
10961,Python
10961,R
10961,C
10961,SQL
10962,SQL
10962,Javascript
10962,Python
10962,Julia
10962,C
10963,Python
10966,C++
10966,Python
10966,SQL
10966,Java
10967,C
10967,R
10967,Python
10967,C++
10968,Python
10968,C++
10969,C#
10969,Java
10969,SQL
10969,Python
10970,Python
10970,SQL
10970,Javascript
10970,R
10971,Javascript
10971,SQL
10971,Java
10971,Other
10971,Python
10972,Python
10973,Python
10974,Python
10975,Java
10975,Python
10975,R
10976,Python
10977,C++
10977,C#
10977,Javascript
10978,SQL
10978,C#
10978,Python
10978,C++
10979,Python
10979,Other
10980,Other
10980,Python
10981,C
10981,Other
10981,R
10981,Python
10981,Java
10982,PHP
10982,MATLAB
10982,C++
10983,C#
10983,Python
10983,C
10983,C++
10983,R
10984,Python
10986,C#
10986,SQL
10986,Python
10987,Python
10988,R
10988,SQL
10989,C++
10989,Python
10991,Python
10992,Python
10993,SQL
10993,R
10993,Python
10993,MATLAB
10994,Python
10996,SQL
10996,Python
10997,Python
10997,SQL
10998,Python
10999,Python
11000,C
11000,C++
11001,Python
11003,C++
11004,Python
11004,C
11006,Python
11006,Java
11008,Python
11009,C++
11009,MATLAB
11009,SQL
11009,Javascript
11009,Python
11010,SQL
11010,R
11010,Python
11011,Python
11011,Java
11012,C
11012,SQL
11012,Java
11012,Javascript
11012,Python
11012,C++
11013,C
11013,R
11013,SQL
11013,Python
11014,SQL
11014,Python
11015,C
11015,C++
11015,Python
11016,Python
11016,R
11017,Python
11017,Javascript
11019,Python
11020,Python
11020,SQL
11020,Javascript
11021,C
11021,Python
11022,Bash
11022,C
11022,Python
11023,C++
11023,Other
11023,Python
11023,C
11023,SQL
11023,Java
11024,Python
11024,C++
11024,Other
11025,Javascript
11025,SQL
11025,C#
11025,Python
11025,Go
11026,SQL
11026,Javascript
11026,Python
11027,SQL
11027,Python
11028,MATLAB
11028,Other
11028,SQL
11028,Python
11029,C++
11029,Python
11029,C
11029,Bash
11030,Python
11030,C
11030,MATLAB
11031,MATLAB
11032,Javascript
11032,Python
11033,C#
11033,Python
11033,MATLAB
11034,R
11034,Python
11035,R
11035,C
11035,Python
11035,C++
11036,SQL
11036,Python
11037,Python
11038,SQL
11038,Python
11038,R
11039,SQL
11039,C
11040,Python
11041,Python
11042,Python
11043,Python
11044,Javascript
11044,Python
11045,C++
11045,C
11045,Python
11046,Python
11046,SQL
11047,Python
11047,SQL
11047,C++
11048,R
11048,Python
11050,Python
11050,SQL
11050,R
11052,R
11053,Python
11053,SQL
11054,Python
11056,Python
11056,C++
11056,Java
11056,SQL
11057,SQL
11057,Python
11058,Other
11058,C
11058,Java
11058,Javascript
11058,SQL
11058,Python
11058,C++
11060,Python
11063,SQL
11063,Python
11064,Python
11065,Python
11065,C
11065,Java
11066,Python
11066,SQL
11067,R
11067,SQL
11067,Python
11067,C++
11067,MATLAB
11067,C#
11068,Python
11068,C
11068,Go
11069,Python
11070,R
11070,Python
11070,Java
11070,C
11070,C++
11070,Javascript
11070,SQL
11071,C#
11071,SQL
11071,Python
11071,Javascript
11072,Python
11073,Python
11073,C++
11074,C++
11074,Java
11074,Python
11075,R
11075,Other
11075,SQL
11076,Python
11078,SQL
11078,Python
11079,Python
11079,Bash
11079,SQL
11080,Python
11080,Javascript
11080,MATLAB
11081,Java
11081,C
11081,Python
11082,Javascript
11082,C#
11082,SQL
11082,Python
11083,Bash
11083,Python
11084,R
11084,Python
11085,Python
11085,R
11086,Python
11086,C++
11087,R
11087,Python
11088,Python
11088,C++
11088,MATLAB
11088,SQL
11088,Java
11088,C
11089,MATLAB
11089,C++
11089,Python
11090,C
11090,Java
11090,Python
11090,SQL
11091,Bash
11091,Python
11091,SQL
11092,Javascript
11093,Python
11095,Python
11098,C++
11098,Python
11099,SQL
11099,Python
11099,R
11100,Python
11100,C++
11101,Python
11102,C++
11104,Python
11105,Python
11105,Javascript
11105,C#
11105,SQL
11105,C
11105,Bash
11106,Python
11107,Python
11107,R
11107,SQL
11108,Other
11108,Python
11108,Bash
11109,C#
11109,PHP
11109,Python
11110,Python
11110,Java
11110,C
11111,SQL
11111,MATLAB
11111,C#
11111,Python
11112,Other
11112,SQL
11113,Bash
11113,Python
11114,MATLAB
11114,Python
11114,C++
11114,R
11114,C
11114,SQL
11114,Bash
11115,Java
11115,SQL
11115,MATLAB
11115,Python
11115,C++
11116,Bash
11116,Java
11116,Python
11116,SQL
11116,Javascript
11117,SQL
11117,Python
11117,Javascript
11117,PHP
11118,SQL
11118,Python
11118,R
11119,SQL
11119,R
11119,Python
11120,Javascript
11120,Python
11120,C
11121,R
11121,MATLAB
11122,C++
11122,Java
11122,Python
11123,Python
11124,C
11125,Python
11125,SQL
11126,SQL
11126,Python
11126,MATLAB
11127,MATLAB
11127,Python
11127,C++
11128,C#
11128,Python
11128,SQL
11129,SQL
11129,Python
11130,C#
11130,Java
11130,Python
11132,Python
11132,SQL
11132,R
11133,PHP
11133,Java
11133,Bash
11133,SQL
11133,Python
11134,Java
11134,C
11134,SQL
11134,Python
11135,Java
11135,Python
11136,Python
11137,Javascript
11138,Javascript
11138,Java
11138,Python
11138,C++
11139,Python
11139,C++
11140,Bash
11140,SQL
11140,Javascript
11140,C#
11140,C++
11140,Java
11140,Python
11140,PHP
11140,C
11141,SQL
11141,Python
11142,C++
11142,Python
11144,Python
11145,Java
11145,MATLAB
11145,Python
11147,Javascript
11147,Python
11147,Bash
11147,Java
11147,Go
11147,SQL
11148,Java
11148,Python
11148,SQL
11149,Python
11150,SQL
11150,Python
11151,R
11151,Python
11151,SQL
11151,C++
11151,C
11152,Python
11152,C
11152,C++
11153,Python
11154,Python
11154,SQL
11155,Python
11156,SQL
11156,Python
11157,Python
11157,SQL
11157,Java
11157,C
11158,SQL
11158,Python
11159,Python
11160,Java
11160,C
11160,Python
11160,PHP
11162,Python
11162,R
11163,Python
11163,SQL
11163,Other
11165,MATLAB
11165,Bash
11165,Python
11165,C++
11166,Python
11167,C
11167,Python
11168,SQL
11168,R
11168,MATLAB
11168,Python
11169,Python
11169,Java
11170,Java
11170,C
11170,Python
11170,C++
11171,Python
11172,Javascript
11172,C++
11172,Python
11172,SQL
11172,C
11173,MATLAB
11174,C
11174,Python
11174,C++
11175,Python
11176,Python
11176,C++
11176,SQL
11176,R
11177,Python
11177,Javascript
11177,Bash
11177,C++
11178,Python
11179,R
11179,Python
11180,Javascript
11180,PHP
11180,Python
11180,C
11180,Java
11181,PHP
11181,SQL
11181,Javascript
11181,Java
11181,Python
11182,Python
11182,R
11183,C++
11183,Julia
11183,MATLAB
11183,R
11183,Python
11183,SQL
11184,Java
11184,Python
11185,Python
11185,Go
11185,R
11185,SQL
11186,Python
11186,Javascript
11187,Python
11188,C#
11188,C
11188,Java
11188,SQL
11188,Python
11189,SQL
11189,Python
11190,C++
11190,MATLAB
11190,Python
11191,SQL
11191,Java
11191,Python
11192,MATLAB
11193,Python
11194,Python
11195,Python
11196,SQL
11196,Javascript
11196,PHP
11198,SQL
11198,Python
11199,Python
11200,Python
11200,PHP
11200,Other
11200,MATLAB
11200,SQL
11201,Bash
11201,C
11201,Java
11201,Python
11201,Go
11201,Other
11201,Javascript
11201,C++
11201,SQL
11202,Javascript
11202,Python
11202,SQL
11202,Bash
11203,MATLAB
11203,Javascript
11203,Java
11203,Go
11203,Julia
11203,C
11203,C#
11203,SQL
11203,Bash
11203,R
11203,PHP
11203,Python
11203,C++
11204,Python
11204,Java
11206,C++
11208,R
11209,Python
11210,C++
11210,Python
11210,C
11211,Python
11211,R
11211,SQL
11212,C
11212,R
11212,Other
11212,Java
11212,Python
11213,Javascript
11213,Python
11214,SQL
11214,PHP
11214,MATLAB
11214,Python
11214,Javascript
11214,C++
11215,Python
11216,C
11216,Java
11216,Python
11216,Bash
11216,SQL
11216,C++
11217,Python
11217,C++
11218,Javascript
11218,Python
11219,MATLAB
11219,Python
11219,R
11219,C++
11219,SQL
11219,C
11220,SQL
11220,Javascript
11220,Bash
11220,Python
11220,MATLAB
11221,Python
11222,Python
11223,Python
11224,Python
11224,SQL
11224,Java
11224,Javascript
11224,Other
11225,Bash
11225,SQL
11225,Python
11226,Python
11226,SQL
11226,R
11227,C
11227,Javascript
11227,Python
11229,C++
11229,Python
11231,R
11231,SQL
11231,Python
11231,PHP
11232,Java
11232,SQL
11232,Python
11232,MATLAB
11232,Other
11233,SQL
11233,Python
11233,Java
11233,R
11234,SQL
11235,R
11235,Python
11235,Bash
11235,SQL
11236,R
11237,Python
11237,Java
11237,SQL
11238,Python
11238,C
11238,MATLAB
11238,C++
11239,Python
11239,Javascript
11241,R
11241,SQL
11242,Python
11244,SQL
11244,MATLAB
11244,Python
11244,R
11245,C++
11245,R
11245,C
11246,C++
11246,Java
11246,Python
11246,C
11247,R
11248,Python
11249,Python
11250,Python
11252,C++
11252,Java
11252,SQL
11252,Javascript
11252,Python
11253,Python
11253,C++
11253,C
11253,MATLAB
11254,Javascript
11254,Python
11255,SQL
11255,R
11255,Python
11256,R
11256,SQL
11257,Python
11257,R
11257,SQL
11257,MATLAB
11260,SQL
11260,R
11262,Python
11262,SQL
11263,Julia
11263,Bash
11263,C++
11263,Python
11264,SQL
11264,Java
11264,Python
11264,C++
11264,C#
11264,Javascript
11264,PHP
11265,Python
11267,Python
11267,SQL
11269,SQL
11269,Java
11269,C#
11270,Python
11270,SQL
11271,Python
11271,C#
11272,Python
11273,C++
11273,Python
11274,Java
11274,Other
11275,SQL
11276,Python
11278,Python
11278,SQL
11279,MATLAB
11280,Python
11280,Javascript
11280,SQL
11280,Java
11281,Python
11282,Python
11282,SQL
11283,Python
11283,SQL
11284,C
11285,C#
11285,Bash
11285,Javascript
11285,Python
11285,PHP
11285,SQL
11286,Python
11286,Java
11287,SQL
11288,C#
11288,Python
11288,Javascript
11289,Java
11290,C++
11290,C
11290,SQL
11290,Python
11292,C++
11293,Python
11293,C++
11294,Python
11294,C++
11294,C
11296,Python
11296,SQL
11297,Python
11297,Javascript
11297,Java
11298,R
11298,Python
11298,Javascript
11298,SQL
11299,Python
11299,SQL
11300,Javascript
11300,C
11300,Python
11301,Other
11301,Python
11301,SQL
11302,Python
11303,Python
11303,MATLAB
11304,SQL
11304,Python
11306,Python
11307,Other
11307,R
11307,Java
11307,SQL
11307,C++
11307,C
11307,Python
11308,Python
11308,C
11309,Python
11310,Python
11311,SQL
11311,R
11311,Python
11312,Javascript
11312,MATLAB
11312,SQL
11312,Java
11312,R
11312,Python
11312,C
11313,C
11313,C++
11313,PHP
11313,Java
11313,SQL
11313,Python
11314,MATLAB
11315,SQL
11315,Python
11316,Python
11317,R
11317,Python
11317,Javascript
11318,MATLAB
11319,SQL
11319,Python
11321,Python
11321,Bash
11321,SQL
11322,Python
11322,R
11322,SQL
11322,C
11323,Python
11324,Python
11324,Java
11324,Javascript
11325,SQL
11325,PHP
11325,Javascript
11326,Python
11327,Python
11329,Other
11329,SQL
11329,R
11330,Java
11330,Python
11330,Javascript
11330,C++
11330,C
11331,Python
11332,Python
11333,Python
11333,SQL
11334,SQL
11334,Python
11335,PHP
11335,Python
11335,Java
11335,SQL
11337,Javascript
11337,C++
11337,PHP
11337,SQL
11337,Python
11337,Java
11338,C++
11338,C
11338,R
11338,Java
11338,Python
11338,SQL
11339,R
11339,Python
11340,Python
11341,SQL
11341,MATLAB
11341,C++
11341,Python
11342,Python
11343,SQL
11343,Python
11344,C#
11344,Javascript
11344,C++
11344,SQL
11344,Python
11344,PHP
11345,PHP
11345,Python
11345,SQL
11345,Java
11345,R
11346,C
11346,R
11346,C#
11346,Python
11346,MATLAB
11347,Python
11347,Bash
11347,R
11347,C
11347,C++
11347,SQL
11347,Other
11348,R
11348,SQL
11348,Python
11349,Python
11350,PHP
11350,SQL
11350,MATLAB
11351,Python
11351,R
11352,R
11353,SQL
11354,C
11354,Python
11355,Python
11355,C
11355,C++
11358,SQL
11358,Python
11359,Python
11361,Python
11361,SQL
11362,Python
11362,C
11362,C++
11363,Python
11363,SQL
11364,Other
11365,R
11365,Python
11365,PHP
11365,Java
11365,Javascript
11366,Python
11366,C++
11367,Java
11367,Python
11368,MATLAB
11368,SQL
11368,Python
11369,MATLAB
11369,R
11369,Python
11371,Python
11371,C
11372,C++
11372,Python
11373,Python
11373,R
11373,MATLAB
11374,Python
11375,Python
11377,Python
11377,MATLAB
11377,R
11378,Other
11379,C++
11379,Python
11380,C++
11380,Java
11380,Python
11381,Python
11381,SQL
11381,Java
11381,R
11382,Python
11382,Bash
11383,Python
11383,MATLAB
11383,C
11383,Java
11384,Python
11385,Python
11385,SQL
11386,Java
11386,C
11386,C++
11386,Python
11387,SQL
11387,Python
11387,Java
11387,R
11387,MATLAB
11389,Python
11389,R
11390,C
11390,Java
11390,C++
11390,Python
11391,Python
11391,C++
11393,Python
11393,C
11393,Java
11393,SQL
11393,C++
11394,SQL
11394,Python
11397,Python
11398,SQL
11398,C
11398,C++
11398,Python
11399,Javascript
11399,MATLAB
11399,SQL
11399,C++
11399,C
11399,PHP
11399,Python
11400,Python
11400,SQL
11402,C++
11402,Java
11402,Python
11403,C++
11404,Python
11405,Python
11405,SQL
11407,Python
11407,PHP
11407,Javascript
11408,C
11409,PHP
11409,Javascript
11409,Java
11409,Python
11409,C++
11410,Python
11411,Python
11412,SQL
11412,R
11413,R
11413,Python
11414,Javascript
11414,SQL
11414,Bash
11414,C#
11414,Python
11415,C
11415,Python
11415,C++
11416,MATLAB
11416,Python
11417,MATLAB
11417,PHP
11418,Javascript
11418,Java
11418,Python
11419,Python
11419,C
11419,C#
11419,Javascript
11419,SQL
11420,SQL
11420,Python
11421,R
11422,Python
11423,Python
11423,C++
11423,C
11423,MATLAB
11423,Javascript
11423,R
11423,Java
11423,Bash
11424,Python
11425,SQL
11425,Python
11430,Java
11430,R
11430,Python
11430,C++
11431,Python
11431,Javascript
11431,SQL
11431,PHP
11431,MATLAB
11431,Java
11432,C++
11432,Java
11432,Python
11433,Python
11433,R
11433,SQL
11434,MATLAB
11434,Other
11435,Java
11435,C++
11435,Python
11436,Java
11436,C
11436,SQL
11436,Python
11436,Javascript
11436,R
11437,Other
11437,Python
11437,SQL
11438,Python
11439,Python
11440,SQL
11440,Python
11440,C
11441,SQL
11441,MATLAB
11441,C#
11441,Python
11442,R
11442,SQL
11442,Python
11443,SQL
11443,Python
11444,Python
11445,Python
11446,C++
11446,Python
11446,SQL
11447,Python
11448,SQL
11448,MATLAB
11448,Python
11449,Python
11449,SQL
11450,C++
11450,SQL
11450,Python
11451,R
11451,SQL
11451,Python
11452,Other
11452,Python
11452,C
11453,Java
11453,C++
11453,SQL
11453,Javascript
11453,Python
11454,Python
11454,C++
11454,Bash
11454,SQL
11455,Python
11457,Python
11458,Python
11458,Bash
11458,SQL
11459,Python
11460,SQL
11460,Other
11460,Python
11460,Bash
11461,Python
11462,SQL
11462,R
11463,Java
11463,C++
11463,C
11463,Python
11463,C#
11464,Python
11465,Java
11465,Python
11466,Python
11467,MATLAB
11467,Python
11467,R
11467,SQL
11467,C
11468,Python
11468,SQL
11469,R
11471,Python
11471,Bash
11471,C++
11473,C#
11473,C++
11473,Python
11473,C
11473,SQL
11473,Java
11473,Javascript
11474,Python
11475,Java
11475,Python
11476,Julia
11476,Python
11477,Python
11477,SQL
11479,Python
11480,SQL
11480,Python
11480,R
11481,SQL
11482,Python
11482,SQL
11483,SQL
11483,Python
11484,SQL
11484,Python
11485,Java
11485,SQL
11485,R
11485,Python
11486,SQL
11486,Python
11487,Python
11487,C++
11487,C
11487,Javascript
11488,SQL
11488,Python
11489,MATLAB
11489,R
11489,C++
11489,C
11489,Python
11489,SQL
11490,Python
11492,Python
11493,SQL
11493,R
11494,Go
11494,Bash
11494,Python
11494,SQL
11494,MATLAB
11495,R
11496,C++
11496,Python
11497,Python
11497,C
11497,C++
11498,Python
11498,SQL
11499,Python
11500,Python
11500,Javascript
11500,Bash
11500,Java
11501,Java
11501,C
11501,Python
11504,Python
11505,Python
11506,Javascript
11506,Python
11506,Java
11506,SQL
11507,Javascript
11507,C
11507,Python
11507,Java
11508,Python
11509,Java
11509,Javascript
11509,SQL
11509,MATLAB
11510,Python
11510,SQL
11511,R
11511,Python
11511,MATLAB
11511,Other
11512,MATLAB
11514,Java
11514,C
11514,C++
11517,Python
11517,R
11517,Java
11517,C
11517,Other
11517,SQL
11517,C++
11519,PHP
11519,SQL
11519,MATLAB
11519,R
11519,C++
11519,Python
11520,Python
11520,SQL
11521,SQL
11521,Python
11522,Python
11522,Bash
11522,Other
11522,SQL
11523,SQL
11523,Python
11524,Python
11525,C
11525,Python
11526,Bash
11526,Python
11527,Python
11528,Python
11529,C
11529,MATLAB
11529,Python
11530,Python
11531,R
11531,Python
11531,C++
11532,R
11532,Python
11532,SQL
11532,C++
11533,Python
11534,SQL
11534,Python
11537,SQL
11537,Python
11537,Java
11537,C
11537,C++
11537,R
11538,SQL
11538,Python
11539,Python
11541,Python
11542,PHP
11542,MATLAB
11542,Python
11542,SQL
11544,SQL
11544,Python
11544,R
11544,Javascript
11545,Java
11545,R
11545,Javascript
11545,SQL
11546,C#
11546,Other
11546,Python
11547,Python
11547,Other
11548,SQL
11548,Python
11549,Python
11550,Javascript
11550,SQL
11550,PHP
11550,Python
11551,Bash
11551,PHP
11551,C++
11551,C
11551,SQL
11551,Javascript
11551,Python
11551,R
11552,R
11552,Python
11552,SQL
11553,Python
11554,Python
11555,Python
11556,C#
11556,Python
11557,Python
11557,MATLAB
11558,Python
11559,Python
11560,Python
11561,Python
11562,Java
11562,SQL
11562,Python
11563,Python
11564,PHP
11565,R
11566,Python
11566,Javascript
11566,SQL
11566,Java
11566,R
11567,MATLAB
11567,Python
11568,Bash
11568,Java
11568,Javascript
11568,SQL
11568,C#
11568,Python
11569,Python
11569,MATLAB
11571,Bash
11571,R
11571,SQL
11571,Python
11572,R
11572,Java
11572,Python
11572,SQL
11573,MATLAB
11573,SQL
11573,Python
11574,Python
11574,R
11575,Python
11575,R
11575,Julia
11577,SQL
11577,Python
11578,R
11578,MATLAB
11578,PHP
11578,Javascript
11578,Python
11578,C#
11579,Python
11579,R
11579,SQL
11581,C++
11581,C
11581,Python
11581,MATLAB
11581,Javascript
11582,Python
11583,Bash
11583,Python
11583,C
11583,SQL
11584,Python
11585,Python
11586,C#
11586,SQL
11586,R
11586,Python
11587,Python
11587,SQL
11588,R
11588,Python
11588,C
11588,Java
11589,SQL
11589,Java
11589,C
11589,Javascript
11589,C++
11589,Python
11591,R
11591,C
11591,Python
11592,Python
11592,Java
11592,SQL
11593,R
11593,Python
11594,C
11594,SQL
11594,C#
11594,R
11594,PHP
11594,Python
11595,MATLAB
11595,C
11595,Python
11596,Python
11596,Java
11596,SQL
11597,Python
11598,Python
11601,Bash
11601,Python
11601,SQL
11602,MATLAB
11602,Python
11603,Python
11604,C
11605,Python
11606,Python
11607,Python
11608,Java
11608,Python
11609,Other
11609,Python
11609,Bash
11609,Go
11610,Python
11610,R
11611,Bash
11611,SQL
11611,Java
11611,Javascript
11611,Python
11613,Python
11614,Python
11614,SQL
11615,SQL
11615,C++
11615,Python
11616,SQL
11616,Python
11616,Java
11617,SQL
11617,Bash
11617,Python
11617,Java
11619,Python
11619,R
11620,C++
11620,SQL
11620,Java
11621,C++
11621,Python
11622,MATLAB
11622,C++
11623,C
11623,Python
11623,Java
11623,SQL
11623,C++
11624,PHP
11624,Javascript
11624,SQL
11624,Python
11625,Python
11626,Python
11628,Python
11628,C++
11629,MATLAB
11629,C#
11629,SQL
11629,Javascript
11629,Python
11630,SQL
11630,Java
11631,Python
11631,Javascript
11631,C++
11631,MATLAB
11631,PHP
11631,Java
11631,SQL
11631,R
11631,C
11632,Python
11632,C
11632,SQL
11633,R
11633,SQL
11633,Python
11634,Python
11634,Other
11634,SQL
11634,Bash
11635,SQL
11635,Python
11635,R
11636,Other
11636,Javascript
11636,Java
11636,SQL
11636,Python
11637,SQL
11637,Bash
11637,Python
11638,C
11638,Python
11638,C#
11639,C++
11639,SQL
11639,Python
11640,Java
11640,SQL
11640,R
11640,PHP
11640,Python
11640,C
11642,Python
11643,C
11643,Python
11643,MATLAB
11644,Python
11644,SQL
11645,R
11645,Python
11646,SQL
11646,Javascript
11646,R
11646,Python
11646,Java
11646,C
11647,Python
11647,C
11647,Java
11649,MATLAB
11649,Python
11650,SQL
11650,Python
11650,R
11650,Java
11651,C++
11651,Python
11651,Javascript
11652,Python
11653,R
11653,SQL
11653,Python
11655,Python
11655,MATLAB
11655,SQL
11656,SQL
11656,Python
11657,SQL
11657,C
11657,Python
11659,SQL
11659,Python
11659,R
11660,Julia
11660,Java
11660,MATLAB
11660,SQL
11660,Python
11661,SQL
11661,Python
11662,Python
11663,R
11664,C++
11664,Python
11665,Python
11666,Python
11666,MATLAB
11666,Java
11666,SQL
11666,Javascript
11667,Python
11667,MATLAB
11668,Java
11668,Javascript
11668,Python
11668,C++
11668,PHP
11668,SQL
11669,C++
11670,C++
11670,Python
11670,PHP
11670,Javascript
11670,Bash
11672,C
11672,Python
11672,Java
11673,Python
11674,Python
11675,Python
11676,SQL
11676,Python
11677,Python
11677,Java
11677,C++
11677,C
11678,SQL
11678,R
11679,R
11679,Python
11679,SQL
11679,C++
11679,C
11680,SQL
11680,Java
11680,Javascript
11680,C++
11680,R
11680,Python
11681,Python
11681,SQL
11682,SQL
11682,R
11682,Python
11683,Python
11684,C++
11684,Python
11685,C++
11685,R
11685,PHP
11685,MATLAB
11685,C
11685,Python
11686,Python
11686,R
11686,C
11686,Javascript
11686,C++
11686,Java
11686,SQL
11686,PHP
11686,Go
11687,Javascript
11688,Python
11689,C++
11689,SQL
11690,Python
11690,SQL
11690,PHP
11691,Python
11692,R
11692,C
11693,C#
11693,Python
11694,Python
11694,R
11695,PHP
11696,Python
11698,C
11698,C++
11698,MATLAB
11700,R
11700,C++
11700,PHP
11700,C
11700,SQL
11700,Java
11700,Javascript
11700,Python
11701,Java
11701,SQL
11701,Python
11701,R
11702,Python
11702,R
11702,C++
11702,Javascript
11702,C
11702,Java
11703,Julia
11703,R
11704,Python
11705,Python
11706,Python
11708,Java
11708,Python
11708,C
11709,Python
11709,C++
11710,R
11710,Python
11711,Java
11712,Java
11712,Python
11713,Java
11713,SQL
11713,Python
11714,Python
11714,C++
11715,Python
11715,PHP
11716,Python
11716,Javascript
11716,SQL
11716,R
11717,SQL
11717,Python
11717,R
11718,Python
11718,SQL
11719,SQL
11719,Python
11720,Python
11720,C++
11720,Bash
11720,PHP
11720,SQL
11720,C
11721,Javascript
11721,R
11721,C#
11721,SQL
11721,Python
11722,Python
11723,SQL
11723,R
11724,Python
11725,Bash
11725,SQL
11725,R
11725,Java
11725,Python
11729,Python
11731,Javascript
11731,SQL
11731,Java
11731,Python
11731,C
11732,Python
11733,Python
11733,Java
11733,SQL
11734,SQL
11734,Bash
11734,Python
11736,R
11736,SQL
11736,Python
11736,Julia
11736,C++
11737,PHP
11737,R
11737,Java
11737,Python
11737,Javascript
11738,Java
11738,SQL
11738,PHP
11738,Javascript
11738,C
11738,R
11738,C++
11738,Python
11739,Python
11740,Python
11740,C++
11741,Python
11741,R
11742,Python
11742,SQL
11742,Bash
11743,Python
11743,SQL
11744,C++
11744,R
11744,Java
11744,SQL
11744,MATLAB
11744,Python
11745,Python
11745,SQL
11746,SQL
11746,Python
11747,SQL
11747,C++
11747,Bash
11747,Javascript
11747,PHP
11747,C
11747,C#
11747,Python
11747,Go
11748,SQL
11750,Python
11751,C
11751,Python
11751,C++
11752,Python
11753,SQL
11753,Python
11754,C
11754,Python
11755,Python
11755,C#
11755,Javascript
11755,C++
11756,C++
11756,Python
11757,SQL
11757,Python
11758,Python
11759,C
11759,SQL
11759,Python
11759,Java
11759,C++
11759,MATLAB
11760,Python
11763,Python
11763,R
11763,SQL
11764,SQL
11764,Python
11765,Python
11765,SQL
11766,C
11766,C++
11766,SQL
11766,Python
11766,Java
11768,C
11768,Python
11769,MATLAB
11769,Python
11770,Python
11770,R
11771,Bash
11771,MATLAB
11771,PHP
11771,Javascript
11771,C
11771,SQL
11771,Python
11771,C++
11772,C++
11772,Python
11772,Other
11772,Java
11773,Java
11773,Python
11774,Python
11774,Other
11774,SQL
11775,Python
11775,SQL
11775,Other
11776,R
11776,Python
11776,SQL
11776,Other
11777,SQL
11777,Python
11777,R
11778,Python
11778,SQL
11778,Java
11779,SQL
11779,Python
11780,Other
11780,Python
11781,Python
11783,Python
11783,C
11783,C++
11783,SQL
11784,SQL
11784,Python
11785,Python
11785,Javascript
11785,SQL
11785,C
11785,R
11785,Java
11786,Python
11786,MATLAB
11786,C++
11787,C++
11787,SQL
11787,C
11787,Python
11787,Java
11787,PHP
11787,Javascript
11788,SQL
11788,Python
11789,Python
11790,SQL
11790,R
11790,Python
11791,Python
11793,SQL
11793,Python
11793,PHP
11793,Javascript
11793,Bash
11794,Python
11795,SQL
11795,Java
11795,R
11795,Python
11796,Java
11797,Python
11798,SQL
11798,Python
11799,Python
11799,R
11799,SQL
11800,SQL
11800,Other
11800,Python
11801,SQL
11801,Python
11801,R
11802,R
11802,C#
11802,Python
11802,C
11802,Bash
11802,MATLAB
11802,C++
11803,Python
11803,C
11805,Java
11805,Python
11805,C#
11805,SQL
11806,R
11806,C++
11806,C
11806,Javascript
11806,Java
11806,C#
11806,PHP
11806,SQL
11806,Python
11809,SQL
11809,Python
11810,SQL
11810,Python
11811,Python
11811,SQL
11811,Java
11811,C
11811,C++
11813,Python
11814,R
11814,Python
11815,SQL
11815,Python
11815,Bash
11815,Java
11815,R
11816,Python
11817,Python
11817,SQL
11817,Go
11817,Bash
11817,C#
11817,C++
11817,C
11818,R
11818,SQL
11818,Python
11819,C++
11819,Python
11820,Python
11820,SQL
11820,R
11821,MATLAB
11821,Javascript
11821,C
11821,Java
11821,Python
11821,C#
11821,C++
11821,SQL
11822,Python
11822,SQL
11823,MATLAB
11823,Python
11825,Python
11825,C
11825,SQL
11825,PHP
11825,Javascript
11825,Java
11825,Bash
11825,Go
11825,C++
11826,SQL
11826,Python
11826,Bash
11827,SQL
11827,Java
11827,Javascript
11827,Python
11828,C++
11829,C++
11829,Python
11830,Python
11831,C++
11833,PHP
11833,Python
11833,Other
11834,C++
11834,Python
11835,R
11835,Python
11836,R
11836,SQL
11836,Python
11836,C++
11836,C
11837,Python
11838,C
11838,SQL
11838,MATLAB
11838,Java
11838,Python
11839,Python
11840,C#
11840,Python
11840,MATLAB
11841,MATLAB
11841,Python
11842,R
11843,Python
11843,MATLAB
11844,Python
11845,Python
11846,Python
11846,C++
11847,Python
11847,C++
11848,Other
11848,R
11849,C++
11849,C
11849,Python
11850,Python
11850,C++
11851,Bash
11851,SQL
11851,Python
11853,Python
11853,SQL
11854,Python
11855,Python
11856,Go
11856,Python
11856,SQL
11857,SQL
11857,C
11857,Python
11857,C++
11857,Javascript
11859,Python
11859,SQL
11860,Python
11861,Java
11861,R
11861,Python
11862,Python
11862,C++
11862,C
11863,Python
11863,R
11863,SQL
11863,Go
11863,Bash
11863,C++
11864,Python
11865,Python
11866,Python
11868,Python
11868,SQL
11870,MATLAB
11870,Bash
11870,R
11870,Python
11870,Java
11870,Javascript
11870,SQL
11870,C
11870,C++
11871,Javascript
11871,Java
11871,PHP
11871,C
11871,C++
11871,C#
11871,Python
11871,SQL
11874,Python
11874,SQL
11875,Python
11875,SQL
11876,Python
11877,SQL
11877,Python
11877,Other
11878,MATLAB
11878,Bash
11879,Python
11880,R
11880,Python
11881,Julia
11881,C
11881,Java
11881,C++
11881,R
11881,Bash
11881,Python
11881,SQL
11881,Javascript
11881,Go
11881,C#
11882,C
11882,Python
11882,C++
11883,Javascript
11883,Java
11884,Python
11884,Other
11884,Javascript
11884,Java
11884,SQL
11884,C++
11885,Python
11885,C
11885,Bash
11885,C++
11886,C++
11886,Other
11887,SQL
11887,C++
11887,Python
11887,Java
11888,Python
11890,SQL
11890,Python
11891,Java
11891,C#
11892,Java
11892,SQL
11892,Python
11892,Javascript
11893,C
11893,Python
11893,Java
11895,Python
11896,Python
11897,C++
11898,C++
11898,Python
11898,SQL
11899,C
11899,Java
11899,Python
11899,C++
11900,R
11900,Python
11902,Bash
11902,Python
11903,Python
11904,SQL
11904,PHP
11904,Python
11905,SQL
11905,R
11905,C#
11906,R
11906,SQL
11906,Python
11906,Javascript
11906,Java
11907,Bash
11908,R
11908,Python
11909,MATLAB
11909,SQL
11909,Javascript
11909,Python
11910,Python
11910,C#
11910,SQL
11911,Python
11911,R
11912,Python
11912,SQL
11912,R
11913,Java
11913,Python
11913,Julia
11913,Bash
11914,Python
11914,C++
11916,Python
11917,MATLAB
11917,Python
11918,Python
11918,Javascript
11919,Python
11919,SQL
11920,Python
11921,Javascript
11921,MATLAB
11921,R
11921,SQL
11921,Python
11923,Python
11923,MATLAB
11923,C
11923,C++
11924,C
11924,PHP
11924,C#
11924,SQL
11924,R
11924,Python
11925,Python
11925,SQL
11925,PHP
11927,Python
11927,SQL
11928,Python
11929,C++
11929,Javascript
11929,Python
11929,Bash
11930,C++
11930,C
11930,Go
11930,Java
11930,SQL
11930,Bash
11930,PHP
11930,Javascript
11930,Python
11932,MATLAB
11932,Python
11932,SQL
11933,Python
11934,R
11934,SQL
11934,Bash
11934,C#
11934,C++
11934,Other
11934,C
11934,Java
11934,PHP
11934,Javascript
11935,R
11935,Python
11935,SQL
11936,Python
11936,Javascript
11936,C++
11937,R
11937,SQL
11937,Python
11939,MATLAB
11939,Python
11939,R
11940,SQL
11940,Python
11940,R
11941,C
11941,C#
11941,SQL
11941,Python
11941,C++
11942,Bash
11942,Javascript
11942,SQL
11942,Python
11942,PHP
11943,SQL
11943,Python
11944,R
11944,Python
11945,C#
11945,Python
11946,Python
11946,SQL
11947,Python
11947,SQL
11948,SQL
11948,Javascript
11948,Python
11950,Other
11950,Python
11951,C#
11951,MATLAB
11951,Javascript
11951,PHP
11952,Python
11952,SQL
11952,Bash
11953,Python
11953,Java
11953,R
11953,SQL
11954,Other
11954,SQL
11954,Javascript
11954,Bash
11954,Python
11957,Javascript
11957,Python
11957,C++
11957,SQL
11957,C#
11957,Julia
11958,Python
11958,SQL
11959,Python
11959,MATLAB
11960,C++
11960,Java
11960,SQL
11960,Python
11961,Python
11961,C
11961,MATLAB
11962,Python
11962,SQL
11963,SQL
11963,Python
11963,R
11964,SQL
11964,Python
11964,R
11965,Javascript
11965,Python
11966,Python
11966,SQL
11967,C++
11967,Python
11968,Python
11968,SQL
11968,R
11968,Bash
11969,Other
11969,Python
11969,Javascript
11969,Go
11969,Java
11969,Bash
11969,SQL
11970,Python
11970,C
11971,C++
11971,Python
11971,C
11972,C++
11972,R
11973,C
11974,Python
11974,C#
11974,MATLAB
11974,Java
11974,R
11975,R
11975,MATLAB
11975,Python
11976,MATLAB
11976,C++
11976,C
11976,C#
11977,C
11978,Java
11978,Python
11979,SQL
11979,Bash
11979,C++
11979,Java
11979,R
11979,C
11979,Python
11980,SQL
11980,Java
11980,Python
11981,Python
11981,SQL
11981,R
11981,Other
11981,C++
11982,Python
11983,SQL
11983,Python
11985,Python
11985,Bash
11986,Python
11987,SQL
11987,Python
11988,Python
11988,C++
11988,PHP
11988,R
11988,Bash
11988,Java
11988,SQL
11988,Javascript
11989,SQL
11989,Javascript
11989,Python
11989,R
11991,Python
11994,Python
11994,C++
11994,SQL
11995,Javascript
11995,Python
11996,Python
11997,Other
11997,SQL
11997,Python
11998,PHP
11998,SQL
11998,Javascript
11999,Python
11999,SQL
11999,R
12001,MATLAB
12001,SQL
12001,Python
12001,C++
12001,C#
12002,Python
12002,SQL
12003,Python
12004,R
12006,Python
12006,SQL
12007,Python
12008,Java
12011,R
12012,Python
12012,SQL
12013,Javascript
12013,Java
12013,Python
12014,Python
12014,R
12014,MATLAB
12015,Java
12015,SQL
12016,Python
12017,R
12017,Python
12018,R
12018,Python
12019,Bash
12019,SQL
12019,Javascript
12019,C++
12019,Python
12019,C
12019,Go
12020,MATLAB
12020,PHP
12020,Python
12020,C++
12020,SQL
12020,Java
12021,C
12021,Python
12022,C
12022,Python
12023,Java
12023,Bash
12023,SQL
12023,Python
12023,R
12024,Python
12025,SQL
12025,C
12025,C++
12025,Python
12026,C
12026,MATLAB
12026,Julia
12026,Python
12027,C++
12027,C
12028,Python
12029,Python
12030,SQL
12030,Python
12031,MATLAB
12031,R
12031,C
12032,MATLAB
12032,Python
12032,SQL
12032,C
12032,Bash
12032,Java
12032,R
12033,Python
12033,C++
12033,Java
12033,C
12033,Other
12034,Java
12034,R
12034,Python
12035,Python
12036,C
12036,SQL
12036,Python
12036,C++
12037,Python
12037,C#
12038,Julia
12038,Bash
12039,Other
12039,R
12041,SQL
12041,Python
12041,Bash
12042,Python
12042,R
12043,Python
12043,R
12043,MATLAB
12044,Python
12044,SQL
12045,Java
12045,Python
12046,Python
12046,C++
12046,SQL
12046,C
12046,Java
12048,R
12048,Python
12049,SQL
12049,Python
12049,Java
12050,C++
12050,Python
12050,SQL
12051,Python
12053,SQL
12054,Java
12054,Python
12054,C
12054,C++
12054,SQL
12055,Python
12056,SQL
12056,Python
12057,Other
12057,Java
12057,SQL
12057,Python
12059,SQL
12059,Python
12059,R
12060,C++
12060,Python
12061,Java
12061,R
12061,Python
12061,SQL
12061,C++
12062,MATLAB
12062,SQL
12062,Python
12062,R
12063,Javascript
12063,Python
12064,SQL
12064,Java
12065,Python
12066,SQL
12066,Bash
12066,R
12067,SQL
12067,R
12067,Python
12068,Python
12070,Python
12070,SQL
12071,Python
12071,MATLAB
12072,Python
12072,Other
12072,R
12073,SQL
12074,Python
12074,Java
12074,Javascript
12074,SQL
12074,C
12074,PHP
12075,Python
12075,MATLAB
12077,Python
12078,Python
12078,SQL
12078,PHP
12078,Java
12078,C#
12079,C#
12079,Java
12079,Bash
12079,SQL
12079,Python
12079,Javascript
12081,Python
12081,SQL
12082,Javascript
12082,Python
12083,Python
12084,C#
12084,SQL
12084,Javascript
12085,C#
12085,Java
12085,Python
12086,Javascript
12087,Python
12087,Bash
12088,Python
12088,C
12089,C#
12089,Python
12091,SQL
12091,Other
12092,Python
12092,SQL
12092,Java
12092,C
12094,C++
12094,Python
12094,C
12094,Other
12096,C++
12096,Java
12096,Python
12097,Python
12097,R
12097,SQL
12098,Python
12098,MATLAB
12098,Java
12098,C++
12098,C
12100,C
12100,C++
12100,Javascript
12100,Python
12102,Python
12103,SQL
12103,R
12103,Python
12103,Julia
12104,C
12104,C++
12104,SQL
12104,Python
12105,R
12107,Python
12107,C#
12107,C++
12109,Java
12109,MATLAB
12109,Python
12110,SQL
12110,C++
12110,Python
12110,C#
12110,C
12110,Java
12111,MATLAB
12111,Python
12112,SQL
12112,Python
12112,R
12112,C#
12112,Other
12112,Go
12113,C#
12114,R
12114,Python
12115,Other
12115,SQL
12116,Other
12116,C++
12116,Python
12116,SQL
12117,Python
12117,SQL
12120,Python
12122,Python
12123,C
12123,Other
12123,Python
12125,SQL
12125,Python
12125,Bash
12126,C++
12126,Python
12126,SQL
12127,R
12127,C
12127,SQL
12127,Python
12128,Python
12129,Python
12130,C#
12132,SQL
12132,Python
12133,Python
12133,SQL
12133,Bash
12133,R
12134,MATLAB
12134,Java
12134,PHP
12134,Javascript
12134,Python
12135,C
12135,Javascript
12135,Python
12135,Java
12135,C++
12136,Python
12137,Python
12138,Python
12138,C++
12139,R
12139,Python
12140,Python
12141,Javascript
12141,C
12141,Python
12141,SQL
12141,C++
12141,Java
12142,Python
12143,Python
12143,MATLAB
12144,Python
12144,C++
12144,PHP
12145,Javascript
12146,Python
12146,R
12146,SQL
12146,Java
12147,SQL
12147,Javascript
12147,Python
12147,C
12149,R
12149,SQL
12149,Java
12149,Python
12152,SQL
12152,MATLAB
12152,C++
12152,Javascript
12152,C#
12152,PHP
12152,C
12152,Bash
12152,Python
12152,Java
12152,R
12153,Python
12153,Java
12153,SQL
12154,Javascript
12154,Python
12155,C++
12155,C
12156,Python
12156,Javascript
12156,C
12156,MATLAB
12157,Javascript
12157,C#
12157,C
12157,Java
12157,SQL
12157,Python
12160,Java
12161,SQL
12161,MATLAB
12161,Python
12161,C
12163,Python
12163,C
12163,PHP
12163,Javascript
12164,Python
12164,Javascript
12165,R
12166,SQL
12166,Python
12166,Bash
12167,Python
12169,Python
12170,Python
12170,Java
12170,C#
12170,PHP
12170,SQL
12170,C++
12172,R
12172,Python
12174,Java
12174,C
12174,PHP
12174,SQL
12175,Python
12175,Javascript
12175,R
12175,SQL
12176,MATLAB
12176,Python
12176,SQL
12176,Javascript
12176,Other
12176,Java
12177,Javascript
12177,Python
12177,R
12177,C#
12177,C++
12177,Java
12177,C
12177,SQL
12177,MATLAB
12179,Python
12179,R
12179,SQL
12180,R
12180,Python
12181,C++
12181,Python
12181,Java
12181,SQL
12182,Java
12182,Python
12183,Java
12183,Python
12183,C++
12184,Python
12184,SQL
12185,C#
12185,SQL
12185,C
12186,Python
12187,Python
12187,MATLAB
12187,SQL
12187,C
12187,C++
12188,Javascript
12188,SQL
12188,R
12188,Python
12188,Bash
12189,Java
12189,Python
12189,R
12191,SQL
12191,Python
12191,R
12192,Python
12192,SQL
12193,Julia
12193,Python
12193,C#
12194,SQL
12194,Python
12194,MATLAB
12194,R
12195,C++
12195,MATLAB
12195,Python
12196,Python
12197,C++
12197,Python
12197,C
12198,SQL
12198,Python
12199,Python
12200,R
12200,SQL
12200,Python
12201,Python
12201,SQL
12202,SQL
12202,R
12203,Python
12203,C
12204,SQL
12205,Python
12208,SQL
12209,C++
12209,C
12209,Bash
12209,SQL
12209,Python
12210,Python
12211,R
12211,SQL
12211,Python
12212,Python
12213,Python
12213,R
12213,Bash
12213,SQL
12214,Java
12214,SQL
12214,Python
12215,Python
12215,C++
12216,SQL
12217,Python
12217,Bash
12218,R
12218,SQL
12219,Python
12220,Python
12221,C++
12221,Python
12222,Python
12223,C++
12223,C
12223,Java
12223,Python
12224,C++
12224,C
12224,SQL
12224,Bash
12224,MATLAB
12224,Python
12225,Bash
12225,R
12225,SQL
12225,Java
12225,Python
12226,Python
12227,Python
12227,SQL
12228,SQL
12228,Python
12229,Python
12230,R
12230,C++
12230,Python
12231,SQL
12231,Python
12232,R
12233,Python
12235,Other
12235,C
12235,MATLAB
12235,Python
12236,C++
12236,Javascript
12236,Python
12237,Other
12237,Python
12237,SQL
12238,Python
12238,MATLAB
12239,Python
12240,Python
12240,C++
12241,Python
12241,SQL
12242,Python
12242,C
12242,Java
12243,Javascript
12243,C++
12243,Python
12243,Java
12244,Python
12246,Python
12247,Java
12247,C
12247,C++
12247,Python
12247,SQL
12248,SQL
12249,C
12249,Python
12249,Java
12249,SQL
12250,Python
12250,Bash
12250,SQL
12251,Python
12251,MATLAB
12254,Bash
12254,Python
12255,Python
12255,SQL
12256,Python
12258,Python
12258,C#
12258,MATLAB
12258,SQL
12258,C++
12258,R
12258,Bash
12258,C
12259,C++
12260,Other
12260,C++
12261,Python
12261,Bash
12261,SQL
12262,Python
12262,Javascript
12262,SQL
12262,Bash
12263,PHP
12263,Javascript
12263,SQL
12264,SQL
12264,C
12264,PHP
12264,R
12265,C
12265,Python
12266,Python
12267,Python
12267,Java
12268,Python
12269,C++
12269,SQL
12269,Python
12270,Java
12270,Python
12270,SQL
12272,C++
12272,Python
12273,R
12273,Javascript
12273,Python
12274,Python
12275,C
12275,SQL
12275,Python
12275,Java
12275,Javascript
12275,C++
12276,R
12276,Python
12277,Python
12277,SQL
12277,C#
12278,Python
12278,SQL
12278,MATLAB
12279,Other
12280,Python
12281,SQL
12283,Python
12283,C
12283,Java
12285,Other
12285,C
12285,SQL
12285,Python
12286,Python
12287,C++
12287,C#
12288,Python
12288,SQL
12289,Python
12290,SQL
12290,Python
12291,R
12291,Python
12292,Python
12292,Java
12292,Bash
12294,Python
12294,SQL
12295,Python
12296,C++
12296,Python
12296,R
12296,SQL
12297,Python
12297,C++
12298,SQL
12298,PHP
12298,C
12298,Python
12298,Java
12298,Javascript
12298,C++
12298,R
12299,C++
12299,SQL
12299,Java
12299,Javascript
12299,C
12299,Python
12300,Python
12300,C++
12300,MATLAB
12300,Javascript
12301,Java
12301,Python
12304,SQL
12304,Python
12306,Python
12306,Javascript
12307,Python
12308,C#
12308,Python
12308,Javascript
12309,R
12309,Python
12310,C++
12310,C
12311,C++
12311,Python
12311,Bash
12311,SQL
12311,Javascript
12311,C#
12311,Go
12312,Python
12312,SQL
12312,Bash
12312,R
12313,Java
12313,SQL
12313,PHP
12313,Javascript
12314,SQL
12314,C
12315,C
12315,Python
12316,Python
12317,SQL
12317,C#
12317,Python
12318,C++
12318,SQL
12318,Python
12319,Python
12320,SQL
12320,R
12320,Javascript
12320,Python
12321,C
12321,Python
12322,Python
12323,R
12323,C++
12323,MATLAB
12323,Python
12324,Python
12324,SQL
12324,C
12324,PHP
12324,C++
12325,R
12325,Python
12326,MATLAB
12326,SQL
12326,Python
12326,C++
12329,SQL
12329,Python
12329,Bash
12330,Python
12330,R
12330,SQL
12332,Python
12332,C
12334,Python
12335,Python
12336,SQL
12336,Bash
12336,Python
12337,Python
12337,Bash
12337,SQL
12339,Python
12339,SQL
12340,Python
12341,SQL
12341,Other
12341,Python
12341,C
12343,Javascript
12343,Python
12344,MATLAB
12344,SQL
12346,Python
12346,SQL
12349,Python
12349,R
12349,SQL
12349,C#
12349,C
12349,Javascript
12349,Java
12349,C++
12349,PHP
12350,Python
12350,R
12350,SQL
12350,Other
12352,C
12352,R
12352,PHP
12352,SQL
12352,MATLAB
12352,Python
12352,Javascript
12353,Java
12353,Python
12353,C
12354,SQL
12354,Other
12355,R
12355,SQL
12355,Python
12356,Python
12356,SQL
12357,R
12357,Python
12358,Python
12358,Bash
12358,Javascript
12359,Python
12359,SQL
12359,Other
12359,Bash
12360,Python
12360,R
12360,Bash
12360,SQL
12360,PHP
12360,C
12361,Python
12361,Julia
12363,MATLAB
12363,C
12363,Python
12363,Java
12364,C
12364,Python
12364,SQL
12365,Python
12366,Javascript
12366,Python
12366,MATLAB
12366,Bash
12366,SQL
12367,Python
12368,Python
12368,Bash
12369,R
12369,Python
12370,Java
12370,Python
12370,C++
12370,C
12370,SQL
12371,Other
12372,Python
12372,C
12373,Python
12374,Python
12374,SQL
12374,C++
12375,C
12375,Python
12376,C++
12376,Python
12376,C
12377,Python
12377,SQL
12378,C
12378,Python
12378,MATLAB
12379,Python
12381,Python
12382,Python
12382,SQL
12383,Python
12383,Julia
12383,R
12383,SQL
12384,Python
12384,Javascript
12384,C#
12385,C
12386,Python
12386,C#
12388,Python
12390,R
12390,Python
12391,C++
12391,MATLAB
12391,Python
12392,Bash
12392,SQL
12392,Python
12393,Java
12393,SQL
12393,Python
12394,Javascript
12394,Python
12395,Python
12396,Python
12397,SQL
12397,Python
12398,C#
12398,Javascript
12398,Python
12398,SQL
12398,Java
12399,MATLAB
12399,C++
12400,R
12400,Python
12400,SQL
12400,C
12400,Julia
12400,C#
12401,MATLAB
12401,SQL
12401,Python
12402,SQL
12402,Python
12403,Javascript
12403,Python
12403,R
12404,Python
12404,SQL
12404,Javascript
12405,Python
12405,Java
12406,R
12406,Python
12406,Bash
12406,SQL
12407,Python
12408,C
12408,Python
12410,C
12410,Python
12410,Java
12411,Python
12411,R
12411,C
12412,Javascript
12412,Java
12412,SQL
12412,PHP
12412,C
12413,Python
12413,C++
12414,C++
12415,SQL
12415,Python
12416,C++
12416,Python
12417,R
12417,Python
12417,MATLAB
12418,MATLAB
12418,Python
12418,SQL
12418,Java
12419,Go
12419,Javascript
12419,Python
12419,SQL
12419,C++
12419,C
12420,C++
12420,Java
12420,SQL
12422,Other
12422,C++
12423,SQL
12423,Python
12423,Java
12424,SQL
12425,Python
12426,C++
12426,Go
12426,PHP
12426,Java
12426,SQL
12426,Python
12426,Other
12426,C
12426,Bash
12426,Javascript
12427,R
12427,SQL
12427,Python
12428,Python
12429,MATLAB
12429,Python
12430,Python
12431,Python
12431,SQL
12432,Python
12433,C
12433,SQL
12433,Java
12433,Python
12433,Javascript
12433,Other
12434,Python
12435,Python
12435,Javascript
12437,SQL
12437,Python
12437,C++
12437,MATLAB
12438,Python
12438,R
12438,C++
12439,Python
12441,Python
12441,SQL
12441,Java
12442,SQL
12442,R
12442,Python
12442,Javascript
12443,Python
12443,C
12444,R
12444,Bash
12444,Other
12444,C#
12445,Python
12446,Javascript
12446,SQL
12448,Python
12449,PHP
12449,R
12449,SQL
12449,Javascript
12449,Python
12449,Other
12451,PHP
12451,Python
12452,Python
12452,Java
12453,C++
12453,Python
12454,Python
12455,SQL
12455,Python
12455,Java
12456,SQL
12456,Python
12457,Python
12457,SQL
12458,Python
12459,SQL
12460,C
12460,C++
12460,Python
12461,Python
12462,R
12462,Python
12462,Javascript
12462,SQL
12463,Bash
12463,Javascript
12463,MATLAB
12465,Python
12465,R
12465,Other
12466,Python
12467,Python
12468,Python
12469,R
12469,C
12469,Python
12471,Python
12471,R
12472,Python
12473,Python
12473,R
12474,Python
12474,SQL
12475,SQL
12475,Python
12476,C++
12476,C
12476,C#
12476,SQL
12476,Python
12476,Bash
12476,Javascript
12476,PHP
12477,Java
12477,Python
12479,Python
12480,Javascript
12480,Bash
12480,Python
12481,Julia
12481,Python
12482,Python
12482,SQL
12483,Python
12484,SQL
12484,Python
12484,PHP
12484,C#
12484,Javascript
12485,Javascript
12486,Python
12487,Python
12487,Bash
12487,R
12487,SQL
12488,Python
12488,SQL
12488,Java
12488,R
12488,MATLAB
12488,Javascript
12488,C++
12489,SQL
12489,Python
12489,R
12490,C++
12490,Python
12492,Javascript
12492,C#
12492,Python
12492,SQL
12493,Bash
12493,R
12493,C#
12493,Python
12494,Python
12494,R
12495,C#
12495,SQL
12495,Javascript
12496,PHP
12496,Python
12496,SQL
12497,R
12497,SQL
12498,Python
12499,Python
12499,Go
12499,C++
12499,Javascript
12499,Java
12500,Python
12500,C++
12500,Java
12502,SQL
12502,C++
12502,Python
12503,Python
12504,Bash
12504,Python
12504,Java
12504,SQL
12504,C#
12505,Python
12505,SQL
12506,Java
12506,Python
12507,Python
12508,SQL
12508,Python
12509,SQL
12509,Javascript
12509,PHP
12509,Python
12511,Python
12511,Bash
12511,SQL
12512,Python
12514,C
12514,SQL
12514,Python
12514,R
12514,Java
12514,C++
12515,Python
12516,Python
12517,Python
12518,PHP
12518,Python
12519,C++
12519,C
12519,C#
12519,Python
12519,Go
12519,Javascript
12519,SQL
12519,Bash
12519,Other
12521,Python
12522,Javascript
12522,SQL
12523,PHP
12524,SQL
12524,C++
12524,PHP
12524,Python
12524,Javascript
12524,C
12525,Javascript
12525,Python
12526,Python
12527,PHP
12527,Javascript
12528,Java
12528,Python
12529,Python
12530,Python
12531,Python
12531,C++
12532,C
12532,R
12532,Other
12533,Python
12533,C++
12533,C
12534,Python
12535,R
12535,Other
12537,C++
12537,SQL
12537,R
12537,Java
12537,PHP
12537,Python
12538,Java
12538,SQL
12538,Python
12539,Python
12539,SQL
12539,C#
12539,C
12541,Python
12541,SQL
12542,Python
12542,MATLAB
12542,SQL
12543,Python
12543,R
12544,Bash
12544,C
12544,Python
12544,C++
12545,Python
12545,Javascript
12546,Python
12548,C#
12548,R
12548,Other
12548,Python
12548,SQL
12548,Bash
12550,Python
12550,SQL
12550,R
12550,Other
12551,Javascript
12551,Go
12551,PHP
12551,C++
12551,Java
12551,C#
12551,C
12551,Python
12551,SQL
12552,Python
12552,SQL
12552,Java
12553,Python
12553,R
12553,SQL
12553,Javascript
12554,Python
12554,Javascript
12554,Java
12554,SQL
12554,Bash
12554,C++
12555,MATLAB
12555,Python
12555,C
12555,R
12555,SQL
12556,Julia
12556,Python
12556,R
12557,Python
12558,Javascript
12558,Python
12558,Java
12559,Python
12559,R
12559,SQL
12560,Python
12560,SQL
12560,Javascript
12560,PHP
12560,C
12560,Java
12560,R
12561,Python
12561,R
12561,SQL
12562,Python
12562,R
12562,SQL
12563,Javascript
12563,Python
12563,C#
12563,Java
12564,Python
12564,SQL
12565,Python
12565,SQL
12565,PHP
12565,Java
12566,Python
12567,PHP
12567,Java
12567,Python
12567,SQL
12568,Python
12568,C
12569,Javascript
12569,Julia
12570,Python
12570,Java
12570,MATLAB
12570,SQL
12571,Python
12571,Javascript
12572,Python
12572,C
12572,Java
12572,Bash
12572,R
12572,Javascript
12572,MATLAB
12572,PHP
12572,SQL
12573,Python
12573,SQL
12574,C
12574,PHP
12574,SQL
12574,Java
12575,R
12575,SQL
12576,Javascript
12576,R
12576,Java
12576,Python
12578,Python
12578,Java
12578,Javascript
12578,MATLAB
12579,Python
12579,Javascript
12580,Python
12580,C++
12581,C
12581,Other
12581,SQL
12581,Python
12581,MATLAB
12582,C++
12582,Python
12583,SQL
12583,Python
12584,Python
12586,Python
12587,C#
12587,SQL
12587,Java
12587,Python
12588,Python
12588,Javascript
12588,Java
12588,C++
12589,C
12589,C++
12589,Python
12590,Python
12590,C++
12590,MATLAB
12591,SQL
12591,Bash
12591,R
12591,Python
12591,Other
12592,Javascript
12592,C#
12592,SQL
12593,Java
12593,Python
12594,Java
12594,Python
12594,R
12594,SQL
12595,Python
12595,SQL
12595,Java
12595,C
12595,C++
12596,MATLAB
12596,Javascript
12596,SQL
12596,Python
12597,MATLAB
12597,Python
12597,C++
12598,SQL
12599,Python
12599,Javascript
12599,SQL
12599,R
12599,C
12599,PHP
12599,Bash
12599,C++
12599,Java
12600,Python
12600,SQL
12600,MATLAB
12602,Python
12603,Python
12603,R
12603,SQL
12604,MATLAB
12604,Python
12605,C
12605,R
12605,C#
12605,Python
12605,SQL
12605,PHP
12605,Java
12606,C
12606,Python
12606,SQL
12607,Python
12607,R
12607,C++
12607,SQL
12611,C
12611,Java
12611,Javascript
12611,Python
12611,Other
12612,SQL
12612,Python
12613,Python
12614,Javascript
12614,Python
12614,SQL
12614,PHP
12615,R
12615,Python
12616,R
12616,Python
12616,MATLAB
12617,Python
12618,Python
12619,Javascript
12621,SQL
12621,Python
12621,C
12621,Java
12622,C#
12623,Python
12624,Javascript
12624,Java
12624,Python
12624,SQL
12626,SQL
12626,Python
12627,C++
12627,Java
12627,Python
12627,SQL
12627,MATLAB
12627,C
12627,Javascript
12627,C#
12628,C++
12628,MATLAB
12628,C
12628,Python
12629,Python
12629,SQL
12630,Python
12630,SQL
12630,Java
12631,C++
12631,SQL
12633,C++
12634,MATLAB
12634,C++
12634,Python
12635,SQL
12635,Python
12636,Python
12637,R
12638,Other
12639,Java
12639,SQL
12639,MATLAB
12639,C++
12639,Python
12639,C
12640,Python
12640,SQL
12640,Bash
12641,Python
12641,SQL
12641,R
12642,C
12642,SQL
12644,Python
12645,Java
12645,C++
12645,Python
12645,Javascript
12645,R
12646,Bash
12646,SQL
12646,Python
12646,Other
12647,C
12648,Python
12648,Other
12648,Javascript
12649,C++
12649,Javascript
12649,R
12649,Python
12650,C
12650,Other
12650,Python
12650,C++
12651,Java
12651,Python
12651,C++
12652,Python
12652,SQL
12653,Java
12653,Javascript
12653,SQL
12653,PHP
12653,C
12653,Bash
12653,Python
12654,C
12654,Java
12654,Python
12654,SQL
12655,Python
12655,C++
12655,SQL
12656,R
12657,MATLAB
12657,SQL
12657,Python
12658,Python
12659,Python
12660,C
12660,R
12660,Python
12661,Python
12663,Python
12664,C
12664,C++
12664,SQL
12664,Python
12665,Python
12665,MATLAB
12665,C
12665,Bash
12665,PHP
12665,Javascript
12665,Java
12665,C++
12665,Go
12665,SQL
12667,Java
12667,C++
12667,Python
12667,Javascript
12668,Python
12668,Other
12668,Java
12669,Python
12669,MATLAB
12669,SQL
12670,Python
12670,R
12672,MATLAB
12672,SQL
12672,Bash
12672,Python
12673,Javascript
12673,C#
12673,Python
12673,SQL
12674,Python
12675,Python
12676,C
12676,Python
12676,MATLAB
12677,Python
12678,Python
12678,SQL
12679,Python
12680,R
12680,Python
12681,Python
12681,R
12682,Python
12682,R
12682,MATLAB
12683,Python
12683,Java
12683,C++
12684,Java
12684,Python
12684,SQL
12685,Python
12686,Python
12686,R
12687,Python
12688,PHP
12688,C
12688,C++
12689,C
12689,MATLAB
12689,Python
12691,Bash
12691,Python
12692,SQL
12692,Java
12692,Python
12693,R
12693,Python
12693,SQL
12696,MATLAB
12696,C++
12696,R
12696,Python
12698,MATLAB
12698,C++
12698,Python
12699,Python
12699,C++
12701,Python
12701,R
12701,C#
12702,Python
12702,C
12702,C++
12703,Python
12704,Python
12704,C
12705,Python
12705,SQL
12705,Other
12706,SQL
12706,Python
12707,Python
12707,Bash
12708,C#
12708,Python
12708,SQL
12709,R
12709,Python
12710,Python
12710,C
12710,SQL
12711,SQL
12711,Python
12711,R
12711,PHP
12712,R
12712,SQL
12712,Java
12712,Python
12714,Python
12715,SQL
12715,Python
12716,Python
12717,C++
12717,Python
12718,C++
12718,Python
12719,SQL
12719,Java
12719,C
12720,Python
12720,SQL
12721,Python
12722,Python
12722,C
12723,SQL
12723,Bash
12723,Python
12723,PHP
12723,Java
12724,SQL
12724,C#
12725,SQL
12725,PHP
12725,Python
12725,Javascript
12726,Other
12726,SQL
12726,C++
12727,Javascript
12727,C#
12727,Julia
12727,Bash
12727,Java
12727,Python
12728,Python
12728,SQL
12728,C++
12729,SQL
12729,Python
12729,Javascript
12729,PHP
12730,SQL
12730,C
12730,Java
12730,Python
12730,PHP
12731,Python
12731,Javascript
12731,SQL
12731,R
12732,Python
12732,R
12733,C
12733,Javascript
12733,Python
12733,SQL
12734,Python
12734,Julia
12736,Python
12736,R
12736,SQL
12738,R
12738,MATLAB
12738,C
12738,SQL
12738,Python
12739,Python
12740,SQL
12740,C++
12740,C
12740,Python
12741,R
12741,Python
12742,Java
12742,Python
12742,C
12742,PHP
12742,SQL
12743,Python
12743,Other
12743,SQL
12745,Python
12745,R
12747,Python
12749,SQL
12749,Python
12751,Other
12751,R
12751,Python
12752,Python
12752,R
12752,SQL
12754,Python
12754,C
12754,Other
12754,Java
12755,Java
12755,Python
12757,Python
12758,C
12758,MATLAB
12758,Bash
12758,Java
12758,PHP
12758,C++
12758,SQL
12758,Python
12758,Javascript
12759,Javascript
12759,Java
12759,Python
12760,C
12760,Python
12760,MATLAB
12761,SQL
12761,Python
12762,Python
12763,SQL
12763,Python
12764,C++
12764,C
12764,Python
12764,SQL
12764,C#
12765,R
12765,Python
12766,Python
12768,C#
12768,PHP
12768,Python
12769,Python
12771,Python
12771,C++
12772,Python
12772,R
12773,Python
12773,Bash
12773,R
12774,C++
12774,Java
12774,Other
12774,Javascript
12774,SQL
12775,MATLAB
12775,C#
12775,SQL
12775,Python
12777,Python
12777,Javascript
12777,C++
12777,C
12778,C
12778,Java
12778,Javascript
12778,R
12778,SQL
12779,SQL
12779,Bash
12779,Javascript
12779,Python
12780,Python
12780,Bash
12780,SQL
12781,Python
12781,SQL
12783,SQL
12783,Python
12784,Python
12784,SQL
12785,R
12785,C
12785,Python
12785,Bash
12785,PHP
12785,MATLAB
12785,Java
12785,Julia
12785,SQL
12786,SQL
12786,C
12786,PHP
12786,R
12786,Other
12786,Python
12787,Python
12787,SQL
12787,R
12788,Python
12790,SQL
12790,Javascript
12790,Python
12790,PHP
12791,Python
12792,Python
12794,Python
12794,SQL
12795,Python
12796,SQL
12796,Python
12798,SQL
12798,R
12798,Python
12798,MATLAB
12799,Python
12800,Python
12800,R
12800,Bash
12800,SQL
12801,Python
12801,C
12801,Javascript
12801,C++
12801,MATLAB
12801,Other
12802,Bash
12802,Java
12802,Python
12802,Javascript
12804,Python
12804,SQL
12804,MATLAB
12804,R
12805,Python
12807,C#
12807,Javascript
12807,Python
12807,SQL
12808,Python
12808,Bash
12808,SQL
12809,Python
12809,C++
12811,R
12811,SQL
12811,Python
12812,Python
12812,SQL
12813,PHP
12813,Bash
12813,SQL
12813,Javascript
12813,R
12813,Python
12814,Python
12815,Python
12816,Javascript
12817,R
12817,SQL
12817,Python
12819,Other
12819,Python
12820,C
12820,C++
12820,R
12820,C#
12820,Java
12820,PHP
12820,MATLAB
12820,Javascript
12820,Python
12820,SQL
12821,Other
12821,Python
12821,SQL
12822,Java
12822,C++
12822,R
12822,Julia
12822,Go
12822,MATLAB
12822,C#
12822,C
12822,Python
12822,SQL
12822,Javascript
12822,PHP
12822,Bash
12823,Python
12823,SQL
12824,Python
12824,SQL
12824,R
12825,R
12826,Python
12827,C
12827,Python
12828,Python
12828,R
12828,C
12828,MATLAB
12828,SQL
12828,Julia
12829,SQL
12829,Python
12830,Python
12830,SQL
12831,Python
12832,SQL
12832,Python
12832,C++
12832,MATLAB
12832,Java
12832,Javascript
12833,Javascript
12833,C++
12833,Python
12833,SQL
12833,C
12833,Java
12833,PHP
12834,C++
12834,Python
12835,C#
12835,SQL
12836,Python
12836,SQL
12836,Javascript
12837,Python
12837,Java
12837,Javascript
12837,SQL
12838,Java
12838,Julia
12839,C
12840,C++
12840,Python
12840,MATLAB
12841,Python
12841,MATLAB
12841,Java
12842,Java
12842,Javascript
12842,SQL
12843,Python
12844,Python
12844,SQL
12845,C++
12845,Python
12845,MATLAB
12846,PHP
12847,R
12847,SQL
12847,C
12847,Python
12848,Javascript
12848,C++
12848,Python
12848,PHP
12848,C
12848,C#
12848,SQL
12848,Java
12849,Python
12849,C
12849,C++
12850,Python
12852,MATLAB
12852,Python
12853,SQL
12853,Other
12854,SQL
12854,Python
12855,SQL
12855,C++
12855,Java
12855,Python
12855,C
12855,Bash
12856,R
12857,Python
12859,SQL
12860,Python
12860,Java
12861,SQL
12861,Python
12862,Python
12862,C++
12862,R
12863,C++
12863,SQL
12863,Python
12863,R
12863,C
12864,SQL
12864,Python
12864,R
12865,Python
12866,Python
12866,R
12867,Java
12867,SQL
12867,Python
12868,Other
12868,R
12870,Python
12871,Python
12871,R
12872,SQL
12872,Python
12873,Bash
12873,Python
12874,Python
12874,R
12875,R
12875,SQL
12876,Python
12878,SQL
12878,Javascript
12878,Python
12879,SQL
12879,Python
12880,Python
12880,PHP
12880,MATLAB
12880,SQL
12881,Python
12881,SQL
12881,C++
12881,C
12882,SQL
12882,Python
12883,Java
12883,MATLAB
12883,Python
12883,SQL
12884,SQL
12884,Python
12885,Python
12885,R
12885,SQL
12885,Javascript
12887,R
12889,Python
12889,C
12890,PHP
12890,Python
12890,Javascript
12890,SQL
12891,SQL
12891,Other
12891,C++
12891,MATLAB
12892,Python
12893,SQL
12893,Python
12893,C++
12894,C++
12894,Python
12894,Javascript
12895,Javascript
12895,Python
12895,SQL
12896,Go
12896,Javascript
12896,SQL
12896,Java
12896,Bash
12896,Python
12897,Python
12897,Bash
12897,SQL
12898,C#
12898,Python
12898,R
12900,Python
12901,Java
12901,SQL
12901,Python
12901,Javascript
12902,Java
12902,C++
12902,Python
12903,C++
12903,Python
12904,C++
12904,SQL
12904,C
12904,Java
12904,Python
12905,C
12905,Python
12905,Javascript
12905,SQL
12905,C++
12906,SQL
12906,R
12906,Python
12907,Javascript
12907,Python
12908,SQL
12908,R
12908,Javascript
12908,Python
12909,Java
12909,Python
12910,Python
12910,C
12910,Java
12911,Python
12913,Python
12913,Javascript
12914,Python
12915,Python
12916,C
12916,Java
12917,MATLAB
12917,Python
12918,Python
12919,Java
12920,Python
12920,R
12923,C++
12924,C++
12924,Python
12924,MATLAB
12924,R
12925,Python
12926,Python
12926,SQL
12927,SQL
12927,Python
12927,Other
12928,PHP
12928,SQL
12928,Python
12928,C
12929,Python
12929,MATLAB
12930,SQL
12930,Python
12930,R
12931,C
12931,Python
12931,C++
12931,SQL
12931,MATLAB
12933,Python
12934,C++
12934,R
12934,SQL
12934,Java
12934,Python
12934,PHP
12934,Javascript
12935,Julia
12935,Python
12935,Go
12935,MATLAB
12935,Javascript
12935,SQL
12935,Other
12935,PHP
12935,C#
12935,R
12935,C++
12935,Bash
12935,Java
12935,C
12936,Python
12938,SQL
12938,Python
12938,Bash
12940,Bash
12940,Python
12940,SQL
12940,Go
12940,Javascript
12942,SQL
12942,Python
12942,PHP
12943,Python
12943,Bash
12943,R
12944,Python
12945,Python
12946,R
12948,Java
12948,SQL
12948,R
12948,Python
12951,Javascript
12951,C
12951,Python
12952,Python
12952,Javascript
12953,R
12953,SQL
12953,Python
12953,Java
12954,PHP
12954,Python
12955,Python
12955,R
12955,SQL
12956,C++
12956,C
12956,Python
12957,Other
12958,Python
12959,Python
12959,MATLAB
12960,SQL
12963,Python
12963,SQL
12963,R
12963,C++
12963,C#
12963,C
12964,Python
12964,SQL
12964,C#
12964,Java
12965,SQL
12965,Python
12966,Python
12966,Java
12967,Java
12967,C
12967,Python
12967,C++
12969,SQL
12969,Python
12969,C#
12969,Javascript
12969,C++
12970,Python
12971,C++
12971,SQL
12971,C
12971,Python
12971,Java
12971,R
12971,Javascript
12972,Python
12972,SQL
12973,Java
12973,Other
12973,R
12973,C
12973,MATLAB
12973,C++
12973,Python
12974,Python
12975,Python
12977,R
12977,Java
12977,Javascript
12977,Python
12978,SQL
12978,Python
12979,R
12979,SQL
12980,PHP
12980,Python
12981,C++
12983,C++
12983,SQL
12983,Python
12983,C
12984,C
12984,Python
12986,Python
12987,MATLAB
12987,Python
12988,R
12988,Python
12988,Bash
12989,Java
12989,R
12989,Python
12989,C
12989,C++
12990,Python
12990,C
12991,SQL
12991,Bash
12991,Python
12992,Python
12993,Python
12994,Other
12994,R
12994,Python
12995,SQL
12995,Python
12996,Python
12997,Python
12997,Javascript
13000,Python
13000,Bash
13000,R
13000,SQL
13001,Python
13002,Bash
13002,Python
13002,SQL
13003,R
13004,Go
13004,C#
13005,Python
13006,C
13006,Python
13009,Python
13009,R
13010,Java
13010,Python
13010,C++
13010,C
13010,SQL
13011,Python
13012,Python
13013,Python
13013,Java
13013,C
13013,SQL
13013,R
13014,Other
13014,SQL
13014,Bash
13014,Javascript
13014,C++
13014,Python
13014,C
13015,SQL
13015,Python
13016,Python
13016,Other
13017,Julia
13017,C++
13017,C
13017,Python
13018,SQL
13018,C
13018,Python
13019,Bash
13019,Python
13019,C++
13019,C
13020,Python
13020,SQL
13020,Bash
13020,Javascript
13021,Python
13022,Python
13022,Bash
13022,MATLAB
13022,SQL
13023,R
13023,SQL
13025,C++
13025,Python
13026,Java
13026,C#
13026,Other
13026,SQL
13026,Javascript
13026,Python
13027,R
13027,Python
13027,Other
13028,R
13028,Python
13028,SQL
13029,Python
13029,Javascript
13029,SQL
13030,R
13031,Python
13031,Java
13031,C
13031,C++
13031,Javascript
13032,Python
13032,SQL
13033,Python
13034,C++
13034,Python
13036,Java
13036,Javascript
13036,C++
13036,PHP
13036,SQL
13036,C#
13037,Python
13038,SQL
13038,Python
13039,Python
13039,MATLAB
13040,Java
13040,R
13040,Javascript
13040,SQL
13040,PHP
13040,C#
13041,Python
13041,Javascript
13041,SQL
13041,PHP
13043,Python
13043,Javascript
13043,Bash
13045,Python
13046,Python
13046,SQL
13046,Java
13046,R
13048,R
13048,Python
13048,SQL
13049,Bash
13049,Python
13049,Java
13049,SQL
13050,Python
13051,C
13051,C++
13051,Python
13052,C++
13053,Python
13053,Java
13053,R
13054,SQL
13054,Java
13054,PHP
13054,Python
13055,SQL
13055,C#
13055,Python
13055,R
13056,R
13056,Python
13058,Python
13059,Python
13059,SQL
13061,Python
13061,SQL
13061,Bash
13062,Python
13062,MATLAB
13062,SQL
13063,SQL
13063,Python
13063,R
13064,R
13064,SQL
13064,Python
13064,C
13064,C++
13065,SQL
13065,Python
13066,Python
13067,Python
13067,C++
13068,Java
13068,SQL
13068,Python
13069,Other
13069,C#
13069,Python
13069,Javascript
13069,Java
13071,C++
13071,C
13071,R
13071,MATLAB
13071,Bash
13071,Python
13071,SQL
13072,SQL
13072,Python
13073,Python
13075,R
13075,C++
13075,Python
13075,SQL
13076,Python
13076,C
13076,C++
13076,SQL
13076,PHP
13076,Javascript
13076,Java
13076,R
13076,C#
13076,Go
13077,Python
13078,Python
13079,R
13079,SQL
13079,Python
13080,Java
13080,Python
13080,SQL
13080,R
13081,R
13081,Python
13082,C
13082,SQL
13082,C++
13082,Javascript
13082,Python
13083,Bash
13083,SQL
13083,R
13083,Python
13084,Python
13085,R
13085,Python
13086,SQL
13086,Other
13086,Python
13086,C++
13087,Python
13087,Javascript
13087,PHP
13088,SQL
13088,R
13089,Python
13089,MATLAB
13090,Python
13090,R
13091,SQL
13091,Python
13092,C
13092,Python
13092,C#
13092,Javascript
13092,SQL
13094,Python
13094,Java
13095,Javascript
13095,Python
13096,Javascript
13096,Python
13097,SQL
13097,C++
13097,Python
13098,MATLAB
13099,Other
13099,Python
13099,Java
13099,C
13099,Javascript
13099,C++
13099,SQL
13101,PHP
13101,Java
13101,C#
13101,C++
13101,Javascript
13101,SQL
13101,R
13101,Python
13101,C
13102,R
13102,Python
13102,Bash
13103,SQL
13103,C#
13104,Python
13104,C++
13104,Java
13104,C
13105,Python
13106,Python
13106,SQL
13106,Java
13107,Python
13108,SQL
13108,Python
13110,C
13110,PHP
13110,Python
13110,Java
13110,Javascript
13110,SQL
13112,R
13112,Javascript
13112,Python
13113,SQL
13113,Java
13113,Python
13114,Java
13115,Javascript
13115,C
13115,Java
13115,C++
13115,Python
13117,SQL
13117,PHP
13117,Python
13117,R
13119,C
13119,Java
13119,SQL
13119,Python
13120,C
13121,Python
13121,SQL
13123,R
13125,MATLAB
13125,C++
13125,C
13125,Python
13126,Python
13126,R
13126,Bash
13126,SQL
13126,Julia
13127,SQL
13127,Python
13129,Python
13129,SQL
13129,Javascript
13131,Javascript
13131,Python
13132,Python
13133,Javascript
13133,C#
13133,SQL
13134,Python
13134,C++
13134,MATLAB
13135,Python
13136,Python
13138,R
13138,Python
13138,SQL
13139,Python
13140,Python
13140,C
13140,PHP
13141,SQL
13141,Python
13141,R
13142,Java
13142,Python
13143,SQL
13143,R
13143,Python
13143,Javascript
13143,Java
13144,R
13144,Python
13145,Java
13146,Python
13146,SQL
13147,Python
13147,R
13147,SQL
13148,C++
13148,Python
13148,SQL
13148,C
13149,C++
13149,Python
13149,PHP
13150,R
13150,Python
13151,SQL
13151,Python
13151,C
13151,C++
13153,Python
13154,Python
13155,Python
13155,SQL
13155,Bash
13155,C++
13158,Python
13159,Javascript
13160,Java
13161,Java
13161,Javascript
13161,C++
13161,Python
13162,MATLAB
13162,Python
13163,Python
13164,Python
13164,C#
13164,SQL
13164,Java
13165,SQL
13165,Python
13166,Python
13166,Java
13166,Javascript
13166,SQL
13166,Other
13167,Java
13167,Python
13168,Python
13169,Python
13170,Java
13170,Python
13170,SQL
13170,PHP
13170,Javascript
13170,C
13171,C++
13171,Python
13172,C
13172,Python
13172,Java
13172,C++
13172,SQL
13173,Python
13174,Python
13174,R
13174,SQL
13175,Python
13175,Java
13175,C
13175,C++
13176,Python
13176,C++
13177,Python
13177,C
13177,C++
13178,SQL
13178,Python
13179,Python
13181,C
13181,Python
13181,SQL
13182,Python
13183,Python
13184,Python
13184,R
13185,Python
13186,SQL
13187,Bash
13187,Javascript
13187,Python
13187,SQL
13188,C#
13188,SQL
13188,Javascript
13188,MATLAB
13188,Python
13189,Java
13189,SQL
13189,Python
13189,C++
13192,Python
13194,Python
13194,SQL
13194,R
13195,Javascript
13196,C++
13196,MATLAB
13196,Python
13196,Javascript
13196,C
13197,Python
13198,Python
13199,C
13199,C#
13199,Javascript
13199,Python
13199,C++
13200,C
13200,Python
13200,C++
13200,SQL
13201,SQL
13201,Python
13202,Python
13202,C
13202,Java
13202,Javascript
13202,SQL
13202,C++
13203,SQL
13203,Python
13204,SQL
13204,Bash
13204,Python
13204,Java
13204,PHP
13204,MATLAB
13204,C++
13205,C
13206,Python
13206,MATLAB
13207,Java
13207,Python
13207,R
13207,SQL
13209,SQL
13209,Javascript
13209,Java
13209,C
13209,C#
13209,Python
13209,C++
13210,Python
13211,Python
13211,SQL
13211,C++
13212,Python
13212,Javascript
13212,C
13213,Python
13213,SQL
13213,Java
13214,Python
13214,R
13215,SQL
13215,Python
13215,Java
13216,Python
13220,Python
13220,C++
13221,Java
13221,C
13221,C++
13221,SQL
13221,Javascript
13222,Python
13222,Java
13222,SQL
13223,Python
13224,Python
13225,MATLAB
13225,SQL
13225,Python
13225,R
13227,Python
13227,SQL
13229,C
13230,Other
13231,SQL
13231,C++
13231,C
13231,C#
13231,Python
13232,Python
13233,Python
13233,R
13234,Other
13235,SQL
13235,PHP
13235,Javascript
13236,R
13237,Java
13237,Python
13237,SQL
13239,SQL
13239,C++
13239,R
13239,Python
13240,SQL
13240,Python
13241,C++
13241,Python
13241,Other
13241,Bash
13242,Bash
13242,Python
13243,C
13243,C#
13243,MATLAB
13243,Python
13243,C++
13244,Python
13245,Python
13246,Python
13246,MATLAB
13247,Go
13247,Python
13247,MATLAB
13247,C
13247,Javascript
13248,R
13248,Python
13248,SQL
13249,Python
13249,C++
13249,SQL
13249,C#
13251,Python
13252,Python
13252,C++
13253,R
13253,Python
13253,SQL
13253,C
13253,Java
13254,C
13254,Python
13255,Python
13255,Java
13256,PHP
13256,Javascript
13256,Python
13256,SQL
13257,SQL
13257,Python
13257,C
13257,Bash
13257,MATLAB
13257,R
13258,Python
13259,SQL
13259,Python
13260,C#
13260,SQL
13260,C++
13260,Java
13261,Python
13262,Python
13262,PHP
13262,SQL
13263,Python
13263,SQL
13263,Other
13264,Python
13264,C++
13264,MATLAB
13265,Bash
13265,Python
13265,SQL
13265,Julia
13265,Javascript
13266,Python
13266,SQL
13267,Python
13270,Python
13270,R
13271,Python
13272,Java
13272,C++
13272,SQL
13272,Python
13272,R
13272,C
13272,Javascript
13273,SQL
13273,Python
13273,C#
13274,SQL
13274,Python
13274,C++
13275,Other
13276,Python
13276,Java
13276,C++
13276,C
13277,Python
13278,Python
13278,C++
13278,C
13279,SQL
13279,Python
13280,Bash
13280,Python
13281,Python
13282,SQL
13282,Python
13283,Java
13283,Python
13284,Python
13284,Go
13285,Python
13286,C#
13286,Python
13286,Java
13286,Javascript
13286,PHP
13287,MATLAB
13288,Python
13289,Java
13290,SQL
13290,PHP
13290,Javascript
13290,Bash
13290,Python
13291,Python
13291,Bash
13292,Python
13293,Python
13294,Python
13295,Python
13295,Bash
13295,R
13296,Other
13296,SQL
13296,R
13296,Python
13297,Python
13297,R
13298,Javascript
13298,Python
13298,Java
13298,SQL
13299,C++
13299,Python
13299,C
13300,Python
13301,C
13301,PHP
13301,C#
13301,C++
13301,Bash
13301,Java
13301,SQL
13301,Python
13301,MATLAB
13301,R
13301,Julia
13301,Go
13301,Javascript
13302,C++
13302,Python
13302,C
13304,Python
13304,C++
13304,MATLAB
13305,MATLAB
13305,C++
13305,Java
13305,C#
13305,PHP
13305,Python
13305,C
13305,SQL
13305,Javascript
13306,C
13306,Python
13306,Java
13306,C++
13307,R
13307,Python
13309,Go
13309,Javascript
13309,Java
13310,Python
13311,R
13311,Other
13312,MATLAB
13312,Java
13312,C++
13312,Python
13312,SQL
13312,R
13314,SQL
13314,Python
13314,MATLAB
13315,Javascript
13315,Python
13316,Python
13316,SQL
13317,Python
13317,SQL
13318,Java
13318,SQL
13318,Python
13318,Javascript
13318,C#
13320,Python
13320,SQL
13321,R
13321,Bash
13321,Python
13322,Python
13322,SQL
13323,Python
13323,C
13324,Java
13324,SQL
13324,Python
13324,Javascript
13325,C++
13325,Python
13325,C
13326,C#
13327,Python
13328,SQL
13328,Python
13329,R
13329,Python
13330,Python
13330,Julia
13330,MATLAB
13330,Java
13330,C++
13331,Java
13331,Python
13332,Python
13332,SQL
13332,C
13333,Java
13333,SQL
13333,C#
13333,Python
13334,C
13336,MATLAB
13338,Python
13339,Javascript
13339,Python
13339,SQL
13340,PHP
13340,C
13340,Python
13340,Javascript
13340,Java
13340,SQL
13341,Javascript
13342,Python
13343,PHP
13343,Python
13344,Python
13345,Python
13345,Java
13346,Python
13346,Javascript
13347,Javascript
13347,Java
13347,SQL
13347,Python
13348,Other
13348,SQL
13349,Bash
13349,SQL
13349,Python
13350,Python
13350,R
13351,Python
13352,Python
13352,Other
13353,R
13354,Java
13356,Python
13357,R
13357,SQL
13358,MATLAB
13358,Python
13358,Julia
13359,Java
13359,R
13359,MATLAB
13359,Python
13360,Python
13361,Python
13361,C++
13362,Python
13363,Python
13363,MATLAB
13363,C++
13363,Bash
13364,Python
13364,SQL
13364,Javascript
13364,PHP
13365,Python
13365,R
13365,C++
13365,C
13366,Python
13366,C++
13367,C
13367,MATLAB
13367,PHP
13367,C#
13367,SQL
13367,Java
13367,C++
13367,Python
13368,Python
13368,SQL
13369,Python
13369,SQL
13369,Java
13369,Javascript
13370,Python
13371,C#
13371,Python
13371,Javascript
13371,C
13371,PHP
13371,SQL
13371,C++
13372,R
13372,Python
13373,Python
13374,R
13374,Other
13374,SQL
13374,Python
13375,Python
13375,R
13376,Python
13376,SQL
13376,C++
13376,Javascript
13378,Python
13378,MATLAB
13378,C
13378,C++
13378,Java
13379,Python
13379,C++
13380,C#
13380,Python
13381,Java
13381,Python
13381,C++
13381,C
13381,MATLAB
13381,Javascript
13382,Python
13383,Python
13383,SQL
13384,Bash
13384,SQL
13384,Python
13385,Python
13386,Python
13386,C++
13386,Java
13387,Python
13387,MATLAB
13388,Python
13388,C++
13388,MATLAB
13389,Python
13389,R
13390,SQL
13390,Python
13392,C++
13392,Python
13392,C
13392,C#
13392,MATLAB
13392,PHP
13393,Python
13394,SQL
13394,R
13394,Other
13395,Python
13396,PHP
13396,C
13396,C++
13397,Other
13397,C
13399,SQL
13400,R
13400,Python
13400,SQL
13401,Python
13401,Bash
13402,Python
13403,R
13403,SQL
13404,C++
13404,Python
13405,Bash
13405,PHP
13405,SQL
13405,C
13405,Python
13407,Javascript
13407,R
13407,Java
13407,Python
13407,C
13407,C++
13407,PHP
13407,MATLAB
13407,SQL
13407,C#
13408,Python
13408,SQL
13409,Python
13409,Other
13409,R
13409,SQL
13410,C++
13410,Python
13411,Python
13412,C++
13412,Python
13412,MATLAB
13412,Java
13413,Python
13413,MATLAB
13414,Python
13414,R
13415,Python
13415,SQL
13415,Other
13416,MATLAB
13416,Python
13417,Python
13417,SQL
13417,R
13418,SQL
13418,Python
13418,C
13418,C++
13418,Java
13418,R
13419,C++
13420,Python
13420,C++
13420,Javascript
13420,MATLAB
13420,SQL
13422,Python
13422,SQL
13423,Python
13424,Python
13424,C++
13424,Java
13424,R
13424,SQL
13424,C#
13425,C++
13425,SQL
13425,Python
13425,C
13426,Python
13426,R
13427,SQL
13427,C++
13427,R
13427,Javascript
13427,C
13427,MATLAB
13428,Python
13429,Python
13430,Python
13431,Python
13431,Java
13431,C
13432,Python
13432,Bash
13432,SQL
13433,Python
13433,R
13434,Javascript
13434,Python
13434,SQL
13435,Other
13435,C
13435,SQL
13435,R
13436,Other
13437,Python
13438,SQL
13438,Python
13438,Java
13439,C++
13439,C#
13439,Python
13439,SQL
13439,C
13440,Python
13440,C++
13441,Java
13442,MATLAB
13442,C
13442,C++
13442,Python
13443,Python
13443,SQL
13443,C#
13443,Java
13443,Javascript
13444,Python
13445,SQL
13445,Python
13445,Java
13445,Bash
13446,R
13447,C
13447,Python
13449,SQL
13449,Java
13449,Python
13452,MATLAB
13452,R
13452,SQL
13452,Javascript
13452,C
13452,C++
13452,Python
13453,Bash
13453,SQL
13453,C
13453,Java
13453,PHP
13454,C
13454,Python
13455,Python
13456,Java
13456,SQL
13456,Python
13456,Javascript
13457,PHP
13457,C++
13457,Python
13457,SQL
13457,Java
13457,C
13457,Javascript
13458,Python
13458,SQL
13458,Bash
13458,PHP
13458,Javascript
13458,R
13459,C
13459,C++
13460,Python
13461,SQL
13461,Python
13461,R
13462,Python
13463,Python
13463,SQL
13464,R
13464,Python
13465,Python
13465,C
13467,Python
13467,SQL
13468,C
13469,SQL
13469,Python
13470,Python
13470,SQL
13471,SQL
13471,Python
13473,Python
13473,R
13474,Python
13475,Python
13475,C++
13475,Java
13475,C
13476,Python
13476,Java
13476,Javascript
13476,SQL
13477,Python
13478,Python
13478,SQL
13479,MATLAB
13479,C++
13479,Python
13479,C#
13480,SQL
13480,Javascript
13481,SQL
13481,Python
13482,Python
13482,R
13483,Python
13483,R
13483,C++
13484,Other
13484,Python
13485,Python
13485,C++
13485,C
13485,C#
13485,Java
13485,SQL
13486,MATLAB
13487,C++
13487,SQL
13487,Python
13487,Java
13487,R
13487,C
13488,SQL
13488,Javascript
13488,Python
13489,Python
13489,MATLAB
13489,C++
13489,SQL
13491,SQL
13491,R
13492,C++
13492,C
13492,SQL
13493,Python
13493,SQL
13493,Javascript
13494,SQL
13494,Python
13495,Python
13495,Java
13495,SQL
13496,Python
13497,SQL
13497,Python
13498,R
13498,Python
13498,SQL
13499,SQL
13499,Python
13500,Python
13500,R
13500,C++
13500,SQL
13500,C#
13500,Javascript
13500,MATLAB
13501,Python
13501,SQL
13502,Python
13503,Python
13503,Java
13504,Python
13504,C
13505,Python
13505,R
13506,Python
13506,Other
13507,Javascript
13507,Python
13509,Python
13511,Bash
13511,Python
13511,SQL
13512,R
13513,R
13513,Python
13513,C#
13514,Python
13514,C
13514,C#
13514,Javascript
13514,SQL
13514,R
13514,Java
13514,PHP
13515,SQL
13515,Python
13516,Python
13516,SQL
13516,R
13517,R
13517,Python
13517,C++
13517,C
13517,SQL
13518,Python
13518,Bash
13518,Javascript
13518,Go
13519,SQL
13519,Other
13519,Python
13522,C++
13522,R
13522,Python
13522,PHP
13522,C
13522,Java
13523,Python
13524,Python
13524,SQL
13525,SQL
13525,Python
13526,R
13526,Python
13526,C++
13526,SQL
13527,SQL
13527,Python
13528,Java
13528,C++
13529,C++
13529,MATLAB
13529,Python
13529,C#
13530,Python
13531,Python
13531,C#
13531,SQL
13531,C++
13531,Go
13531,C
13532,Python
13533,Javascript
13533,SQL
13533,Python
13534,Python
13534,SQL
13534,R
13534,C++
13535,SQL
13535,Bash
13535,C++
13535,Javascript
13535,MATLAB
13535,Java
13535,Python
13535,R
13536,SQL
13537,Python
13538,Python
13538,SQL
13539,Python
13539,SQL
13540,Python
13543,Python
13543,SQL
13543,Bash
13543,Other
13544,PHP
13544,SQL
13544,Python
13545,C
13545,R
13545,Python
13545,C++
13546,R
13546,SQL
13547,Python
13547,C
13548,Python
13548,R
13549,SQL
13549,PHP
13549,Python
13549,Other
13550,MATLAB
13550,Python
13550,SQL
13551,C
13551,C#
13551,Java
13552,Java
13552,Javascript
13554,SQL
13554,Python
13555,Python
13556,R
13556,Python
13556,SQL
13557,Javascript
13557,SQL
13557,Java
13557,Python
13557,C++
13557,Bash
13558,Python
13559,Python
13559,Java
13560,Python
13560,Java
13560,C#
13562,Java
13562,Python
13562,SQL
13562,R
13563,Python
13564,Python
13564,MATLAB
13565,Bash
13565,SQL
13565,Javascript
13565,Python
13566,Other
13566,Javascript
13567,Python
13568,Python
13568,SQL
13570,MATLAB
13570,Javascript
13570,C#
13570,Python
13570,Java
13570,SQL
13571,Python
13572,C
13572,MATLAB
13572,C++
13572,Python
13574,Python
13574,R
13574,SQL
13574,Java
13575,Python
13576,C
13576,C++
13576,R
13576,MATLAB
13576,Python
13576,SQL
13576,Other
13577,Python
13578,C#
13578,Python
13578,SQL
13578,Java
13579,Javascript
13579,Python
13580,C
13580,Python
13581,R
13581,SQL
13581,Javascript
13581,MATLAB
13581,Python
13581,Julia
13581,C#
13581,Go
13582,SQL
13582,R
13582,Python
13584,R
13584,Python
13585,Python
13585,C
13587,Python
13587,SQL
13587,C++
13587,R
13587,Other
13587,C
13590,C
13590,Python
13591,R
13591,MATLAB
13591,C++
13591,Python
13592,R
13592,Python
13592,SQL
13593,Python
13593,C++
13594,C++
13595,SQL
13595,Python
13595,R
13596,SQL
13596,Python
13597,C
13597,C++
13597,Bash
13597,Python
13598,C
13598,Java
13598,C++
13598,Python
13599,Java
13599,C
13599,Python
13600,Python
13601,R
13601,Python
13601,SQL
13603,R
13603,Python
13604,Python
13604,R
13604,SQL
13605,Python
13606,Python
13606,SQL
13607,R
13607,Python
13607,Java
13608,Python
13609,Python
13609,R
13610,Python
13611,Python
13611,C++
13611,Other
13612,Python
13613,R
13613,Python
13614,C
13614,Other
13614,Python
13614,SQL
13615,Other
13616,R
13616,Javascript
13617,Python
13617,Bash
13618,C++
13618,Python
13618,Java
13619,MATLAB
13619,C++
13619,Java
13619,Javascript
13619,Python
13620,Python
13622,Java
13622,MATLAB
13622,R
13622,PHP
13622,C++
13622,Python
13624,Python
13624,R
13625,Python
13626,SQL
13626,Python
13626,MATLAB
13628,SQL
13628,Python
13629,SQL
13629,Python
13629,R
13630,Python
13633,Python
13633,SQL
13633,R
13634,Python
13635,Python
13635,SQL
13637,Python
13637,SQL
13638,PHP
13638,Javascript
13638,SQL
13638,Python
13639,Javascript
13639,Java
13639,SQL
13639,Python
13640,Python
13641,SQL
13641,Python
13641,Java
13641,R
13642,Python
13642,SQL
13643,Python
13643,C
13644,Python
13645,PHP
13645,SQL
13645,Python
13646,Javascript
13646,Python
13647,Javascript
13647,Java
13648,Python
13649,Python
13650,Java
13650,Python
13650,SQL
13651,Python
13651,SQL
13652,SQL
13652,Python
13653,SQL
13653,Python
13653,C#
13654,Python
13654,SQL
13654,C#
13654,R
13655,R
13655,SQL
13655,Python
13657,Python
13657,Javascript
13658,SQL
13658,Python
13659,Python
13661,Python
13661,Java
13662,Other
13662,Python
13663,Python
13663,Bash
13663,C++
13664,Python
13664,SQL
13665,Julia
13665,Python
13666,Python
13668,Python
13668,SQL
13668,PHP
13669,R
13669,Python
13670,C
13670,C++
13670,Java
13670,Python
13671,Python
13673,C++
13673,Python
13674,Python
13674,R
13674,SQL
13675,Python
13675,R
13676,Python
13677,R
13677,Python
13677,SQL
13678,Python
13678,SQL
13679,C
13680,SQL
13680,Python
13681,Python
13682,SQL
13682,Python
13683,SQL
13683,PHP
13683,Java
13683,R
13683,Javascript
13683,C++
13683,Python
13683,MATLAB
13684,SQL
13684,Python
13686,MATLAB
13686,Python
13687,C++
13687,C#
13687,Python
13687,Javascript
13688,Javascript
13688,SQL
13688,Python
13688,C
13689,C
13689,Python
13690,Javascript
13691,C
13691,Python
13691,Java
13691,C++
13692,SQL
13692,MATLAB
13692,Python
13692,R
13693,Other
13693,Python
13693,SQL
13695,SQL
13695,Python
13696,Python
13696,MATLAB
13697,Python
13698,Java
13698,Python
13699,Bash
13699,SQL
13699,Javascript
13699,Python
13700,Python
13700,C
13700,C++
13701,Python
13701,Bash
13701,SQL
13702,Python
13702,R
13703,C#
13703,Python
13704,Python
13704,C#
13704,C++
13704,C
13704,Julia
13704,Go
13704,Javascript
13705,C++
13705,Python
13707,Python
13708,C++
13708,C
13708,MATLAB
13708,Python
13709,Java
13709,Python
13710,Python
13710,R
13710,Bash
13710,Java
13711,Python
13711,SQL
13712,Python
13713,MATLAB
13713,Javascript
13713,SQL
13713,Python
13713,R
13714,R
13714,C++
13714,C
13714,SQL
13714,Python
13715,Java
13715,Python
13716,Python
13717,C++
13717,Python
13717,Java
13718,Python
13718,SQL
13718,R
13719,Python
13720,Java
13720,C#
13720,Javascript
13720,PHP
13720,Bash
13720,SQL
13720,Python
13721,R
13721,MATLAB
13721,C++
13721,SQL
13722,MATLAB
13722,Python
13723,Python
13723,Java
13724,SQL
13724,C
13724,C#
13724,Java
13724,Python
13724,C++
13725,Java
13725,Other
13725,MATLAB
13725,SQL
13725,Python
13726,C#
13726,Python
13727,C++
13727,Python
13728,Python
13728,Javascript
13728,SQL
13728,Java
13728,C++
13729,SQL
13729,Bash
13729,Python
13730,Python
13730,C++
13731,Julia
13732,Python
13732,C++
13733,Python
13734,Python
13734,PHP
13734,Javascript
13734,SQL
13735,MATLAB
13736,Python
13737,Python
13737,R
13737,MATLAB
13738,Javascript
13738,Python
13739,Python
13739,C++
13740,Python
13741,Python
13742,C++
13742,Java
13742,SQL
13742,C
13742,Python
13743,Python
13743,SQL
13743,Java
13743,C
13743,C++
13744,Python
13746,SQL
13746,Python
13747,R
13747,Python
13750,SQL
13750,R
13750,MATLAB
13750,Python
13751,PHP
13751,SQL
13751,Python
13751,Java
13751,C#
13751,C++
13751,Javascript
13751,C
13753,R
13754,C++
13754,C#
13754,Javascript
13754,R
13754,Python
13754,Java
13754,C
13755,SQL
13755,R
13755,Python
13755,Java
13756,Python
13756,MATLAB
13756,R
13757,SQL
13758,Python
13759,C
13759,Python
13759,SQL
13760,Python
13761,Python
13761,MATLAB
13761,PHP
13761,SQL
13761,R
13762,Python
13762,SQL
13763,Python
13763,Javascript
13763,SQL
13764,Python
13764,SQL
13764,C
13764,R
13764,Javascript
13764,C++
13765,SQL
13765,Python
13765,Javascript
13766,R
13767,Python
13768,Python
13768,PHP
13768,Java
13768,MATLAB
13769,C
13769,C#
13769,Python
13771,Bash
13771,Python
13773,C
13774,Bash
13774,C++
13774,SQL
13774,Java
13774,Javascript
13774,C
13775,Python
13776,Javascript
13776,R
13776,Python
13776,Java
13777,Python
13778,Python
13779,Python
13779,Javascript
13780,SQL
13780,C
13780,Python
13781,Other
13781,Javascript
13781,Python
13782,Python
13782,MATLAB
13783,Other
13783,Python
13783,C
13783,R
13783,SQL
13784,Python
13786,Python
13786,Javascript
13786,R
13786,PHP
13787,C
13787,MATLAB
13787,Python
13787,C++
13788,C++
13788,SQL
13788,MATLAB
13788,Python
13789,Python
13789,C++
13789,Javascript
13789,MATLAB
13790,Python
13792,Javascript
13792,C
13792,C++
13792,Python
13793,SQL
13793,Python
13793,R
13794,Python
13795,Julia
13795,Python
13795,R
13795,Bash
13795,SQL
13796,Python
13797,R
13801,Python
13802,Python
13803,Python
13803,C#
13804,C
13805,Python
13805,Bash
13805,R
13805,SQL
13805,C
13805,Javascript
13806,Python
13807,Python
13807,SQL
13807,C
13808,R
13808,SQL
13808,Python
13809,Python
13809,R
13810,MATLAB
13812,Python
13812,Other
13812,SQL
13812,MATLAB
13813,MATLAB
13813,Python
13813,SQL
13816,SQL
13816,Python
13817,Java
13817,Python
13818,Python
13819,Other
13820,C
13820,SQL
13820,Python
13820,Javascript
13821,C++
13821,Python
13822,Python
13822,SQL
13823,C#
13823,Java
13823,SQL
13823,Python
13823,Bash
13823,C++
13823,C
13824,Python
13824,R
13825,Python
13826,C++
13826,SQL
13826,C#
13826,C
13826,Python
13827,Python
13827,MATLAB
13827,SQL
13829,R
13829,Python
13829,SQL
13829,Javascript
13830,C++
13830,Python
13830,Java
13831,SQL
13831,Bash
13831,R
13832,Python
13833,Python
13833,Javascript
13833,SQL
13834,Python
13834,SQL
13834,Java
13834,C
13835,Python
13835,SQL
13836,C#
13836,C++
13836,C
13836,Other
13836,Python
13838,Python
13838,R
13838,SQL
13839,Python
13839,R
13840,Python
13842,Bash
13842,Javascript
13842,SQL
13842,Python
13843,SQL
13843,Python
13844,Python
13846,Python
13846,SQL
13847,Python
13847,Javascript
13847,PHP
13847,SQL
13848,C++
13848,Python
13848,SQL
13848,C
13848,Java
13849,C
13849,Python
13849,C++
13849,SQL
13849,R
13849,Java
13849,C#
13850,Python
13851,C++
13851,MATLAB
13852,Python
13852,C++
13853,Python
13854,PHP
13854,C++
13854,R
13854,Python
13854,Bash
13854,SQL
13854,MATLAB
13854,C
13855,Python
13855,SQL
13856,Java
13856,Python
13856,C++
13857,Python
13858,SQL
13858,Python
13859,C
13859,SQL
13859,Python
13860,Java
13860,C++
13860,Python
13860,MATLAB
13861,Python
13861,SQL
13862,Python
13862,R
13862,Java
13862,SQL
13863,R
13863,Python
13863,SQL
13864,Python
13864,R
13864,SQL
13864,C++
13865,MATLAB
13865,C++
13865,C
13866,C#
13866,SQL
13867,C
13867,Python
13869,Python
13870,C
13870,Python
13870,Javascript
13870,R
13870,SQL
13870,C++
13870,Java
13872,Other
13873,Bash
13873,Java
13873,Python
13874,Java
13874,Javascript
13874,SQL
13874,C++
13874,Python
13874,Bash
13874,Go
13874,C
13875,SQL
13875,Bash
13875,Python
13875,MATLAB
13877,C
13877,Python
13878,R
13878,Python
13878,SQL
13879,Python
13879,Javascript
13879,Java
13879,R
13880,Python
13880,SQL
13881,SQL
13881,Python
13883,MATLAB
13883,Python
13884,Python
13885,Java
13885,Python
13886,Python
13887,Python
13887,C
13888,SQL
13888,Python
13889,Java
13889,C
13889,Python
13889,C#
13889,C++
13889,SQL
13889,Javascript
13890,C++
13890,Bash
13890,Python
13891,Javascript
13891,Python
13892,MATLAB
13892,Python
13893,R
13893,C++
13893,Python
13893,C
13894,SQL
13894,Python
13894,C++
13894,Javascript
13895,Python
13895,SQL
13896,Python
13897,SQL
13897,C
13897,Java
13897,R
13897,Javascript
13897,Python
13898,Python
13898,SQL
13899,Python
13900,Python
13901,R
13901,Python
13901,Other
13901,SQL
13902,R
13902,Go
13902,Python
13904,Python
13904,SQL
13904,R
13905,Python
13906,C
13906,C++
13906,Python
13906,SQL
13907,Python
13908,C
13908,Java
13908,C++
13908,Python
13909,Python
13909,SQL
13910,C#
13910,Python
13910,C++
13911,Python
13912,Javascript
13912,Python
13912,C#
13912,C++
13912,PHP
13913,R
13913,Python
13913,SQL
13914,Python
13914,SQL
13915,SQL
13915,Python
13916,Python
13918,SQL
13918,Python
13918,R
13918,C++
13919,R
13919,Java
13919,C#
13919,C++
13919,C
13919,SQL
13919,Python
13920,C
13920,Java
13920,Python
13921,Python
13921,C++
13922,Python
13922,Bash
13923,SQL
13923,Python
13923,Bash
13924,C
13924,Python
13925,Python
13925,MATLAB
13925,R
13926,Python
13926,SQL
13927,R
13927,SQL
13927,Other
13927,Python
13927,Bash
13927,Javascript
13928,SQL
13928,Python
13928,C#
13928,Javascript
13929,SQL
13931,Python
13931,Java
13932,Python
13932,SQL
13933,C++
13933,C
13933,SQL
13933,Python
13934,Python
13936,SQL
13936,Python
13938,SQL
13939,Python
13940,R
13940,Python
13940,Go
13940,MATLAB
13940,C++
13941,Python
13941,C++
13942,R
13942,Python
13943,Python
13943,Bash
13943,C
13943,SQL
13943,Other
13945,SQL
13945,R
13946,C#
13946,SQL
13946,Julia
13946,Python
13946,C++
13946,R
13946,Java
13947,Python
13947,C++
13947,C
13947,Java
13948,Python
13948,C++
13949,R
13949,Python
13950,Bash
13950,Python
13950,Other
13951,SQL
13951,Python
13951,R
13952,SQL
13952,Bash
13952,Python
13953,C#
13953,Java
13953,Python
13954,Javascript
13954,Java
13954,C
13954,Bash
13954,Python
13955,C++
13955,Bash
13955,C
13955,SQL
13955,Python
13956,SQL
13956,Python
13957,Java
13957,Python
13957,Javascript
13957,Bash
13957,C
13957,SQL
13958,R
13959,SQL
13959,Java
13960,Python
13960,SQL
13960,C
13961,Java
13961,Python
13961,R
13961,C++
13962,SQL
13962,C++
13962,Java
13962,Python
13962,C
13963,Python
13963,C
13963,MATLAB
13964,Python
13965,Go
13965,Bash
13965,MATLAB
13965,SQL
13965,Python
13966,Python
13966,SQL
13966,C
13966,C++
13968,Python
13968,C
13969,SQL
13969,Python
13969,Javascript
13970,Javascript
13970,SQL
13970,Python
13970,Bash
13971,C++
13971,SQL
13971,Python
13972,Python
13972,R
13973,Python
13974,SQL
13974,C++
13974,Python
13975,SQL
13975,C
13975,R
13975,C++
13975,Python
13975,Bash
13975,Java
13975,Javascript
13976,C#
13976,C++
13976,SQL
13976,Python
13977,R
13979,R
13979,MATLAB
13979,C++
13979,Python
13979,C
13980,Python
13981,Python
13982,Java
13982,Python
13982,SQL
13983,Python
13983,Other
13984,MATLAB
13984,SQL
13984,Python
13985,Python
13985,C++
13985,Java
13987,Python
13987,R
13987,SQL
13988,Python
13988,Javascript
13988,PHP
13989,C++
13991,Python
13992,Javascript
13992,C++
13992,MATLAB
13992,Java
13992,R
13992,Python
13992,C
13992,C#
13992,PHP
13992,SQL
13993,R
13993,MATLAB
13994,Python
13995,C#
13995,Python
13996,Python
13996,Java
13997,Python
13998,Java
13998,C++
13998,Python
13998,SQL
14000,Bash
14000,SQL
14000,Python
14002,C++
14002,Python
14002,Bash
14004,Python
14004,SQL
14004,Javascript
14005,Python
14005,R
14006,SQL
14006,Python
14006,Java
14006,C
14006,Javascript
14006,Other
14007,SQL
14007,Python
14007,R
14007,C
14008,C++
14008,C
14008,Python
14009,Java
14009,R
14009,SQL
14009,Python
14010,C
14010,PHP
14010,SQL
14011,Java
14011,SQL
14011,Python
14011,Javascript
14012,SQL
14012,Python
14012,Bash
14013,SQL
14013,Javascript
14013,PHP
14013,Python
14013,C
14013,Java
14013,MATLAB
14014,R
14014,Python
14015,C
14015,Java
14015,C#
14015,Python
14015,SQL
14015,Bash
14015,C++
14015,PHP
14016,Python
14017,C
14017,SQL
14017,Python
14018,R
14019,Python
14019,SQL
14020,C++
14020,Python
14021,SQL
14022,Python
14023,MATLAB
14023,Python
14024,C++
14024,C
14024,Python
14025,R
14026,Python
14026,MATLAB
14026,C
14027,R
14027,Python
14028,C++
14028,C#
14028,SQL
14028,Java
14029,C
14029,Python
14029,C++
14029,SQL
14030,SQL
14030,Python
14030,Bash
14032,SQL
14032,Python
14032,Java
14032,C++
14033,R
14034,C++
14034,Python
14035,Python
14036,R
14036,SQL
14036,Python
14037,Bash
14037,SQL
14037,Python
14037,R
14038,SQL
14038,Python
14039,Javascript
14039,SQL
14039,Python
14040,Other
14040,Java
14040,Javascript
14040,C
14041,SQL
14041,Bash
14041,Python
14042,Java
14042,Python
14043,MATLAB
14044,C
14044,Python
14044,Java
14045,Python
14046,Python
14046,C++
14047,SQL
14047,C
14047,Java
14048,Python
14048,SQL
14048,R
14049,Python
14050,C++
14050,Bash
14050,Python
14050,C
14051,Python
14051,Other
14052,R
14052,Python
14052,SQL
14053,Python
14053,SQL
14053,R
14053,Other
14053,Bash
14054,Python
14054,R
14057,Python
14058,C#
14058,C
14058,Javascript
14058,SQL
14058,C++
14058,Java
14058,PHP
14058,Python
14060,Python
14061,R
14061,Python
14062,Java
14062,C++
14062,Python
14063,R
14063,Python
14063,Julia
14063,SQL
14064,Python
14065,Python
14065,Bash
14065,R
14066,Python
14066,R
14068,Other
14068,SQL
14068,Python
14069,Java
14069,Python
14069,SQL
14070,Python
14070,SQL
14070,Java
14071,Bash
14071,Python
14071,SQL
14071,Javascript
14071,Java
14071,C++
14072,C
14072,Java
14072,Python
14074,SQL
14074,C++
14074,Python
14075,Python
14076,Python
14076,R
14077,R
14077,Java
14077,C++
14077,Javascript
14077,Python
14078,Python
14078,R
14078,Java
14079,SQL
14079,Python
14080,Python
14080,C
14081,C++
14081,C
14081,Java
14081,Python
14082,Python
14082,SQL
14082,MATLAB
14083,C
14083,SQL
14083,Java
14083,Javascript
14083,Python
14084,C++
14084,Other
14084,R
14084,Python
14084,SQL
14084,Java
14084,Bash
14085,C++
14085,Java
14086,Python
14086,MATLAB
14087,Python
14088,Python
14088,C++
14088,SQL
14089,Python
14089,C
14089,SQL
14091,Bash
14091,Python
14092,SQL
14092,Python
14093,Java
14093,C
14093,Python
14094,C
14095,PHP
14095,Python
14095,C
14095,C++
14095,SQL
14096,Python
14096,SQL
14097,Python
14098,SQL
14098,Javascript
14098,Python
14099,PHP
14099,SQL
14099,C++
14099,C
14099,Java
14099,Javascript
14099,Python
14101,Python
14101,Javascript
14101,SQL
14102,Python
14102,C
14102,SQL
14102,Java
14102,MATLAB
14104,Python
14105,Python
14105,Other
14107,PHP
14107,Javascript
14107,SQL
14109,Python
14109,C
14109,C++
14110,Python
14114,SQL
14114,Bash
14114,Python
14115,Python
14115,SQL
14115,C
14115,C++
14116,SQL
14116,Python
14116,C++
14117,Javascript
14117,Python
14117,Java
14117,SQL
14118,Python
14118,R
14120,Python
14121,Bash
14121,SQL
14121,Python
14122,C++
14122,SQL
14122,Python
14123,Python
14124,Python
14125,C
14125,Python
14125,MATLAB
14125,R
14125,C++
14126,PHP
14126,SQL
14126,Javascript
14127,Python
14128,Python
14129,Java
14129,SQL
14129,Python
14130,Python
14131,Julia
14131,MATLAB
14131,Python
14131,R
14131,SQL
14132,MATLAB
14132,Python
14132,C#
14132,Javascript
14133,Python
14133,MATLAB
14133,C
14133,C++
14133,R
14133,SQL
14134,Python
14134,SQL
14135,Other
14136,C
14136,C++
14136,PHP
14136,Python
14136,Java
14137,Python
14137,SQL
14137,MATLAB
14137,C++
14137,C
14138,Python
14139,Python
14139,R
14139,SQL
14140,SQL
14140,Python
14141,Bash
14141,C
14141,Javascript
14141,C++
14141,Python
14141,MATLAB
14142,C++
14142,C#
14142,R
14142,PHP
14142,C
14142,Javascript
14142,Java
14142,Python
14144,Javascript
14144,SQL
14145,C
14145,C++
14145,Python
14146,Javascript
14146,Bash
14146,Python
14146,C++
14146,SQL
14147,Python
14148,Python
14148,C++
14148,C
14150,SQL
14150,Python
14151,Python
14151,Javascript
14151,MATLAB
14151,SQL
14152,Python
14153,Python
14153,Java
14153,Javascript
14153,C++
14154,SQL
14154,Python
14154,Bash
14155,SQL
14155,Python
14156,Python
14157,C#
14157,Python
14157,SQL
14157,R
14158,Java
14158,Python
14158,SQL
14159,R
14159,Javascript
14159,MATLAB
14159,C
14159,C++
14159,Bash
14159,PHP
14159,Java
14159,Python
14159,SQL
14160,C++
14160,Python
14161,C++
14162,C
14162,Python
14162,Java
14162,C++
14162,PHP
14162,SQL
14162,Javascript
14162,Other
14163,Python
14163,MATLAB
14163,SQL
14164,Python
14164,R
14164,SQL
14164,Java
14165,Python
14166,C++
14166,Python
14167,Python
14168,Python
14168,MATLAB
14168,C++
14169,SQL
14170,Bash
14170,Python
14171,Python
14171,SQL
14172,SQL
14172,R
14172,Python
14173,SQL
14173,Javascript
14173,Python
14174,SQL
14174,Python
14175,Python
14175,SQL
14176,Python
14177,Julia
14177,Python
14178,Python
14178,SQL
14178,Javascript
14178,C++
14178,Java
14179,C++
14179,C
14179,Python
14180,Other
14180,SQL
14181,C++
14181,C
14181,Python
14182,Javascript
14182,Java
14182,Python
14183,SQL
14183,Python
14183,C++
14183,Java
14184,SQL
14184,R
14184,Python
14184,Javascript
14184,PHP
14185,Python
14188,Bash
14188,SQL
14188,Python
14189,Other
14189,Javascript
14189,Python
14190,Python
14192,PHP
14192,SQL
14192,Python
14192,C
14193,Python
14194,SQL
14194,Python
14194,R
14196,SQL
14196,Java
14197,C++
14197,SQL
14198,MATLAB
14198,SQL
14198,Python
14199,MATLAB
14199,Python
14200,Python
14200,SQL
14200,Java
14201,MATLAB
14201,R
14201,Python
14201,SQL
14201,Javascript
14201,C#
14202,Java
14202,C++
14202,Python
14203,Python
14204,SQL
14205,Python
14205,Javascript
14205,Java
14207,C
14207,Python
14207,C++
14207,PHP
14207,Javascript
14208,SQL
14208,Python
14209,Python
14209,MATLAB
14209,SQL
14209,C++
14209,C
14210,SQL
14210,Python
14211,Javascript
14211,SQL
14211,C++
14211,Python
14211,MATLAB
14211,Java
14212,C
14212,Javascript
14212,Python
14212,SQL
14213,Python
14214,R
14214,SQL
14214,Python
14215,Python
14217,SQL
14217,R
14218,Python
14218,SQL
14218,C++
14219,Python
14220,Python
14221,Python
14221,MATLAB
14221,SQL
14222,C
14222,Python
14222,C++
14223,Python
14223,C++
14224,SQL
14224,Python
14224,C++
14225,Python
14226,SQL
14226,Python
14227,Python
14227,SQL
14227,PHP
14228,C++
14228,Javascript
14228,Python
14229,SQL
14229,Javascript
14229,Python
14229,PHP
14229,Java
14231,Python
14231,SQL
14232,Java
14232,SQL
14232,R
14232,Python
14233,Bash
14233,Python
14233,SQL
14234,Python
14234,R
14235,SQL
14235,Python
14236,SQL
14236,R
14236,Other
14236,Bash
14236,Python
14238,Python
14239,C#
14239,C
14239,C++
14239,Java
14239,SQL
14239,Python
14240,Python
14240,SQL
14240,Java
14240,Other
14241,MATLAB
14241,R
14241,Python
14241,SQL
14242,Python
14242,SQL
14243,R
14243,Python
14244,MATLAB
14244,C++
14244,Python
14245,C
14245,Python
14246,Python
14246,SQL
14247,Python
14247,C++
14247,C#
14248,Python
14248,SQL
14249,Javascript
14249,Python
14250,SQL
14250,Python
14251,R
14251,Python
14251,PHP
14251,SQL
14252,Python
14252,Bash
14252,SQL
14253,C#
14253,Python
14253,Javascript
14254,Python
14256,MATLAB
14256,C++
14256,C
14256,Python
14257,Python
14257,SQL
14258,Other
14258,Bash
14258,SQL
14258,Python
14258,Javascript
14259,Python
14260,SQL
14260,Python
14261,R
14261,Python
14261,SQL
14262,Python
14262,C#
14262,SQL
14262,R
14262,Javascript
14263,C
14263,Python
14264,Python
14265,MATLAB
14265,Python
14265,SQL
14266,Python
14266,MATLAB
14268,SQL
14268,Python
14269,Bash
14269,C++
14269,Python
14269,Javascript
14269,C
14269,Java
14270,Java
14271,Python
14272,Python
14272,Other
14273,Python
14273,C
14275,Java
14275,SQL
14275,Python
14276,Python
14276,R
14276,Other
14276,SQL
14276,MATLAB
14277,Python
14277,R
14277,SQL
14278,SQL
14278,Python
14278,R
14279,Python
14279,R
14279,SQL
14280,Python
14280,R
14281,Java
14281,Python
14282,C
14282,Python
14283,Python
14283,Java
14283,C
14283,C++
14284,MATLAB
14285,MATLAB
14285,C++
14285,Python
14286,SQL
14286,Javascript
14286,Java
14286,C
14287,Python
14288,SQL
14288,R
14288,C++
14289,SQL
14290,Python
14291,SQL
14291,Javascript
14291,R
14291,Bash
14291,Python
14292,R
14292,SQL
14292,Python
14293,C
14293,SQL
14293,C#
14293,Python
14294,Python
14294,SQL
14295,SQL
14295,Python
14296,Javascript
14296,Python
14296,Other
14296,SQL
14297,Python
14298,Python
14300,Python
14301,SQL
14301,MATLAB
14301,Python
14301,R
14301,C++
14302,C++
14302,Python
14302,C
14303,Python
14303,Java
14305,SQL
14305,C++
14305,Python
14306,Python
14306,C
14306,PHP
14306,Java
14306,Javascript
14306,SQL
14308,C++
14308,Python
14310,SQL
14310,C++
14310,PHP
14313,Python
14314,SQL
14314,Python
14315,Python
14316,Other
14317,C++
14317,Python
14317,C
14318,SQL
14318,C
14318,Python
14319,Python
14319,Other
14320,R
14320,Python
14320,SQL
14320,C#
14321,Other
14321,Python
14322,R
14322,Java
14322,Javascript
14322,C
14322,SQL
14322,C++
14322,C#
14322,PHP
14323,Javascript
14323,Python
14323,C
14324,Python
14326,Python
14326,SQL
14326,C++
14327,Python
14329,SQL
14329,Python
14329,Java
14330,Python
14331,SQL
14331,Python
14332,C#
14332,C++
14332,C
14332,Java
14332,Python
14332,Javascript
14332,SQL
14332,PHP
14333,SQL
14333,Javascript
14333,PHP
14333,Other
14333,Python
14334,Javascript
14334,Python
14334,Bash
14334,SQL
14335,Python
14335,SQL
14336,Python
14336,SQL
14337,Other
14338,Python
14339,Python
14339,SQL
14340,R
14340,Python
14340,SQL
14341,R
14341,Python
14341,SQL
14343,R
14343,Python
14343,SQL
14343,Javascript
14343,Julia
14343,MATLAB
14344,C++
14344,C
14344,Python
14345,SQL
14345,Bash
14345,Python
14348,Python
14348,C++
14348,Javascript
14349,Python
14350,Python
14350,SQL
14351,R
14351,Python
14352,SQL
14352,Python
14353,C#
14353,SQL
14353,Python
14354,Python
14355,C++
14355,Python
14355,SQL
14355,C
14356,Javascript
14356,Java
14356,Python
14358,Python
14358,SQL
14359,Python
14359,C
14359,Other
14359,MATLAB
14360,Python
14360,Javascript
14361,SQL
14361,MATLAB
14361,Python
14362,Python
14363,Python
14364,C++
14364,Python
14365,Python
14366,Java
14366,Python
14367,Python
14368,C
14368,Python
14369,SQL
14369,Python
14369,Javascript
14369,R
14370,SQL
14370,R
14370,Python
14371,Python
14371,SQL
14371,Javascript
14371,C++
14372,MATLAB
14372,Python
14373,SQL
14373,Javascript
14373,Python
14374,SQL
14374,C#
14374,Python
14375,Python
14375,SQL
14375,Java
14377,Python
14378,Java
14378,Python
14379,Python
14379,C
14379,MATLAB
14380,R
14380,Python
14381,Python
14381,SQL
14382,Python
14382,MATLAB
14384,Python
14385,Python
14385,Other
14386,C++
14386,Python
14386,C
14387,Python
14387,SQL
14388,SQL
14388,Python
14388,R
14389,C
14389,Python
14389,SQL
14389,Java
14391,MATLAB
14391,R
14391,Python
14391,SQL
14393,SQL
14393,Python
14394,MATLAB
14395,Javascript
14395,Python
14395,Java
14396,SQL
14396,Python
14397,Python
14397,SQL
14397,R
14398,SQL
14398,Python
14399,Python
14399,C
14400,Java
14400,Python
14400,C++
14401,C++
14401,Python
14402,Python
14403,SQL
14403,Javascript
14404,Python
14404,SQL
14405,Python
14405,C
14405,SQL
14405,Javascript
14405,C++
14407,Python
14408,Python
14408,C++
14409,C
14409,C++
14409,MATLAB
14410,C
14410,Java
14410,C++
14412,R
14412,Python
14412,SQL
14413,C++
14413,Python
14414,SQL
14414,Bash
14414,Python
14415,SQL
14415,Python
14416,Python
14417,Python
14418,Java
14418,SQL
14418,R
14418,C++
14418,MATLAB
14418,C
14419,SQL
14419,Python
14420,SQL
14420,Python
14421,Java
14421,Python
14421,MATLAB
14422,Python
14423,Python
14423,MATLAB
14423,C++
14423,R
14424,Python
14425,Python
14425,SQL
14425,R
14426,Python
14426,R
14427,Python
14428,Python
14428,SQL
14428,Bash
14429,C++
14429,MATLAB
14429,SQL
14429,Javascript
14429,Java
14429,Python
14429,PHP
14431,C
14431,Python
14432,MATLAB
14432,Java
14432,C++
14433,C++
14433,Java
14433,Bash
14433,C
14433,PHP
14433,SQL
14433,Python
14433,Javascript
14433,MATLAB
14434,SQL
14434,Python
14434,PHP
14434,R
14434,C++
14434,Bash
14435,SQL
14435,Python
14435,C
14436,Other
14436,SQL
14438,Java
14439,Python
14440,Java
14440,C
14440,Python
14440,C++
14440,Javascript
14440,SQL
14440,PHP
14441,Python
14441,SQL
14442,Python
14442,R
14442,SQL
14443,MATLAB
14444,C++
14444,C
14444,Java
14445,C#
14445,Python
14445,SQL
14446,Javascript
14446,C#
14446,PHP
14446,Python
14446,Bash
14446,Java
14446,SQL
14447,Python
14448,C
14448,Javascript
14448,C++
14448,SQL
14448,Python
14448,Java
14449,SQL
14449,Python
14449,R
14450,PHP
14450,SQL
14450,R
14450,Python
14451,R
14451,C++
14451,Python
14451,Bash
14451,SQL
14451,C
14452,SQL
14452,Python
14452,C++
14452,C
14453,SQL
14453,Python
14453,C++
14454,Python
14454,SQL
14455,Python
14455,Other
14456,Python
14458,C
14458,R
14458,MATLAB
14458,Python
14459,PHP
14459,Python
14459,Javascript
14459,SQL
14460,Javascript
14460,Python
14461,Python
14462,MATLAB
14462,Python
14464,Go
14464,Javascript
14464,Python
14465,Python
14465,SQL
14466,Python
14467,Python
14467,R
14467,SQL
14467,MATLAB
14467,C++
14467,C
14467,Java
14468,Python
14468,Javascript
14469,MATLAB
14470,SQL
14470,Python
14470,R
14471,SQL
14471,Python
14472,Python
14472,SQL
14473,Java
14474,Python
14475,Python
14475,MATLAB
14475,R
14475,SQL
14476,R
14476,Python
14477,Python
14478,MATLAB
14478,Python
14478,R
14478,C++
14478,C
14478,Bash
14479,PHP
14479,Python
14480,Python
14482,Python
14482,Java
14483,Python
14483,SQL
14483,C
14484,Python
14485,Python
14487,Python
14487,Java
14487,C++
14488,SQL
14488,Python
14489,Python
14489,Java
14490,Python
14491,Python
14491,C++
14491,Javascript
14492,C++
14492,Python
14493,Python
14493,SQL
14494,Other
14494,SQL
14495,Other
14495,C
14495,Python
14495,SQL
14496,MATLAB
14496,Python
14496,C
14496,SQL
14496,C++
14497,SQL
14497,R
14497,Python
14498,Python
14498,SQL
14499,R
14499,Other
14499,SQL
14499,Python
14499,MATLAB
14500,Python
14500,SQL
14501,SQL
14501,Python
14501,Bash
14504,Javascript
14504,C
14504,SQL
14504,C++
14504,Python
14505,Python
14505,SQL
14507,Bash
14507,PHP
14507,Java
14507,Javascript
14507,Python
14507,SQL
14507,Other
14507,C
14508,Python
14508,SQL
14508,Javascript
14509,R
14509,SQL
14509,Python
14510,C#
14510,Python
14510,C
14510,MATLAB
14510,C++
14511,C
14511,Python
14512,Python
14512,Java
14513,Python
14513,SQL
14514,Python
14515,SQL
14515,Python
14516,Python
14516,C
14516,PHP
14519,Bash
14519,Python
14519,C++
14520,Python
14521,Bash
14521,C#
14521,Python
14521,SQL
14522,C++
14522,Python
14523,R
14523,Other
14523,SQL
14523,Python
14524,Python
14525,Python
14526,Bash
14526,Python
14526,SQL
14527,C#
14527,SQL
14527,Python
14528,Python
14529,Python
14530,Go
14530,Bash
14530,Python
14531,R
14531,Python
14531,Julia
14531,Javascript
14532,Python
14532,SQL
14534,Java
14534,Python
14535,Python
14535,C
14535,C++
14536,PHP
14536,Java
14536,C++
14536,Python
14536,SQL
14536,Bash
14536,Javascript
14536,C
14538,C
14538,Java
14538,Python
14539,Java
14539,SQL
14539,PHP
14540,Python
14541,C++
14544,SQL
14544,Python
14545,Python
14545,R
14546,R
14546,SQL
14546,Python
14547,Java
14547,Python
14547,SQL
14547,C
14548,R
14549,Bash
14549,Javascript
14551,Java
14551,SQL
14551,Python
14552,SQL
14552,Javascript
14552,Python
14552,C++
14552,Go
14552,Bash
14553,C++
14553,Python
14553,Javascript
14553,Go
14553,C
14554,C#
14554,R
14554,Python
14554,SQL
14555,R
14555,SQL
14556,Python
14556,SQL
14557,SQL
14557,Javascript
14557,Python
14558,Python
14558,C
14560,Python
14561,Python
14561,MATLAB
14562,Python
14563,Python
14564,Python
14564,SQL
14564,R
14564,MATLAB
14565,Python
14566,Python
14566,SQL
14569,SQL
14569,Python
14571,Java
14571,Python
14572,Python
14572,Java
14572,C
14573,Python
14574,R
14574,Python
14575,C++
14575,SQL
14575,Python
14575,Java
14575,Javascript
14576,Python
14576,R
14577,Javascript
14577,Bash
14577,Python
14578,Python
14578,R
14578,SQL
14578,MATLAB
14579,SQL
14579,MATLAB
14579,Javascript
14579,PHP
14579,C#
14579,Python
14579,Java
14579,C++
14579,C
14580,Python
14580,R
14581,C
14581,Python
14581,C++
14582,Python
14583,SQL
14586,R
14586,Python
14586,Bash
14587,R
14587,Python
14587,Bash
14587,MATLAB
14588,SQL
14588,Java
14588,C++
14588,C
14588,Python
14589,Other
14589,Python
14590,R
14590,Javascript
14590,SQL
14590,Python
14592,Python
14592,R
14592,MATLAB
14593,Python
14593,MATLAB
14594,R
14594,SQL
14595,Python
14595,Java
14595,SQL
14596,SQL
14596,Python
14597,SQL
14597,R
14598,Python
14598,C++
14599,C
14599,Java
14599,Python
14600,Python
14601,Java
14601,Python
14601,SQL
14601,Javascript
14601,PHP
14601,C
14603,MATLAB
14603,Python
14604,Python
14605,Python
14606,Python
14606,Java
14607,C++
14607,Bash
14608,Python
14609,Python
14610,Python
14610,C
14610,C++
14611,C
14611,MATLAB
14611,Python
14612,Python
14613,C#
14613,Javascript
14613,SQL
14613,Python
14614,R
14614,Python
14615,C
14615,SQL
14615,C++
14615,Python
14615,Javascript
14615,R
14616,R
14616,SQL
14618,SQL
14618,Python
14619,SQL
14619,R
14619,Python
14620,C++
14620,SQL
14620,Javascript
14620,Bash
14620,Python
14620,MATLAB
14620,Java
14620,C#
14620,R
14620,PHP
14620,C
14622,Python
14622,SQL
14622,C
14622,R
14623,Python
14624,R
14624,Python
14624,Java
14625,PHP
14625,Javascript
14626,Javascript
14626,C
14626,Python
14626,SQL
14627,Python
14628,Python
14629,SQL
14629,Python
14629,Bash
14630,Python
14630,SQL
14630,R
14631,Javascript
14631,Other
14632,C++
14632,Java
14632,C
14632,PHP
14632,Javascript
14632,C#
14632,SQL
14634,MATLAB
14634,C++
14634,Python
14635,Python
14635,SQL
14636,SQL
14636,C#
14639,Java
14639,Bash
14639,Python
14640,SQL
14640,Python
14640,Bash
14640,Go
14641,Java
14641,Python
14642,R
14642,PHP
14642,Javascript
14642,SQL
14644,Python
14645,Python
14646,Other
14647,SQL
14647,MATLAB
14647,Python
14648,Python
14650,Python
14650,Javascript
14651,Python
14651,Java
14651,C++
14652,Python
14652,SQL
14652,R
14653,Python
14653,SQL
14654,SQL
14654,MATLAB
14654,Python
14654,C
14655,Javascript
14655,SQL
14657,Javascript
14657,Python
14657,PHP
14658,Python
14658,SQL
14658,Java
14659,Python
14659,MATLAB
14660,Javascript
14660,Python
14660,SQL
14660,Bash
14661,SQL
14661,Python
14661,Bash
14663,MATLAB
14663,Python
14663,SQL
14664,SQL
14664,R
14664,Python
14665,Python
14665,MATLAB
14665,Julia
14666,SQL
14666,Python
14667,C++
14667,MATLAB
14667,SQL
14667,Python
14667,R
14668,Python
14668,SQL
14668,C++
14669,SQL
14669,R
14669,Other
14669,Python
14670,Python
14671,Java
14671,R
14671,MATLAB
14671,C
14671,Python
14671,C++
14671,Javascript
14671,SQL
14671,Other
14672,Java
14672,SQL
14672,Javascript
14672,Python
14672,R
14672,Bash
14674,Python
14674,Javascript
14675,Python
14675,C
14676,SQL
14676,Javascript
14677,Python
14678,R
14678,Python
14678,SQL
14680,Python
14681,Python
14681,SQL
14682,C++
14682,MATLAB
14682,Python
14683,Python
14683,MATLAB
14683,C++
14684,Python
14684,Javascript
14684,SQL
14685,Python
14685,Bash
14686,Python
14686,Javascript
14686,C++
14686,Java
14687,Javascript
14687,SQL
14687,PHP
14688,Python
14688,SQL
14689,Python
14690,R
14690,C
14690,Python
14691,Bash
14691,Python
14691,Java
14691,SQL
14691,Javascript
14692,C++
14692,Python
14693,Python
14695,R
14695,MATLAB
14696,SQL
14696,Java
14696,Bash
14696,C++
14696,C
14696,Python
14697,R
14698,Python
14698,SQL
14699,Python
14700,C
14700,Python
14700,MATLAB
14700,C++
14701,C++
14701,SQL
14701,Python
14701,C
14701,Javascript
14702,Python
14704,SQL
14704,Python
14706,Python
14707,R
14708,C++
14708,C
14709,C++
14709,Javascript
14709,Java
14709,Python
14710,R
14710,SQL
14711,C
14711,Python
14711,PHP
14711,Javascript
14711,Java
14711,C++
14711,SQL
14712,C
14712,Python
14712,C++
14714,Python
14715,SQL
14715,Python
14715,PHP
14717,Python
14717,SQL
14717,R
14718,Python
14718,R
14718,SQL
14719,SQL
14719,C#
14719,Python
14720,R
14720,Python
14721,Python
14721,C++
14721,Bash
14722,R
14722,SQL
14722,Python
14723,Python
14723,SQL
14724,Python
14724,C#
14724,Javascript
14724,R
14724,SQL
14725,C
14725,C++
14725,SQL
14725,Javascript
14725,Python
14726,Python
14727,SQL
14727,Python
14728,Python
14729,SQL
14729,Java
14729,R
14729,Python
14729,C++
14729,Bash
14729,C
14730,MATLAB
14730,R
14730,Other
14730,Bash
14730,SQL
14730,Julia
14730,C++
14730,Python
14730,Java
14731,Python
14731,SQL
14732,Python
14732,C
14732,Java
14733,C
14733,C++
14733,Java
14733,Python
14733,MATLAB
14733,R
14733,SQL
14734,R
14734,C
14734,C++
14734,Python
14735,Python
14735,R
14735,SQL
14736,Python
14738,Python
14739,Python
14740,Python
14741,MATLAB
14741,C++
14741,SQL
14741,C
14741,Java
14741,Python
14742,Python
14742,MATLAB
14743,C
14743,C#
14743,Javascript
14743,SQL
14743,Java
14743,Python
14743,PHP
14745,R
14745,SQL
14746,SQL
14746,Python
14747,Python
14747,C++
14747,C
14748,Python
14749,MATLAB
14749,C
14749,SQL
14749,Python
14749,Java
14749,Bash
14750,C++
14750,Python
14750,C#
14750,Javascript
14750,SQL
14751,Bash
14751,Python
14751,SQL
14752,Python
14752,C++
14753,SQL
14753,Python
14753,Other
14753,Javascript
14754,R
14754,Python
14754,Javascript
14754,SQL
14755,Bash
14755,Python
14755,R
14755,Java
14755,C
14755,C++
14755,Javascript
14755,PHP
14755,SQL
14756,Python
14756,C++
14757,Javascript
14757,C
14757,SQL
14757,Python
14758,SQL
14758,Python
14758,Java
14759,MATLAB
14759,SQL
14759,C
14759,C++
14759,R
14759,Javascript
14759,Python
14759,C#
14759,Java
14760,SQL
14760,Javascript
14760,PHP
14760,Java
14761,Java
14761,Python
14762,Python
14763,Python
14764,C
14764,Python
14764,C++
14765,Python
14766,MATLAB
14766,Python
14767,Python
14767,Javascript
14767,Bash
14767,Other
14768,Python
14769,SQL
14769,Python
14769,Other
14770,SQL
14770,Python
14771,Java
14771,Python
14771,Javascript
14773,C
14773,C++
14773,Python
14774,Python
14774,SQL
14775,PHP
14775,Javascript
14776,SQL
14776,Java
14776,Javascript
14776,Python
14778,Python
14778,SQL
14781,Python
14782,SQL
14782,Python
14782,Java
14783,Java
14783,C
14783,SQL
14783,C++
14783,Python
14784,Python
14784,C++
14784,C
14786,C++
14786,Python
14787,Python
14788,MATLAB
14788,Python
14789,Java
14789,Python
14789,Javascript
14790,SQL
14790,Python
14791,Python
14792,Python
14793,Python
14795,SQL
14795,Python
14796,Other
14796,Bash
14796,Python
14796,SQL
14798,Python
14799,C#
14799,SQL
14799,Python
14800,MATLAB
14800,Other
14800,Python
14801,Python
14801,SQL
14802,SQL
14802,Python
14804,Python
14804,SQL
14804,C
14804,PHP
14804,C++
14805,SQL
14805,Python
14806,Python
14806,C++
14806,SQL
14807,SQL
14807,Java
14807,Python
14807,Javascript
14807,MATLAB
14807,C
14808,Python
14808,MATLAB
14808,C
14809,SQL
14809,Python
14809,Java
14810,C#
14810,SQL
14810,Other
14811,Python
14812,SQL
14812,Python
14813,Python
14813,SQL
14814,SQL
14814,Java
14814,Python
14814,Javascript
14814,C
14815,Python
14815,SQL
14815,Bash
14816,Python
14817,Python
14818,Python
14818,SQL
14818,C
14818,C++
14819,Python
14820,Python
14821,Python
14822,MATLAB
14822,Python
14822,R
14823,Python
14823,C++
14824,Python
14828,Python
14828,Javascript
14829,Python
14829,C++
14829,SQL
14830,Python
14831,Python
14832,SQL
14832,R
14833,Python
14833,SQL
14834,Python
14834,PHP
14834,Other
14835,Python
14835,C++
14836,MATLAB
14836,C
14836,C++
14836,Python
14837,Python
14837,C
14838,C++
14838,Python
14839,Python
14839,Bash
14839,Julia
14840,SQL
14840,Java
14840,Python
14840,PHP
14840,C
14840,C#
14840,C++
14841,Python
14841,PHP
14841,SQL
14841,Java
14841,Javascript
14841,C
14842,Bash
14842,Java
14842,Python
14842,PHP
14842,C#
14842,C
14842,C++
14842,SQL
14842,R
14842,Javascript
14843,SQL
14843,C++
14843,Python
14843,Java
14844,Java
14844,Python
14844,SQL
14845,C
14845,Python
14846,Python
14846,C
14846,MATLAB
14847,R
14847,SQL
14847,Python
14849,C++
14849,C
14849,Python
14849,MATLAB
14849,SQL
14849,Javascript
14850,SQL
14850,Python
14850,Java
14850,C++
14850,R
14851,C
14851,R
14851,Python
14851,MATLAB
14852,C
14852,Python
14852,SQL
14852,Julia
14852,Go
14853,SQL
14853,Python
14854,C++
14854,Python
14854,C#
14854,PHP
14854,C
14854,Javascript
14855,C
14855,MATLAB
14855,C++
14855,Python
14855,R
14855,SQL
14856,C#
14856,C
14856,C++
14856,Python
14856,SQL
14857,Bash
14857,Python
14857,SQL
14858,SQL
14859,SQL
14859,Bash
14860,Julia
14860,Python
14860,MATLAB
14860,Other
14861,SQL
14861,R
14861,Python
14862,C++
14862,SQL
14863,MATLAB
14863,Python
14863,Other
14863,R
14864,Javascript
14864,Python
14864,SQL
14864,R
14864,Other
14864,C#
14864,Java
14864,C
14865,C++
14865,R
14865,SQL
14865,Python
14865,MATLAB
14867,Python
14868,Python
14869,C
14869,Python
14869,SQL
14870,MATLAB
14870,SQL
14870,Python
14871,C++
14871,Python
14872,Python
14873,SQL
14873,Python
14873,R
14875,R
14875,Javascript
14875,PHP
14876,SQL
14876,Other
14877,R
14877,Python
14878,Java
14878,Python
14878,C
14879,Python
14879,Julia
14879,MATLAB
14879,C++
14879,Bash
14879,Javascript
14879,SQL
14879,Go
14880,MATLAB
14880,Python
14880,C
14880,C++
14881,Python
14881,C++
14881,C
14881,SQL
14881,Bash
14882,Java
14884,Python
14886,C++
14886,Python
14886,Java
14887,SQL
14887,Python
14888,Python
14888,C++
14888,SQL
14888,Java
14889,C++
14889,Java
14889,Javascript
14889,Python
14889,SQL
14890,R
14890,Python
14891,Python
14891,SQL
14891,C++
14891,MATLAB
14891,C#
14891,C
14893,SQL
14893,Python
14894,Python
14894,Bash
14894,C++
14895,R
14895,Javascript
14895,Java
14895,C++
14895,MATLAB
14895,PHP
14895,C#
14895,SQL
14895,Python
14895,Bash
14895,C
14896,PHP
14896,C++
14896,Python
14896,C
14896,SQL
14896,Other
14896,R
14896,MATLAB
14897,Python
14897,Javascript
14898,SQL
14898,Python
14899,Python
14899,Javascript
14899,Go
14901,Other
14901,Python
14901,SQL
14902,SQL
14903,Python
14904,C
14904,Javascript
14904,Python
14904,C++
14905,Python
14905,SQL
14906,C++
14906,Python
14907,R
14907,Javascript
14908,C++
14908,Java
14908,Python
14908,SQL
14909,Java
14909,Python
14910,Python
14910,C
14911,Python
14912,SQL
14912,C++
14912,Java
14912,PHP
14912,Other
14912,Python
14912,C
14912,R
14912,Javascript
14912,C#
14914,SQL
14914,R
14914,Python
14915,Python
14915,SQL
14915,Bash
14916,Python
14916,Javascript
14916,C#
14917,PHP
14917,Javascript
14917,C
14917,MATLAB
14918,Python
14919,Javascript
14919,R
14919,Other
14919,Python
14919,C++
14921,Python
14921,C++
14921,Java
14922,C
14922,Python
14922,C++
14923,C++
14923,Other
14923,C
14923,Python
14923,Bash
14923,MATLAB
14924,Julia
14924,PHP
14924,R
14924,Python
14924,MATLAB
14924,SQL
14925,C
14925,Bash
14925,Python
14925,Java
14926,C++
14926,Javascript
14926,Java
14927,C++
14927,Python
14927,R
14927,Bash
14928,Python
14929,SQL
14929,Bash
14929,Python
14930,SQL
14930,R
14930,Python
14931,Python
14932,Python
14933,MATLAB
14934,Python
14935,Python
14935,SQL
14935,Java
14937,Javascript
14937,Python
14937,SQL
14938,Java
14938,Python
14938,C++
14939,Python
14939,R
14940,C++
14940,SQL
14942,C++
14942,Java
14942,Python
14942,Javascript
14942,PHP
14942,R
14942,SQL
14943,C
14943,C++
14943,Python
14944,C++
14944,Javascript
14944,Other
14945,Java
14945,Python
14945,Javascript
14945,SQL
14947,Javascript
14947,Python
14947,SQL
14947,Other
14948,Python
14948,R
14949,Python
14950,SQL
14950,Python
14951,Java
14953,Bash
14953,Python
14953,SQL
14954,Python
14954,C++
14954,MATLAB
14955,Javascript
14955,Other
14955,Python
14956,SQL
14956,Java
14957,R
14957,Javascript
14957,PHP
14957,Python
14957,C#
14957,SQL
14958,Python
14958,PHP
14958,C
14958,Java
14958,Javascript
14958,SQL
14958,Other
14958,C#
14958,C++
14959,Python
14959,SQL
14960,Python
14961,Python
14961,C++
14961,Javascript
14961,C#
14961,Java
14961,MATLAB
14961,SQL
14961,C
14963,Python
14963,C++
14963,Javascript
14963,SQL
14963,C#
14963,C
14964,Python
14964,C#
14964,C++
14966,Other
14966,Java
14966,Javascript
14966,Go
14966,SQL
14966,R
14966,MATLAB
14966,Bash
14966,PHP
14966,C#
14966,Python
14967,Python
14968,R
14970,R
14970,SQL
14970,Java
14970,Python
14971,Javascript
14971,C
14971,Python
14972,SQL
14972,C
14972,R
14972,Java
14972,Javascript
14972,C++
14972,PHP
14972,Python
14973,SQL
14974,Python
14974,SQL
14974,R
14975,C++
14975,Java
14975,Python
14976,Bash
14976,SQL
14976,Python
14978,Python
14979,SQL
14979,C++
14979,MATLAB
14979,Python
14980,SQL
14980,Python
14981,Javascript
14981,PHP
14981,Python
14982,SQL
14982,Python
14982,Java
14983,Javascript
14983,Python
14984,Python
14984,PHP
14985,SQL
14985,Python
14986,Python
14987,Java
14988,Java
14988,SQL
14988,PHP
14988,Python
14988,Javascript
14989,C++
14989,Python
14989,SQL
14989,R
14990,C#
14990,Python
14990,PHP
14991,Python
14992,SQL
14993,Python
14993,C#
14993,Javascript
14994,MATLAB
14994,Python
14996,Python
14996,R
14996,SQL
14997,MATLAB
14997,Python
14998,Python
14998,SQL
14998,MATLAB
14999,SQL
14999,Python
15000,Python
15000,C
15000,C++
15001,Python
15002,SQL
15002,R
15003,Javascript
15003,Python
15004,C++
15004,Python
15004,C#
15004,C
15005,SQL
15005,Python
15006,Python
15006,SQL
15007,Python
15007,SQL
15007,R
15008,MATLAB
15008,Python
15008,C++
15009,Javascript
15009,SQL
15010,Python
15011,Python
15011,SQL
15011,Bash
15011,Other
15012,R
15012,MATLAB
15012,Python
15012,SQL
15013,Javascript
15013,Python
15013,Java
15014,Javascript
15014,Python
15015,Python
15016,Python
15016,R
15017,Python
15018,Python
15019,Python
15019,C#
15019,Javascript
15020,C#
15020,SQL
15020,Python
15022,SQL
15022,Python
15023,Python
15025,SQL
15025,Python
15026,SQL
15026,R
15026,Python
15028,C#
15028,Other
15028,Python
15029,Python
15029,SQL
15031,MATLAB
15031,R
15033,C++
15033,Python
15033,PHP
15033,C#
15033,Java
15033,Bash
15033,C
15033,SQL
15033,MATLAB
15034,Python
15035,Python
15036,C++
15036,Python
15036,C
15037,Python
15038,C++
15038,C
15038,Python
15038,R
15038,Javascript
15038,MATLAB
15039,SQL
15039,R
15041,Python
15042,Python
15042,Other
15043,SQL
15043,Python
15043,MATLAB
15045,Other
15046,Javascript
15046,Python
15046,SQL
15046,PHP
15047,Python
15047,R
15048,Python
15048,SQL
15049,C
15049,R
15049,C++
15049,Python
15049,Java
15049,C#
15049,SQL
15050,Python
15050,SQL
15051,R
15052,Python
15052,MATLAB
15053,Javascript
15054,Python
15055,Python
15055,SQL
15055,R
15056,Java
15056,Python
15056,Javascript
15056,SQL
15056,C
15056,C++
15057,Other
15057,Python
15058,SQL
15058,Python
15059,SQL
15059,Python
15060,Python
15061,Python
15062,Python
15063,Java
15064,R
15064,Python
15065,R
15065,Python
15066,Python
15066,C
15067,Python
15068,C
15068,Python
15068,C++
15069,Python
15069,MATLAB
15069,C
15069,SQL
15071,Python
15072,Python
15074,Python
15075,Javascript
15075,R
15075,SQL
15075,Python
15075,Java
15076,C++
15076,SQL
15076,Python
15076,C
15077,Python
15078,C++
15078,Other
15078,C
15078,Python
15079,PHP
15079,Java
15079,Python
15079,C
15079,MATLAB
15080,Python
15080,SQL
15080,Java
15081,SQL
15081,Python
15082,Python
15082,R
15083,Python
15083,C++
15084,C#
15084,Python
15085,R
15085,Python
15086,Python
15086,Other
15087,Bash
15087,Python
15087,SQL
15088,C
15088,Python
15088,C#
15088,SQL
15088,C++
15089,Bash
15089,SQL
15089,R
15089,C
15089,Javascript
15089,Java
15089,Other
15090,C++
15090,Python
15090,Java
15091,Python
15091,SQL
15092,C#
15092,Python
15092,SQL
15093,C
15093,C++
15093,MATLAB
15093,Java
15093,Python
15093,Javascript
15093,C#
15095,SQL
15095,R
15095,Python
15097,R
15097,Python
15099,Python
15100,Python
15100,Other
15102,Other
15103,R
15103,Python
15103,SQL
15104,SQL
15104,C
15104,Bash
15104,Python
15104,PHP
15104,MATLAB
15104,C++
15105,Python
15105,SQL
15105,R
15105,C++
15105,C
15107,Python
15107,C++
15107,SQL
15108,Bash
15108,Python
15109,Python
15109,R
15109,C#
15109,MATLAB
15109,C
15110,Python
15110,Go
15111,C#
15111,C
15111,Python
15111,C++
15112,Javascript
15112,Python
15113,Python
15114,Python
15115,SQL
15115,Python
15116,R
15118,Julia
15118,Python
15118,Other
15119,R
15119,Python
15120,SQL
15120,Python
15120,Bash
15121,R
15121,Python
15122,Python
15122,R
15122,SQL
15123,Python
15124,Python
15124,Java
15124,C
15124,C++
15125,Java
15125,Python
15126,Python
15127,Python
15128,Python
15128,SQL
15129,Python
15129,R
15129,SQL
15130,Python
15130,MATLAB
15130,R
15130,Java
15132,Other
15132,C++
15132,Python
15132,Java
15132,SQL
15132,C
15134,Python
15134,SQL
15135,Python
15137,MATLAB
15137,Python
15137,R
15137,SQL
15138,Go
15138,PHP
15138,Bash
15138,Javascript
15138,Python
15138,SQL
15139,R
15139,Python
15140,Python
15140,Bash
15141,MATLAB
15141,Python
15142,C++
15143,SQL
15143,Python
15143,R
15144,SQL
15144,Python
15145,Python
15145,Bash
15146,Python
15146,Javascript
15146,C#
15146,MATLAB
15146,C
15146,Java
15146,SQL
15146,C++
15146,Bash
15147,SQL
15148,R
15148,Python
15148,C
15148,SQL
15148,C++
15149,Python
15149,Javascript
15149,SQL
15150,Python
15150,SQL
15150,R
15151,MATLAB
15151,SQL
15151,Java
15152,Python
15152,C++
15153,Python
15153,MATLAB
15153,C
15153,SQL
15154,Python
15155,SQL
15155,Python
15155,Other
15155,Javascript
15155,C#
15156,C
15156,R
15156,Python
15159,Python
15161,C
15161,Python
15161,C++
15161,SQL
15161,Java
15162,Other
15163,SQL
15163,Java
15163,Python
15163,Bash
15164,Java
15164,SQL
15164,C++
15164,Python
15165,Python
15167,Python
15172,SQL
15172,Python
15173,Python
15174,Javascript
15174,Python
15174,C
15174,Java
15174,SQL
15176,C
15176,Python
15177,Other
15177,SQL
15177,Python
15177,C#
15178,PHP
15178,R
15178,SQL
15178,Java
15178,Javascript
15178,Bash
15178,C#
15178,Python
15179,Python
15182,MATLAB
15182,Python
15183,SQL
15183,Python
15184,Python
15184,Javascript
15185,Java
15185,C
15185,Python
15185,SQL
15186,Python
15186,SQL
15186,PHP
15186,Java
15186,Javascript
15186,C#
15186,C
15186,C++
15187,Python
15187,SQL
15187,Javascript
15188,C++
15188,MATLAB
15188,SQL
15188,Python
15189,SQL
15189,R
15189,Python
15190,Python
15190,SQL
15191,Python
15191,Javascript
15191,Java
15192,Python
15192,MATLAB
15192,C
15193,C++
15193,Javascript
15193,Python
15194,Python
15196,Python
15196,C
15196,SQL
15196,C++
15197,Javascript
15197,Python
15197,C++
15198,Other
15198,Python
15199,Python
15199,R
15199,MATLAB
15200,Python
15201,SQL
15201,Python
15202,Python
15202,SQL
15203,C++
15203,C
15204,SQL
15204,Python
15205,Python
15205,Julia
15205,Bash
15205,R
15205,MATLAB
15205,Go
15206,Python
15206,C
15206,Bash
15207,Javascript
15207,C++
15207,MATLAB
15207,C
15207,Python
15207,Java
15208,Python
15209,SQL
15209,Python
15210,Python
15210,Java
15210,SQL
15211,Python
15211,Other
15215,Javascript
15215,PHP
15215,Java
15215,Python
15215,SQL
15216,R
15216,Python
15216,Bash
15217,C++
15217,Python
15217,SQL
15217,Java
15217,R
15218,SQL
15218,Python
15218,Javascript
15218,PHP
15219,Python
15219,SQL
15219,Javascript
15219,C++
15220,MATLAB
15220,Python
15220,Other
15221,Python
15221,C
15221,MATLAB
15221,C++
15223,R
15223,Python
15224,R
15224,MATLAB
15224,Python
15225,Python
15226,R
15226,C#
15226,Python
15226,SQL
15226,Javascript
15227,Python
15229,Python
15230,Java
15230,Javascript
15230,Python
15230,C
15230,SQL
15231,Other
15231,Python
15231,SQL
15232,Javascript
15232,Python
15232,R
15233,Python
15233,Javascript
15233,C++
15234,Java
15234,C++
15234,Go
15235,Python
15236,SQL
15236,Python
15237,PHP
15237,C++
15237,SQL
15237,C
15238,SQL
15238,Python
15239,Python
15239,SQL
15239,Javascript
15240,SQL
15240,R
15240,C#
15240,Python
15242,Python
15243,Python
15244,Python
15245,Bash
15245,Python
15246,Java
15246,C
15246,R
15246,Python
15246,Javascript
15246,SQL
15246,PHP
15246,C++
15246,C#
15247,C++
15248,Python
15248,R
15248,SQL
15249,SQL
15249,Python
15250,C
15250,C++
15251,Python
15252,Python
15252,Bash
15252,Julia
15252,R
15253,C
15253,Javascript
15253,Python
15254,Python
15254,C++
15255,Python
15255,R
15256,Javascript
15256,Python
15256,C++
15257,Other
15257,C++
15257,Java
15257,Python
15258,Python
15259,Javascript
15259,C++
15259,Python
15260,SQL
15260,Python
15260,Other
15260,Bash
15261,C++
15261,Python
15262,SQL
15262,Python
15264,Python
15264,Javascript
15265,R
15266,Python
15266,C#
15267,Other
15267,Java
15267,SQL
15267,R
15267,C
15267,Javascript
15267,Python
15268,SQL
15268,Python
15269,Python
15270,Java
15270,PHP
15270,Javascript
15270,Other
15271,Python
15272,Python
15272,SQL
15273,C
15273,Python
15274,Python
15275,Python
15276,C
15276,SQL
15276,R
15276,Python
15277,Python
15277,R
15277,SQL
15278,C++
15278,Javascript
15278,Python
15278,Java
15278,SQL
15279,Java
15279,Python
15279,MATLAB
15279,R
15279,SQL
15280,SQL
15280,Python
15281,C
15281,C++
15281,Python
15281,MATLAB
15282,Python
15283,Python
15283,SQL
15284,SQL
15284,R
15284,C#
15286,MATLAB
15286,Python
15287,Python
15287,SQL
15288,SQL
15288,Python
15289,R
15289,SQL
15289,Bash
15289,Python
15290,Python
15290,MATLAB
15291,Other
15291,Python
15292,Python
15293,SQL
15293,Python
15295,Python
15295,MATLAB
15296,Python
15297,Java
15299,Javascript
15299,Python
15299,PHP
15299,SQL
15300,Python
15301,Bash
15301,Javascript
15301,SQL
15301,Python
15303,Python
15304,Python
15304,SQL
15304,C
15304,C++
15305,R
15305,Python
15305,SQL
15306,Python
15306,R
15306,MATLAB
15306,SQL
15307,Python
15308,Python
15308,SQL
15308,R
15309,Python
15310,SQL
15310,Python
15311,Python
15311,SQL
15312,SQL
15312,Python
15312,Bash
15312,Other
15312,C++
15313,SQL
15313,Python
15313,C++
15314,Python
15315,Python
15317,SQL
15317,Python
15317,R
15317,C#
15318,Python
15319,SQL
15319,Python
15319,C++
15319,Java
15320,Python
15321,Javascript
15321,Python
15322,Java
15322,Python
15323,C
15323,Python
15325,Python
15327,Java
15327,Python
15327,C#
15327,C++
15327,SQL
15327,C
15328,SQL
15328,R
15329,Python
15330,Python
15330,MATLAB
15330,R
15330,SQL
15331,R
15331,Python
15331,SQL
15332,PHP
15332,Javascript
15332,C
15332,C#
15332,Java
15332,C++
15332,Python
15333,SQL
15333,Python
15334,SQL
15334,Python
15336,Java
15336,SQL
15336,Python
15338,Other
15338,SQL
15338,Python
15340,SQL
15340,Python
15341,SQL
15341,Python
15342,Python
15343,Python
15343,Javascript
15343,Java
15345,SQL
15345,Java
15345,Python
15346,Python
15347,Python
15347,SQL
15348,SQL
15348,Python
15348,C
15348,R
15348,C++
15349,Other
15349,SQL
15349,Javascript
15349,R
15349,Python
15350,C
15350,Other
15351,C
15351,Java
15351,Python
15351,MATLAB
15352,Python
15352,PHP
15352,SQL
15353,C++
15353,Python
15354,C#
15354,SQL
15355,MATLAB
15355,R
15355,Python
15357,MATLAB
15357,Other
15358,Python
15358,PHP
15358,Javascript
15358,R
15358,SQL
15358,Java
15360,Python
15362,C++
15362,Python
15362,C#
15363,C++
15363,C
15363,PHP
15363,Javascript
15363,SQL
15363,Python
15363,Java
15364,Python
15364,R
15364,SQL
15366,Python
15367,C
15369,R
15369,Python
15369,SQL
15370,Python
15371,C
15371,C++
15372,SQL
15372,Python
15372,R
15373,SQL
15373,Java
15373,C
15373,Python
15375,C++
15375,Python
15375,SQL
15377,C++
15377,C
15377,Other
15377,SQL
15377,Python
15378,Javascript
15378,SQL
15378,Python
15380,R
15380,MATLAB
15380,Python
15380,SQL
15381,R
15381,Python
15382,C
15382,PHP
15382,Java
15382,Javascript
15382,R
15382,SQL
15383,SQL
15383,Python
15384,Python
15384,C++
15384,SQL
15384,Java
15385,R
15385,Python
15386,SQL
15386,Javascript
15386,Python
15387,Other
15387,C++
15388,R
15388,Python
15388,C++
15389,Python
15390,R
15390,C
15390,C++
15390,C#
15390,SQL
15390,Python
15391,Python
15392,Python
15392,C++
15393,C++
15393,MATLAB
15393,R
15393,Python
15395,R
15396,Python
15396,Bash
15397,Python
15399,SQL
15399,Python
15399,C
15399,R
15400,SQL
15400,Python
15402,Python
15402,C++
15403,SQL
15403,Python
15404,Python
15405,MATLAB
15405,Python
15406,Java
15406,SQL
15406,Python
15406,Bash
15407,Python
15407,SQL
15408,Python
15409,Python
15410,Python
15410,C#
15410,SQL
15412,R
15412,Python
15412,SQL
15414,C++
15414,Python
15414,SQL
15414,C
15414,Java
15414,Javascript
15414,C#
15415,R
15415,Python
15415,Bash
15415,MATLAB
15415,C
15415,C++
15415,Java
15417,Python
15417,SQL
15419,SQL
15419,Python
15420,Java
15420,Python
15420,SQL
15421,Python
15422,SQL
15422,Python
15423,Javascript
15423,Python
15423,R
15424,SQL
15424,Javascript
15424,R
15424,Python
15424,PHP
15426,SQL
15426,Python
15426,C++
15427,Python
15428,SQL
15428,R
15428,Python
15430,Python
15430,SQL
15431,Python
15431,Javascript
15431,C
15431,C++
15432,Python
15433,R
15433,SQL
15433,Python
15435,SQL
15435,Python
15437,Python
15437,Bash
15438,SQL
15438,R
15440,Python
15441,SQL
15441,R
15441,Python
15442,Python
15444,SQL
15444,Javascript
15444,Python
15444,Java
15445,Python
15445,SQL
15447,SQL
15447,Python
15447,R
15448,Python
15449,C++
15449,Other
15450,Python
15451,Python
15451,R
15451,C++
15452,Javascript
15452,Go
15452,Bash
15452,C++
15452,Python
15452,SQL
15452,Java
15453,R
15453,Python
15453,C++
15453,SQL
15453,Javascript
15453,C
15453,MATLAB
15453,PHP
15455,Java
15455,SQL
15455,C++
15455,C#
15455,Python
15456,Other
15456,C++
15456,Python
15457,R
15458,Other
15458,Python
15459,Python
15459,Bash
15460,R
15460,Python
15461,Python
15461,C
15461,C++
15461,MATLAB
15462,Python
15462,C
15462,C++
15462,MATLAB
15462,Javascript
15463,C++
15463,MATLAB
15463,C
15463,Java
15463,Python
15464,Bash
15464,SQL
15464,Python
15466,Python
15466,SQL
15467,Python
15467,R
15468,Go
15468,Python
15468,SQL
15470,Python
15470,C++
15470,Java
15470,Javascript
15471,Javascript
15471,Java
15471,Python
15471,PHP
15472,Python
15472,SQL
15473,R
15473,Python
15473,SQL
15473,MATLAB
15474,SQL
15474,PHP
15474,Python
15474,Bash
15475,C++
15475,Python
15477,Java
15477,SQL
15477,C
15477,Python
15477,Bash
15478,SQL
15478,R
15479,Python
15479,SQL
15480,Python
15480,SQL
15481,Python
15481,SQL
15481,Bash
15482,SQL
15482,Python
15483,MATLAB
15483,SQL
15483,C++
15484,SQL
15484,Python
15484,C++
15484,Other
15484,PHP
15485,Javascript
15485,Bash
15485,Python
15485,C++
15485,C
15485,R
15485,C#
15485,Java
15485,Julia
15487,Python
15487,Java
15488,R
15488,Python
15488,SQL
15489,Python
15490,Python
15491,Python
15492,Python
15492,Javascript
15492,C
15493,Python
15493,SQL
15493,C++
15494,Python
15495,C
15496,R
15496,Python
15496,SQL
15497,Python
15497,SQL
15497,R
15498,R
15498,SQL
15498,Python
15499,Python
15499,SQL
15499,Javascript
15500,Python
15500,Java
15501,Python
15501,Bash
15501,SQL
15502,C#
15502,Javascript
15505,C++
15505,SQL
15505,Python
15505,MATLAB
15506,SQL
15506,Python
15506,Javascript
15507,Python
15509,C
15509,C++
15509,MATLAB
15509,SQL
15509,Python
15509,R
15511,SQL
15511,C#
15511,Python
15512,C#
15512,C
15512,Java
15512,Python
15512,SQL
15513,Python
15513,Javascript
15514,Python
15515,Python
15517,SQL
15517,Python
15518,SQL
15518,Python
15519,C
15519,SQL
15519,Python
15519,C++
15520,C
15520,Java
15520,SQL
15520,Python
15521,SQL
15521,R
15521,Python
15522,Other
15522,Python
15523,Python
15523,SQL
15523,PHP
15523,R
15524,Python
15525,SQL
15525,Python
15527,Python
15527,SQL
15528,MATLAB
15528,SQL
15528,Python
15529,Python
15529,Java
15530,C++
15530,Java
15530,Javascript
15530,Python
15531,Python
15532,R
15532,SQL
15532,C
15532,Python
15532,Java
15533,Python
15534,Python
15534,Javascript
15534,SQL
15534,C
15535,Javascript
15535,Python
15536,Python
15537,C
15537,Python
15538,Python
15538,R
15538,SQL
15539,SQL
15540,Python
15541,Python
15543,SQL
15543,Python
15544,SQL
15545,C++
15545,Javascript
15545,Python
15545,PHP
15545,SQL
15546,Java
15546,MATLAB
15546,Python
15546,C
15547,Python
15547,SQL
15550,SQL
15550,C#
15550,Python
15552,SQL
15553,MATLAB
15553,SQL
15554,C++
15554,Python
15554,Javascript
15554,Java
15554,SQL
15556,Python
15557,Bash
15557,Python
15557,R
15559,Python
15560,C
15560,Python
15560,Java
15562,SQL
15562,C++
15562,Python
15563,Python
15565,MATLAB
15565,Python
15565,C++
15566,SQL
15566,Python
15568,C++
15568,SQL
15568,Python
15568,MATLAB
15569,Java
15569,Javascript
15569,SQL
15569,Python
15570,SQL
15570,Javascript
15570,R
15570,C
15570,C++
15570,Java
15570,PHP
15570,Python
15571,C++
15571,MATLAB
15571,Python
15572,Python
15572,SQL
15572,MATLAB
15572,R
15573,SQL
15573,C#
15573,Javascript
15574,Python
15574,C
15574,Java
15574,MATLAB
15574,C++
15575,Java
15575,Javascript
15575,Python
15576,Java
15576,Python
15576,SQL
15577,Python
15577,Java
15578,C++
15578,SQL
15578,MATLAB
15578,R
15578,Python
15579,Javascript
15579,C
15579,Java
15579,SQL
15579,Other
15579,R
15579,Python
15580,Python
15580,C
15580,C++
15580,SQL
15580,C#
15581,C++
15581,Python
15581,R
15582,Python
15583,C
15583,C++
15583,MATLAB
15583,R
15583,Python
15584,Python
15585,Python
15585,SQL
15585,R
15587,Javascript
15587,MATLAB
15587,SQL
15587,Java
15587,Python
15589,R
15589,SQL
15589,Python
15589,Java
15589,Javascript
15590,C
15590,C#
15590,SQL
15590,Java
15590,Python
15590,PHP
15591,C
15591,SQL
15591,Python
15592,SQL
15592,Python
15593,R
15593,Python
15594,C++
15594,Python
15595,Python
15595,R
15596,Javascript
15596,C++
15596,Python
15596,SQL
15597,Python
15597,SQL
15598,Python
15598,R
15598,Go
15599,Python
15600,Python
15600,SQL
15601,C
15601,Python
15603,Python
15604,Python
15605,Python
15605,SQL
15605,Java
15606,Python
15607,Java
15607,Python
15607,SQL
15608,Javascript
15608,Python
15608,SQL
15608,PHP
15609,Python
15609,SQL
15609,Other
15610,Python
15610,SQL
15611,Python
15611,C++
15612,C++
15612,Python
15614,Python
15615,C
15615,MATLAB
15615,Python
15615,R
15616,R
15616,Python
15617,SQL
15617,Python
15618,Python
15619,Python
15620,Python
15620,Java
15620,Javascript
15620,SQL
15621,C++
15622,Java
15622,Python
15623,Python
15623,SQL
15623,Bash
15623,R
15624,SQL
15624,Python
15626,MATLAB
15626,C
15626,Python
15627,Bash
15627,SQL
15627,Python
15628,Python
15629,Python
15629,R
15630,Javascript
15630,Python
15630,SQL
15631,Python
15631,Javascript
15631,SQL
15631,PHP
15632,C
15632,Java
15632,Python
15632,SQL
15632,Javascript
15632,MATLAB
15632,C++
15632,R
15633,Javascript
15633,Python
15634,Python
15634,R
15635,Python
15635,SQL
15636,SQL
15636,Python
15637,Python
15639,C++
15639,Python
15639,C
15640,Python
15640,SQL
15641,R
15641,Python
15642,C#
15642,Javascript
15642,Python
15642,SQL
15643,C
15643,C++
15643,Python
15644,C++
15644,Java
15644,Python
15645,Python
15645,Other
15645,C#
15646,C++
15647,Python
15648,Python
15648,SQL
15650,C++
15651,Python
15652,Python
15653,MATLAB
15653,Python
15653,C
15654,Python
15654,C
15656,MATLAB
15656,Java
15656,C#
15656,C++
15656,Python
15657,Python
15657,Julia
15658,Python
15658,SQL
15659,Javascript
15659,PHP
15659,Python
15659,Bash
15659,SQL
15659,Other
15660,Other
15660,Python
15660,C++
15660,C
15661,Python
15662,SQL
15662,R
15662,Python
15663,Python
15664,SQL
15664,Other
15665,SQL
15665,Python
15666,Python
15667,Java
15667,Python
15668,C++
15669,Python
15669,C++
15670,Python
15670,C
15670,C++
15670,MATLAB
15670,Java
15671,C++
15671,C#
15671,C
15671,Python
15672,SQL
15672,Python
15672,C
15673,MATLAB
15673,SQL
15673,Python
15674,Python
15674,SQL
15674,R
15674,Javascript
15675,Python
15675,SQL
15678,Javascript
15678,C++
15678,Python
15679,SQL
15679,Python
15679,Java
15679,Javascript
15680,Python
15680,R
15680,SQL
15681,R
15681,Bash
15681,SQL
15682,Python
15682,C
15682,C++
15682,MATLAB
15683,MATLAB
15683,R
15684,C++
15684,PHP
15684,Python
15684,SQL
15684,R
15685,Java
15685,Javascript
15687,Python
15688,Python
15688,C++
15689,SQL
15689,Java
15689,Python
15689,C#
15690,Javascript
15690,SQL
15690,C#
15690,Python
15690,R
15690,C
15692,Go
15692,SQL
15692,C#
15692,Javascript
15693,Javascript
15693,C
15693,SQL
15693,C++
15693,Java
15693,Python
15693,Go
15694,SQL
15694,Python
15697,Python
15697,SQL
15698,SQL
15698,Python
15699,R
15699,SQL
15701,Java
15701,C
15701,Python
15701,SQL
15702,SQL
15702,Javascript
15702,Python
15703,SQL
15703,Python
15705,Javascript
15705,C#
15707,Python
15707,SQL
15708,MATLAB
15708,Python
15709,C#
15709,Java
15709,Javascript
15709,Go
15710,SQL
15710,Python
15710,Other
15711,Other
15711,SQL
15711,Python
15712,Python
15712,SQL
15713,Python
15713,R
15713,SQL
15714,Python
15714,R
15715,Python
15716,Javascript
15716,PHP
15716,Java
15716,Python
15716,C++
15718,C#
15718,C++
15718,Go
15719,Python
15719,SQL
15719,R
15720,MATLAB
15720,Python
15721,Python
15722,C
15722,Python
15722,Java
15723,Bash
15723,Python
15723,C++
15723,Julia
15724,R
15724,Python
15725,SQL
15725,R
15725,MATLAB
15725,Python
15726,R
15726,Python
15726,Javascript
15726,C++
15726,Java
15726,MATLAB
15726,C
15727,Python
15727,SQL
15727,C#
15727,Bash
15728,SQL
15728,Python
15728,Java
15729,Python
15729,MATLAB
15729,SQL
15729,C++
15730,Python
15730,SQL
15731,Python
15731,Bash
15731,C++
15732,Python
15733,Python
15733,SQL
15734,C++
15734,Python
15736,Python
15736,Javascript
15736,R
15736,MATLAB
15737,SQL
15737,Bash
15737,Python
15738,C
15738,Python
15738,Javascript
15740,Python
15741,Python
15742,Python
15743,C
15743,SQL
15743,Javascript
15743,Python
15743,Java
15744,R
15744,Python
15744,C#
15744,SQL
15745,Python
15747,Python
15748,Python
15750,Javascript
15750,Bash
15750,PHP
15750,Python
15750,C
15751,Python
15751,C#
15752,PHP
15752,Python
15752,Java
15752,Javascript
15753,Python
15754,SQL
15754,Bash
15754,Python
15755,Python
15755,SQL
15756,Python
15757,Javascript
15757,SQL
15757,Python
15758,Other
15758,Javascript
15758,SQL
15759,SQL
15759,Python
15761,SQL
15761,Python
15762,Javascript
15762,Python
15762,C++
15763,C++
15763,C
15763,SQL
15763,MATLAB
15763,Python
15764,Python
15764,R
15764,SQL
15766,C++
15766,Python
15766,C
15767,Python
15767,R
15768,Python
15769,Bash
15769,C
15769,C++
15769,C#
15769,Python
15769,SQL
15769,Java
15770,Other
15771,R
15771,Python
15772,SQL
15772,Python
15772,C
15772,MATLAB
15773,Python
15774,Python
15775,MATLAB
15775,Python
15776,PHP
15777,SQL
15777,Other
15778,Python
15779,C++
15779,MATLAB
15779,Python
15779,SQL
15779,C
15781,R
15781,SQL
15781,Python
15782,Python
15783,R
15783,Python
15783,Julia
15784,SQL
15784,Python
15785,Javascript
15785,SQL
15785,Java
15786,Bash
15786,Other
15787,Python
15787,SQL
15787,PHP
15787,MATLAB
15787,Javascript
15787,Java
15788,Java
15789,C#
15789,MATLAB
15789,Python
15790,Javascript
15790,Python
15790,SQL
15790,Java
15791,R
15792,MATLAB
15792,R
15792,Python
15792,Other
15793,Other
15793,Python
15793,SQL
15795,Python
15795,Go
15795,Java
15795,PHP
15795,Javascript
15796,SQL
15796,PHP
15796,Bash
15796,Javascript
15796,C#
15796,Python
15797,SQL
15797,C#
15797,Python
15797,Other
15798,Python
15799,R
15799,Python
15799,SQL
15800,Python
15801,Other
15801,Python
15801,SQL
15803,Go
15803,Python
15804,SQL
15804,Python
15804,R
15805,Python
15805,SQL
15806,Javascript
15806,Python
15807,Python
15808,Python
15808,Javascript
15808,PHP
15808,R
15809,Other
15809,R
15810,R
15810,SQL
15810,Python
15811,SQL
15811,Python
15813,MATLAB
15813,SQL
15813,Python
15814,Python
15815,Java
15815,Other
15815,SQL
15815,Python
15815,R
15815,Javascript
15816,Python
15816,SQL
15817,Python
15817,Bash
15818,Python
15818,SQL
15819,Python
15819,Bash
15819,C#
15819,C++
15820,SQL
15820,Python
15822,Java
15822,C++
15822,Python
15823,C
15823,C++
15823,R
15823,Javascript
15823,Java
15823,Python
15823,SQL
15824,Python
15824,PHP
15824,C
15824,C++
15825,Python
15826,MATLAB
15826,SQL
15826,Python
15826,Javascript
15827,Python
15827,SQL
15828,Python
15829,Python
15829,Java
15830,SQL
15830,Python
15831,Python
15833,Bash
15833,SQL
15833,Javascript
15833,Other
15833,PHP
15833,Python
15833,C
15833,C++
15834,Python
15834,R
15835,Julia
15836,Python
15836,SQL
15837,R
15838,Python
15839,SQL
15839,Python
15840,SQL
15840,Javascript
15840,Python
15840,Bash
15840,C
15840,C#
15841,Python
15842,Python
15842,Java
15843,SQL
15843,Python
15844,Python
15844,SQL
15845,C++
15848,Python
15848,C++
15849,Other
15849,Java
15849,C
15849,Python
15850,SQL
15850,Python
15851,SQL
15851,Bash
15851,PHP
15851,Python
15852,SQL
15852,R
15852,Python
15853,Python
15853,C++
15853,SQL
15854,Python
15855,Bash
15856,Other
15857,Bash
15857,Javascript
15857,Python
15857,C
15858,R
15858,C++
15858,Python
15859,C
15859,Python
15859,Java
15859,C++
15859,Javascript
15860,SQL
15860,Python
15861,SQL
15862,Javascript
15862,SQL
15862,Python
15862,C
15863,R
15863,Python
15863,MATLAB
15864,SQL
15864,Python
15864,Javascript
15865,R
15865,Other
15866,Python
15866,C++
15866,SQL
15867,C
15867,Python
15867,MATLAB
15867,C++
15868,SQL
15868,MATLAB
15868,Java
15868,Go
15868,Python
15868,Bash
15868,R
15868,C
15869,Python
15870,Python
15870,SQL
15871,Python
15871,SQL
15872,Java
15872,Javascript
15872,SQL
15872,Python
15872,C++
15873,C
15873,Python
15873,SQL
15874,C
15874,Python
15874,Bash
15876,Python
15877,Python
15877,SQL
15877,Java
15878,Python
15878,SQL
15879,Julia
15879,SQL
15879,MATLAB
15879,R
15880,C++
15880,Python
15880,Java
15880,SQL
15881,Julia
15881,R
15881,Python
15881,SQL
15882,Python
15883,Python
15883,SQL
15883,C++
15884,C++
15885,SQL
15885,R
15885,Other
15887,Javascript
15887,Python
15887,PHP
15887,SQL
15888,SQL
15889,Python
15889,C++
15890,Python
15892,Python
15893,Python
15894,C#
15894,SQL
15894,Java
15894,Python
15895,Python
15895,R
15895,Javascript
15897,C++
15897,C
15897,Java
15897,Python
15898,Python
15899,Python
15899,C
15899,MATLAB
15899,C++
15900,SQL
15900,Python
15904,Python
15905,Bash
15905,Python
15907,Python
15908,Python
15908,C
15909,SQL
15909,C
15909,Python
15910,R
15910,SQL
15910,Python
15911,Python
15911,R
15912,Python
15912,SQL
15913,C++
15913,Python
15914,Python
15914,SQL
15914,Bash
15915,Python
15916,Python
15916,C++
15916,MATLAB
15917,C#
15917,Python
15918,R
15918,Other
15919,MATLAB
15919,Python
15919,C++
15919,SQL
15920,Python
15921,Python
15921,SQL
15922,Python
15923,R
15923,SQL
15923,Python
15924,Python
15925,Javascript
15925,Python
15925,Go
15926,R
15926,Javascript
15926,SQL
15926,Java
15926,Python
15927,Python
15927,Java
15927,SQL
15928,SQL
15928,Python
15929,Python
15929,C
15930,Python
15930,MATLAB
15931,Python
15932,Python
15933,Python
15935,Python
15936,Python
15936,C++
15937,Java
15937,Python
15937,SQL
15938,Other
15938,Python
15938,C++
15938,SQL
15938,C
15939,Python
15939,Java
15939,PHP
15940,MATLAB
15940,Python
15941,Java
15941,C
15941,Javascript
15941,PHP
15941,SQL
15941,Python
15941,C++
15942,SQL
15942,R
15943,Python
15943,SQL
15943,Bash
15943,C#
15944,Javascript
15944,PHP
15944,Java
15944,Python
15944,SQL
15944,C
15945,SQL
15945,R
15946,Python
15946,SQL
15947,Python
15948,Python
15948,MATLAB
15948,C++
15948,C
15949,Python
15949,Javascript
15949,MATLAB
15950,Python
15951,Java
15951,Python
15953,Python
15954,Python
15955,MATLAB
15955,Python
15955,Java
15955,Other
15956,Python
15956,SQL
15957,Python
15958,Python
15959,Python
15959,C++
15960,R
15960,Python
15961,Java
15961,Python
15961,SQL
15962,SQL
15962,Other
15963,C++
15963,SQL
15963,C
15963,Python
15964,Python
15965,Python
15965,R
15966,Other
15966,R
15966,Python
15967,C++
15967,Python
15968,SQL
15968,C
15968,MATLAB
15968,Python
15969,Python
15969,SQL
15970,Javascript
15970,SQL
15970,C++
15970,Python
15970,Java
15970,PHP
15971,Go
15971,Python
15971,SQL
15972,SQL
15972,Python
15973,Other
15974,C
15975,SQL
15975,Python
15976,Python
15976,PHP
15977,Python
15978,Python
15980,R
15981,Python
15981,SQL
15986,SQL
15987,Python
15988,Java
15988,C
15989,Python
15990,R
15990,Python
15990,SQL
15991,Python
15991,Javascript
15991,C++
15991,SQL
15991,Other
15992,Python
15992,C++
15993,SQL
15993,Python
15994,Python
15994,SQL
15994,Other
15995,PHP
15995,R
15995,MATLAB
15995,Python
15995,SQL
15996,Python
15996,Javascript
15997,Python
15997,C++
15998,Javascript
15998,C++
15998,Java
15998,Python
15998,Go
15999,R
15999,Python
15999,SQL
16000,Python
16000,C++
16000,SQL
16001,Python
16002,Java
16002,SQL
16002,R
16002,Python
16003,Python
16003,C++
16004,R
16005,Python
16006,Python
16006,R
16006,SQL
16007,Python
16008,Java
16008,SQL
16008,Javascript
16008,Python
16008,C#
16009,MATLAB
16009,R
16009,Python
16010,C
16010,Javascript
16010,Python
16011,SQL
16012,Python
16013,Python
16013,Bash
16013,Javascript
16013,SQL
16014,SQL
16014,R
16014,Python
16016,R
16016,Python
16016,SQL
16016,C++
16017,Java
16017,PHP
16017,C
16017,SQL
16018,Python
16019,C++
16019,Java
16019,Python
16019,C
16020,Python
16021,Python
16023,Python
16023,Java
16025,SQL
16025,Python
16025,C
16026,Python
16027,Python
16027,Java
16027,SQL
16028,Java
16028,PHP
16028,C++
16028,C
16029,Javascript
16029,Java
16029,C#
16029,C
16029,Go
16031,MATLAB
16031,Python
16031,SQL
16032,Python
16033,Python
16034,Python
16036,PHP
16036,Python
16037,Bash
16037,Python
16037,SQL
16038,Python
16039,Python
16039,PHP
16039,C++
16040,C
16040,Python
16040,SQL
16043,Python
16044,C++
16044,C#
16044,Python
16044,Javascript
16044,Java
16045,Bash
16045,Javascript
16045,Python
16045,Go
16045,C++
16046,Python
16046,C++
16046,C
16047,SQL
16049,C++
16049,C
16049,MATLAB
16049,Python
16051,SQL
16051,Python
16052,C
16052,C#
16053,SQL
16053,Python
16054,Python
16055,Python
16055,C++
16055,SQL
16055,Java
16056,Python
16056,Bash
16056,Other
16056,MATLAB
16057,SQL
16057,Python
16057,Bash
16058,C
16058,Java
16058,Python
16059,Python
16061,Javascript
16062,Python
16062,R
16063,Java
16063,Python
16064,Python
16065,Python
16066,C++
16066,C
16066,Python
16067,Javascript
16067,SQL
16067,Python
16068,Python
16069,SQL
16069,R
16069,Python
16070,Python
16070,C
16070,MATLAB
16070,C#
16070,Java
16070,SQL
16070,Bash
16070,C++
16071,SQL
16071,R
16073,Python
16073,SQL
16074,Python
16074,Java
16074,Javascript
16074,SQL
16075,MATLAB
16075,Python
16076,Python
16077,Python
16078,Bash
16078,C
16078,Python
16079,SQL
16079,Python
16080,Python
16081,Python
16081,R
16081,SQL
16082,Python
16082,SQL
16083,C++
16083,C
16083,Java
16083,R
16083,Python
16084,SQL
16084,R
16084,Python
16084,MATLAB
16085,C++
16085,Python
16085,MATLAB
16085,SQL
16086,Python
16087,Python
16087,Java
16088,Javascript
16088,C++
16088,SQL
16088,Python
16089,SQL
16089,Javascript
16089,Python
16090,Python
16090,SQL
16091,SQL
16091,Python
16091,R
16092,Java
16092,Python
16093,Javascript
16093,Java
16093,C#
16094,Python
16094,PHP
16094,SQL
16095,Python
16095,R
16096,R
16096,Python
16096,SQL
16097,SQL
16097,Python
16098,Python
16098,MATLAB
16098,R
16099,Python
16100,Python
16100,C++
16101,SQL
16101,Bash
16101,Python
16102,R
16102,SQL
16102,MATLAB
16102,Python
16103,C
16103,Java
16103,Python
16103,C++
16104,Python
16104,Bash
16104,Javascript
16104,R
16104,SQL
16105,MATLAB
16105,Java
16105,Python
16106,C++
16106,Python
16107,Python
16108,C
16109,Python
16110,R
16110,SQL
16110,C++
16110,Python
16110,C
16111,Python
16112,R
16112,Python
16113,MATLAB
16113,Bash
16113,Java
16113,SQL
16113,Python
16114,R
16114,MATLAB
16114,Python
16115,Java
16115,Python
16115,SQL
16117,Python
16117,R
16117,SQL
16117,Bash
16118,MATLAB
16118,C++
16118,Javascript
16118,Java
16118,Python
16118,SQL
16118,C#
16119,Javascript
16119,Python
16119,R
16120,MATLAB
16120,Python
16120,C++
16120,SQL
16120,Java
16121,C
16122,Javascript
16122,Python
16122,SQL
16122,R
16123,Python
16123,Java
16124,Python
16125,SQL
16125,Python
16125,Bash
16127,Python
16127,Javascript
16128,Python
16128,SQL
16129,Python
16130,Python
16130,C
16130,SQL
16130,Java
16130,Javascript
16130,R
16130,C++
16132,SQL
16132,Python
16133,Python
16133,SQL
16134,Python
16134,R
16135,SQL
16135,Javascript
16135,Python
16135,C#
16136,C
16136,Javascript
16136,SQL
16136,Python
16136,Other
16137,Python
16138,SQL
16138,Python
16139,Python
16140,Python
16140,PHP
16141,SQL
16141,Python
16142,Javascript
16142,C#
16142,Python
16143,SQL
16143,Python
16144,Python
16145,Python
16146,MATLAB
16146,Javascript
16146,Python
16147,Python
16147,R
16147,SQL
16148,C
16148,SQL
16148,C++
16148,Java
16148,Python
16149,Python
16150,Python
16152,Python
16153,R
16154,Python
16154,SQL
16156,Python
16157,Python
16158,SQL
16158,Python
16159,SQL
16159,PHP
16159,Python
16159,Javascript
16159,C
16159,Java
16160,Javascript
16160,C++
16160,SQL
16160,Python
16161,R
16161,Python
16162,Python
16163,C
16163,Python
16163,C++
16163,C#
16163,SQL
16164,R
16165,SQL
16165,Python
16166,Python
16167,Python
16167,R
16167,C
16167,Javascript
16168,MATLAB
16168,Python
16170,Javascript
16170,Bash
16170,Python
16170,Java
16170,SQL
16171,Other
16171,C++
16171,Python
16172,Python
16172,R
16173,Javascript
16173,SQL
16173,C
16173,C++
16173,Python
16175,SQL
16175,Python
16176,Python
16176,R
16176,C++
16179,C++
16179,Python
16180,Python
16180,Other
16181,MATLAB
16181,Python
16181,C
16182,Bash
16182,SQL
16182,Javascript
16182,Python
16183,Python
16184,Python
16185,Python
16185,C++
16185,Java
16186,Python
16186,SQL
16186,Java
16187,SQL
16187,MATLAB
16187,R
16187,Python
16187,PHP
16187,C
16187,Java
16188,Python
16188,Javascript
16189,Python
16189,C++
16189,C
16190,C
16190,MATLAB
16191,Bash
16191,Java
16191,Python
16191,SQL
16192,Python
16192,R
16192,C
16192,Julia
16192,MATLAB
16193,Python
16194,C++
16194,Python
16194,C
16194,Bash
16195,Python
16195,R
16195,SQL
16196,Python
16197,Python
16198,Other
16199,Python
16200,Javascript
16200,PHP
16200,Python
16200,C++
16201,Python
16201,SQL
16202,C
16202,MATLAB
16202,R
16202,Python
16202,C++
16202,PHP
16203,SQL
16203,Java
16203,Javascript
16203,Python
16203,PHP
16204,Javascript
16204,C
16204,PHP
16204,Python
16204,SQL
16204,Java
16204,C++
16205,C#
16205,SQL
16205,Python
16205,Java
16206,Python
16206,PHP
16206,Javascript
16206,C
16206,SQL
16206,Java
16208,Python
16208,C++
16208,C
16210,C++
16211,C++
16211,Python
16212,R
16212,SQL
16213,Python
16214,Python
16214,SQL
16214,Other
16215,Python
16216,Javascript
16216,Python
16216,SQL
16217,Go
16217,Bash
16217,Python
16217,SQL
16218,Python
16219,SQL
16219,Python
16219,Bash
16219,Other
16220,Python
16220,SQL
16221,Javascript
16221,Python
16222,Python
16222,SQL
16223,C
16223,Python
16223,Other
16223,Java
16224,C++
16224,Python
16225,Python
16226,Python
16226,C++
16227,Python
16227,SQL
16227,Java
16228,Python
16228,SQL
16228,R
16229,Python
16230,Go
16230,SQL
16230,C#
16230,C++
16230,Javascript
16230,Python
16231,SQL
16231,Python
16231,R
16232,Python
16233,Python
16233,Bash
16233,SQL
16234,C++
16234,Python
16234,SQL
16235,Python
16235,R
16235,SQL
16235,Bash
16236,C++
16236,SQL
16236,R
16236,Python
16237,Java
16237,SQL
16237,Python
16238,Python
16238,C++
16239,SQL
16239,Python
16240,Java
16240,C
16240,Python
16240,Javascript
16241,Python
16241,MATLAB
16241,C
16241,C++
16243,Python
16243,C++
16243,C
16243,C#
16243,SQL
16243,R
16243,MATLAB
16243,Java
16244,SQL
16244,R
16244,Python
16245,Python
16245,Javascript
16245,Java
16246,Python
16246,SQL
16246,C
16247,Python
16248,SQL
16248,Python
16249,PHP
16249,SQL
16249,Python
16249,Javascript
16251,C++
16251,Python
16251,Javascript
16252,Javascript
16252,MATLAB
16252,Go
16252,SQL
16252,Other
16252,C
16252,Java
16252,Python
16253,Python
16254,Python
16255,Other
16255,Python
16255,SQL
16256,Python
16257,C++
16257,Python
16257,C
16257,PHP
16257,SQL
16258,Python
16260,R
16260,SQL
16260,Python
16261,Javascript
16261,C#
16261,SQL
16262,SQL
16262,Python
16263,Python
16265,C
16265,Java
16265,SQL
16265,Python
16266,Java
16266,SQL
16267,Python
16268,Python
16268,SQL
16269,C#
16269,Java
16269,Python
16270,C#
16270,Java
16270,Python
16271,Java
16272,Python
16272,SQL
16272,Java
16272,C
16274,R
16274,Python
16275,C
16275,Python
16275,Java
16276,Java
16276,Python
16277,C#
16277,Java
16277,Javascript
16277,Other
16279,Python
16282,C#
16282,Python
16283,R
16283,Python
16283,SQL
16284,C++
16284,Python
16284,C
16285,Python
16286,Python
16286,R
16286,C
16286,SQL
16287,SQL
16288,C
16288,Python
16288,C++
16288,Java
16289,PHP
16290,Python
16291,Python
16291,SQL
16292,Python
16294,SQL
16294,Java
16294,Python
16294,C
16295,SQL
16295,Python
16297,R
16297,C
16297,Python
16298,Javascript
16300,Python
16301,C#
16301,C
16301,Python
16302,C#
16302,Java
16302,Python
16304,Python
16305,Python
16305,SQL
16306,SQL
16306,Python
16307,Python
16308,Julia
16308,SQL
16308,R
16310,MATLAB
16310,SQL
16310,R
16310,C
16310,Python
16310,Bash
16310,Julia
16311,Python
16312,Python
16312,SQL
16313,SQL
16313,Python
16313,Bash
16314,Javascript
16314,R
16314,C++
16314,Python
16314,SQL
16315,Python
16315,SQL
16316,Javascript
16316,Python
16317,Python
16319,R
16319,C++
16319,Python
16319,SQL
16319,C
16320,Python
16320,C++
16320,SQL
16321,Python
16321,SQL
16322,MATLAB
16322,Python
16322,SQL
16322,C++
16322,Javascript
16322,PHP
16323,Python
16324,Java
16324,Python
16324,SQL
16324,R
16325,Python
16325,Javascript
16325,Java
16325,C
16325,C++
16326,SQL
16326,Python
16328,Python
16328,C++
16330,Python
16330,MATLAB
16330,C++
16331,R
16331,Java
16331,Python
16331,MATLAB
16331,C++
16332,SQL
16332,Python
16334,Javascript
16334,Python
16334,C++
16335,MATLAB
16335,C++
16335,C
16335,Bash
16335,Other
16337,Python
16337,C
16338,Python
16339,C
16339,R
16339,Python
16340,SQL
16340,Java
16340,C++
16340,C
16340,Python
16341,R
16341,MATLAB
16341,Python
16341,Julia
16341,C++
16341,C
16342,C
16342,SQL
16342,C++
16342,Python
16343,MATLAB
16343,R
16343,Java
16343,PHP
16343,C++
16343,C
16343,Python
16344,Python
16345,Python
16346,R
16346,SQL
16346,Other
16347,Javascript
16347,C
16347,Python
16347,R
16347,SQL
16347,C++
16348,R
16348,Python
16349,Python
16350,Java
16350,Python
16350,SQL
16350,R
16350,C++
16351,Java
16351,Python
16352,Python
16352,R
16353,Javascript
16353,C++
16353,C
16353,Python
16354,MATLAB
16354,R
16354,Python
16355,Python
16355,Java
16355,SQL
16356,C++
16357,Python
16358,Python
16358,SQL
16359,SQL
16359,C++
16359,C
16361,MATLAB
16361,Other
16361,Python
16361,C++
16362,Python
16363,C++
16363,C#
16363,Python
16364,Julia
16364,PHP
16364,C#
16364,R
16364,SQL
16364,Python
16364,MATLAB
16364,C++
16366,SQL
16366,Python
16366,PHP
16367,Python
16368,Python
16369,Javascript
16369,Python
16370,Python
16370,C
16370,Java
16370,R
16370,SQL
16371,Python
16372,SQL
16372,Python
16372,R
16373,Java
16373,Python
16373,MATLAB
16374,MATLAB
16374,Python
16375,Python
16376,MATLAB
16376,SQL
16376,C#
16376,Python
16377,SQL
16377,C++
16377,Python
16377,PHP
16377,Other
16377,C#
16378,C++
16378,Bash
16378,Python
16378,C
16379,Python
16379,Javascript
16379,Java
16379,SQL
16379,C
16379,C++
16380,R
16380,Python
16381,Bash
16381,SQL
16381,Java
16381,Python
16381,Javascript
16382,Python
16383,Python
16383,SQL
16383,Javascript
16383,C#
16383,MATLAB
16384,Python
16384,C#
16385,SQL
16385,R
16385,Python
16386,R
16387,Python
16387,SQL
16387,Java
16387,PHP
16388,Python
16388,Java
16389,C++
16389,R
16390,Javascript
16390,SQL
16390,PHP
16390,Python
16391,SQL
16391,Python
16393,SQL
16393,Python
16394,Other
16394,C#
16394,SQL
16394,Java
16394,C
16395,C
16395,Python
16396,Python
16399,Other
16399,Python
16399,R
16399,Javascript
16399,SQL
16399,PHP
16399,MATLAB
16399,Java
16399,C#
16399,C++
16399,C
16399,Go
16399,Bash
16399,Julia
16400,Java
16400,Python
16401,C++
16401,Python
16401,Javascript
16402,Python
16402,C
16402,Javascript
16403,SQL
16403,Java
16404,C
16404,Java
16404,Python
16404,C#
16404,C++
16406,Python
16407,R
16407,Python
16408,Python
16409,Other
16409,Bash
16409,SQL
16411,Python
16411,R
16412,Other
16412,Python
16412,SQL
16413,R
16413,Python
16414,Python
16414,SQL
16415,MATLAB
16415,R
16415,Python
16417,Python
16418,C
16418,Java
16418,Bash
16418,SQL
16418,Python
16418,Other
16418,C++
16418,Go
16419,Python
16420,Python
16420,SQL
16421,C#
16423,C++
16423,Python
16424,Java
16424,SQL
16424,Python
16424,Bash
16425,Python
16426,MATLAB
16426,Python
16426,C++
16426,C#
16426,Java
16426,C
16427,Python
16429,Python
16430,C#
16431,Python
16432,Bash
16432,Java
16432,Javascript
16432,R
16432,C++
16432,Python
16433,Go
16433,Python
16433,Java
16433,Bash
16434,Python
16435,Python
16435,Java
16436,SQL
16436,Python
16437,R
16437,Python
16437,SQL
16438,Python
16438,Javascript
16438,C++
16439,MATLAB
16439,Bash
16439,R
16439,Java
16439,Python
16439,SQL
16439,C
16439,Javascript
16440,PHP
16440,Python
16440,C++
16440,Javascript
16442,Python
16443,Java
16444,SQL
16444,C
16444,MATLAB
16444,PHP
16446,Python
16446,SQL
16447,Python
16448,SQL
16448,Python
16449,Python
16449,C++
16449,Java
16450,SQL
16451,Python
16452,Python
16452,R
16453,Python
16453,SQL
16455,Python
16455,SQL
16456,Python
16456,R
16456,Bash
16457,Python
16458,C++
16458,Python
16458,MATLAB
16458,C#
16458,C
16459,Julia
16459,Python
16461,Java
16462,Other
16462,Python
16463,Python
16463,SQL
16464,SQL
16464,C#
16464,Python
16465,Python
16465,SQL
16465,MATLAB
16467,C
16467,C#
16467,Python
16467,Javascript
16467,C++
16467,Go
16467,SQL
16467,Java
16468,C
16468,Python
16468,Java
16468,C++
16468,SQL
16469,Python
16470,SQL
16471,SQL
16471,Java
16471,Python
16471,C++
16471,C
16472,Other
16472,Python
16472,SQL
16473,C#
16473,SQL
16473,Other
16473,Javascript
16474,Python
16475,Java
16475,SQL
16475,Python
16475,R
16476,Javascript
16476,Bash
16476,C++
16476,Python
16477,Python
16477,SQL
16480,Python
16482,SQL
16482,Python
16482,Java
16482,R
16483,SQL
16483,Python
16483,C#
16484,Python
16485,Python
16486,Python
16487,C
16487,R
16487,SQL
16487,Python
16487,Java
16488,Java
16488,Python
16490,SQL
16490,Java
16490,Python
16490,R
16491,Java
16491,Python
16492,SQL
16492,Python
16492,C
16492,R
16493,Bash
16493,Go
16493,C
16493,Javascript
16493,Python
16493,SQL
16494,Python
16495,Python
16496,PHP
16497,Python
16497,MATLAB
16498,SQL
16498,Python
16499,Python
16499,C++
16499,MATLAB
16500,Python
16500,Javascript
16501,Bash
16501,SQL
16501,MATLAB
16501,R
16501,Python
16502,Python
16502,R
16502,C
16504,SQL
16504,Python
16504,R
16505,R
16505,Python
16506,R
16506,Python
16506,Java
16507,Java
16507,SQL
16508,R
16508,PHP
16508,C++
16508,SQL
16508,MATLAB
16508,C
16508,Java
16508,Python
16509,Python
16509,R
16510,C#
16510,Python
16510,C++
16511,Python
16511,R
16512,Javascript
16512,C++
16512,C
16512,Python
16513,Python
16514,Python
16516,Java
16516,SQL
16517,C
16517,Java
16517,SQL
16517,MATLAB
16517,Python
16517,Javascript
16517,C++
16518,MATLAB
16518,Python
16518,C
16518,C++
16519,Python
16519,R
16519,MATLAB
16521,SQL
16521,Javascript
16521,PHP
16521,Python
16521,Bash
16522,MATLAB
16522,SQL
16522,Python
16523,Python
16523,C++
16524,Python
16526,C
16526,SQL
16526,R
16526,Python
16527,Python
16528,Python
16528,MATLAB
16528,R
16529,Python
16530,Python
16531,SQL
16531,Python
16531,PHP
16531,Javascript
16531,Other
16532,Java
16532,C
16532,Javascript
16534,Java
16534,MATLAB
16534,Javascript
16534,Python
16534,C
16534,R
16534,C#
16534,C++
16535,R
16535,SQL
16536,Python
16537,SQL
16537,R
16537,Python
16538,Bash
16538,Python
16538,C++
16538,SQL
16538,Javascript
16539,SQL
16539,Python
16539,R
16540,SQL
16540,Python
16541,Python
16542,Bash
16542,Python
16542,SQL
16543,Python
16544,Python
16546,Python
16547,Python
16548,R
16548,SQL
16548,Python
16549,Python
16550,Python
16550,Java
16551,Java
16551,MATLAB
16551,C
16551,Python
16551,Javascript
16552,C#
16552,Python
16552,SQL
16553,C
16553,C++
16553,Python
16554,Python
16555,SQL
16555,Python
16556,Python
16556,C
16557,Java
16557,SQL
16557,R
16557,Python
16558,Python
16559,Python
16561,SQL
16561,Python
16562,Python
16563,Python
16564,R
16564,SQL
16564,MATLAB
16564,Python
16565,MATLAB
16565,C++
16565,C
16565,Other
16565,Python
16566,Java
16567,Python
16568,R
16568,Python
16568,SQL
16569,PHP
16569,SQL
16569,C++
16569,Javascript
16569,Python
16569,Java
16570,Python
16571,Python
16571,C
16571,C++
16571,SQL
16572,Python
16573,PHP
16573,Python
16573,C++
16573,SQL
16574,Python
16575,SQL
16575,Python
16576,Python
16577,MATLAB
16577,R
16577,SQL
16577,Python
16578,R
16578,SQL
16578,C
16578,Python
16578,Bash
16580,Python
16581,Python
16581,SQL
16582,R
16582,SQL
16582,Python
16583,Python
16584,Python
16584,C#
16584,C++
16584,R
16584,SQL
16584,Go
16585,Java
16585,MATLAB
16585,C++
16585,C
16585,Julia
16585,R
16585,Python
16585,Bash
16586,Python
16587,SQL
16587,R
16588,Python
16589,Python
16589,SQL
16589,R
16590,SQL
16591,Python
16594,C#
16594,Python
16595,SQL
16595,Java
16595,Python
16596,C
16596,C++
16596,Python
16596,Other
16597,Python
16598,Python
16598,C++
16599,MATLAB
16599,Python
16600,Python
16603,Python
16604,Python
16604,C++
16605,Javascript
16605,SQL
16605,Python
16605,C#
16606,Python
16607,Python
16608,Python
16608,C++
16609,R
16609,Python
16610,SQL
16610,MATLAB
16610,C++
16611,Python
16613,Python
16613,PHP
16613,C
16613,Java
16613,SQL
16613,MATLAB
16614,Python
16614,SQL
16615,C++
16615,Python
16616,Python
16616,SQL
16616,Java
16616,C++
16617,C
16617,C++
16617,Python
16617,Javascript
16618,PHP
16618,Java
16618,SQL
16618,Javascript
16619,Javascript
16619,Python
16619,Bash
16619,SQL
16620,Javascript
16620,Bash
16620,Python
16620,SQL
16622,Python
16622,MATLAB
16622,C++
16622,R
16623,SQL
16623,Javascript
16623,Python
16624,MATLAB
16624,Python
16625,Python
16626,C#
16626,Python
16626,Java
16627,Python
16627,C++
16628,Javascript
16628,C
16628,Java
16629,Python
16629,Bash
16630,Python
16630,C++
16630,SQL
16630,C#
16631,Python
16631,MATLAB
16631,Bash
16631,SQL
16632,R
16632,Python
16632,Julia
16632,Bash
16633,Python
16634,SQL
16634,Python
16636,Python
16636,SQL
16637,Python
16638,Python
16640,Python
16641,R
16642,Python
16643,Python
16643,SQL
16644,MATLAB
16644,C
16644,C++
16644,SQL
16644,Java
16644,Bash
16644,Python
16645,PHP
16645,C++
16645,Javascript
16645,Python
16647,SQL
16647,MATLAB
16647,Python
16648,SQL
16648,Python
16648,R
16649,Python
16649,SQL
16650,SQL
16650,Python
16650,R
16651,C++
16651,Python
16651,MATLAB
16652,Python
16652,Other
16652,C
16656,Python
16656,Java
16656,SQL
16656,R
16656,MATLAB
16657,SQL
16657,Python
16658,SQL
16658,Python
16660,C
16660,Java
16660,Bash
16660,Python
16662,SQL
16662,Python
16662,C
16662,Java
16663,Java
16663,R
16663,SQL
16663,Python
16665,SQL
16665,Python
16666,PHP
16666,Python
16666,Other
16666,Javascript
16666,Java
16666,SQL
16667,C++
16667,Java
16668,Python
16669,SQL
16669,Javascript
16669,PHP
16669,Python
16669,C++
16670,Python
16670,C++
16670,Other
16671,SQL
16671,Python
16671,C++
16671,C#
16672,Javascript
16672,Python
16672,R
16672,MATLAB
16673,Java
16673,Javascript
16674,Python
16675,Python
16675,C++
16675,Java
16676,SQL
16676,Python
16677,C
16677,Python
16677,R
16677,SQL
16678,Java
16678,Python
16678,PHP
16678,SQL
16679,Bash
16679,Other
16679,Python
16679,C++
16680,Python
16680,R
16680,Javascript
16680,C
16681,SQL
16682,Python
16683,MATLAB
16683,C++
16683,Python
16683,SQL
16683,R
16683,Java
16683,C
16683,Javascript
16684,Javascript
16684,SQL
16684,Python
16684,C++
16684,MATLAB
16685,C++
16685,Python
16685,C
16686,C++
16686,Python
16687,SQL
16687,Python
16687,Bash
16688,SQL
16688,R
16688,Python
16689,Python
16690,Go
16691,R
16691,Python
16691,SQL
16692,Python
16693,C++
16693,R
16693,Python
16694,Python
16694,Java
16695,MATLAB
16695,R
16695,Python
16695,C++
16695,C
16695,SQL
16696,R
16696,Python
16696,Javascript
16697,Java
16697,C
16698,SQL
16698,Java
16698,Python
16698,MATLAB
16699,Python
16699,SQL
16699,Java
16700,Python
16700,Bash
16700,Javascript
16702,Python
16702,R
16702,MATLAB
16702,C++
16703,Python
16703,C
16703,Go
16704,Java
16704,SQL
16704,Javascript
16704,Python
16704,R
16705,Python
16706,Python
16707,Other
16708,SQL
16708,Python
16709,Python
16709,C++
16709,Javascript
16709,Julia
16710,SQL
16710,R
16710,Python
16711,Python
16711,C
16711,SQL
16711,C++
16711,C#
16711,Javascript
16713,R
16713,Python
16714,SQL
16714,R
16714,Python
16714,Javascript
16715,R
16715,Python
16715,MATLAB
16716,PHP
16716,C#
16716,C++
16716,Javascript
16716,Bash
16716,Java
16716,Python
16716,SQL
16718,Python
16718,SQL
16719,Python
16722,C++
16722,Python
16724,Python
16725,Python
16725,Javascript
16726,Python
16727,C
16727,C#
16727,Java
16728,SQL
16728,Python
16728,R
16729,Python
16729,R
16730,Python
16731,Python
16732,SQL
16732,R
16732,C
16732,Java
16732,Python
16732,Javascript
16732,MATLAB
16734,C++
16734,SQL
16734,R
16734,Julia
16734,C
16734,Python
16734,MATLAB
16735,SQL
16735,Python
16736,Python
16737,Python
16738,C++
16738,Julia
16738,Bash
16738,C
16738,Python
16739,Java
16739,C
16739,Python
16740,Python
16740,MATLAB
16741,Python
16742,C
16742,Java
16742,SQL
16742,R
16742,PHP
16742,Python
16743,Java
16743,R
16743,C++
16743,SQL
16743,Python
16744,Python
16746,C++
16746,C
16746,SQL
16746,Bash
16746,Javascript
16746,Python
16747,SQL
16747,Python
16747,Other
16748,R
16748,SQL
16748,Python
16749,SQL
16749,Other
16749,Javascript
16749,C++
16749,C
16749,Python
16749,PHP
16749,Java
16750,Python
16750,C++
16751,SQL
16751,Python
16752,Python
16752,R
16753,Other
16753,C
16753,Java
16753,Python
16753,MATLAB
16754,R
16754,Python
16755,Python
16758,Python
16758,Bash
16758,SQL
16759,SQL
16760,Python
16761,C++
16761,Python
16761,R
16761,SQL
16762,SQL
16762,MATLAB
16762,Python
16763,SQL
16763,Javascript
16763,Python
16763,Other
16763,Bash
16763,C
16764,Python
16766,Python
16766,MATLAB
16766,C#
16766,SQL
16767,SQL
16769,SQL
16769,Python
16771,Python
16771,MATLAB
16771,SQL
16773,Python
16774,C++
16774,Python
16774,Javascript
16774,Java
16774,MATLAB
16775,R
16775,SQL
16775,Python
16777,Java
16777,Python
16778,SQL
16778,R
16778,Python
16779,Python
16782,Python
16782,Bash
16783,Python
16783,SQL
16785,SQL
16786,Python
16786,SQL
16786,C++
16786,Bash
16787,Python
16788,SQL
16788,Python
16788,Bash
16788,Javascript
16789,Python
16789,R
16790,Javascript
16790,SQL
16790,Python
16791,SQL
16791,Python
16792,Python
16792,SQL
16794,Python
16794,C++
16795,Julia
16795,R
16796,Python
16796,Javascript
16797,Python
16797,SQL
16797,PHP
16799,SQL
16800,Python
16800,Other
16801,Go
16801,Python
16801,Javascript
16802,SQL
16802,Python
16803,Python
16803,Javascript
16803,C
16803,C++
16804,R
16804,Python
16804,SQL
16805,R
16805,Python
16806,MATLAB
16806,Python
16806,SQL
16806,C++
16807,Python
16807,SQL
16808,Java
16808,Python
16808,Bash
16809,Java
16809,Python
16809,C#
16810,Python
16812,Python
16812,SQL
16813,Javascript
16813,Python
16813,Java
16813,SQL
16813,C++
16813,C
16815,SQL
16815,Python
16816,Python
16816,SQL
16817,Python
16818,Python
16818,SQL
16819,C#
16819,Python
16819,SQL
16820,SQL
16821,C
16821,Python
16822,Python
16822,Other
16822,C
16824,C
16824,Python
16824,SQL
16825,C
16825,Python
16826,Python
16827,R
16828,SQL
16828,C++
16829,SQL
16829,Python
16830,R
16831,Bash
16831,C
16831,Javascript
16831,PHP
16831,Other
16831,SQL
16831,R
16831,Python
16831,C++
16832,Python
16834,Python
16836,SQL
16836,Java
16836,C#
16837,Java
16837,SQL
16837,Python
16837,Javascript
16838,Python
16839,Python
16840,Python
16840,Java
16841,Python
16842,Python
16842,MATLAB
16843,Python
16843,R
16843,SQL
16844,Java
16845,SQL
16845,R
16846,Python
16847,SQL
16847,Python
16847,R
16847,C#
16848,Python
16848,MATLAB
16849,SQL
16850,Python
16850,C
16850,R
16851,SQL
16851,Python
16851,R
16853,Python
16853,Javascript
16853,Java
16854,Python
16854,R
16854,SQL
16855,Python
16857,C++
16857,Python
16858,Python
16858,Go
16858,Javascript
16858,C++
16859,SQL
16859,R
16859,Python
16860,C++
16860,Go
16860,SQL
16860,Python
16861,Javascript
16861,C
16861,Java
16861,SQL
16862,Python
16862,Other
16863,Javascript
16863,Python
16865,C++
16865,Python
16865,Java
16865,SQL
16865,Bash
16866,R
16867,Java
16868,Other
16869,C++
16869,SQL
16869,Python
16870,Python
16872,Python
16872,Java
16873,Python
16874,Python
16874,SQL
16874,MATLAB
16875,R
16875,Python
16875,SQL
16877,Javascript
16877,SQL
16878,SQL
16878,Bash
16878,PHP
16878,Python
16879,SQL
16879,Python
16880,Python
16881,Python
16881,Bash
16882,SQL
16882,C++
16882,MATLAB
16882,Javascript
16882,Python
16883,C++
16883,R
16883,SQL
16884,SQL
16884,C
16884,C++
16884,Python
16886,Python
16886,SQL
16887,SQL
16887,R
16887,MATLAB
16887,Python
16889,Java
16889,C
16889,Python
16890,Python
16892,Python
16893,Python
16894,Python
16894,C++
16895,C#
16895,SQL
16896,SQL
16896,Python
16897,C#
16897,R
16897,Bash
16897,SQL
16897,Javascript
16897,Python
16898,SQL
16898,Python
16898,C++
16898,Java
16899,C++
16900,C++
16900,Python
16900,MATLAB
16901,Python
16901,SQL
16903,Python
16903,SQL
16904,R
16904,C++
16904,Java
16904,Javascript
16904,Python
16904,PHP
16904,SQL
16904,C
16905,Python
16905,SQL
16906,Python
16906,Javascript
16906,PHP
16907,C
16907,Go
16907,C++
16908,R
16908,Python
16908,SQL
16909,SQL
16909,Python
16910,Python
16911,C++
16911,Python
16912,R
16912,SQL
16913,R
16913,SQL
16913,Python
16914,C
16914,SQL
16914,Python
16916,Python
16917,Python
16917,C++
16918,Java
16918,Python
16918,C++
16918,R
16918,Javascript
16918,C
16918,SQL
16918,MATLAB
16918,Bash
16920,SQL
16920,C
16920,Python
16920,C++
16920,Bash
16920,C#
16921,Python
16922,Bash
16922,Javascript
16922,Python
16922,SQL
16922,R
16923,SQL
16923,Python
16924,R
16924,Bash
16924,Python
16924,Other
16924,Javascript
16924,Julia
16924,SQL
16926,SQL
16926,Javascript
16926,Python
16927,SQL
16927,Java
16927,Bash
16927,Javascript
16927,Python
16928,PHP
16928,Java
16928,Other
16928,SQL
16928,Python
16928,C
16929,Other
16929,Bash
16931,Python
16931,C++
16931,Javascript
16931,C
16932,SQL
16932,C++
16933,Python
16933,SQL
16934,C#
16934,Python
16934,Bash
16934,SQL
16935,Javascript
16935,Python
16935,R
16938,Python
16939,Python
16940,Python
16940,C#
16940,SQL
16941,R
16941,Other
16942,Python
16943,MATLAB
16943,Python
16944,Python
16945,SQL
16945,Python
16946,Other
16946,Javascript
16946,Bash
16946,SQL
16946,Java
16946,PHP
16947,Java
16947,SQL
16947,C
16947,Python
16947,C++
16948,Python
16948,MATLAB
16949,Python
16952,R
16952,C
16952,Java
16952,Python
16952,SQL
16953,Python
16953,C
16953,SQL
16953,C++
16954,C
16954,MATLAB
16954,Python
16955,SQL
16956,Java
16956,Go
16956,C++
16956,Python
16956,Other
16957,SQL
16957,Python
16958,PHP
16958,Java
16958,Other
16958,Python
16958,SQL
16958,Javascript
16959,Java
16959,Javascript
16959,R
16959,C
16959,Python
16959,SQL
16960,Python
16960,Javascript
16960,C++
16961,Python
16963,Python
16964,R
16964,Python
16965,SQL
16965,Python
16966,R
16966,SQL
16967,Python
16967,MATLAB
16968,R
16969,R
16969,Python
16969,Bash
16969,SQL
16970,Python
16970,SQL
16971,MATLAB
16971,R
16971,SQL
16971,Bash
16971,Python
16972,Python
16973,R
16973,Python
16974,C
16974,Python
16974,SQL
16974,MATLAB
16975,Python
16975,SQL
16975,Javascript
16975,PHP
16976,Javascript
16976,Python
16977,Python
16977,R
16979,Python
16980,C++
16981,Python
16981,C++
16981,C
16982,MATLAB
16982,Python
16983,R
16983,SQL
16983,Python
16984,C
16984,R
16984,Python
16985,Bash
16985,Python
16985,Javascript
16985,SQL
16986,Python
16986,SQL
16987,SQL
16987,Python
16987,MATLAB
16988,MATLAB
16988,Python
16990,Python
16991,SQL
16991,Python
16991,Javascript
16991,C
16992,Python
16993,C
16993,Java
16993,Python
16993,SQL
16994,Python
16995,C
16995,Python
16996,Python
16996,R
16997,R
16997,SQL
16997,Python
16998,C#
16998,Python
16999,SQL
16999,Other
16999,Python
17000,Python
17000,R
17000,SQL
17001,Python
17002,SQL
17002,Python
17002,C
17002,Other
17002,Bash
17004,Python
17004,SQL
17004,C++
17005,Python
17006,Python
17006,Java
17007,Java
17008,Python
17008,Bash
17008,SQL
17009,C++
17009,Java
17009,C
17010,Python
17010,C
17011,SQL
17011,R
17011,Javascript
17011,Python
17012,Python
17012,SQL
17013,Python
17013,C
17013,C++
17014,Javascript
17014,PHP
17014,C
17014,Python
17014,Java
17014,SQL
17014,R
17014,C++
17015,Python
17015,C
17015,PHP
17015,Javascript
17015,R
17015,C++
17015,SQL
17015,Java
17019,SQL
17019,PHP
17019,Python
17020,C
17020,Python
17021,Java
17021,Python
17022,SQL
17022,R
17022,Javascript
17022,Python
17022,C#
17023,C#
17023,Python
17024,Python
17024,C++
17025,Java
17025,Python
17026,Python
17027,SQL
17027,PHP
17027,Python
17027,C++
17027,C
17029,Python
17029,SQL
17030,Python
17030,SQL
17030,R
17031,SQL
17031,Python
17031,Other
17031,C
17032,SQL
17032,C
17032,Python
17032,R
17032,Java
17033,SQL
17033,Java
17034,SQL
17035,Python
17035,C++
17035,R
17035,SQL
17036,Python
17036,SQL
17037,Python
17037,C
17038,Python
17039,R
17039,Python
17041,Julia
17041,Python
17041,Bash
17042,R
17042,Python
17043,SQL
17043,Python
17044,Python
17046,Python
17047,R
17047,Python
17048,PHP
17048,Python
17048,Javascript
17048,SQL
17049,Other
17049,Python
17050,SQL
17050,Java
17050,Python
17050,C
17051,Java
17051,R
17051,C++
17051,Python
17052,Python
17052,MATLAB
17052,SQL
17052,C++
17053,R
17053,Python
17054,Python
17054,SQL
17055,C++
17055,Python
17056,Other
17056,Python
17057,Python
17057,C
17057,SQL
17058,SQL
17058,C#
17058,Python
17059,Javascript
17059,MATLAB
17059,Python
17061,C++
17061,SQL
17061,Java
17061,Javascript
17061,Python
17062,Bash
17062,SQL
17062,Python
17063,Javascript
17063,C#
17063,Java
17063,SQL
17063,Other
17064,MATLAB
17064,Python
17064,C++
17065,SQL
17065,Python
17065,C++
17066,Python
17066,R
17066,SQL
17067,Bash
17067,SQL
17067,Python
17068,Python
17069,R
17069,Python
17069,SQL
17070,Python
17070,SQL
17070,Javascript
17070,Bash
17070,C++
17071,SQL
17071,Javascript
17071,C#
17073,R
17073,SQL
17073,Python
17074,SQL
17074,C
17074,Java
17074,Python
17076,Python
17076,R
17077,Python
17077,C#
17077,Bash
17077,SQL
17078,Python
17078,R
17078,MATLAB
17079,Python
17079,Java
17080,Python
17081,SQL
17081,Java
17081,Python
17084,Python
17085,SQL
17085,Python
17086,Python
17087,SQL
17087,Python
17088,Python
17089,Javascript
17089,Bash
17089,C
17089,C++
17089,Python
17090,MATLAB
17090,C++
17090,Python
17090,C
17091,SQL
17091,C++
17091,Python
17091,R
17091,Bash
17092,SQL
17092,Python
17093,Python
17093,Java
17094,R
17095,Python
17095,C
17095,MATLAB
17096,Bash
17096,MATLAB
17096,Other
17096,Julia
17096,Python
17097,Python
17097,Java
17097,C++
17097,Javascript
17097,PHP
17097,SQL
17097,C
17098,MATLAB
17098,SQL
17098,C
17098,Java
17098,Python
17099,Other
17099,Javascript
17099,Python
17101,SQL
17101,Python
17102,SQL
17103,Python
17103,R
17104,Python
17104,C
17104,R
17105,C++
17105,Java
17105,Python
17106,Python
17106,MATLAB
17106,C++
17107,R
17107,Python
17109,Other
17109,R
17109,Python
17109,SQL
17110,Python
17111,Python
17111,R
17112,Python
17113,Python
17115,SQL
17115,Python
17117,C#
17117,Javascript
17117,Python
17117,MATLAB
17118,SQL
17118,Python
17119,Javascript
17119,PHP
17119,SQL
17119,Java
17119,C++
17119,Python
17121,SQL
17122,SQL
17122,C++
17122,Python
17122,Bash
17122,R
17123,Python
17123,Bash
17123,SQL
17123,Javascript
17124,Javascript
17124,SQL
17124,Python
17125,Python
17125,C++
17126,Other
17127,Other
17127,SQL
17127,R
17129,SQL
17129,Python
17129,R
17130,Python
17131,SQL
17131,Python
17131,C++
17132,Python
17132,R
17133,C#
17133,C++
17133,SQL
17133,R
17133,C
17133,PHP
17133,Javascript
17133,Python
17134,Python
17134,SQL
17135,Java
17135,C++
17135,SQL
17135,Javascript
17135,C
17135,Python
17136,C
17137,Python
17139,Java
17140,Python
17140,C
17141,Python
17141,Bash
17141,SQL
17142,Python
17142,SQL
17143,Python
17144,Python
17145,Python
17145,C++
17145,Java
17145,MATLAB
17145,R
17146,Python
17146,SQL
17146,PHP
17146,Javascript
17147,SQL
17147,Python
17148,Python
17149,Python
17150,R
17150,Python
17151,Other
17151,Python
17151,SQL
17152,C++
17153,SQL
17153,C
17153,Bash
17153,Python
17153,Javascript
17153,C++
17154,SQL
17155,Javascript
17155,SQL
17155,Python
17155,Java
17156,Python
17156,SQL
17157,SQL
17157,C#
17158,SQL
17159,R
17160,Python
17161,R
17161,Python
17161,SQL
17163,Python
17164,R
17164,C#
17164,Python
17164,Javascript
17164,C
17164,SQL
17164,C++
17164,Java
17165,Python
17166,Python
17166,R
17166,SQL
17167,SQL
17167,Python
17167,Other
17168,Python
17169,SQL
17169,Python
17170,Other
17171,R
17171,Python
17171,SQL
17172,Python
17174,R
17175,SQL
17175,C#
17175,R
17175,Python
17177,SQL
17177,Python
17179,MATLAB
17179,R
17179,Python
17180,Java
17180,C
17180,Python
17180,C++
17181,Python
17181,C
17182,Python
17183,Python
17184,Python
17185,MATLAB
17186,C
17186,C++
17186,Python
17187,C#
17187,MATLAB
17187,Python
17187,Other
17187,R
17187,Java
17188,MATLAB
17188,SQL
17188,C++
17188,Javascript
17188,Python
17188,C#
17188,Java
17189,Python
17190,Python
17190,SQL
17190,Javascript
17191,Python
17192,Python
17194,C++
17194,SQL
17194,Python
17194,C#
17194,Java
17198,Python
17198,Bash
17198,R
17199,Python
17199,SQL
17200,Python
17200,C++
17200,R
17200,SQL
17201,R
17202,Python
17202,Javascript
17203,Python
17203,SQL
17205,Javascript
17205,Python
17205,PHP
17206,Python
17206,R
17208,Javascript
17208,Java
17208,SQL
17208,Python
17208,R
17209,Bash
17209,Other
17209,Python
17210,R
17210,Python
17211,Java
17211,Python
17211,C
17211,C++
17211,MATLAB
17212,Other
17212,Python
17212,SQL
17213,Python
17214,C++
17214,Python
17214,R
17214,C
17215,Python
17215,Bash
17215,C++
17215,SQL
17215,C
17215,Javascript
17216,Python
17219,Python
17219,SQL
17219,Bash
17220,C++
17220,SQL
17220,MATLAB
17220,Java
17220,R
17220,Python
17221,Python
17222,Python
17222,SQL
17223,SQL
17223,R
17223,Python
17223,Javascript
17223,Julia
17223,Bash
17224,Python
17225,MATLAB
17225,R
17226,SQL
17226,PHP
17226,Java
17226,Javascript
17226,Python
17226,Other
17227,Python
17227,R
17227,Javascript
17227,PHP
17227,Other
17228,Python
17228,Bash
17229,Java
17229,C++
17229,Python
17229,MATLAB
17229,Javascript
17230,R
17230,SQL
17230,Python
17231,PHP
17231,SQL
17231,Javascript
17231,Other
17231,Python
17231,C++
17231,Java
17232,Python
17233,Python
17233,PHP
17233,C++
17234,Python
17235,C#
17235,Java
17235,Javascript
17236,Python
17237,SQL
17238,SQL
17238,Python
17239,Python
17239,C#
17239,SQL
17239,C++
17239,Javascript
17241,Java
17241,Python
17242,Python
17242,SQL
17242,R
17244,C++
17244,Python
17245,C
17245,Python
17246,Java
17246,C++
17246,Python
17247,Python
17248,Python
17248,C
17248,C++
17249,Python
17249,SQL
17250,Python
17250,SQL
17251,Javascript
17251,C++
17251,Python
17251,Go
17252,SQL
17252,Python
17252,C++
17252,Java
17252,C
17252,Other
17254,C
17254,Python
17254,Java
17255,Python
17256,Python
17256,SQL
17257,Python
17257,C++
17259,Java
17259,Python
17261,Python
17263,C
17263,Python
17263,C++
17263,R
17264,SQL
17264,Python
17265,SQL
17266,Python
17267,Python
17267,Bash
17269,SQL
17269,Python
17270,Python
17271,Python
17271,Javascript
17271,SQL
17272,Python
17273,SQL
17273,Python
17273,Bash
17275,C#
17275,C
17275,SQL
17275,Python
17275,Java
17275,Javascript
17276,SQL
17276,R
17276,Python
17277,C++
17277,Python
17278,R
17278,C++
17278,Python
17278,C
17278,C#
17279,Python
17279,Java
17279,SQL
17280,Python
17280,C
17281,Python
17281,SQL
17281,R
17282,Python
17282,MATLAB
17283,R
17283,Python
17284,Java
17284,Python
17285,R
17285,PHP
17285,SQL
17285,Python
17286,Python
17288,SQL
17288,Javascript
17288,PHP
17289,Python
17290,R
17290,SQL
17290,Python
17291,Python
17291,R
17292,Python
17292,R
17293,SQL
17293,Python
17295,Python
17296,C
17296,Python
17297,Javascript
17297,Python
17297,SQL
17298,Python
17298,C
17299,Java
17299,Python
17299,Javascript
17299,Other
17299,SQL
17301,Python
17303,Python
17303,R
17304,Python
17304,SQL
17304,Go
17305,R
17305,C
17305,Python
17306,Python
17307,Python
17308,MATLAB
17308,Python
17309,Python
17310,SQL
17310,C
17310,Python
17311,SQL
17311,R
17311,Python
17312,Python
17312,SQL
17313,Python
17314,R
17314,Python
17314,SQL
17315,Python
17315,Java
17315,C++
17315,R
17316,Java
17316,Python
17317,Python
17317,SQL
17317,R
17319,Python
17319,SQL
17319,R
17320,Java
17320,Python
17322,Python
17322,R
17323,SQL
17323,Javascript
17323,Other
17324,R
17324,Python
17324,SQL
17324,Bash
17325,Python
17325,MATLAB
17326,C
17326,Python
17326,Java
17326,Javascript
17326,C++
17328,Python
17329,C
17329,Bash
17329,Python
17330,Javascript
17330,C#
17330,Python
17332,R
17332,C#
17332,PHP
17332,C
17332,Python
17333,Python
17334,Python
17334,SQL
17336,Python
17338,Javascript
17338,C#
17338,SQL
17338,Python
17339,SQL
17339,Python
17340,Javascript
17340,Python
17340,C++
17340,Other
17341,Python
17342,C++
17342,Python
17342,SQL
17343,C++
17343,C
17343,Python
17344,C#
17344,SQL
17344,Javascript
17344,Python
17344,PHP
17345,Python
17345,MATLAB
17345,SQL
17346,Python
17346,R
17346,Javascript
17347,Python
17347,Other
17348,Other
17349,Java
17349,Python
17350,Java
17351,C
17351,Python
17351,Java
17351,C++
17351,MATLAB
17352,SQL
17352,Python
17352,C++
17353,Python
17353,R
17353,SQL
17354,Python
17354,R
17354,C++
17355,Python
17357,Python
17357,SQL
17357,R
17358,MATLAB
17359,C++
17359,Python
17363,C
17363,Python
17364,C++
17364,Python
17364,SQL
17364,Javascript
17367,Java
17368,Bash
17368,Python
17368,SQL
17368,Other
17368,Javascript
17369,C++
17369,SQL
17370,Python
17370,C#
17371,Javascript
17371,Python
17372,Python
17372,SQL
17373,Java
17373,Python
17373,C++
17374,Python
17375,Python
17375,Java
17376,Python
17376,SQL
17377,SQL
17377,Python
17377,Javascript
17378,Go
17378,Bash
17378,Python
17379,SQL
17379,Python
17380,Java
17380,SQL
17380,C++
17380,Python
17380,C
17380,C#
17381,R
17381,Python
17382,SQL
17382,Java
17382,C++
17382,Javascript
17382,R
17382,Python
17382,MATLAB
17383,Python
17385,C
17386,Python
17386,SQL
17387,Bash
17387,Python
17388,Python
17388,SQL
17389,Go
17389,Bash
17389,Python
17391,Python
17392,Java
17392,Bash
17392,Python
17393,C++
17393,Python
17394,Python
17395,SQL
17395,Python
17395,C++
17395,C
17396,Python
17397,C
17397,SQL
17397,Python
17397,C++
17398,Python
17399,SQL
17399,Python
17399,R
17400,Javascript
17400,Python
17400,SQL
17401,Python
17401,SQL
17402,Python
17403,Bash
17403,C++
17403,SQL
17403,Python
17403,MATLAB
17403,R
17404,Python
17404,SQL
17405,SQL
17405,Python
17406,R
17406,SQL
17407,Python
17408,Go
17408,Bash
17408,C
17408,C++
17408,Javascript
17408,Python
17409,SQL
17409,C++
17409,R
17409,Python
17409,C
17410,Python
17411,Python
17413,SQL
17413,Python
17414,SQL
17414,Python
17415,MATLAB
17415,Python
17417,C
17417,Python
17417,MATLAB
17417,C++
17418,Python
17419,Python
17419,SQL
17420,Python
17421,C
17421,Python
17423,Python
17423,SQL
17424,C++
17424,Python
17425,Javascript
17425,Java
17425,SQL
17425,Python
17425,C
17428,SQL
17428,Java
17428,Other
17429,Python
17429,SQL
17430,SQL
17430,Python
17431,C
17431,Python
17431,Javascript
17431,Java
17431,SQL
17432,Python
17432,SQL
17433,Python
17434,C#
17434,SQL
17434,Java
17434,MATLAB
17434,Python
17435,SQL
17435,Python
17436,R
17436,SQL
17436,Python
17437,R
17437,Python
17437,MATLAB
17438,C++
17438,Other
17438,SQL
17439,Python
17440,Python
17441,R
17441,Python
17441,SQL
17441,C
17442,Python
17442,SQL
17443,Python
17443,C
17444,MATLAB
17444,C
17444,C++
17444,Python
17445,Python
17446,R
17446,Python
17447,R
17448,R
17449,R
17449,Python
17449,SQL
17450,SQL
17450,Python
17450,Javascript
17450,C#
17450,Java
17451,Python
17454,C
17454,Bash
17454,Python
17454,Java
17455,Python
17455,R
17456,Other
17456,Python
17457,R
17457,SQL
17457,Python
17459,Other
17459,Javascript
17459,SQL
17459,Python
17460,SQL
17460,Python
17460,C
17460,C++
17460,MATLAB
17461,Python
17461,SQL
17461,Java
17461,C++
17462,R
17462,SQL
17462,Python
17463,Python
17464,R
17464,Python
17464,SQL
17465,R
17465,Python
17466,R
17466,SQL
17466,Python
17466,Bash
17467,C++
17467,SQL
17467,C
17467,Python
17468,Python
17468,R
17469,Bash
17469,C
17469,Python
17470,R
17471,SQL
17471,Python
17471,C
17472,Python
17473,Python
17473,SQL
17474,Python
17475,SQL
17475,Python
17475,C++
17475,PHP
17476,Javascript
17476,R
17476,Python
17477,SQL
17477,Python
17478,C
17478,MATLAB
17478,Python
17479,Python
17479,SQL
17480,Python
17480,Java
17480,Other
17481,SQL
17481,Python
17481,Other
17482,Java
17482,C++
17482,C
17483,Python
17483,SQL
17484,SQL
17485,R
17485,SQL
17486,SQL
17486,Python
17487,Python
17487,Bash
17489,Python
17489,SQL
17490,C#
17490,SQL
17490,Python
17490,Java
17490,Javascript
17491,C++
17491,C
17491,Python
17491,Bash
17492,Python
17493,R
17493,Python
17494,Java
17494,Python
17494,C++
17495,PHP
17495,Python
17495,SQL
17495,Javascript
17495,Bash
17496,R
17496,Python
17497,SQL
17497,C++
17497,R
17497,Python
17498,C#
17498,Python
17498,SQL
17498,Julia
17498,R
17500,Python
17501,Python
17501,SQL
17502,Javascript
17502,Python
17504,R
17504,SQL
17507,SQL
17507,R
17507,Python
17507,Javascript
17508,R
17509,Python
17510,C++
17510,C
17510,Python
17511,C
17511,Python
17511,C++
17511,R
17511,Julia
17511,Java
17513,Java
17513,Python
17515,Java
17515,Javascript
17515,SQL
17515,C++
17515,C
17516,C++
17516,Python
17517,Python
17517,C
17517,Java
17518,Java
17518,Python
17519,Python
17520,PHP
17520,C#
17520,Python
17520,Javascript
17520,C++
17520,SQL
17521,Python
17521,SQL
17522,Java
17522,Python
17522,C
17523,C#
17523,Java
17523,C
17523,PHP
17523,Python
17523,SQL
17523,C++
17523,Javascript
17524,Python
17524,Javascript
17524,C++
17524,SQL
17524,R
17525,Python
17525,C
17526,R
17526,Python
17527,Python
17527,PHP
17527,MATLAB
17527,R
17527,SQL
17527,Javascript
17528,Python
17528,PHP
17528,C++
17528,SQL
17529,R
17529,Python
17530,C++
17530,C#
17530,Python
17530,MATLAB
17530,C
17531,Python
17532,SQL
17532,C++
17532,Python
17532,Java
17532,C
17533,Python
17534,Python
17535,SQL
17535,Python
17535,R
17537,Python
17538,Python
17538,MATLAB
17538,C++
17538,C
17539,Other
17539,MATLAB
17539,Python
17541,Python
17542,R
17542,Python
17542,SQL
17543,SQL
17543,Python
17543,R
17544,SQL
17544,Other
17545,R
17545,Python
17548,Python
17548,SQL
17549,Python
17549,Bash
17549,SQL
17550,Python
17551,C
17551,Python
17551,C++
17552,SQL
17552,PHP
17552,C
17552,Other
17552,C++
17552,C#
17552,Python
17552,Javascript
17552,MATLAB
17552,Java
17553,C++
17553,SQL
17553,Go
17553,C
17553,Java
17553,Javascript
17553,Python
17553,PHP
17554,Python
17554,MATLAB
17555,Python
17558,Other
17559,Python
17560,Python
17560,C++
17562,Java
17562,Python
17563,C
17563,Java
17563,Python
17563,MATLAB
17564,Javascript
17564,SQL
17564,Python
17564,R
17565,SQL
17565,C
17565,R
17565,C++
17565,PHP
17565,Python
17565,MATLAB
17566,Python
17567,Python
17567,Java
17568,SQL
17568,Python
17568,R
17568,Javascript
17569,Python
17569,SQL
17569,C#
17569,Java
17569,C
17569,C++
17569,Javascript
17569,Bash
17570,Python
17571,R
17571,C++
17571,Java
17571,Javascript
17571,C
17571,SQL
17572,MATLAB
17572,Python
17572,Java
17572,C
17573,SQL
17573,Bash
17573,Go
17573,R
17573,Python
17574,Other
17574,SQL
17574,Python
17575,C
17575,Python
17576,Python
17577,Python
17578,Python
17578,SQL
17579,Python
17579,SQL
17580,Go
17580,C++
17580,C
17580,MATLAB
17580,Java
17580,SQL
17580,Javascript
17580,Python
17580,R
17581,R
17581,Python
17581,MATLAB
17581,SQL
17582,Python
17582,R
17583,C#
17583,Python
17584,Python
17584,Bash
17585,C
17585,Bash
17585,Python
17587,Python
17587,SQL
17587,Bash
17587,C
17588,Python
17589,Python
17590,Javascript
17590,R
17590,SQL
17590,Python
17590,C#
17591,Python
17592,SQL
17592,C++
17592,Python
17592,Java
17592,MATLAB
17592,C
17593,SQL
17593,C
17593,MATLAB
17593,Python
17594,Python
17595,Python
17596,Python
17598,MATLAB
17598,Python
17598,R
17599,SQL
17599,Javascript
17599,Python
17600,MATLAB
17600,Python
17600,C++
17601,Other
17601,SQL
17601,Bash
17601,Python
17602,SQL
17602,Python
17602,MATLAB
17603,Python
17603,C++
17604,Bash
17604,Python
17605,Bash
17605,R
17606,Julia
17606,Python
17606,Java
17606,R
17606,SQL
17607,Python
17608,Bash
17608,Python
17608,SQL
17609,MATLAB
17609,Python
17611,Python
17611,Java
17611,C
17611,SQL
17612,Other
17612,Python
17613,Python
17614,Javascript
17614,Python
17615,Python
17615,Go
17615,C++
17615,Bash
17615,C
17616,C#
17616,Python
17616,SQL
17617,SQL
17617,Python
17617,Bash
17618,C
17618,Python
17619,SQL
17619,Python
17619,R
17620,Java
17620,MATLAB
17620,C
17620,C++
17620,Javascript
17621,SQL
17621,Python
17621,C
17622,Python
17623,Python
17623,SQL
17625,Python
17626,Python
17626,Java
17626,C++
17626,R
17627,Python
17627,C++
17628,PHP
17628,Java
17628,Python
17628,Javascript
17628,C
17628,SQL
17628,C++
17629,C++
17629,C#
17629,PHP
17629,Java
17629,Python
17629,Javascript
17629,R
17629,SQL
17630,Python
17631,Python
17631,Bash
17631,MATLAB
17631,SQL
17631,R
17632,PHP
17632,C++
17632,SQL
17632,C
17632,Python
17632,Javascript
17633,SQL
17633,R
17633,Python
17634,SQL
17635,SQL
17635,Python
17636,MATLAB
17636,Javascript
17636,Python
17636,C
17636,PHP
17636,C++
17636,Bash
17636,R
17636,SQL
17637,Javascript
17637,Python
17637,C#
17638,SQL
17639,C
17639,R
17639,C++
17639,Python
17639,SQL
17640,SQL
17640,Python
17640,Bash
17640,C++
17640,Java
17641,SQL
17641,Bash
17641,Python
17642,Python
17642,R
17643,Javascript
17643,Bash
17643,Java
17643,Python
17643,SQL
17644,Python
17645,Python
17645,Other
17645,Bash
17646,Python
17646,Java
17646,SQL
17646,C++
17646,C
17646,MATLAB
17647,Python
17647,SQL
17647,R
17648,Python
17649,R
17649,SQL
17649,Python
17650,Bash
17650,Python
17650,R
17651,Java
17651,SQL
17652,C
17652,Python
17653,MATLAB
17653,Python
17653,SQL
17653,C++
17653,R
17654,Javascript
17654,SQL
17654,C++
17654,Other
17655,MATLAB
17655,SQL
17655,Python
17656,C#
17656,C++
17656,C
17656,Java
17656,SQL
17657,R
17657,Python
17657,SQL
17658,Python
17658,C++
17658,Java
17658,MATLAB
17659,Bash
17659,Java
17659,Python
17659,SQL
17659,Other
17660,Python
17660,C
17660,MATLAB
17661,C
17661,Bash
17661,MATLAB
17661,Python
17661,Java
17662,R
17662,Python
17662,SQL
17663,SQL
17663,Bash
17663,Python
17664,Python
17665,Python
17665,C++
17666,Python
17667,SQL
17667,Python
17667,PHP
17668,Bash
17668,Other
17668,Python
17668,SQL
17669,Python
17670,C
17670,Python
17671,Python
17671,R
17672,Python
17673,C#
17673,Python
17673,R
17674,Javascript
17674,Python
17676,Python
17676,Java
17676,C
17677,SQL
17677,Python
17679,Python
17679,SQL
17679,Javascript
17679,C
17679,C++
17681,Python
17681,SQL
17682,Python
17682,R
17683,SQL
17683,Python
17684,SQL
17684,Python
17685,SQL
17685,Python
17685,C
17685,Java
17686,Python
17686,C
17686,C++
17686,SQL
17687,Javascript
17687,SQL
17687,Python
17689,Python
17689,Javascript
17689,C
17689,C++
17690,SQL
17690,Python
17690,PHP
17691,Python
17692,Python
17692,Javascript
17692,Java
17692,Other
17692,SQL
17693,Python
17695,R
17697,SQL
17698,SQL
17698,Python
17698,R
17699,Python
17700,Python
17700,SQL
17702,Python
17702,Java
17703,SQL
17703,Python
17703,R
17703,Bash
17704,Python
17705,Python
17706,Python
17706,SQL
17706,R
17707,Other
17707,Python
17708,Javascript
17708,Python
17709,PHP
17709,Python
17709,Java
17709,SQL
17710,Java
17711,SQL
17711,Python
17712,Python
17712,C++
17712,Java
17712,SQL
17712,MATLAB
17713,SQL
17713,Javascript
17713,Python
17713,C#
17714,R
17715,SQL
17715,C#
17715,R
17715,Python
17716,Python
17717,Python
17717,SQL
17717,Javascript
17717,R
17717,Java
17717,Bash
17719,Python
17719,SQL
17720,Python
17720,PHP
17720,Javascript
17720,C#
17720,SQL
17720,C++
17721,SQL
17721,MATLAB
17722,Other
17722,Javascript
17722,SQL
17722,Java
17722,Python
17723,Python
17723,R
17723,SQL
17724,Javascript
17724,SQL
17724,Python
17724,Java
17724,C++
17724,C#
17725,C++
17725,Python
17725,C#
17725,Javascript
17726,SQL
17726,Python
17726,C
17726,MATLAB
17727,Python
17727,SQL
17728,R
17728,Python
17729,R
17729,SQL
17729,Python
17729,Javascript
17730,C#
17730,Python
17731,C++
17731,SQL
17731,Python
17732,R
17732,SQL
17732,Python
17733,C++
17733,Javascript
17733,Python
17734,R
17734,Python
17734,Java
17734,Go
17735,Bash
17735,C++
17735,Python
17735,C
17736,SQL
17736,Python
17737,C
17737,Python
17738,Python
17738,MATLAB
17738,Julia
17739,Python
17740,Python
17741,Python
17742,SQL
17742,Python
17743,Python
17744,Javascript
17744,Java
17744,Python
17744,SQL
17745,C++
17745,SQL
17745,Python
17745,C
17746,Python
17746,Java
17746,C
17746,MATLAB
17746,Javascript
17747,Python
17749,R
17750,R
17750,Python
17751,C++
17751,Python
17752,Python
17753,Python
17753,Bash
17754,C
17754,R
17754,Java
17754,Python
17754,SQL
17755,Java
17755,Python
17755,C
17755,MATLAB
17756,Python
17756,R
17757,Python
17757,SQL
17757,Java
17758,R
17760,R
17762,SQL
17762,Python
17763,Python
17764,Python
17765,Python
17765,SQL
17766,Bash
17766,SQL
17766,Python
17767,Bash
17767,C++
17767,MATLAB
17767,Java
17767,R
17767,SQL
17767,PHP
17767,C
17767,Python
17768,Python
17770,R
17772,C
17772,C++
17772,Python
17772,Javascript
17772,R
17773,R
17773,Python
17774,R
17774,Python
17774,SQL
17775,Python
17775,MATLAB
17776,Python
17776,R
17777,SQL
17777,Python
17777,Javascript
17777,PHP
17777,R
17779,C
17779,Python
17779,Java
17781,C
17781,Javascript
17781,Python
17781,Go
17781,Java
17781,SQL
17782,Java
17782,SQL
17782,C#
17782,Javascript
17782,R
17782,Python
17782,Other
17783,C
17783,Java
17783,C#
17783,Python
17783,SQL
17783,C++
17784,Python
17784,C#
17784,C++
17786,Python
17787,Java
17787,SQL
17787,C
17787,Python
17787,Javascript
17788,SQL
17788,Python
17790,Python
17790,C#
17792,Python
17792,SQL
17793,Bash
17793,Python
17793,R
17794,PHP
17794,Javascript
17794,R
17794,SQL
17794,Java
17794,MATLAB
17794,Python
17795,C#
17795,C
17795,SQL
17795,MATLAB
17795,Python
17796,C
17796,Python
17797,Python
17797,R
17797,SQL
17799,Bash
17799,Python
17799,SQL
17799,Java
17800,R
17800,SQL
17802,Python
17805,Python
17805,SQL
17805,C#
17806,Python
17807,SQL
17807,C
17807,PHP
17807,Python
17807,R
17808,Python
17808,Javascript
17808,Java
17809,MATLAB
17809,Python
17810,Python
17810,R
17810,Other
17810,SQL
17812,SQL
17812,Python
17812,R
17812,Javascript
17814,Python
17815,SQL
17815,R
17815,Python
17816,Python
17816,MATLAB
17818,Python
17818,C++
17819,MATLAB
17819,Python
17822,Python
17823,C++
17823,Python
17825,Python
17825,C++
17826,Other
17826,Python
17826,Bash
17826,MATLAB
17827,Python
17827,C
17828,Java
17828,C
17828,SQL
17828,Python
17828,C++
17829,Python
17830,C++
17830,Python
17830,C
17831,PHP
17831,C
17831,Javascript
17831,Java
17831,Python
17831,SQL
17832,R
17833,Python
17834,Julia
17834,SQL
17834,R
17834,Python
17834,Javascript
17834,C++
17835,Python
17835,SQL
17836,C
17836,MATLAB
17836,R
17836,SQL
17836,Python
17837,C++
17837,Python
17837,SQL
17838,C++
17838,Python
17840,SQL
17840,C++
17840,Python
17840,C
17841,Python
17841,SQL
17842,Python
17842,SQL
17843,Julia
17844,Bash
17844,Julia
17844,Javascript
17844,SQL
17845,SQL
17845,Python
17845,MATLAB
17846,SQL
17846,Python
17846,R
17847,C
17847,Python
17848,SQL
17848,Python
17849,Javascript
17850,SQL
17850,Python
17850,Other
17851,SQL
17851,Python
17852,Python
17853,Java
17853,C++
17854,Python
17854,C
17854,C++
17854,R
17854,SQL
17854,MATLAB
17854,PHP
17854,Java
17855,Python
17856,Python
17857,SQL
17857,R
17857,PHP
17858,Python
17859,Python
17860,SQL
17860,MATLAB
17860,Julia
17860,C++
17860,C
17860,C#
17860,Python
17860,Java
17860,Go
17860,PHP
17860,R
17860,Javascript
17860,Bash
17861,Other
17861,Python
17862,SQL
17862,Python
17862,PHP
17864,Python
17864,SQL
17865,Other
17866,Python
17868,SQL
17868,Python
17869,Python
17870,R
17870,Python
17870,SQL
17871,C++
17871,Python
17872,SQL
17872,Bash
17872,Javascript
17872,PHP
17872,C#
17872,Java
17872,C++
17872,Python
17873,SQL
17873,Javascript
17873,PHP
17873,Python
17874,Python
17874,R
17874,SQL
17875,SQL
17875,MATLAB
17875,Python
17877,Java
17877,Python
17877,SQL
17877,C++
17878,Python
17880,Python
17881,C++
17881,MATLAB
17881,Python
17882,Java
17883,Python
17883,SQL
17885,Python
17885,R
17885,SQL
17886,Python
17886,SQL
17886,Javascript
17887,Other
17887,C#
17887,Javascript
17887,Python
17888,Python
17889,C
17889,C++
17889,C#
17889,SQL
17889,Python
17890,Java
17890,R
17891,C++
17891,C
17891,MATLAB
17891,Java
17891,Python
17892,R
17892,Python
17892,SQL
17893,SQL
17893,Python
17894,C++
17894,C
17894,Python
17895,SQL
17895,Go
17895,R
17895,Python
17896,Python
17897,Python
17897,SQL
17898,Javascript
17898,C
17898,C++
17898,SQL
17898,Python
17898,Java
17900,Python
17900,SQL
17900,MATLAB
17901,Python
17902,Python
17902,SQL
17903,C++
17904,Python
17904,Javascript
17905,SQL
17905,R
17905,C
17905,Java
17905,Python
17905,Bash
17906,MATLAB
17906,Javascript
17906,C++
17906,C
17906,Python
17906,SQL
17906,Java
17906,R
17906,PHP
17908,Python
17909,C#
17909,Javascript
17909,SQL
17909,Python
17910,SQL
17910,Javascript
17910,C++
17910,Python
17911,C
17911,Python
17912,Python
17913,C
17913,Python
17914,MATLAB
17914,Python
17915,Python
17915,Javascript
17915,C
17915,Java
17915,SQL
17915,C++
17916,Python
17916,SQL
17917,Python
17918,C
17918,C++
17918,Python
17919,C++
17919,MATLAB
17919,C
17919,Python
17920,Other
17920,SQL
17921,Python
17921,C
17921,Java
17921,Javascript
17921,C++
17921,Go
17921,SQL
17922,Java
17922,Python
17923,R
17924,C++
17924,Python
17924,SQL
17924,Javascript
17924,PHP
17925,Java
17925,C
17925,Python
17925,SQL
17925,C++
17927,Java
17929,SQL
17929,Bash
17929,Python
17930,Python
17930,PHP
17930,MATLAB
17930,Javascript
17930,Java
17931,Javascript
17931,C#
17931,SQL
17931,Python
17932,Julia
17932,Python
17932,MATLAB
17932,R
17933,Python
17933,C++
17933,C
17933,Julia
17933,Java
17933,Go
17933,Bash
17934,Other
17935,Python
17935,C
17937,Javascript
17937,Python
17938,Python
17938,MATLAB
17938,C++
17939,Python
17940,Python
17941,R
17941,SQL
17942,Python
17943,Java
17943,MATLAB
17943,C++
17943,C#
17944,C#
17944,Python
17944,Javascript
17944,Java
17945,Python
17945,SQL
17945,Javascript
17945,C++
17945,MATLAB
17945,Java
17947,Python
17947,R
17948,SQL
17948,Python
17949,Python
17950,Python
17951,Python
17952,Javascript
17952,C#
17952,Python
17952,C++
17953,Python
17953,SQL
17954,Python
17955,C++
17955,MATLAB
17955,Python
17955,Javascript
17957,SQL
17957,Python
17958,SQL
17958,Python
17959,Python
17959,SQL
17959,R
17960,SQL
17960,Python
17960,Bash
17961,Python
17961,SQL
17962,C#
17962,Javascript
17962,Java
17962,C
17962,SQL
17962,R
17962,Python
17962,C++
17962,Bash
17963,SQL
17963,Python
17965,C
17965,C++
17965,Python
17966,C++
17966,Python
17966,SQL
17967,Python
17968,Python
17968,C++
17968,C#
17968,C
17968,SQL
17969,MATLAB
17969,PHP
17969,Python
17970,Python
17970,R
17970,SQL
17971,Python
17971,C++
17972,SQL
17972,Python
17973,Python
17973,SQL
17975,Python
17975,SQL
17976,SQL
17976,Python
17976,PHP
17977,SQL
17977,Python
17978,SQL
17978,Python
17979,Python
17979,PHP
17979,Javascript
17980,SQL
17980,Python
17981,PHP
17981,Java
17981,Python
17982,Python
17982,Javascript
17983,Java
17984,Python
17984,MATLAB
17985,Python
17985,Other
17985,Javascript
17985,Bash
17985,SQL
17986,Python
17986,R
17986,C++
17986,MATLAB
17987,C++
17988,SQL
17988,Python
17989,Python
17990,Python
17990,SQL
17990,Java
17991,MATLAB
17991,C++
17991,Python
17992,C++
17992,Python
17993,SQL
17993,MATLAB
17993,Python
17994,C#
17994,Python
17995,MATLAB
17996,C++
17996,Python
17997,MATLAB
17997,Python
17997,SQL
17997,C++
17998,R
17998,PHP
17998,Python
17999,Other
18000,Python
18000,SQL
18001,Python
18001,Java
18002,Python
18003,SQL
18005,Python
18005,SQL
18006,Bash
18006,C
18006,R
18006,MATLAB
18006,SQL
18006,C++
18006,Python
18006,PHP
18007,C
18007,Julia
18007,Java
18007,R
18007,SQL
18007,Python
18007,C++
18008,Python
18008,Bash
18010,SQL
18010,Python
18012,C++
18012,Java
18012,MATLAB
18012,C
18012,Python
18013,Python
18014,Python
18015,SQL
18015,C#
18015,Java
18015,Javascript
18015,R
18015,Python
18016,Bash
18016,Java
18016,Javascript
18016,Python
18016,SQL
18018,C++
18018,Python
18019,SQL
18019,Python
18019,R
18019,C++
18019,Julia
18020,R
18020,Python
18020,SQL
18021,Python
18024,Java
18024,Python
18024,C
18026,SQL
18026,Javascript
18026,C
18026,Java
18026,C++
18026,PHP
18026,Python
18027,R
18027,Python
18027,Javascript
18027,SQL
18028,Python
18028,SQL
18029,C#
18029,Python
18030,SQL
18030,R
18030,Python
18030,Julia
18031,MATLAB
18031,Python
18032,Python
18032,C
18032,Java
18033,Python
18033,C
18033,Java
18033,R
18033,MATLAB
18034,SQL
18034,C++
18034,Python
18035,Python
18035,PHP
18035,Javascript
18035,SQL
18035,Other
18036,MATLAB
18036,Python
18036,R
18036,SQL
18037,Python
18038,SQL
18038,Python
18038,C++
18039,PHP
18039,Python
18039,SQL
18040,C++
18040,Java
18040,Python
18041,SQL
18041,Python
18042,Python
18042,SQL
18043,SQL
18043,Python
18043,C
18043,R
18043,Java
18044,C++
18044,Other
18044,Python
18044,SQL
18045,Python
18045,SQL
18045,PHP
18045,C++
18045,Java
18046,Python
18046,SQL
18047,Java
18047,Python
18049,Java
18049,C#
18049,C++
18049,Javascript
18049,Python
18050,PHP
18050,C
18050,R
18050,Java
18050,C++
18050,SQL
18050,C#
18050,Python
18052,MATLAB
18052,Python
18053,SQL
18053,Python
18055,Python
18055,C++
18056,Python
18057,R
18057,Python
18058,Python
18058,SQL
18059,Python
18059,Bash
18059,SQL
18060,Python
18061,Python
18062,Python
18063,Python
18063,SQL
18064,R
18064,SQL
18064,Python
18065,SQL
18065,Python
18066,Python
18066,SQL
18067,Java
18067,Javascript
18067,SQL
18068,MATLAB
18068,Python
18069,Python
18071,SQL
18072,PHP
18072,Java
18072,C++
18072,SQL
18072,Javascript
18072,Python
18072,Bash
18073,C++
18073,Python
18073,MATLAB
18074,Python
18074,SQL
18075,Python
18076,Python
18078,C++
18078,Python
18079,Python
18080,Javascript
18080,Python
18083,Python
18083,MATLAB
18084,SQL
18084,Java
18084,Python
18085,SQL
18085,PHP
18085,C#
18085,C++
18085,C
18085,Python
18085,MATLAB
18085,Javascript
18085,R
18086,Python
18087,Python
18088,R
18088,SQL
18088,Python
18091,Python
18091,Java
18092,Python
18093,SQL
18093,Python
18094,Python
18094,C#
18095,SQL
18095,Python
18095,Javascript
18095,C
18095,C++
18095,Java
18096,SQL
18096,Javascript
18096,C#
18096,Python
18097,SQL
18097,Python
18098,Java
18098,C
18098,Python
18099,Python
18099,C++
18100,SQL
18100,MATLAB
18100,Python
18101,Python
18101,Java
18101,SQL
18101,PHP
18102,C++
18102,C
18103,Python
18104,Other
18104,PHP
18104,SQL
18104,Javascript
18104,C
18104,C++
18105,SQL
18105,C++
18105,C#
18105,Python
18106,SQL
18106,Python
18107,R
18107,SQL
18108,MATLAB
18108,R
18109,Javascript
18111,Javascript
18111,Python
18112,Python
18112,SQL
18113,SQL
18114,Python
18114,C
18115,Java
18115,R
18115,SQL
18116,Java
18116,C++
18117,SQL
18117,R
18117,Python
18117,C++
18118,Java
18118,Python
18119,Python
18121,Python
18121,R
18122,C
18122,Other
18122,Python
18122,SQL
18122,Java
18122,C++
18123,R
18123,C#
18123,Python
18123,Javascript
18123,SQL
18124,Bash
18124,Python
18124,Java
18125,Python
18126,SQL
18126,Python
18126,Javascript
18126,C#
18126,MATLAB
18128,C
18128,PHP
18128,Javascript
18128,SQL
18128,C#
18128,Python
18128,C++
18130,Python
18130,Java
18131,Python
18131,C++
18132,R
18132,Python
18132,SQL
18133,Python
18133,SQL
18134,Python
18134,Java
18134,SQL
18134,C#
18135,Python
18136,R
18136,Python
18136,C++
18137,Python
18139,C++
18139,Python
18140,Python
18142,Python
18143,Python
18144,Python
18145,SQL
18145,Python
18146,Python
18146,Java
18148,C#
18148,Python
18148,C
18148,C++
18148,SQL
18148,Javascript
18149,C
18149,C++
18149,Python
18150,Javascript
18150,SQL
18150,R
18151,Other
18151,SQL
18151,C
18153,Python
18154,R
18154,Javascript
18155,Python
18156,MATLAB
18156,C
18156,Python
18157,C++
18157,Python
18158,SQL
18158,Python
18159,Python
18159,R
18160,PHP
18160,SQL
18160,Python
18160,C++
18160,Go
18161,Python
18161,SQL
18163,Java
18163,MATLAB
18163,Python
18163,C++
18164,C++
18164,Python
18165,MATLAB
18165,SQL
18166,Python
18167,Java
18167,Other
18168,Python
18168,SQL
18170,Python
18170,Bash
18170,SQL
18171,Python
18171,SQL
18173,SQL
18173,Python
18174,Python
18174,SQL
18175,SQL
18175,Python
18175,Javascript
18176,SQL
18176,Python
18176,C#
18179,Python
18179,Other
18180,Python
18180,C++
18180,Javascript
18180,MATLAB
18180,C
18181,SQL
18181,Python
18181,R
18182,Bash
18182,SQL
18182,Python
18184,Java
18184,R
18184,Python
18184,C
18184,C++
18185,Javascript
18185,SQL
18185,Python
18186,Java
18186,SQL
18187,Python
18188,SQL
18188,Other
18188,R
18190,Python
18191,Python
18191,C++
18192,Python
18192,SQL
18193,SQL
18193,Python
18194,Python
18194,SQL
18194,Java
18195,Python
18195,Bash
18195,SQL
18195,R
18195,Other
18195,C
18196,R
18197,Python
18197,C
18198,Python
18198,SQL
18199,Python
18199,C
18200,SQL
18200,Other
18201,MATLAB
18201,C++
18201,R
18201,SQL
18201,Python
18202,Java
18202,Javascript
18202,Python
18205,Python
18205,R
18206,MATLAB
18206,SQL
18206,R
18206,C
18206,Javascript
18206,Julia
18206,Python
18207,MATLAB
18207,Python
18207,C++
18208,Python
18209,Java
18209,SQL
18209,Python
18210,Python
18210,SQL
18211,Python
18212,C
18212,Python
18213,Python
18213,SQL
18214,SQL
18214,Python
18215,R
18216,C++
18217,Python
18217,R
18218,Python
18219,Python
18219,R
18219,SQL
18219,Javascript
18220,C
18220,Python
18220,R
18221,Python
18221,Other
18222,R
18222,Javascript
18222,SQL
18222,Java
18222,PHP
18222,Python
18222,C
18222,C++
18223,C
18223,C++
18223,MATLAB
18223,C#
18223,Python
18225,PHP
18225,C#
18225,Javascript
18225,Java
18225,C++
18225,Python
18225,SQL
18227,C#
18227,Python
18229,Java
18229,Python
18230,Python
18230,C
18230,SQL
18230,Java
18231,SQL
18231,Python
18231,Other
18231,R
18232,SQL
18233,R
18233,Javascript
18233,SQL
18233,Python
18233,Julia
18233,PHP
18234,Python
18234,SQL
18236,Javascript
18236,MATLAB
18236,R
18236,Python
18237,Python
18237,R
18238,Javascript
18238,Python
18241,Java
18241,Javascript
18241,C++
18241,PHP
18241,C
18241,SQL
18241,Python
18242,SQL
18243,Python
18243,Bash
18243,C
18243,Java
18243,R
18243,PHP
18243,SQL
18244,Javascript
18244,Python
18244,SQL
18244,R
18245,Python
18245,SQL
18245,C
18246,Python
18247,Java
18247,C++
18247,Python
18248,Python
18248,C++
18248,SQL
18248,C
18249,Julia
18249,R
18249,SQL
18249,Python
18250,Python
18250,C++
18250,Other
18251,SQL
18251,Python
18251,R
18252,Other
18252,C#
18252,Javascript
18252,Python
18252,MATLAB
18252,C++
18252,C
18252,Java
18252,PHP
18252,SQL
18254,Javascript
18254,SQL
18254,Java
18254,Python
18255,R
18256,SQL
18256,Python
18257,MATLAB
18257,C++
18257,C
18257,Bash
18257,SQL
18257,Other
18257,R
18257,Python
18259,PHP
18259,Java
18259,SQL
18259,Python
18259,Javascript
18260,Python
18260,C++
18261,C++
18261,Python
18261,C
18262,MATLAB
18262,C
18263,Python
18263,MATLAB
18265,Python
18265,SQL
18266,C++
18266,R
18266,SQL
18266,Python
18267,Python
18267,Other
18269,Javascript
18269,SQL
18269,R
18269,Java
18269,C
18269,Python
18270,R
18270,Python
18270,Java
18270,SQL
18271,Python
18272,Python
18272,Julia
18273,PHP
18273,SQL
18273,Python
18273,Other
18274,C++
18274,Python
18275,C
18276,PHP
18276,Javascript
18276,C++
18276,Python
18277,Python
18277,C++
18278,Python
18278,SQL
18278,C++
18279,C
18279,C++
18279,Python
18281,Python
18281,SQL
18282,Python
18285,Python
18286,Bash
18286,Python
18286,SQL
18287,MATLAB
18287,Javascript
18287,R
18287,Python
18287,SQL
18288,SQL
18288,Python
18289,Python
18290,Python
18290,R
18291,Go
18291,Python
18292,Python
18292,C++
18293,SQL
18293,Python
18293,C
18293,C++
18293,Bash
18294,MATLAB
18294,Javascript
18294,SQL
18294,PHP
18294,Python
18294,Java
18295,Python
18296,Other
18296,Python
18296,SQL
18296,Javascript
18297,Python
18298,SQL
18298,R
18298,Python
18299,Python
18299,Bash
18300,Python
18300,SQL
18301,C++
18302,Python
18302,R
18303,Python
18303,C++
18303,C
18303,Java
18304,Python
18305,Python
18306,Java
18306,Python
18307,C++
18307,Python
18308,R
18308,C
18308,Python
18308,SQL
18310,Javascript
18310,Python
18311,C
18311,Other
18311,Julia
18311,C++
18312,Javascript
18312,PHP
18312,Python
18313,Python
18316,SQL
18316,R
18317,Java
18317,Python
18317,SQL
18318,Python
18318,C++
18319,Javascript
18319,SQL
18319,PHP
18319,C
18319,Python
18321,Python
18322,SQL
18322,Python
18323,Python
18323,R
18324,Python
18325,Python
18326,R
18326,Python
18327,C
18327,Java
18327,Python
18327,R
18327,SQL
18327,MATLAB
18328,SQL
18328,Bash
18328,C++
18328,Python
18328,Other
18329,C++
18329,C
18329,Python
18329,Java
18330,Python
18332,Python
18332,SQL
18332,R
18333,Javascript
18333,Java
18333,PHP
18333,SQL
18333,C++
18334,Python
18335,C++
18335,Javascript
18336,SQL
18336,Python
18337,SQL
18337,Python
18337,R
18338,Python
18339,C
18339,Python
18340,Python
18340,SQL
18342,C++
18342,C#
18342,Python
18342,Javascript
18342,SQL
18342,C
18343,Python
18343,R
18345,Python
18345,R
18346,SQL
18346,Python
18347,Python
18347,R
18347,C
18350,Python
18351,Python
18353,Go
18353,C
18353,Python
18355,Python
18356,Java
18357,Python
18357,C++
18357,SQL
18358,Python
18359,MATLAB
18359,SQL
18359,Python
18359,C
18359,C++
18360,C#
18362,Python
18363,SQL
18363,Python
18364,MATLAB
18364,C
18364,Java
18364,SQL
18364,Python
18364,C++
18364,Other
18364,R
18365,Python
18365,SQL
18365,MATLAB
18365,R
18366,C++
18366,Javascript
18366,Python
18366,R
18368,MATLAB
18368,Python
18369,SQL
18369,Python
18370,Java
18370,Python
18371,Python
18371,SQL
18372,PHP
18372,C++
18372,C#
18372,Javascript
18372,SQL
18372,C
18372,Python
18373,Python
18373,C
18374,Javascript
18374,SQL
18374,Python
18375,Python
18376,SQL
18376,Python
18376,R
18377,Python
18377,C++
18377,SQL
18379,Python
18380,Python
18380,MATLAB
18381,R
18381,Python
18383,Python
18384,Python
18384,SQL
18385,Python
18385,Java
18386,MATLAB
18386,Python
18386,C
18387,SQL
18387,Bash
18387,Java
18387,Python
18388,Python
18389,SQL
18390,SQL
18390,Python
18391,MATLAB
18391,Python
18391,R
18391,C++
18391,SQL
18392,Python
18393,Python
18394,Python
18394,MATLAB
18395,Python
18396,Python
18396,C++
18396,MATLAB
18396,SQL
18396,Java
18397,Python
18398,Python
18398,SQL
18400,R
18400,Python
18400,PHP
18400,C
18400,Java
18401,SQL
18401,Python
18401,R
18401,C++
18402,Python
18403,SQL
18403,Python
18405,Python
18406,C++
18406,Python
18408,Python
18409,Java
18409,Other
18409,SQL
18409,Python
18409,R
18410,SQL
18411,Python
18411,C
18413,Javascript
18413,SQL
18413,Python
18414,R
18414,Bash
18414,Python
18414,SQL
18415,Python
18417,C++
18418,Python
18419,SQL
18420,Julia
18420,C++
18420,Python
18420,C
18421,SQL
18421,Python
18422,Python
18422,C++
18422,Javascript
18422,SQL
18423,Python
18424,C++
18424,C
18424,Python
18424,SQL
18425,Python
18425,PHP
18425,Java
18428,PHP
18428,SQL
18428,Javascript
18428,Python
18429,C
18429,C#
18429,Java
18429,Python
18429,SQL
18429,Javascript
18430,C++
18430,MATLAB
18430,Python
18430,SQL
18430,PHP
18430,C
18430,Java
18430,R
18432,SQL
18434,Python
18435,Python
18436,SQL
18436,C++
18436,C
18436,Python
18437,SQL
18437,Python
18438,Python
18438,C++
18439,MATLAB
18439,Python
18440,SQL
18440,Python
18440,R
18441,C++
18441,MATLAB
18441,C
18441,Python
18442,Python
18442,SQL
18443,Python
18443,C++
18443,Javascript
18443,C
18445,Python
18445,SQL
18446,SQL
18446,Python
18446,Other
18446,Javascript
18446,C
18446,C#
18447,SQL
18447,PHP
18447,Python
18448,MATLAB
18448,Java
18448,SQL
18448,Python
18448,C++
18448,Other
18449,PHP
18449,SQL
18449,C
18449,Python
18450,Python
18450,MATLAB
18450,Other
18450,SQL
18451,Python
18451,SQL
18452,SQL
18452,Python
18453,Python
18453,C++
18454,Python
18454,R
18455,SQL
18455,Python
18455,MATLAB
18456,Python
18456,R
18456,SQL
18458,Python
18458,SQL
18458,R
18459,R
18459,MATLAB
18459,Python
18460,Python
18460,Other
18461,C++
18461,Python
18461,Javascript
18462,Python
18462,MATLAB
18463,Python
18464,SQL
18464,Python
18466,Python
18466,SQL
18467,R
18467,Javascript
18467,SQL
18467,Python
18469,Python
18470,Python
18470,Bash
18470,MATLAB
18470,C++
18471,R
18471,SQL
18471,Bash
18471,Python
18472,Python
18473,SQL
18473,Javascript
18473,PHP
18473,Java
18474,PHP
18474,Java
18475,Java
18475,Python
18475,C
18475,R
18475,SQL
18476,C++
18476,Java
18477,Python
18478,Python
18479,Javascript
18479,SQL
18479,Python
18479,Other
18480,Python
18480,C
18480,C++
18480,SQL
18480,Javascript
18481,Python
18481,SQL
18482,PHP
18482,C++
18482,C
18483,Python
18484,Python
18484,C++
18484,Bash
18486,Python
18486,SQL
18486,C++
18487,Python
18487,C++
18487,C#
18488,SQL
18488,Python
18490,Python
18490,SQL
18490,Javascript
18491,Javascript
18491,Java
18491,Python
18492,Python
18492,R
18493,Python
18493,SQL
18494,Other
18494,R
18494,Python
18496,Python
18496,SQL
18496,Javascript
18497,Python
18497,Java
18497,C++
18497,C
18497,Javascript
18499,C++
18499,R
18499,SQL
18499,Python
18500,C#
18500,Python
18500,R
18502,Python
18502,C
18503,SQL
18503,Python
18504,Python
18504,Java
18505,C#
18505,SQL
18505,Go
18506,PHP
18506,SQL
18506,Python
18509,R
18509,SQL
18509,Python
18511,SQL
18511,Python
18512,Python
18512,SQL
18512,R
18513,R
18513,SQL
18514,Python
18516,Python
18517,Java
18517,Python
18517,Javascript
18518,MATLAB
18518,Python
18519,R
18519,Other
18519,SQL
18520,Python
18520,R
18522,Python
18523,Python
18525,Python
18526,SQL
18526,Python
18527,Javascript
18527,Python
18527,C++
18527,C#
18527,C
18527,Java
18527,MATLAB
18528,C
18528,Java
18528,Python
18528,C++
18528,SQL
18529,Python
18529,SQL
18530,C++
18530,Python
18531,Python
18531,Javascript
18532,Python
18532,SQL
18533,SQL
18533,Python
18534,C
18534,Julia
18534,Python
18535,C#
18535,C
18535,SQL
18535,Python
18535,Java
18535,C++
18536,Python
18536,SQL
18536,Javascript
18537,Python
18538,SQL
18538,Python
18539,SQL
18539,Java
18539,Python
18540,Python
18540,C
18541,Python
18541,C#
18541,Javascript
18541,SQL
18543,Bash
18543,Python
18544,R
18544,SQL
18544,Python
18545,Python
18545,SQL
18546,C
18546,Python
18546,SQL
18547,Python
18547,R
18547,C++
18547,MATLAB
18548,Bash
18548,Python
18548,Javascript
18548,R
18548,SQL
18550,Javascript
18550,Python
18550,C#
18550,SQL
18550,R
18551,Python
18552,C#
18552,Python
18552,Java
18552,Javascript
18552,R
18553,Python
18553,SQL
18554,Python
18555,R
18555,C
18555,Python
18555,C++
18555,PHP
18555,SQL
18556,SQL
18556,MATLAB
18556,Python
18557,Python
18557,SQL
18558,Python
18558,SQL
18559,SQL
18559,Python
18560,PHP
18560,Java
18560,Javascript
18560,SQL
18560,MATLAB
18560,Python
18560,C
18561,Other
18561,Python
18561,Bash
18561,SQL
18562,Python
18563,Python
18563,Bash
18563,SQL
18564,Python
18565,Python
18565,C++
18567,Python
18569,C++
18569,Python
18570,C#
18570,SQL
18570,Python
18571,Python
18571,SQL
18573,SQL
18573,Python
18574,Python
18575,Python
18575,SQL
18577,Other
18577,Python
18577,SQL
18577,Java
18578,Python
18579,Python
18580,Python
18580,C++
18581,SQL
18581,Python
18581,R
18582,C++
18582,Python
18583,Python
18583,Julia
18584,Python
18584,MATLAB
18584,SQL
18585,MATLAB
18585,Python
18587,Python
18588,SQL
18590,SQL
18590,Python
18590,C
18590,Java
18590,C++
18591,Java
18591,C++
18591,Python
18591,Javascript
18591,C
18592,SQL
18592,R
18592,Python
18593,C
18593,Python
18593,MATLAB
18593,C++
18594,C
18594,SQL
18594,Python
18595,Python
18596,Python
18597,Python
18597,SQL
18598,Python
18599,Python
18599,C
18600,Python
18600,R
18601,Java
18601,Python
18602,Python
18603,SQL
18603,Python
18603,Java
18604,Other
18604,Julia
18604,Python
18604,R
18606,Python
18606,SQL
18607,Python
18607,MATLAB
18607,Other
18607,Javascript
18608,Python
18608,SQL
18608,MATLAB
18609,R
18609,SQL
18609,Javascript
18609,Python
18613,Javascript
18613,Python
18613,Java
18613,C++
18613,C#
18614,Python
18614,Java
18614,SQL
18615,R
18615,Python
18616,SQL
18616,C#
18616,Javascript
18617,R
18617,Python
18617,SQL
18617,MATLAB
18618,C
18618,SQL
18618,Other
18621,C
18622,C++
18623,R
18623,C
18623,Python
18623,C++
18623,Bash
18623,Java
18624,C++
18625,Python
18626,Python
18627,Other
18628,Python
18630,SQL
18630,Other
18630,R
18630,Python
18631,Java
18631,Python
18631,SQL
18632,Python
18632,R
18633,C#
18633,C++
18633,Python
18633,Java
18634,Java
18634,Python
18634,PHP
18634,SQL
18635,C++
18635,Python
18636,MATLAB
18636,R
18636,Python
18637,Python
18637,Java
18638,Python
18638,C++
18639,Bash
18639,Python
18639,C++
18640,SQL
18640,Python
18640,R
18641,Python
18641,Java
18641,SQL
18642,SQL
18642,Python
18643,R
18643,SQL
18644,MATLAB
18644,Python
18644,C
18644,R
18644,Julia
18644,SQL
18645,R
18645,Other
18647,Python
18647,C
18647,C++
18647,Java
18647,SQL
18647,Javascript
18648,C
18648,Python
18648,Java
18649,Java
18650,Python
18650,SQL
18650,MATLAB
18651,Python
18651,Bash
18653,C
18653,Python
18653,SQL
18655,C++
18655,PHP
18655,SQL
18655,Javascript
18656,Python
18657,C#
18657,SQL
18658,SQL
18658,Python
18659,Python
18659,C
18659,Javascript
18659,Java
18659,C++
18659,SQL
18660,R
18660,Go
18660,Javascript
18660,SQL
18660,Python
18660,C++
18660,C
18660,Bash
18660,C#
18660,PHP
18661,R
18661,SQL
18661,Python
18662,Java
18662,SQL
18663,C++
18663,SQL
18663,R
18663,Javascript
18663,Bash
18663,Python
18664,C
18664,R
18664,Python
18665,Python
18665,SQL
18665,Java
18665,C#
18666,Python
18666,C#
18666,MATLAB
18667,Python
18667,SQL
18668,SQL
18668,Java
18668,C
18668,Javascript
18668,Other
18668,C++
18668,R
18668,Python
18669,MATLAB
18669,SQL
18669,Python
18669,C
18669,Bash
18670,Bash
18670,Python
18670,SQL
18670,Go
18670,C
18671,Python
18671,C++
18672,Python
18672,SQL
18672,C++
18672,R
18673,PHP
18673,Other
18673,SQL
18673,Python
18673,Javascript
18673,Bash
18674,Python
18674,C++
18675,Java
18675,Python
18676,SQL
18676,R
18678,MATLAB
18678,C++
18678,Python
18680,Python
18681,SQL
18681,R
18681,Python
18682,Python
18682,MATLAB
18683,Python
18683,R
18684,Python
18684,Javascript
18685,Python
18685,R
18685,Java
18685,SQL
18685,Bash
18686,Python
18686,SQL
18687,C#
18687,Python
18687,C++
18688,Python
18689,Python
18689,C
18689,SQL
18689,Java
18689,MATLAB
18689,PHP
18690,MATLAB
18691,R
18691,Python
18691,C
18691,MATLAB
18691,SQL
18692,C++
18692,Python
18692,SQL
18694,MATLAB
18694,C
18694,Javascript
18694,Python
18695,Python
18695,SQL
18696,SQL
18696,Python
18697,C
18697,Java
18697,Javascript
18697,SQL
18697,MATLAB
18697,Python
18697,C#
18697,C++
18697,PHP
18698,Javascript
18698,Python
18699,C++
18699,Python
18700,SQL
18700,Python
18700,Javascript
18700,Java
18700,C
18700,C++
18700,R
18700,PHP
18701,MATLAB
18701,Other
18703,Bash
18703,SQL
18703,Python
18704,SQL
18704,Python
18705,Python
18706,SQL
18706,MATLAB
18706,Python
18706,C
18706,Java
18708,Javascript
18708,SQL
18708,C#
18709,Go
18709,Python
18709,SQL
18710,Python
18711,R
18711,MATLAB
18711,Javascript
18711,Python
18712,Python
18713,Python
18713,Java
18713,C++
18713,Javascript
18714,C
18714,Python
18714,C++
18714,SQL
18714,Bash
18715,R
18716,C++
18717,MATLAB
18717,Python
18717,SQL
18717,C
18718,Python
18718,C++
18719,Python
18720,Java
18720,SQL
18721,R
18722,Bash
18722,Python
18722,R
18723,SQL
18723,Java
18724,Python
18725,Python
18725,Bash
18725,SQL
18726,SQL
18726,Python
18727,R
18727,Bash
18727,Python
18727,Javascript
18727,SQL
18729,Javascript
18729,Python
18730,Python
18730,C++
18731,Python
18732,Python
18733,R
18733,SQL
18733,Python
18733,Javascript
18734,R
18734,Javascript
18734,SQL
18735,Python
18736,Python
18736,C
18736,Bash
18736,C++
18738,R
18738,C#
18740,Python
18741,MATLAB
18741,SQL
18741,C++
18741,Python
18743,C++
18743,Python
18744,C
18744,C++
18744,MATLAB
18744,R
18745,Python
18745,Julia
18745,SQL
18745,R
18746,Python
18746,SQL
18746,R
18747,SQL
18748,Python
18748,SQL
18749,Python
18749,C++
18750,Python
18750,C
18750,C++
18752,Python
18753,R
18754,Bash
18754,Python
18755,Python
18756,R
18756,SQL
18756,Python
18757,Java
18758,Python
18758,R
18759,Python
18759,Java
18759,R
18759,SQL
18760,SQL
18760,C++
18760,Python
18762,Python
18763,SQL
18763,Python
18763,Bash
18764,C
18764,Python
18764,PHP
18764,SQL
18764,MATLAB
18765,SQL
18765,Java
18765,Python
18765,PHP
18766,Python
18766,Other
18767,Javascript
18767,SQL
18767,C#
18767,Python
18769,SQL
18769,Python
18770,Python
18770,Javascript
18770,Bash
18770,SQL
18772,Other
18772,Python
18772,SQL
18773,Other
18773,Python
18774,Python
18774,SQL
18776,Python
18778,SQL
18778,Python
18779,Python
18779,C
18779,Java
18780,Javascript
18780,Java
18780,SQL
18781,MATLAB
18781,Python
18782,R
18783,Python
18783,R
18783,SQL
18784,Python
18785,SQL
18785,Python
18787,C
18788,Python
18789,Python
18790,Javascript
18790,Java
18790,SQL
18790,Python
18792,Python
18792,SQL
18793,Python
18793,SQL
18794,Python
18794,C
18794,C++
18795,SQL
18795,Other
18795,Python
18796,SQL
18796,Python
18797,C
18797,Java
18797,Javascript
18797,Python
18797,C#
18797,C++
18798,Python
18799,Python
18799,R
18800,SQL
18800,Python
18800,Other
18801,Python
18802,Python
18803,Python
18805,Java
18805,Bash
18805,C++
18805,Python
18805,MATLAB
18805,C#
18805,C
18806,C
18806,Javascript
18806,PHP
18806,SQL
18806,C++
18807,Python
18808,SQL
18808,C
18808,PHP
18808,MATLAB
18808,Javascript
18808,Bash
18808,Python
18808,C++
18808,C#
18809,Python
18809,Javascript
18809,SQL
18811,Java
18811,Python
18812,SQL
18812,Python
18812,Javascript
18812,Bash
18817,Python
18818,Python
18818,Java
18818,Javascript
18821,C
18821,SQL
18821,C++
18821,Python
18821,MATLAB
18821,Java
18822,C
18822,C++
18822,Python
18823,Python
18823,R
18823,SQL
18824,C
18824,PHP
18824,Java
18824,Python
18824,SQL
18825,R
18825,Python
18825,SQL
18826,Python
18827,SQL
18827,Python
18827,R
18828,C
18828,SQL
18828,R
18828,Python
18829,SQL
18829,Python
18830,Python
18831,SQL
18831,Python
18832,R
18832,MATLAB
18832,SQL
18833,Java
18834,Python
18835,C
18835,Python
18835,Bash
18835,C++
18836,Python
18836,C++
18837,SQL
18837,Python
18839,Python
18839,Javascript
18841,Java
18841,Javascript
18841,Go
18841,PHP
18841,SQL
18842,SQL
18842,C#
18843,Python
18843,C
18845,Python
18845,PHP
18845,SQL
18847,SQL
18847,Other
18847,Python
18848,Python
18848,Java
18849,Python
18850,Python
18850,Javascript
18851,SQL
18851,C
18851,Java
18852,Python
18852,C
18854,SQL
18854,Python
18855,Python
18856,SQL
18857,MATLAB
18857,SQL
18857,Python
18857,Javascript
18857,C#
18857,Java
18858,Python
18858,R
18860,Python
18861,SQL
18861,Python
18861,Javascript
18861,R
18861,C#
18861,PHP
18861,C++
18861,C
18861,Java
18862,C
18862,Python
18863,Python
18863,Javascript
18863,Java
18864,C
18864,Javascript
18864,SQL
18864,Java
18865,C
18865,Python
18865,MATLAB
18865,SQL
18866,SQL
18866,Python
18867,R
18867,Python
18868,C
18868,PHP
18868,Python
18868,SQL
18868,Javascript
18868,Java
18869,C
18869,SQL
18869,Python
18869,R
18870,C++
18870,Python
18870,Javascript
18871,SQL
18871,Python
18872,R
18872,C
18872,SQL
18872,Python
18872,MATLAB
18873,Bash
18873,SQL
18873,Python
18874,Python
18874,C++
18874,C
18875,C#
18875,Python
18876,Python
18878,C++
18878,C
18878,Python
18878,Java
18879,C
18879,C#
18879,C++
18879,Python
18879,MATLAB
18880,Python
18881,C++
18882,Python
18882,R
18883,Javascript
18883,PHP
18883,Python
18884,PHP
18884,SQL
18884,Javascript
18884,Java
18884,Python
18885,Julia
18885,Python
18885,MATLAB
18886,MATLAB
18886,Python
18887,R
18888,Java
18888,Bash
18888,Python
18889,Python
18890,SQL
18890,Python
18890,Javascript
18890,Other
18890,Java
18891,SQL
18893,SQL
18893,Python
18894,Python
18894,PHP
18894,SQL
18894,R
18895,Python
18895,SQL
18896,Python
18896,SQL
18897,Javascript
18897,Python
18899,Python
18899,C
18900,MATLAB
18900,Python
18902,C
18902,SQL
18902,R
18902,Java
18902,Python
18903,C++
18903,Python
18903,C
18904,SQL
18904,Python
18905,Python
18906,SQL
18906,Python
18907,C#
18907,SQL
18909,Python
18909,Javascript
18910,MATLAB
18910,C#
18910,Java
18910,Javascript
18910,Python
18910,C++
18910,C
18911,Python
18912,MATLAB
18912,Python
18912,R
18912,C
18913,Python
18914,Python
18914,SQL
18915,Python
18915,R
18915,SQL
18917,Python
18917,Javascript
18918,Python
18920,C++
18920,Python
18921,Python
18921,C
18921,Javascript
18922,Java
18923,SQL
18923,C++
18923,Python
18924,C++
18924,C
18924,Python
18924,MATLAB
18925,Python
18926,Go
18926,SQL
18926,Python
18926,R
18926,Javascript
18926,Bash
18926,Other
18927,Python
18928,SQL
18928,C
18928,Python
18930,R
18930,Python
18930,SQL
18932,Python
18932,Javascript
18933,Javascript
18933,SQL
18933,Bash
18933,R
18933,Python
18934,Python
18935,C++
18935,Python
18935,SQL
18936,Python
18936,MATLAB
18936,SQL
18937,Python
18937,R
18938,Python
18938,SQL
18938,R
18939,R
18939,Python
18941,Python
18942,C++
18942,Java
18942,Python
18942,MATLAB
18943,C++
18944,Python
18945,Javascript
18945,Java
18945,Python
18945,C++
18945,SQL
18946,R
18946,Python
18946,Java
18946,SQL
18946,C++
18946,C
18948,Python
18949,SQL
18949,R
18950,Python
18951,Python
18951,SQL
18952,R
18952,Python
18953,Javascript
18953,SQL
18953,PHP
18953,R
18953,Go
18953,Python
18955,Bash
18957,MATLAB
18957,Python
18958,Python
18960,Python
18960,Java
18960,MATLAB
18961,SQL
18961,Python
18962,Bash
18962,SQL
18962,C#
18962,Python
18963,Python
18963,Javascript
18964,R
18964,Python
18965,C++
18965,Python
18966,SQL
18966,MATLAB
18966,Java
18966,C++
18966,Python
18967,Python
18967,C++
18967,MATLAB
18968,C++
18968,Python
18970,Python
18970,R
18971,R
18971,Python
18972,Java
18972,C
18972,C++
18972,Python
18973,C++
18973,Java
18973,C
18973,Python
18974,Python
18974,Java
18974,C
18975,Python
18976,R
18976,MATLAB
18976,Python
18977,Python
18977,SQL
18978,Python
18978,R
18978,SQL
18978,C++
18978,C
18979,Python
18979,R
18979,SQL
18979,PHP
18980,C++
18980,Python
18980,Java
18981,Python
18982,MATLAB
18982,Python
18983,R
18983,Python
18983,SQL
18984,Python
18984,Java
18985,SQL
18985,Javascript
18985,Python
18985,Other
18985,C#
18986,Python
18986,SQL
18988,MATLAB
18988,Python
18988,C++
18988,C
18988,Java
18988,C#
18988,SQL
18989,Python
18989,SQL
18989,R
18990,C++
18990,Python
18991,Python
18991,C
18991,C++
18991,PHP
18991,Javascript
18991,SQL
18993,Java
18993,C++
18995,SQL
18996,Java
18996,C++
18997,Python
18997,R
18998,Java
18998,C
18998,Python
18999,Python
18999,SQL
18999,R
19000,SQL
19000,Javascript
19000,Java
19000,R
19000,C#
19000,Python
19001,Java
19001,Python
19002,Python
19003,SQL
19003,Python
19004,Python
19005,Java
19005,Bash
19005,SQL
19005,Python
19005,Go
19006,Python
19007,C
19007,SQL
19007,Python
19007,R
19010,Python
19010,C++
19010,Javascript
19011,Python
19011,C++
19012,Python
19012,Java
19012,C
19013,Java
19013,SQL
19015,Python
19016,Python
19016,SQL
19016,Bash
19016,R
19019,C
19019,Python
19019,SQL
19020,SQL
19020,Python
19021,Python
19022,Python
19022,R
19023,Python
19023,SQL
19024,Python
19024,R
19025,SQL
19025,Python
19026,Python
19026,SQL
19026,Other
19027,Python
19027,SQL
19028,R
19028,SQL
19028,Python
19029,Python
19030,Python
19030,C#
19030,SQL
19031,SQL
19031,Python
19032,Python
19032,SQL
19033,SQL
19033,Python
19034,Python
19034,R
19034,Javascript
19034,SQL
19035,R
19035,Julia
19035,Bash
19035,Python
19036,Python
19036,R
19037,C++
19037,Python
19039,PHP
19039,Java
19039,C++
19039,Python
19039,C
19040,Python
19041,Python
19042,Python
19042,SQL
19043,Python
19044,SQL
19044,R
19045,R
19045,MATLAB
19045,Javascript
19045,Python
19046,Python
19046,C++
19046,Bash
19046,C
19047,Other
19047,C
19047,SQL
19047,Python
19047,C#
19048,Python
19048,Other
19048,SQL
19049,C#
19049,Bash
19049,Java
19049,Python
19049,PHP
19049,Javascript
19050,Python
19050,SQL
19051,R
19051,SQL
19051,Bash
19051,PHP
19051,Julia
19051,Other
19051,Python
19052,R
19052,MATLAB
19052,SQL
19052,Python
19053,Python
19053,SQL
19054,Python
19055,Python
19056,MATLAB
19056,Python
19057,Python
19057,C
19057,MATLAB
19057,Java
19057,SQL
19057,C++
19058,Python
19058,SQL
19059,PHP
19059,Java
19059,Javascript
19060,R
19060,Python
19061,SQL
19061,R
19061,Python
19062,Python
19063,R
19063,Python
19063,SQL
19063,C#
19064,MATLAB
19064,Python
19065,R
19065,Python
19065,Go
19066,Python
19067,Python
19068,Python
19068,R
19068,SQL
19069,MATLAB
19069,C++
19071,PHP
19071,Julia
19071,R
19071,Java
19071,SQL
19071,Javascript
19071,Python
19072,Python
19072,Java
19073,Python
19074,Python
19074,Java
19075,Python
19077,Python
19077,Javascript
19077,Bash
19078,C++
19078,Javascript
19080,Python
19080,MATLAB
19080,C++
19081,Python
19081,C++
19081,C
19082,R
19082,Python
19083,Python
19083,Java
19084,SQL
19084,Python
19085,Javascript
19086,Python
19086,SQL
19086,Bash
19086,Java
19086,Javascript
19087,Python
19088,SQL
19088,Bash
19088,Python
19089,SQL
19089,Go
19089,Python
19089,Javascript
19090,R
19090,Python
19090,SQL
19090,Javascript
19090,Java
19091,SQL
19091,MATLAB
19091,Python
19092,Python
19092,MATLAB
19093,C++
19093,Python
19093,SQL
19094,SQL
19094,Java
19094,C
19095,Go
19095,Python
19095,Bash
19096,SQL
19096,C++
19096,Java
19096,R
19096,Python
19097,Java
19097,Python
19098,R
19098,Python
19098,SQL
19099,Python
19101,PHP
19101,C++
19101,Javascript
19102,Python
19102,SQL
19104,Javascript
19104,Python
19104,Other
19105,C++
19105,Julia
19105,PHP
19105,Python
19105,Java
19105,Javascript
19105,SQL
19105,C
19106,Python
19107,Bash
19107,Javascript
19107,R
19107,Python
19107,SQL
19108,Java
19108,SQL
19108,Javascript
19108,C
19108,C#
19108,C++
19109,R
19109,SQL
19109,Python
19110,Other
19110,Python
19111,SQL
19111,Bash
19111,Python
19113,MATLAB
19113,C++
19114,C
19114,Java
19115,Python
19115,Java
19115,Bash
19115,C
19115,C++
19115,Javascript
19115,Other
19115,SQL
19115,PHP
19115,C#
19116,Python
19116,Julia
19116,C++
19116,Java
19117,Python
19117,Javascript
19119,C
19119,C++
19119,Javascript
19119,Bash
19119,Java
19119,Python
19120,PHP
19120,SQL
19120,R
19120,Java
19120,Python
19122,Python
19122,Javascript
19122,R
19122,Go
19122,C++
19122,SQL
19122,C
19123,SQL
19123,Python
19124,Python
19125,Python
19125,MATLAB
19125,R
19125,C
19125,SQL
19126,SQL
19126,Python
19129,Python
19130,Java
19130,Python
19131,Java
19131,Python
19131,SQL
19131,Bash
19132,Python
19132,C++
19132,SQL
19134,Python
19134,R
19135,SQL
19135,Python
19136,Python
19136,SQL
19137,Python
19137,Other
19137,R
19137,Javascript
19139,C
19139,Python
19142,Python
19142,SQL
19143,SQL
19143,Python
19143,C++
19144,R
19144,Python
19146,Python
19148,SQL
19148,Python
19149,Python
19149,C
19149,SQL
19149,C++
19149,Java
19150,C++
19151,Python
19151,Javascript
19154,SQL
19154,Python
19154,R
19155,Python
19157,C
19157,C#
19157,MATLAB
19157,Java
19157,C++
19157,R
19157,SQL
19157,Python
19159,C++
19159,C#
19159,SQL
19159,C
19160,C
19160,Java
19160,C++
19160,Other
19161,Python
19161,Java
19163,Python
19164,Python
19165,R
19165,Python
19165,MATLAB
19166,C#
19166,Python
19166,SQL
19167,R
19167,SQL
19167,Python
19168,Python
19168,SQL
19168,Bash
19169,Python
19169,SQL
19170,Python
19170,SQL
19172,Other
19172,R
19172,Python
19173,PHP
19174,R
19175,Python
19175,SQL
19176,Python
19177,Java
19177,R
19177,SQL
19177,Python
19177,Javascript
19177,C++
19177,MATLAB
19177,C
19178,Other
19178,R
19178,Python
19179,Python
19180,Python
19182,Python
19184,Java
19184,Python
19184,C++
19185,Bash
19185,Python
19186,C#
19186,SQL
19186,Python
19188,SQL
19188,C++
19188,C
19188,Python
19188,C#
19188,PHP
19188,MATLAB
19189,Python
19189,Javascript
19190,Python
19191,Python
19192,Python
19192,C++
19192,Julia
19193,Python
19193,PHP
19193,C++
19193,Javascript
19193,Java
19194,SQL
19195,R
19195,Python
19196,Python
19196,SQL
19196,Other
19197,C
19197,Python
19197,SQL
19197,Java
19198,Python
19198,C
19199,Python
19199,R
19199,SQL
19200,SQL
19200,Other
19200,Python
19201,Bash
19201,Python
19201,SQL
19202,Python
19202,SQL
19203,Python
19204,SQL
19204,Python
19204,PHP
19204,MATLAB
19205,Other
19205,Python
19205,SQL
19205,R
19206,Python
19206,C
19206,SQL
19206,Java
19207,SQL
19207,PHP
19208,Java
19209,Python
19209,SQL
19209,C
19210,SQL
19210,Python
19211,Python
19212,Java
19212,C++
19213,SQL
19213,Python
19214,R
19214,Javascript
19214,SQL
19214,PHP
19214,Python
19215,Python
19216,Python
19217,Python
19218,Python
19219,Python
19220,Other
19220,Javascript
19220,SQL
19220,C#
19220,Python
19221,C#
19221,Python
19221,C++
19221,Java
19222,C
19222,Java
19222,Python
19222,C++
19222,SQL
19223,SQL
19223,Python
19224,Javascript
19224,Python
19224,R
19224,SQL
19224,C#
19225,Python
19225,C
19226,PHP
19226,SQL
19226,Python
19226,Javascript
19227,Python
19228,PHP
19228,C
19228,MATLAB
19228,Python
19229,Python
19230,C#
19230,Java
19230,C
19230,R
19230,Python
19230,C++
19230,MATLAB
19230,SQL
19231,C++
19231,Python
19231,Java
19232,Python
19233,SQL
19233,Python
19234,SQL
19235,Python
19236,Python
19236,SQL
19237,Python
19237,SQL
19238,Javascript
19238,Other
19239,Python
19240,SQL
19240,Python
19241,C
19241,C++
19241,Java
19241,Python
19241,C#
19241,SQL
19242,C++
19242,C#
19242,Python
19243,SQL
19243,Python
19243,C++
19246,C++
19246,C
19246,Python
19247,Python
19247,Javascript
19247,SQL
19248,Bash
19248,Python
19249,Java
19249,Python
19249,C++
19250,Python
19251,Python
19251,Java
19253,SQL
19253,Python
19253,R
19254,SQL
19254,Python
19255,Javascript
19255,C++
19255,Python
19255,MATLAB
19255,C
19256,Python
19256,MATLAB
19256,C++
19257,Python
19258,SQL
19258,R
19258,Java
19258,Javascript
19258,C
19258,PHP
19258,C#
19258,C++
19258,Python
19259,C++
19259,PHP
19259,R
19259,Python
19260,Python
19261,Python
19262,Python
19263,Python
19264,MATLAB
19264,R
19264,Python
19265,Python
19265,R
19265,SQL
19266,Python
19267,C++
19269,C++
19270,Java
19270,C
19270,SQL
19270,Python
19270,R
19271,Python
19271,Bash
19271,SQL
19271,C
19271,C++
19272,Python
19273,C
19273,SQL
19273,R
19273,C++
19273,Python
19273,MATLAB
19274,Python
19274,SQL
19274,Bash
19276,Java
19276,Python
19276,C++
19277,C++
19277,Java
19277,Python
19278,SQL
19278,Python
19279,Python
19279,SQL
19279,R
19279,Other
19280,Python
19280,R
19280,Javascript
19280,C++
19281,Python
19282,Python
19282,R
19282,SQL
19283,SQL
19283,Python
19283,Other
19284,SQL
19284,Python
19285,Python
19285,Java
19286,Python
19287,R
19287,Python
19288,C++
19289,SQL
19289,Python
19290,SQL
19290,C++
19290,C
19290,Python
19292,Python
19293,Python
19293,C++
19293,R
19293,Java
19293,MATLAB
19293,SQL
19295,Python
19296,Python
19296,C++
19297,SQL
19297,Python
19299,Java
19299,Javascript
19299,Python
19299,C
19299,Other
19299,C#
19300,SQL
19300,Python
19301,C++
19301,Python
19301,SQL
19303,SQL
19303,Bash
19303,Python
19304,MATLAB
19304,Other
19304,R
19305,SQL
19305,Bash
19305,Python
19305,Javascript
19307,Python
19309,R
19309,Python
19311,Python
19311,SQL
19313,Java
19313,Python
19313,C++
19315,Javascript
19315,PHP
19315,SQL
19315,Bash
19315,C
19315,C++
19315,Python
19316,SQL
19317,Other
19317,Javascript
19318,C
19318,MATLAB
19318,Python
19318,Bash
19318,SQL
19318,C++
19318,PHP
19319,C
19319,SQL
19319,Python
19321,SQL
19321,Python
19322,Python
19323,SQL
19323,Python
19324,SQL
19324,Python
19325,Other
19327,C++
19328,Java
19328,SQL
19328,Python
19328,C
19329,Python
19329,C
19329,C++
19329,PHP
19329,SQL
19330,Python
19331,Javascript
19331,C
19331,Bash
19331,C++
19331,Python
19331,PHP
19331,SQL
19332,Python
19332,C++
19333,Python
19333,Other
19334,R
19334,Python
19336,Python
19336,MATLAB
19337,Python
19338,SQL
19338,R
19338,Python
19339,C
19340,SQL
19340,Bash
19340,R
19340,Javascript
19340,Python
19342,SQL
19342,Python
19344,R
19344,SQL
19344,Python
19344,Javascript
19344,MATLAB
19344,Java
19345,Python
19345,R
19346,C
19346,Java
19346,C++
19346,Python
19346,SQL
19347,Python
19347,C++
19347,Go
19348,Python
19348,SQL
19349,C++
19349,Python
19350,Java
19350,C
19350,Python
19350,SQL
19350,C++
19351,Python
19351,R
19353,Python
19353,MATLAB
19353,SQL
19354,Python
19355,Python
19356,C#
19356,C
19356,SQL
19356,Python
19356,R
19356,Bash
19357,Python
19357,SQL
19357,C++
19357,C
19358,C++
19358,Python
19358,Java
19359,MATLAB
19359,Python
19360,Python
19361,Python
19361,Bash
19361,SQL
19361,Other
19362,Java
19362,C++
19362,Python
19363,R
19365,Python
19367,Python
19368,Python
19368,Javascript
19369,Python
19369,C++
19369,C
19370,Python
19371,Javascript
19371,PHP
19371,SQL
19371,Python
19372,Python
19372,R
19374,Python
19375,C++
19375,Python
19376,SQL
19376,Python
19377,Python
19377,Java
19377,C++
19378,Javascript
19378,SQL
19378,PHP
19378,C#
19378,C++
19378,C
19379,Python
19380,SQL
19380,Python
19381,C++
19381,SQL
19382,Python
19382,R
19384,SQL
19384,Python
19385,SQL
19385,Python
19385,Other
19386,SQL
19386,Python
19386,Other
19388,SQL
19388,Python
19389,Python
19390,R
19391,Other
19391,C++
19391,C
19391,Python
19391,Javascript
19392,Python
19393,Bash
19393,Javascript
19393,Python
19394,Python
19394,C++
19394,Java
19394,MATLAB
19394,C#
19395,SQL
19398,MATLAB
19398,Python
19398,C
19399,Python
19399,SQL
19399,R
19401,C++
19401,C#
19401,Python
19401,MATLAB
19401,SQL
19402,SQL
19402,C#
19402,PHP
19402,Javascript
19404,PHP
19404,R
19404,SQL
19404,C
19404,Python
19404,C#
19404,C++
19404,Javascript
19405,C#
19405,C++
19405,Python
19405,MATLAB
19405,C
19406,Java
19406,SQL
19406,Python
19407,Java
19407,Python
19407,Javascript
19408,Bash
19408,Python
19408,SQL
19409,R
19410,Python
19410,SQL
19411,Java
19411,SQL
19411,Python
19411,C
19412,Python
19412,C++
19412,C
19413,Java
19413,Python
19415,SQL
19415,Python
19415,Javascript
19416,R
19416,SQL
19416,Python
19418,Python
19418,Java
19419,Python
19419,SQL
19420,R
19420,SQL
19420,Python
19421,Python
19421,C++
19421,SQL
19423,C++
19423,Other
19423,Python
19424,Python
19424,R
19425,Python
19425,MATLAB
19425,Other
19425,C
19425,R
19425,C++
19426,Python
19427,Python
19427,SQL
19427,R
19428,Python
19429,C++
19429,Python
19429,C
19430,Javascript
19430,Python
19431,PHP
19431,Python
19431,Javascript
19431,Java
19432,SQL
19432,Javascript
19432,Go
19432,C#
19432,C++
19432,PHP
19432,C
19432,Python
19432,R
19434,C++
19436,Python
19437,SQL
19437,Python
19438,Python
19440,C++
19440,Python
19440,Other
19440,SQL
19440,MATLAB
19440,R
19441,Python
19444,R
19444,SQL
19447,Python
19447,SQL
19448,Javascript
19448,Python
19449,SQL
19449,Python
19450,SQL
19451,C
19451,C++
19451,Python
19451,SQL
19451,Java
19452,MATLAB
19452,C++
19452,Python
19453,MATLAB
19453,SQL
19453,Python
19454,Python
19454,Other
19454,C
19454,Javascript
19454,Java
19454,MATLAB
19454,SQL
19454,PHP
19454,R
19456,Bash
19456,Python
19457,SQL
19457,Python
19459,Javascript
19459,SQL
19459,Python
19460,C++
19460,Javascript
19460,Python
19461,Python
19461,SQL
19462,Javascript
19462,C#
19462,Java
19462,SQL
19463,Python
19464,Python
19464,Other
19464,SQL
19465,Python
19465,R
19465,SQL
19465,PHP
19465,Javascript
19466,SQL
19466,Python
19466,Javascript
19467,SQL
19467,Python
19468,SQL
19468,Python
19468,Javascript
19468,Java
19468,PHP
19468,C++
19469,Python
19470,MATLAB
19470,Python
19471,R
19471,Python
19472,R
19472,Python
19472,SQL
19473,Python
19473,Bash
19474,Python
19474,C#
19474,R
19474,SQL
19475,Javascript
19475,Python
19475,Java
19475,SQL
19475,R
19475,PHP
19476,SQL
19476,R
19476,Python
19477,Python
19477,SQL
19478,SQL
19478,Python
19479,Python
19481,C#
19481,Python
19481,Javascript
19481,PHP
19481,SQL
19482,Python
19483,Python
19483,R
19483,SQL
19484,Python
19484,R
19485,Python
19486,C++
19486,Python
19486,C
19487,C#
19487,Javascript
19487,SQL
19487,Java
19487,C++
19488,Python
19488,SQL
19489,C++
19489,Python
19489,Java
19490,Javascript
19490,Python
19492,Python
19492,C
19493,SQL
19493,Python
19493,C
19494,MATLAB
19494,Python
19494,C++
19496,C++
19496,R
19496,C#
19496,Python
19496,SQL
19496,Javascript
19497,Python
19497,SQL
19498,Python
19499,SQL
19499,MATLAB
19499,Python
19500,Java
19500,C++
19500,SQL
19500,Other
19500,Python
19500,C
19501,Python
19501,C
19502,Python
19502,R
19502,SQL
19503,SQL
19503,Python
19504,SQL
19504,Python
19504,C++
19505,R
19505,Python
19505,SQL
19506,Javascript
19506,Python
19507,Other
19507,R
19508,R
19508,Python
19510,C#
19510,MATLAB
19510,Javascript
19510,Python
19510,Java
19510,C++
19511,Python
19512,Python
19512,C
19512,Java
19512,C++
19513,Javascript
19513,Java
19513,Bash
19513,PHP
19513,SQL
19513,Python
19514,C#
19514,C++
19514,Python
19514,MATLAB
19514,C
19514,Julia
19515,Python
19515,Bash
19516,C++
19516,C
19516,SQL
19516,C#
19516,Python
19517,Python
19517,MATLAB
19517,C
19518,Python
19518,Javascript
19518,Java
19519,C++
19519,Python
19520,SQL
19520,R
19520,Python
19521,SQL
19521,Python
19522,Python
19523,Java
19523,MATLAB
19523,C#
19523,Bash
19523,Python
19523,C++
19523,Javascript
19523,SQL
19524,Python
19524,SQL
19524,R
19527,R
19527,SQL
19527,Python
19528,Bash
19528,Python
19529,Python
19529,R
19530,Python
19530,SQL
19530,Bash
19531,Python
19531,SQL
19531,Java
19531,Javascript
19531,R
19533,Python
19533,SQL
19533,C++
19534,C#
19534,Java
19534,Python
19535,Python
19535,C
19536,C
19536,C++
19536,SQL
19536,PHP
19536,Python
19536,Javascript
19537,Python
19538,R
19538,Python
19539,Python
19539,R
19539,MATLAB
19540,Python
19541,Python
19542,Python
19543,Python
19543,MATLAB
19543,PHP
19543,R
19543,C++
19543,SQL
19543,Javascript
19544,Go
19545,C++
19545,Python
19545,SQL
19545,R
19546,Python
19546,MATLAB
19547,Other
19547,Python
19547,SQL
19548,SQL
19548,Python
19549,Other
19549,SQL
19549,Python
19550,SQL
19550,C++
19550,Python
19550,C
19551,Python
19552,SQL
19552,Python
19553,SQL
19553,Python
19554,SQL
19554,Python
19554,R
19555,C
19555,C++
19555,Python
19556,Java
19556,Python
19556,C++
19556,C
19556,Javascript
19557,Java
19557,Python
19558,R
19558,Python
19559,PHP
19559,SQL
19559,Javascript
19559,R
19559,Python
19560,Javascript
19560,SQL
19560,C++
19560,C
19560,Python
19560,Java
19561,PHP
19561,Python
19562,C
19562,C++
19562,Python
19563,Python
19563,SQL
19564,Java
19564,Python
19565,Java
19565,Javascript
19565,Python
19565,SQL
19566,R
19566,C
19566,Python
19566,C++
19566,C#
19566,Bash
19566,SQL
19567,C
19567,Python
19567,Javascript
19567,PHP
19568,Javascript
19568,Python
19568,R
19569,Python
19569,Java
19570,SQL
19570,Python
19571,Python
19571,C++
19571,C
19572,SQL
19572,Java
19572,Python
19573,SQL
19573,Python
19573,Javascript
19573,Java
19573,C#
19574,Python
19575,Python
19576,Python
19576,Javascript
19576,SQL
19576,Other
19578,Python
19578,R
19579,Python
19580,Bash
19580,C++
19580,MATLAB
19580,R
19580,SQL
19580,Go
19580,PHP
19580,Java
19580,Other
19580,C#
19580,Python
19580,Javascript
19580,Julia
19580,C
19581,R
19581,Python
19581,C++
19581,C
19582,SQL
19582,Java
19582,Python
19582,Javascript
19583,Python
19585,R
19585,C++
19585,Java
19585,Python
19585,SQL
19586,Python
19587,SQL
19588,Python
19588,C++
19588,MATLAB
19589,SQL
19589,Bash
19589,Python
19590,C++
19590,Python
19590,C
19591,Python
19591,C#
19591,SQL
19591,C++
19591,Julia
19591,Java
19592,SQL
19592,Python
19592,MATLAB
19592,PHP
19593,R
19593,SQL
19593,Python
19594,Python
19594,C++
19594,SQL
19595,SQL
19595,Python
19597,Javascript
19599,Python
19599,R
19600,Java
19600,SQL
19600,C
19600,Python
19601,C
19601,Python
19603,C
19604,C#
19604,MATLAB
19604,Python
19604,Java
19604,SQL
19605,Python
19605,SQL
19605,R
19606,C++
19606,Javascript
19606,Python
19606,SQL
19607,Python
19610,Python
19611,Python
19612,C
19612,Python
19612,Java
19614,Javascript
19614,SQL
19614,Python
19615,SQL
19615,R
19615,Python
19616,PHP
19616,Javascript
19616,Python
19616,SQL
19617,C++
19617,R
19617,Python
19618,Python
19618,SQL
19618,R
19619,Python
19620,Javascript
19620,SQL
19621,C
19621,MATLAB
19621,C++
19621,Python
19622,Python
19623,Python
19624,Python
19624,Other
19624,C
19625,SQL
19625,Python
19626,MATLAB
19626,C
19626,C++
19626,PHP
19626,Java
19627,C++
19627,Python
19628,Javascript
19628,Python
19628,SQL
19629,Python
19631,Python
19631,C#
19631,Javascript
19632,Bash
19632,Python
19633,Python
19633,C++
19635,Python
19635,SQL
19636,Java
19636,Javascript
19636,PHP
19636,SQL
19636,C
19636,Bash
19636,Python
19637,Javascript
19637,R
19637,Python
19637,SQL
19638,C++
19638,Bash
19638,Other
19638,Python
19639,Python
19639,Go
19639,Javascript
19639,Java
19640,Python
19641,Python
19641,MATLAB
19642,Java
19642,R
19642,Python
19642,Javascript
19642,PHP
19642,Other
19642,C++
19642,MATLAB
19642,C
19642,SQL
19642,Go
19644,SQL
19644,R
19646,MATLAB
19646,C
19646,SQL
19646,Python
19647,Java
19647,Python
19647,Javascript
19647,SQL
19647,Other
19648,Python
19649,R
19649,Python
19649,C
19650,Python
19650,R
19650,C++
19651,C
19651,SQL
19651,C++
19651,Python
19651,Javascript
19653,Python
19654,Javascript
19654,Python
19655,Javascript
19655,Other
19655,C#
19656,MATLAB
19656,Python
19656,R
19657,Python
19658,SQL
19658,R
19658,Python
19659,Python
19659,C++
19659,SQL
19660,SQL
19660,Other
19660,Python
19661,Python
19662,SQL
19662,Java
19662,Python
19662,C#
19662,C
19662,C++
19663,C++
19663,Python
19664,Python
19664,SQL
19665,SQL
19665,Python
19665,Javascript
19666,MATLAB
19666,R
19666,Python
19666,C#
19667,SQL
19667,Bash
19667,C++
19667,Python
19668,Python
19668,C++
19669,SQL
19669,R
19670,R
19670,Python
19670,SQL
19671,SQL
19671,Python
19672,Python
19672,SQL
19673,Other
19673,Python
19673,Java
19673,SQL
19675,Python
19675,C
19675,SQL
19675,C#
19675,C++
19675,Javascript
19675,Java
19676,Java
19676,SQL
19676,R
19676,Python
19677,Python
19677,R
19678,PHP
19678,Python
19678,Java
19678,SQL
19678,C++
19678,C#
19679,Javascript
19681,Python
19682,C++
19682,Python
19682,Javascript
19683,SQL
19683,Python
19684,Python
19685,C++
19685,Python
19685,C
19686,Python
19687,SQL
19687,Python
19688,Java
19688,SQL
19688,Python
19689,Python
19689,SQL
19690,Python
19691,Java
19691,Python
19691,MATLAB
19691,SQL
19692,Other
19692,Java
19692,SQL
19692,Python
19693,Python
19693,SQL
19695,C++
19695,MATLAB
19695,C#
19695,SQL
19695,Python
19695,C
19696,Python
19696,SQL
19697,SQL
19697,Python
19699,C
19699,Java
19699,PHP
19699,Python
19699,C++
19701,Python
19701,Javascript
19701,C
19701,Other
19701,C#
19702,SQL
19702,MATLAB
19702,R
19702,Python
19703,Python
19704,PHP
19704,SQL
19704,Python
19706,Python
19707,SQL
19707,Python
19707,PHP
19707,C#
19707,Javascript
19708,PHP
19708,Python
19709,Python
19709,SQL
19710,SQL
19710,Python
19711,Python
19711,Javascript
19712,MATLAB
19713,MATLAB
19713,Python
19713,C
19713,C++
19714,C++
19714,Javascript
19714,Python
19714,MATLAB
19714,Java
19715,Python
19715,SQL
19715,R
19716,Python
19716,Java
19716,C
19716,C#
19716,C++
19717,Python
19717,Java
19717,SQL
19718,Go
19718,C#
19718,C++
19718,Python
19718,PHP
19718,SQL
19718,Java
19718,Javascript
19718,C
19718,Other
19719,Python
19719,Java
19720,Python
19720,R
19721,Python
19721,SQL
19722,R
19722,Python
19722,Julia
19723,C
19723,Python
19723,MATLAB
19723,R
19723,SQL
19724,Python
19725,Java
19726,Python
19726,C++
19727,R
19727,Python
19728,Go
19728,SQL
19728,Python
19729,R
19730,Python
19731,SQL
19731,Python
19732,C
19732,Python
19733,Python
19733,C
19734,R
19734,Python
19735,Python
19735,C++
19735,MATLAB
19735,C
19736,C++
19736,C
19736,Python
19738,Python
19740,Python
19741,Javascript
19741,Python
19741,Bash
19741,SQL
19742,SQL
19742,R
19742,Python
19744,Bash
19744,Java
19744,C#
19744,Python
19744,SQL
19745,Python
19746,Python
19746,R
19746,MATLAB
19746,SQL
19747,SQL
19747,Python
19748,R
19748,Go
19748,Python
19748,Bash
19748,SQL
19749,Python
19749,C++
19749,C#
19749,SQL
19749,MATLAB
19750,C
19750,Python
19750,C++
19751,SQL
19751,Python
19751,R
19752,Javascript
19753,Python
19754,Javascript
19754,Python
19755,Python
19756,Python
19756,C++
19758,MATLAB
19758,Python
19758,R
19758,SQL
19759,Python
19760,PHP
19760,Java
19760,Javascript
19760,Python
19760,C++
19760,SQL
19760,C
19761,Python
19761,C#
19761,Javascript
19762,Python
19763,SQL
19763,Python
19763,C
19763,Java
19764,Java
19764,C++
19764,Python
19764,Bash
19764,R
19766,Python
19767,R
19767,MATLAB
19767,SQL
19767,Python
19768,Python
19768,SQL
19769,C++
19769,Javascript
19769,C
19769,Python
19770,Python
19771,Python
19771,SQL
19771,Other
19772,C
19772,SQL
19772,Python
19772,Java
19772,C++
19772,R
19773,Python
19774,Python
19774,Javascript
19774,SQL
19774,C++
19775,Other
19775,Python
19775,Bash
19775,SQL
19776,R
19776,Python
19777,Java
19777,PHP
19777,MATLAB
19777,Python
19777,SQL
19777,Javascript
19778,R
19778,C
19778,Python
19779,Java
19782,Python
19782,MATLAB
19782,SQL
19782,R
19783,Javascript
19783,Go
19783,Python
19783,C++
19784,Python
19784,C
19785,Python
19787,SQL
19787,Python
19788,Python
19788,Javascript
19788,Java
19789,SQL
19789,Python
19790,C
19790,C++
19791,Python
19791,R
19792,Python
19792,R
19793,R
19793,Python
19794,SQL
19794,Python
19795,C#
19795,Python
19796,SQL
19796,R
19796,Python
19798,R
19798,SQL
19798,Python
19799,Python
19799,MATLAB
19800,Python
19801,Python
19801,SQL
19801,C++
19801,Other
19801,C#
19802,R
19802,Python
19802,SQL
19803,C
19803,Python
19804,SQL
19804,Python
19804,C
19804,R
19804,C++
19806,Python
19806,Javascript
19807,Python
19808,Python
19808,C++
19808,MATLAB
19809,Python
19809,SQL
19809,R
19811,Java
19811,Python
19811,PHP
19811,SQL
19812,Python
19812,Other
19812,SQL
19814,Python
19814,Javascript
19815,Python
19815,SQL
19815,R
19816,C++
19816,Python
19816,Java
19816,SQL
19818,SQL
19818,Python
19819,Java
19819,Python
19819,Javascript
19820,SQL
19820,Python
19821,Python
19822,R
19823,Python
19823,C
19823,C++
19824,Python
19824,PHP
19824,SQL
19824,R
19825,SQL
19825,Python
19825,R
19828,Python
19828,SQL
19829,SQL
19830,Python
19830,SQL
19830,C#
19832,R
19832,Python
19832,SQL
19833,SQL
19833,Python
19833,R
19833,Java
19834,Python
19836,Javascript
19836,PHP
19836,Java
19836,Python
19837,C#
19837,MATLAB
19837,C
19837,Javascript
19837,C++
19838,Python
19838,Other
19839,Python
19839,SQL
19840,Python
19840,MATLAB
19840,Other
19840,SQL
19841,SQL
19841,Python
19841,Bash
19842,C
19842,Python
19842,R
19843,Java
19844,Python
19844,SQL
19844,Javascript
19845,SQL
19845,Javascript
19845,C
19849,SQL
19849,Python
19853,SQL
19853,C#
19853,Python
19854,Python
19855,SQL
19855,C
19855,C#
19856,SQL
19856,Python
19856,PHP
19856,C++
19856,Other
19858,SQL
19858,C#
19858,Python
19858,R
19860,SQL
19860,PHP
19860,Java
19860,Python
19861,Python
19862,SQL
19862,Python
19862,Other
19863,Python
19864,Java
19864,SQL
19864,Bash
19864,Python
19865,R
19866,MATLAB
19866,Python
19866,C
19868,C++
19868,Bash
19868,Python
19869,SQL
19869,Python
19871,MATLAB
19871,Java
19872,R
19872,SQL
19872,Python
19873,Python
19873,SQL
19873,R
19874,R
19874,SQL
19874,Python
19874,Java
19875,Python
19875,SQL
19876,SQL
19876,C#
19876,Java
19876,Python
19876,Javascript
19877,C
19877,Python
19878,Python
19878,Bash
19878,PHP
19878,R
19878,Javascript
19878,C#
19878,SQL
19879,R
19879,Other
19879,Python
19879,C#
19880,Other
19880,Python
19881,Python
19882,SQL
19882,Python
19882,R
19883,C
19883,C++
19883,Python
19884,Python
19884,Javascript
19884,SQL
19885,Javascript
19885,SQL
19885,PHP
19885,Python
19886,Python
19886,Javascript
19886,Bash
19887,C++
19887,PHP
19887,Java
19888,R
19889,C#
19889,SQL
19889,Python
19890,Python
19891,Python
19891,Javascript
19892,R
19892,MATLAB
19892,C++
19892,Python
19893,R
19894,C
19894,R
19894,C++
19894,Python
19894,MATLAB
19895,Python
19896,Python
19896,SQL
19897,Python
19898,Java
19898,SQL
19898,PHP
19898,Other
19898,Python
19899,R
19899,C
19899,Python
19900,C
19901,R
19901,Python
19901,SQL
19902,Python
19903,Javascript
19903,Python
19903,C
19903,MATLAB
19903,C++
19904,Python
19904,SQL
19904,Javascript
19905,Python
19907,Other
19907,Python
19907,R
19908,SQL
19909,C#
19909,Java
19909,R
19909,C
19909,Python
19909,C++
19909,SQL
19910,Java
19910,Javascript
19910,Python
19911,Go
19911,Python
19911,SQL
19911,Javascript
19911,Bash
19912,Python
19912,C++
19912,Bash
19912,MATLAB
19913,C++
19913,Python
19913,SQL
19914,SQL
19914,Python
19915,Python
19915,C++
19915,SQL
19916,Java
19916,Python
19916,SQL
19918,Python
19918,R
19919,R
19919,SQL
19919,Python
19921,Python
19921,Java
19922,Python
19923,Python
19924,Java
19924,Javascript
19924,Python
19924,C#
19924,SQL
19924,Bash
19924,PHP
19924,R
19924,C
19925,SQL
19925,Python
19925,Julia
19927,SQL
19927,Python
19927,PHP
19927,Java
19928,Python
19928,SQL
19928,MATLAB
19929,Java
19929,Python
19930,Python
19930,C++
19930,MATLAB
19931,C++
19931,Python
19932,SQL
19932,Python
19932,MATLAB
19932,C++
19933,R
19934,Python
19935,Java
19935,Other
19935,Python
19937,SQL
19937,Python
19937,R
19938,Python
19940,Javascript
19940,SQL
19940,Python
19941,R
19941,Java
19941,Python
19941,Javascript
19942,Python
19943,Python
19943,Other
19943,SQL
19943,R
19944,Python
19945,Bash
19945,Python
19946,Python
19947,R
19947,Python
19948,R
19948,Python
19948,SQL
19949,Python
19950,SQL
19950,Python
19951,C++
19951,Python
19953,Python
19953,R
19954,Python
19954,SQL
19955,Python
19956,Python
19956,MATLAB
19957,R
19957,Python
19957,SQL
19958,C++
19958,Python
19959,Python
19961,Python
19961,Javascript
19962,Other
19963,R
19963,Python
19963,Java
19963,SQL
19964,Other
19964,SQL
19965,Python
19966,Bash
19966,Python
19967,Python
19967,Other
19968,Bash
19968,SQL
19968,R
19968,Python
19970,Python
19971,Javascript
19971,Python
19971,R
19972,Python
19972,SQL
19973,Python
19973,SQL
19974,Python
19974,MATLAB
19975,Python
19975,C++
19976,Bash
19976,Javascript
19976,R
19977,Python
19980,MATLAB
19980,R
19980,Python
19981,SQL
19981,Python
19981,Other
19984,SQL
19984,Python
19985,R
19985,Other
19985,Go
19985,SQL
19985,Javascript
19986,Python
19987,SQL
19987,R
19987,Python
19988,SQL
19988,Python
19989,SQL
19989,Python
19990,Python
19990,C
19990,Java
19990,C++
19990,SQL
19991,R
19991,Python
19991,PHP
19991,SQL
19991,Javascript
19992,SQL
19992,R
19992,Python
19992,Julia
19993,Bash
19993,MATLAB
19993,Python
19993,C#
19993,C++
19993,C
19994,MATLAB
19994,Julia
19994,Bash
19994,Python
19994,C
19995,C++
19995,Other
19995,Python
19996,Other
19996,Python
19996,C#
19997,Python
19997,R
19998,Python
19998,MATLAB
19999,Python
19999,R
20000,Python
20001,SQL
20001,Python
20001,Java
20002,SQL
20004,C
20004,Java
20004,SQL
20004,R
20004,Python
20006,SQL
20006,Python
20007,SQL
20007,Python
20007,C
20008,Java
20008,Python
20008,C++
20009,Python
20010,Python
20010,MATLAB
20011,Python
20011,Java
20011,MATLAB
20012,SQL
20012,Bash
20012,Javascript
20012,Java
20012,Python
20012,Other
20012,PHP
20014,Python
20014,SQL
20015,MATLAB
20015,Python
20016,R
20016,SQL
20016,MATLAB
20017,Python
20019,C++
20019,SQL
20019,Python
20019,R
20020,Python
20021,Python
20021,MATLAB
20021,C++
20021,C
20022,PHP
20022,Python
20022,Javascript
20023,Python
20023,SQL
20023,R
20024,SQL
20024,Python
20026,C++
20027,C
20027,R
20027,Python
20027,MATLAB
20028,SQL
20028,Javascript
20029,Python
20030,Python
20030,Javascript
20031,Python
20033,Java
20034,Python
20034,SQL
20035,Python
20036,C++
20036,Python
20037,C++
20037,Python
20037,MATLAB
20037,C
20039,Python
20040,C++
20040,Javascript
20040,Java
20040,Python
20040,PHP
20041,Bash
20041,SQL
20041,Python
20043,SQL
20043,MATLAB
20043,PHP
20043,C++
20043,Python
20044,C
20045,Python
20046,Python
20047,MATLAB
20047,Python
20047,C#
20048,Other
20048,Java
20048,Javascript
20048,C++
20048,SQL
20049,Python
20050,Java
20050,SQL
20050,C
20050,Python
20051,C
20051,Python
20051,Java
20051,C++
20052,C
20052,Javascript
20052,Python
20053,Python
20053,C
20054,R
20055,C#
20055,C++
20055,C
20055,Python
20056,Python
20057,C
20057,SQL
20057,Python
20058,Python
20058,C
20059,Other
20059,Bash
20059,Java
20059,Python
20059,SQL
20060,C++
20060,Python
20060,MATLAB
20061,SQL
20061,Python
20061,C++
20062,Python
20063,C#
20065,C
20065,Python
20065,Java
20065,C++
20066,SQL
20066,Python
20066,R
20067,Python
20069,C
20069,Python
20069,C++
20070,Python
20070,Bash
20071,Python
20072,Bash
20072,Python
20072,SQL
20073,Python
20074,Python
20074,SQL
20074,R
20075,Python
20075,C
20075,Java
20075,SQL
20076,Bash
20076,SQL
20076,PHP
20076,Other
20076,Python
20076,Java
20076,C
20076,Javascript
20077,C
20077,MATLAB
20077,Python
20078,Python
20080,R
20080,Java
20080,Python
20080,SQL
20081,SQL
20081,Python
20082,Other
20082,SQL
20082,MATLAB
20082,Python
20083,Python
20084,Python
20084,Other
20084,SQL
20085,Python
20086,Python
20086,C++
20086,Java
20086,C
20086,SQL
20087,R
20087,SQL
20087,Python
20088,Bash
20088,Python
20088,MATLAB
20088,SQL
20089,Python
20090,Python
20090,R
20091,Python
20091,Java
20091,SQL
20091,Javascript
20092,Python
20092,C
20093,Python
20094,Javascript
20094,Python
20096,Python
20097,Python
20097,MATLAB
20098,SQL
20098,Python
20099,Java
20099,C
20100,Bash
20100,SQL
20100,Python
20100,Javascript
20101,Javascript
20101,Python
20101,C#
20102,Java
20102,Python
20102,Javascript
20103,Python
20103,SQL
20104,Python
20104,C++
20104,SQL
20104,R
20104,MATLAB
20105,Python
20105,C++
20105,Java
20106,C++
20106,Python
20106,SQL
20107,Python
20107,Javascript
20107,SQL
20108,Python
20108,Bash
20108,Julia
20108,R
20108,SQL
20109,Python
20109,C
20110,SQL
20110,Python
20111,Python
20111,C
20113,Java
20113,Python
20113,Javascript
20113,C#
20113,SQL
20114,Python
20115,Python
20115,C++
20115,Bash
20116,SQL
20116,Python
20117,Python
20118,Go
20118,Java
20118,Javascript
20118,SQL
20118,Python
20119,Javascript
20119,SQL
20119,Python
20120,Python
20120,SQL
20120,C++
20120,Javascript
20120,PHP
20121,Python
20121,Javascript
20121,PHP
20122,SQL
20122,C
20122,Python
20122,C++
20122,Julia
20122,Javascript
20123,Python
20124,Python
20125,Python
20125,C++
20125,MATLAB
20126,MATLAB
20126,R
20126,Python
20127,SQL
20127,C#
20127,Java
20127,Python
20127,Bash
20128,Python
20128,C++
20128,Javascript
20129,Javascript
20129,Python
20130,Java
20130,Javascript
20130,Python
20131,SQL
20131,Javascript
20131,Python
20131,Java
20131,C
20132,C#
20132,MATLAB
20132,Javascript
20132,Java
20132,Python
20132,PHP
20132,C++
20132,SQL
20134,Python
20135,C
20135,Python
20137,C++
20137,C#
20137,C
20138,SQL
20138,Python
20140,Python
20141,Java
20141,R
20141,SQL
20141,C
20142,R
20142,Python
20143,SQL
20143,C#
20143,Python
20144,R
20144,SQL
20144,Python
20146,C#
20146,Python
20146,SQL
20147,Python
20148,SQL
20148,Python
20149,Python
20149,SQL
20150,MATLAB
20151,SQL
20152,Python
20153,SQL
20153,Other
20153,Python
20154,C
20154,Java
20154,C++
20154,Python
20154,Bash
20155,SQL
20155,C++
20155,Python
20155,Bash
20157,C++
20157,Python
20157,Java
20158,Python
20158,Other
20159,C
20159,Python
20159,C++
20160,R
20160,SQL
20160,Python
20160,C#
20161,Python
20162,SQL
20162,R
20162,Python
20162,C
20163,SQL
20163,Python
20164,Python
20164,Javascript
20164,R
20164,SQL
20164,Go
20164,Java
20164,C#
20165,Python
20166,C
20166,SQL
20166,Javascript
20167,Python
20168,Python
20168,C
20168,C++
20169,Python
20169,SQL
20169,Bash
20169,Java
20169,Javascript
20169,R
20170,Python
20171,C
20171,SQL
20171,MATLAB
20171,C++
20172,Other
20172,Python
20172,R
20173,Python
20174,Python
20175,Python
20176,SQL
20176,Javascript
20176,Python
20176,C#
20177,Python
20178,C++
20178,Python
20178,Javascript
20178,Java
20178,SQL
20178,PHP
20179,Python
20179,C++
20181,Java
20181,Python
20181,C
20183,Python
20184,Python
20184,R
20184,SQL
20185,SQL
20185,Python
20186,MATLAB
20186,Python
20186,R
20186,C++
20186,Bash
20187,R
20187,SQL
20187,Python
20188,C
20188,Python
20188,Java
20188,PHP
20189,Python
20190,Python
20191,C
20191,Python
20191,Javascript
20192,Python
20192,Java
20192,R
20192,MATLAB
20192,SQL
20192,Other
20192,C#
20192,C
20192,C++
20194,Python
20194,Go
20194,Bash
20194,Javascript
20195,Python
20195,SQL
20196,C++
20196,Python
20196,Java
20197,SQL
20197,Go
20197,R
20197,Python
20197,MATLAB
20197,Bash
20198,Python
20198,SQL
20199,SQL
20199,R
20200,Python
20200,R
20201,C++
20201,C
20201,Python
20202,MATLAB
20202,SQL
20202,Python
20203,Python
20203,SQL
20203,C
20204,SQL
20204,Bash
20204,Python
20204,C++
20204,C
20204,R
20205,Python
20205,SQL
20205,R
20206,Bash
20206,C++
20206,Python
20206,MATLAB
20206,C
20207,SQL
20207,Python
20209,Python
20209,SQL
20210,SQL
20210,Python
20211,C#
20211,Python
20211,Javascript
20214,C++
20214,SQL
20214,C
20214,Python
20215,Python
20215,C++
20215,Java
20215,C
20216,SQL
20216,C++
20216,Python
20217,Python
20218,C
20218,MATLAB
20218,Python
20219,Python
20219,Javascript
20220,Javascript
20220,C++
20220,C
20220,SQL
20220,Python
20221,Bash
20221,C++
20221,C
20221,SQL
20221,Python
20222,Python
20222,SQL
20223,SQL
20223,Python
20224,SQL
20224,Python
20225,R
20225,Python
20225,Other
20225,SQL
20226,C
20226,Python
20226,C++
20227,C++
20227,C
20227,SQL
20227,Python
20227,Javascript
20229,Python
20229,R
20229,Bash
20229,MATLAB
20230,Bash
20230,SQL
20230,Python
20231,Python
20232,Python
20232,SQL
20234,Python
20234,Java
20234,SQL
20235,Python
20235,Java
20235,R
20235,Javascript
20235,C++
20235,PHP
20235,SQL
20236,Other
20236,R
20237,C
20237,Python
20237,C++
20237,C#
20237,Javascript
20238,SQL
20238,C++
20238,C
20238,Python
20238,R
20239,PHP
20239,Javascript
20239,Python
20239,C++
20239,SQL
20239,C
20240,Java
20241,Python
20242,C++
20242,Python
20242,Javascript
20242,C
20243,Java
20244,MATLAB
20244,SQL
20244,Java
20244,R
20244,C++
20244,Javascript
20244,Python
20244,C#
20244,Go
20245,C#
20245,PHP
20245,Javascript
20245,Python
20246,Python
20247,C#
20247,PHP
20247,Java
20248,SQL
20248,Python
20249,Python
20249,SQL
20249,Other
20249,Javascript
20250,C#
20251,R
20251,Python
20252,Python
20253,Python
20254,MATLAB
20254,R
20254,Python
20255,Python
20255,SQL
20256,Python
20256,SQL
20256,R
20257,C++
20257,Python
20258,Python
20258,C++
20258,SQL
20259,C
20259,Python
20259,Bash
20259,C++
20260,R
20260,Python
20260,SQL
20261,Python
20262,Other
20262,MATLAB
20262,Python
20262,R
20263,R
20263,Python
20267,Python
20267,Javascript
20268,Python
20269,SQL
20269,Python
20270,Python
20270,SQL
20270,Javascript
20270,MATLAB
20270,R
20271,C
20272,Julia
20272,Python
20273,Python
20274,SQL
20274,Python
20275,R
20275,SQL
20276,Python
20277,C++
20277,C
20277,Python
20278,Python
20278,SQL
20278,C
20278,Javascript
20278,C++
20278,Bash
20279,C++
20279,R
20279,SQL
20279,Python
20280,Python
20280,C
20280,R
20281,Python
20282,Python
20282,SQL
20283,SQL
20283,Python
20283,C++
20283,R
20284,SQL
20284,MATLAB
20284,R
20284,Python
20285,SQL
20285,Python
20285,Julia
20286,Python
20287,SQL
20287,Python
20288,Python
20289,Python
20290,Julia
20290,Python
20290,C++
20292,R
20292,Python
20292,SQL
20294,Python
20295,Python
20295,C++
20296,Python
20297,Python
20297,SQL
20298,Python
20299,C++
20299,SQL
20299,Python
20301,R
20302,Java
20302,Python
20302,C++
20303,MATLAB
20303,C
20303,Python
20303,C++
20305,Python
20305,R
20305,SQL
20306,Java
20306,MATLAB
20306,Python
20308,SQL
20308,C#
20308,Python
20308,Java
20308,C++
20309,Python
20310,Python
20310,C#
20311,R
20311,Python
20312,Other
20312,R
20313,Java
20313,MATLAB
20313,SQL
20313,C
20313,C++
20313,Python
20315,Java
20315,SQL
20315,Python
20317,C
20317,C#
20317,Python
20318,R
20318,Bash
20318,Python
20319,SQL
20319,Java
20319,Python
20320,R
20320,SQL
20320,Python
20322,Python
20322,R
20323,Python
20323,SQL
20323,C
20324,C++
20324,Python
20324,C
20325,Javascript
20325,Python
20325,Java
20325,SQL
20326,Python
20328,Python
20329,Python
20330,Python
20331,R
20331,Python
20332,Python
20332,MATLAB
20332,R
20333,R
20333,Python
20334,C++
20334,R
20334,C
20336,Python
20337,Go
20337,C++
20338,Java
20339,MATLAB
20339,C
20339,Python
20340,Python
20340,SQL
20340,R
20341,Python
20342,SQL
20342,Bash
20342,Python
20343,Other
20343,Python
20344,Python
20345,Go
20345,MATLAB
20345,Other
20345,Bash
20345,SQL
20345,C
20345,Javascript
20345,Julia
20345,Java
20345,R
20345,C#
20345,Python
20345,C++
20345,PHP
20346,SQL
20346,Python
20347,Python
20347,Javascript
20347,Java
20348,Javascript
20348,Java
20349,Python
20349,Javascript
20350,Python
20350,R
20352,C++
20353,Python
20354,Javascript
20354,SQL
20356,R
20356,Python
20357,Python
20357,R
20358,C++
20358,Python
20358,SQL
20360,C
20360,SQL
20362,Python
20362,R
20362,SQL
20363,C
20363,SQL
20363,Python
20364,Python
20365,Java
20365,C
20366,R
20366,Python
20366,Java
20366,C
20366,Javascript
20367,Python
20367,SQL
20367,C++
20367,Bash
20368,SQL
20368,Python
20368,Bash
20369,SQL
20369,Javascript
20369,R
20370,Python
20370,SQL
20371,Python
20372,Python
20372,SQL
20372,R
20373,MATLAB
20373,Python
20374,SQL
20374,Java
20374,Other
20374,C++
20374,Python
20374,C
20375,Python
20375,Java
20375,SQL
20376,Python
20376,Java
20376,Javascript
20377,Python
20377,R
20377,Java
20382,C++
20382,Javascript
20382,SQL
20382,R
20382,Python
20383,R
20383,Javascript
20383,Julia
20383,Python
20385,R
20385,Python
20385,SQL
20387,SQL
20387,C#
20387,Javascript
20387,PHP
20388,SQL
20388,C
20388,Java
20388,Python
20388,Julia
20388,C++
20388,MATLAB
20391,C
20391,C++
20392,Python
20393,Python
20393,Other
20394,C
20394,Python
20394,C++
20394,SQL
20395,SQL
20395,R
20395,Python
20396,Bash
20396,Javascript
20396,Python
20397,R
20397,SQL
20398,Java
20398,SQL
20398,PHP
20398,Python
20398,Javascript
20402,Python
20402,Java
20404,C++
20404,C
20404,Java
20406,Java
20406,C++
20407,Python
20408,R
20409,MATLAB
20409,Java
20409,Python
20409,C++
20410,SQL
20411,Python
20412,SQL
20412,Python
20413,Python
20413,SQL
20414,SQL
20414,R
20414,Python
20415,Python
20416,C++
20416,Java
20416,Other
20416,Python
20416,SQL
20416,Javascript
20417,SQL
20417,Python
20419,SQL
20419,C++
20419,Javascript
20419,C
20419,Python
20420,Python
20420,SQL
20421,Python
20421,PHP
20421,SQL
20421,C++
20422,SQL
20422,Python
20423,SQL
20423,C#
20423,Python
20423,Javascript
20424,Python
20425,SQL
20425,Python
20426,Python
20428,R
20428,SQL
20428,Python
20429,C++
20429,Python
20430,Python
20431,Python
20432,C
20432,Python
20433,Java
20433,Python
20433,SQL
20434,R
20434,C#
20434,Go
20434,SQL
20434,Python
20434,Javascript
20435,C#
20435,Python
20437,Python
20437,SQL
20438,C
20438,C++
20438,Python
20439,C
20440,Python
20442,Python
20443,Java
20443,Javascript
20443,Python
20443,SQL
20443,Other
20443,C++
20444,Python
20444,SQL
20444,C
20445,C
20445,Python
20446,Javascript
20446,Go
20446,Other
20446,SQL
20446,Python
20447,Java
20448,Python
20448,SQL
20449,Python
20449,SQL
20450,Python
20450,SQL
20450,Java
20452,C
20452,Python
20452,SQL
20453,Javascript
20453,Python
20454,Java
20454,R
20454,SQL
20454,Python
20454,Other
20455,SQL
20455,Python
20456,SQL
20456,Python
20457,Python
20458,R
20458,SQL
20458,Python
20458,Other
20459,Python
20459,Java
20460,Python
20460,C++
20460,C
20461,Javascript
20461,R
20461,SQL
20461,Python
20462,Python
20463,Java
20464,Java
20464,PHP
20464,SQL
20464,Javascript
20465,SQL
20465,Python
20466,Python
20466,R
20467,C++
20467,Python
20467,C
20467,Javascript
20469,Other
20469,Java
20469,C++
20469,C
20469,MATLAB
20470,Python
20470,R
20470,Java
20471,C
20471,C++
20471,SQL
20471,PHP
20472,C
20472,Javascript
20472,C#
20472,Python
20474,R
20474,SQL
20474,Python
20475,C++
20475,Python
20475,Java
20475,Javascript
20475,R
20475,C
20475,SQL
20476,Python
20476,Javascript
20478,C++
20478,C
20478,SQL
20478,Python
20479,Javascript
20480,Bash
20480,Python
20480,C++
20482,Python
20482,Javascript
20482,SQL
20483,MATLAB
20484,Python
20484,Java
20484,SQL
20484,R
20485,Javascript
20485,Java
20486,Python
20486,C++
20486,Java
20486,C
20487,C
20487,SQL
20488,Python
20488,SQL
20489,PHP
20489,SQL
20489,Javascript
20489,C
20490,SQL
20490,Python
20491,R
20491,SQL
20491,Python
20492,SQL
20492,C
20492,Java
20492,Python
20492,C++
20493,Python
20493,R
20493,SQL
20494,Python
20494,C++
20495,Python
20495,Javascript
20496,Python
20497,Javascript
20497,Python
20497,Java
20498,SQL
20498,Python
20499,SQL
20499,Python
20500,Python
20500,C++
20501,Python
20501,R
20501,SQL
20501,Other
20502,Python
20502,SQL
20504,Python
20504,C
20505,Python
20506,C++
20507,Python
20508,SQL
20508,PHP
20509,Python
20509,SQL
20510,R
20510,SQL
20510,C++
20510,Python
20511,C++
20511,Python
20511,C
20512,R
20512,SQL
20512,Python
20513,Python
20513,R
20513,SQL
20513,Java
20514,SQL
20514,Python
20514,Java
20514,Javascript
20515,Javascript
20515,Python
20516,Python
20517,Python
20517,SQL
20517,R
20518,Javascript
20518,PHP
20518,MATLAB
20518,Python
20519,Python
20520,Java
20520,Python
20520,SQL
20521,Javascript
20521,Python
20522,PHP
20522,Python
20523,Other
20523,R
20524,Python
20525,R
20525,Python
20525,SQL
20526,Python
20528,R
20528,MATLAB
20528,Python
20529,PHP
20529,Python
20529,SQL
20529,Bash
20530,SQL
20530,Python
20531,Python
20531,Bash
20531,PHP
20531,SQL
20533,Other
20533,C++
20533,Bash
20533,C#
20535,R
20537,C#
20537,SQL
20537,Python
20537,Javascript
20538,Python
20538,SQL
20539,C
20539,Python
20539,SQL
20540,Java
20540,Python
20540,C
20542,C++
20543,Python
20543,R
20545,SQL
20545,Python
20545,Java
20546,MATLAB
20546,R
20546,Java
20546,SQL
20546,Python
20546,C++
20546,C
20548,Java
20548,Python
20549,Python
20549,C++
20549,C
20549,SQL
20550,Other
20550,Python
20550,Java
20550,PHP
20550,C++
20551,Python
20551,Java
20551,C++
20552,C++
20552,Python
20553,C
20553,Python
20553,SQL
20553,MATLAB
20553,C++
20553,Java
20555,SQL
20555,Python
20556,Python
20556,SQL
20557,Python
20558,Javascript
20558,Python
20558,SQL
20558,C
20558,PHP
20559,Python
20559,C++
20560,Python
20561,Python
20561,SQL
20561,C++
20561,MATLAB
20561,R
20562,Python
20562,R
20564,Other
20564,Python
20565,C++
20565,Java
20566,C++
20567,Python
20567,C++
20568,PHP
20568,Python
20568,Other
20568,C++
20569,SQL
20569,Python
20570,Python
20570,SQL
20570,Javascript
20571,Javascript
20571,Java
20571,Python
20572,Python
20572,R
20572,SQL
20573,Python
20573,SQL
20574,Python
20574,Javascript
20574,PHP
20574,C
20574,Java
20574,SQL
20575,Java
20575,SQL
20575,Javascript
20576,Python
20576,SQL
20577,SQL
20577,Javascript
20577,Python
20578,R
20578,Python
20578,Java
20579,C++
20579,Python
20580,C#
20580,SQL
20580,Other
20580,Python
20580,Javascript
20581,Python
20582,Javascript
20582,Python
20583,MATLAB
20583,R
20584,SQL
20584,Python
20584,Javascript
20585,Python
20585,C++
20586,Python
20586,R
20587,Python
20587,SQL
20588,Java
20590,SQL
20590,C#
20590,Java
20590,R
20590,PHP
20590,Go
20590,Bash
20590,Python
20590,C
20590,Javascript
20590,C++
20591,Python
20592,Python
20593,R
20594,PHP
20594,Python
20595,C#
20596,SQL
20596,Python
20597,C++
20597,SQL
20597,Python
20598,Python
20598,Java
20598,Javascript
20598,Go
20599,Bash
20599,SQL
20599,Javascript
20599,Python
20599,PHP
20601,C#
20601,SQL
20601,Java
20601,C++
20601,Python
20603,Python
20603,Javascript
20604,R
20605,Python
20606,SQL
20606,R
20606,Python
20607,Python
20608,Python
20608,C++
20610,Python
20610,C#
20610,SQL
20611,Python
20611,R
20613,Python
20613,Java
20613,C++
20613,C
20613,MATLAB
20614,PHP
20615,Python
20615,R
20615,C++
20616,SQL
20616,Java
20616,R
20616,Python
20617,Python
20618,Python
20619,Java
20619,Python
20620,Python
20621,SQL
20621,Java
20621,C#
20621,R
20621,Javascript
20621,Python
20621,PHP
20622,Python
20622,Other
20622,SQL
20622,Bash
20623,C++
20623,Python
20624,Python
20625,Java
20625,Javascript
20625,Python
20626,Java
20626,C++
20626,C
20626,Javascript
20626,SQL
20626,Python
20627,Java
20627,Python
20627,SQL
20628,C#
20628,Javascript
20628,Java
20628,MATLAB
20628,C++
20628,Python
20628,C
20629,Python
20629,C++
20630,Python
20630,SQL
20630,Javascript
20630,Java
20630,C++
20630,C
20631,Python
20633,C#
20633,Python
20634,Python
20636,C
20636,PHP
20636,Python
20636,SQL
20636,Javascript
20636,C++
20637,Python
20637,Bash
20637,Julia
20637,Go
20638,SQL
20638,Python
20638,R
20639,Python
20639,C++
20640,C
20640,R
20640,Python
20641,Python
20642,Python
20642,Bash
20643,SQL
20643,Python
20643,MATLAB
20644,Python
20645,Javascript
20645,R
20645,Python
20645,SQL
20648,SQL
20648,R
20648,Python
20649,SQL
20649,R
20649,Python
20650,Python
20651,R
20651,PHP
20651,MATLAB
20651,Julia
20651,Python
20651,SQL
20652,Python
20652,R
20652,SQL
20653,Python
20653,R
20653,SQL
20653,C
20653,MATLAB
20654,Python
20656,MATLAB
20656,SQL
20656,R
20656,Python
20657,Python
20657,SQL
20657,Javascript
20658,C#
20658,C++
20658,Javascript
20658,C
20658,SQL
20658,Python
20658,Other
20659,Python
20660,Python
20660,C++
20661,Java
20661,C
20661,SQL
20661,Python
20661,C++
20662,Python
20662,R
20663,MATLAB
20663,Go
20663,Python
20663,C
20665,Python
20665,SQL
20665,R
20666,R
20666,Python
20666,C
20667,Python
20667,SQL
20667,R
20668,SQL
20668,C++
20668,Java
20668,Python
20668,PHP
20668,Javascript
20669,Python
20669,SQL
20670,SQL
20670,Javascript
20670,Bash
20670,C++
20670,C#
20670,Python
20670,Go
20670,PHP
20670,MATLAB
20670,C
20670,Java
20670,Julia
20671,Python
20672,R
20672,Python
20672,SQL
20673,Python
20674,Python
20674,SQL
20675,Javascript
20675,PHP
20675,Java
20675,C
20675,SQL
20675,Python
20678,Python
20681,Python
20683,R
20683,C++
20683,SQL
20683,Python
20684,R
20684,SQL
20684,C#
20684,Python
20684,C
20684,Javascript
20684,Bash
20684,PHP
20684,Java
20684,C++
20685,Java
20685,SQL
20685,Python
20686,C++
20686,Python
20687,C++
20687,Javascript
20687,SQL
20687,Java
20687,PHP
20687,Bash
20687,Python
20688,SQL
20688,Python
20689,Python
20690,Python
20690,MATLAB
20692,MATLAB
20692,Python
20692,SQL
20693,C++
20693,C
20693,Python
20694,SQL
20694,Python
20695,SQL
20695,Python
20697,Python
20698,Python
20699,Python
20699,Javascript
20700,C
20700,Python
20701,SQL
20701,R
20701,Python
20702,Python
20702,C++
20702,C
20702,Javascript
20703,SQL
20703,Python
20703,R
20704,SQL
20704,R
20705,Python
20705,SQL
20707,MATLAB
20708,MATLAB
20708,C++
20708,Python
20709,Python
20710,Python
20710,R
20710,SQL
20710,Other
20711,SQL
20711,C
20711,MATLAB
20711,Javascript
20711,Python
20711,PHP
20711,C#
20711,C++
20712,Python
20713,Python
20713,Other
20713,Java
20714,C++
20714,C
20714,Python
20715,C++
20715,Java
20715,SQL
20716,R
20716,SQL
20716,Python
20717,Javascript
20717,SQL
20717,Java
20717,Python
20718,Python
20718,SQL
20719,Python
20719,MATLAB
20719,C
20719,C++
20720,SQL
20720,Python
20720,C++
20721,Javascript
20721,Python
20722,Python
20722,Bash
20722,SQL
20723,Javascript
20723,Other
20723,Python
20724,Python
20724,SQL
20724,C
20724,R
20725,SQL
20725,Python
20726,SQL
20726,C
20726,R
20726,Python
20726,MATLAB
20726,Bash
20728,Python
20730,Python
20731,SQL
20731,Python
20731,C
20731,C++
20732,R
20732,PHP
20732,Python
20732,C
20733,C
20733,Python
20733,SQL
20734,SQL
20734,R
20734,Python
20735,Python
20736,Python
20736,R
20737,C++
20737,R
20737,Python
20737,MATLAB
20739,R
20739,Python
20739,SQL
20742,MATLAB
20742,C++
20742,Python
20743,Python
20744,Python
20744,SQL
20745,Python
20747,Python
20747,MATLAB
20747,C#
20748,C++
20748,C
20748,Python
20749,C
20749,Python
20750,Python
20750,R
20750,SQL
20751,C#
20751,Python
20752,C
20752,Python
20752,Bash
20752,Java
20753,MATLAB
20753,R
20753,Other
20754,Java
20754,Go
20754,C++
20754,C
20754,Javascript
20755,Python
20755,SQL
20756,Python
20756,Other
20757,SQL
20757,R
20758,Python
20759,Javascript
20759,SQL
20759,PHP
20760,Python
20761,SQL
20761,Python
20762,SQL
20762,C#
20762,Javascript
20763,Python
20764,Javascript
20764,Python
20764,SQL
20764,Bash
20765,Java
20766,Python
20767,SQL
20767,Python
20767,Bash
20768,Python
20768,R
20769,Python
20769,SQL
20770,Python
20771,SQL
20771,Python
20774,Python
20774,SQL
20775,C++
20775,Python
20776,Python
20777,C++
20778,MATLAB
20778,SQL
20778,Python
20778,Bash
20779,Other
20779,R
20779,SQL
20779,Python
20780,Python
20780,C
20780,SQL
20781,SQL
20781,C
20781,Java
20781,Python
20782,SQL
20783,Python
20784,Python
20784,SQL
20785,R
20785,SQL
20786,Bash
20788,Python
20788,SQL
20788,Bash
20789,Python
20789,SQL
20790,Python
20791,Python
20791,SQL
20792,SQL
20792,Python
20793,Python
20794,Python
20794,SQL
20794,PHP
20795,Python
20796,Python
20796,SQL
20797,C
20797,Java
20797,Python
20798,Python
20798,R
20798,C
20799,SQL
20799,Javascript
20799,C++
20799,Python
20800,Python
20801,Python
20801,Java
20801,SQL
20802,C++
20802,Java
20802,Python
20802,C
20803,Java
20803,Other
20803,SQL
20803,Javascript
20804,R
20804,Javascript
20804,SQL
20804,Python
20805,Python
20805,SQL
20806,Python
20806,C++
20807,SQL
20808,MATLAB
20808,R
20808,Python
20808,C++
20809,Javascript
20809,PHP
20810,Python
20810,SQL
20810,Julia
20811,SQL
20811,Python
20812,C++
20812,Javascript
20813,MATLAB
20813,Python
20814,Python
20814,C
20814,R
20814,Java
20815,Python
20815,Bash
20816,Java
20816,C++
20816,C
20816,Python
20817,SQL
20817,Python
20817,Javascript
20818,Python
20818,SQL
20819,SQL
20819,C
20819,Python
20819,Java
20819,C++
20820,Python
20821,SQL
20821,Python
20821,PHP
20821,Other
20823,Python
20823,SQL
20825,Python
20825,SQL
20826,Python
20826,MATLAB
20828,R
20828,SQL
20828,Python
20828,C#
20829,Python
20830,PHP
20830,Python
20830,Javascript
20831,SQL
20831,Python
20832,SQL
20832,Other
20833,Java
20833,Python
20834,Other
20834,Bash
20834,C++
20834,R
20834,Julia
20834,Python
20835,Python
20837,SQL
20837,Bash
20837,Python
20837,MATLAB
20838,Bash
20838,C
20838,Python
20838,Java
20840,Julia
20841,Javascript
20841,Python
20841,MATLAB
20842,C++
20842,Java
20842,SQL
20842,Javascript
20842,Python
20843,Python
20843,Go
20843,R
20843,Javascript
20844,C++
20844,C
20844,Python
20844,C#
20844,Javascript
20845,Python
20845,SQL
20846,Python
20847,Javascript
20847,Python
20848,SQL
20848,Python
20849,Python
20849,SQL
20850,Javascript
20850,Python
20850,Other
20850,SQL
20850,R
20850,Java
20850,PHP
20851,R
20852,R
20852,SQL
20852,Python
20854,MATLAB
20854,C++
20854,Python
20855,Python
20856,Python
20857,R
20859,SQL
20859,R
20860,C
20860,Python
20860,Java
20861,Python
20861,SQL
20862,Python
20862,C++
20862,C
20863,Python
20864,Bash
20864,PHP
20864,Python
20865,Python
20865,Javascript
20866,SQL
20866,Python
20867,SQL
20867,Python
20867,C++
20868,Javascript
20868,SQL
20869,R
20869,Python
20870,Python
20870,C
20870,Java
20871,Other
20872,SQL
20872,Java
20872,Python
20873,Python
20874,Python
20877,R
20878,C
20878,Python
20878,C++
20879,C
20879,C++
20880,C#
20880,Python
20880,SQL
20880,R
20880,C++
20881,Python
20881,MATLAB
20881,C++
20881,SQL
20882,SQL
20882,Python
20882,PHP
20882,Java
20883,Python
20884,R
20884,Python
20884,SQL
20885,Java
20885,Javascript
20885,Python
20886,R
20886,Python
20887,C++
20887,Python
20887,SQL
20887,C
20887,C#
20887,Java
20887,Javascript
20888,Python
20888,MATLAB
20888,SQL
20890,PHP
20890,R
20890,SQL
20890,Python
20890,Java
20890,MATLAB
20890,C
20891,Julia
20891,R
20891,MATLAB
20891,SQL
20891,Javascript
20891,PHP
20891,Python
20892,Python
20893,R
20894,SQL
20894,Java
20895,R
20895,SQL
20895,Python
20896,C
20896,Python
20897,C
20897,Python
20897,C++
20898,Javascript
20898,C
20898,MATLAB
20898,Python
20899,Java
20900,SQL
20900,C++
20900,Java
20900,Python
20901,Python
20901,R
20903,Python
20903,SQL
20903,R
20904,Python
20904,SQL
20905,Python
20906,Python
20907,Python
20908,SQL
20908,Python
20908,Javascript
20909,SQL
20909,Python
20911,Python
20912,MATLAB
20912,SQL
20912,Python
20912,C
20913,Bash
20913,Javascript
20913,PHP
20913,Python
20914,Javascript
20915,C++
20915,Python
20915,Javascript
20915,Java
20916,Python
20916,SQL
20919,Java
20919,C
20919,Python
20919,C++
20920,Python
20921,Python
20921,C
20921,R
20922,Javascript
20922,C#
20923,C#
20923,PHP
20923,Python
20924,Python
20926,Java
20926,Bash
20926,Python
20927,C++
20927,C
20927,Python
20928,C
20928,C#
20928,Javascript
20928,SQL
20928,Bash
20928,MATLAB
20928,Java
20928,C++
20928,PHP
20928,Python
20929,SQL
20929,Python
20930,C
20930,Python
20930,MATLAB
20930,C++
20931,C++
20931,PHP
20931,Python
20931,Javascript
20932,SQL
20932,Python
20932,R
20932,Other
20933,SQL
20933,Java
20933,Python
20934,Python
20934,C#
20934,SQL
20935,Python
20936,SQL
20936,Python
20937,Python
20938,C
20938,Python
20938,Java
20938,C++
20940,Python
20941,Python
20943,Python
20944,Other
20944,Java
20945,Python
20945,PHP
20945,Javascript
20946,MATLAB
20946,Python
20946,Java
20948,R
20948,SQL
20949,Python
20949,SQL
20950,Java
20950,Python
20950,SQL
20950,Javascript
20951,Python
20951,MATLAB
20952,SQL
20952,R
20952,Other
20952,Python
20952,Javascript
20953,Javascript
20953,Python
20954,Python
20955,Other
20956,Java
20956,Python
20956,C
20957,Javascript
20957,Python
20957,SQL
20957,C#
20958,SQL
20958,MATLAB
20958,R
20958,Javascript
20958,Python
20959,Python
20960,Javascript
20960,Python
20960,PHP
20961,Python
20961,SQL
20962,Java
20962,Python
20962,C
20962,SQL
20964,R
20964,Java
20964,SQL
20964,Python
20965,R
20965,Other
20966,Python
20966,SQL
20966,C++
20967,Python
20967,R
20967,SQL
20968,C++
20968,C
20968,Java
20968,Python
20970,SQL
20970,Python
20971,Java
20971,SQL
20972,Java
20973,C#
20973,Python
20974,Python
20974,MATLAB
20975,R
20975,SQL
20975,Python
20975,C#
20976,C
20976,Python
20977,C++
20978,Python
20979,SQL
20979,Python
20981,Python
20981,SQL
20982,Python
20982,MATLAB
20983,Python
20983,SQL
20983,R
20983,MATLAB
20984,SQL
20984,Python
20985,Python
20985,Bash
20985,SQL
20985,Javascript
20986,SQL
20986,Python
20987,R
20987,Python
20988,C++
20988,Javascript
20988,C#
20988,SQL
20988,C
20988,Python
20988,Java
20989,R
20989,Go
20989,Bash
20989,SQL
20989,Python
20990,Other
20990,R
20990,Javascript
20990,Python
20991,Python
20991,MATLAB
20992,Python
20993,Python
20993,R
20993,SQL
20994,SQL
20994,R
20994,Python
20995,SQL
20996,Python
20996,Java
20997,Python
20997,R
20998,Python
20998,MATLAB
20998,C
20998,C++
20999,C++
20999,SQL
20999,Python
20999,C
21000,Julia
21001,Python
21001,MATLAB
21001,Bash
21001,C++
21001,Java
21002,Python
21003,MATLAB
21003,C
21003,SQL
21005,C++
21005,Python
21006,R
21006,Python
21007,Java
21007,Javascript
21007,Python
21008,MATLAB
21008,C++
21008,Python
21010,Python
21010,R
21011,R
21011,Python
21013,Python
21014,Java
21014,C++
21014,Python
21015,R
21016,MATLAB
21016,R
21016,C
21016,Python
21016,C++
21016,Java
21019,Python
21019,Bash
21021,Javascript
21021,SQL
21021,C++
21021,Python
21022,Javascript
21022,Python
21022,PHP
21023,Other
21024,Javascript
21024,Python
21024,SQL
21024,C#
21025,Java
21025,C
21025,Python
21026,SQL
21026,Python
21026,R
21027,Python
21027,SQL
21027,R
21027,C
21028,Other
21028,Python
21029,MATLAB
21029,Java
21029,PHP
21029,SQL
21029,R
21029,Python
21030,C++
21030,C
21030,SQL
21030,Python
21032,Python
21034,Python
21034,Java
21035,Java
21035,Python
21036,Python
21036,C#
21037,SQL
21037,Python
21038,SQL
21038,Python
21040,R
21041,Python
21041,R
21042,C
21042,MATLAB
21042,Python
21042,C++
21043,MATLAB
21044,Python
21044,SQL
21045,C#
21045,SQL
21046,Python
21047,Python
21047,SQL
21048,C
21048,Python
21048,C++
21049,C++
21049,Python
21050,MATLAB
21050,Python
21052,Python
21052,C++
21053,SQL
21053,Python
21054,R
21055,MATLAB
21055,Javascript
21055,C++
21055,C
21055,Python
21056,C
21056,C++
21056,Python
21056,Java
21057,C++
21057,C
21057,Python
21057,SQL
21057,Java
21058,Python
21059,Python
21060,C++
21060,R
21060,Other
21060,C
21060,Python
21060,Java
21060,C#
21060,MATLAB
21061,Python
21062,C
21062,SQL
21062,C++
21062,Java
21062,Python
21062,Bash
21062,C#
21063,R
21063,Python
21063,Java
21063,MATLAB
21063,Other
21063,C++
21063,C
21064,Javascript
21064,Python
21064,Bash
21064,SQL
21065,Java
21065,Python
21066,MATLAB
21066,SQL
21066,Python
21067,R
21067,Python
21067,Javascript
21067,SQL
21068,Javascript
21068,Python
21068,Java
21069,Other
21069,Python
21071,Python
21071,SQL
21071,R
21072,Python
21073,C++
21073,Python
21073,C
21074,Python
21074,C++
21076,Python
21077,Python
21078,Python
21079,Python
21080,C++
21080,PHP
21080,C
21080,Javascript
21080,Java
21081,Python
21081,Java
21081,C#
21082,Python
21082,C#
21082,SQL
21082,PHP
21084,C++
21084,R
21084,Java
21084,MATLAB
21084,C
21084,Python
21087,MATLAB
21087,Python
21089,R
21089,SQL
21089,Python
21092,R
21092,Python
21093,Javascript
21093,Python
21094,Python
21094,R
21094,Java
21095,Python
21096,Other
21096,Python
21096,SQL
21097,Python
21097,SQL
21097,R
21098,C++
21098,Javascript
21098,SQL
21098,Python
21099,Python
21099,R
21099,SQL
21100,Java
21100,C++
21101,C++
21101,Python
21101,Javascript
21101,SQL
21101,C
21101,Bash
21101,Java
21102,Python
21103,Python
21104,Python
21105,Python
21106,Python
21106,C++
21106,Bash
21106,C
21107,Python
21108,Python
21108,SQL
21108,C++
21108,Java
21109,R
21109,Python
21109,C#
21109,Bash
21109,SQL
21110,Python
21111,Python
21112,Python
21112,SQL
21113,Java
21113,SQL
21113,Python
21113,R
21114,C
21114,Python
21115,Python
21116,Python
21116,SQL
21119,R
21119,Python
21119,C
21119,SQL
21120,Python
21120,Bash
21122,MATLAB
21124,R
21125,C
21125,Bash
21125,Python
21125,C++
21126,Python
21126,Bash
21127,C
21127,Java
21127,Python
21127,R
21127,C++
21128,Go
21128,C
21128,Python
21128,C++
21129,Python
21130,Python
21130,MATLAB
21131,R
21131,PHP
21131,Python
21131,SQL
21132,Python
21133,Python
21134,SQL
21134,C++
21134,Python
21134,C
21135,Python
21136,Java
21136,Python
21137,C++
21137,C
21137,Python
21138,Python
21138,Java
21139,Python
21139,C++
21140,Python
21140,MATLAB
21141,R
21141,Java
21141,Javascript
21141,Python
21141,SQL
21142,SQL
21142,Other
21143,Java
21143,Python
21145,Python
21145,Bash
21146,SQL
21147,SQL
21147,C++
21147,Python
21147,Java
21147,Other
21148,R
21148,Python
21148,C++
21148,Java
21148,Javascript
21149,C++
21149,C
21149,Bash
21149,R
21149,Python
21151,SQL
21151,Python
21151,Go
21151,Java
21152,R
21152,SQL
21154,Python
21154,SQL
21154,Other
21155,R
21155,SQL
21155,Java
21155,Python
21156,Bash
21156,Python
21156,Other
21156,SQL
21157,Python
21157,SQL
21157,R
21158,PHP
21158,Python
21158,MATLAB
21158,C
21158,C++
21158,Java
21158,Javascript
21160,R
21160,Python
21161,Python
21161,SQL
21163,R
21163,Python
21164,C
21164,Python
21165,Python
21165,C
21165,MATLAB
21166,Python
21166,C#
21166,Javascript
21167,Python
21167,PHP
21167,Java
21167,SQL
21167,Javascript
21168,Python
21169,MATLAB
21169,Python
21169,SQL
21170,R
21170,SQL
21170,C++
21171,C
21171,C++
21171,Python
21172,Python
21173,Python
21173,SQL
21174,C++
21174,Python
21174,SQL
21176,Other
21177,SQL
21177,Python
21177,R
21178,Java
21178,SQL
21179,Python
21179,SQL
21180,SQL
21180,Python
21180,Bash
21181,Java
21181,Python
21181,C++
21182,Python
21182,MATLAB
21183,Python
21183,SQL
21184,C++
21184,Java
21184,Python
21184,Javascript
21184,SQL
21185,Javascript
21185,SQL
21185,C
21185,C#
21185,Python
21185,PHP
21185,R
21185,Java
21186,SQL
21186,R
21186,Python
21187,Javascript
21187,PHP
21187,R
21187,SQL
21187,Python
21187,MATLAB
21188,SQL
21188,Python
21188,C#
21189,SQL
21189,C++
21190,R
21190,Python
21190,SQL
21191,Python
21192,Python
21193,MATLAB
21193,Python
21193,Go
21193,C#
21193,PHP
21193,Java
21193,Javascript
21194,Python
21195,Javascript
21195,PHP
21196,Python
21198,PHP
21198,C
21198,Javascript
21198,C++
21198,Python
21199,R
21199,SQL
21200,C
21201,Python
21201,R
21201,SQL
21202,Javascript
21202,SQL
21202,Python
21203,Javascript
21204,Python
21204,R
21205,Javascript
21205,Java
21205,Python
21205,C
21205,C++
21207,C++
21207,SQL
21207,C
21207,MATLAB
21207,Python
21208,Other
21208,Python
21209,Java
21210,Python
21211,SQL
21211,Python
21212,Python
21212,R
21213,SQL
21213,Python
21213,Bash
21214,Python
21214,SQL
21215,Other
21215,Go
21215,Python
21215,C++
21216,SQL
21216,Python
21217,Javascript
21217,C++
21218,R
21218,Julia
21218,Python
21220,SQL
21220,C
21221,Python
21221,Javascript
21222,C#
21222,Javascript
21222,Java
21222,C
21222,R
21222,Python
21222,C++
21222,SQL
21222,PHP
21223,Java
21223,PHP
21223,SQL
21223,Python
21223,C
21224,C++
21224,Python
21224,SQL
21224,Java
21224,C#
21224,Javascript
21224,PHP
21226,Python
21227,Other
21227,Python
21228,Python
21228,C#
21229,Python
21230,SQL
21230,Python
21231,C++
21231,Python
21231,R
21232,SQL
21232,R
21232,Python
21234,Python
21234,SQL
21235,Python
21235,C++
21235,Javascript
21235,SQL
21235,Java
21235,R
21235,C
21235,MATLAB
21236,C++
21236,SQL
21236,Python
21237,Python
21237,SQL
21238,MATLAB
21238,C#
21238,Python
21240,Python
21240,SQL
21240,Java
21241,Java
21242,Python
21242,C++
21242,C#
21243,MATLAB
21243,R
21243,C
21243,Javascript
21243,C++
21243,Java
21243,Python
21243,Bash
21244,SQL
21244,Python
21244,C
21244,C++
21245,Python
21245,SQL
21245,C++
21246,Python
21247,C
21247,Python
21248,SQL
21248,Python
21249,Javascript
21249,Go
21249,Python
21250,R
21250,Python
21251,SQL
21252,SQL
21252,Python
21252,C
21253,R
21253,Python
21253,SQL
21254,SQL
21254,Python
21256,C#
21256,Javascript
21256,Python
21257,C
21258,C++
21258,Python
21258,C
21259,SQL
21262,SQL
21262,Python
21263,C++
21263,Python
21265,Python
21266,Python
21266,Java
21267,Python
21268,C++
21268,Python
21269,Bash
21269,SQL
21269,Python
21270,Python
21271,SQL
21271,Python
21272,SQL
21272,Python
21273,Python
21274,SQL
21275,Javascript
21277,SQL
21277,Java
21277,Python
21278,Python
21278,Javascript
21279,MATLAB
21279,Python
21280,Python
21280,Bash
21281,Python
21282,Python
21284,C#
21284,Python
21285,Python
21285,R
21286,SQL
21286,Python
21287,Python
21288,Javascript
21288,SQL
21289,SQL
21289,Python
21290,SQL
21290,Python
21290,Javascript
21290,MATLAB
21290,C++
21290,Java
21291,Python
21291,Other
21291,C
21292,Python
21293,Python
21293,R
21294,Python
21295,C++
21295,R
21295,C
21295,MATLAB
21295,Java
21295,Python
21295,SQL
21295,Javascript
21296,Other
21296,C++
21297,R
21297,SQL
21297,Python
21298,Julia
21298,Other
21298,Python
21300,R
21300,Python
21301,SQL
21301,R
21302,SQL
21302,Python
21302,R
21303,Java
21303,C
21303,Python
21303,MATLAB
21304,MATLAB
21305,Python
21305,SQL
21306,PHP
21306,SQL
21306,C
21306,Python
21307,Python
21307,C
21308,Javascript
21308,C++
21308,C
21308,PHP
21308,SQL
21308,Python
21309,SQL
21309,R
21309,Python
21309,Other
21311,SQL
21311,C++
21311,Python
21312,C#
21312,SQL
21312,Javascript
21312,Python
21313,MATLAB
21313,Java
21313,Python
21315,Python
21316,Python
21316,Java
21316,SQL
21316,C++
21317,Python
21317,MATLAB
21318,SQL
21318,Python
21319,C++
21319,MATLAB
21319,Python
21320,Java
21320,C
21321,Python
21321,R
21325,R
21325,Python
21326,SQL
21326,Java
21326,Python
21327,Python
21327,SQL
21328,Java
21328,Python
21328,Javascript
21329,R
21329,Python
21331,SQL
21331,Python
21331,R
21332,Python
21334,Python
21334,C++
21334,R
21334,MATLAB
21334,SQL
21335,Python
21335,R
21336,Python
21337,Python
21337,Javascript
21337,R
21337,Bash
21339,Python
21339,R
21339,C++
21339,Bash
21340,Python
21340,Javascript
21341,R
21341,Python
21342,Python
21343,Python
21343,C
21343,SQL
21344,SQL
21345,Python
21345,C++
21345,C
21345,Java
21346,PHP
21346,Java
21346,Python
21347,Python
21347,C++
21348,Javascript
21348,C++
21348,MATLAB
21348,C
21348,Python
21349,MATLAB
21351,Python
21351,Other
21351,SQL
21352,SQL
21352,Javascript
21352,Python
21354,Python
21354,C++
21356,SQL
21356,R
21356,Python
21357,Other
21357,SQL
21357,Python
21358,SQL
21358,Python
21358,C#
21359,Python
21359,SQL
21359,R
21360,Python
21360,SQL
21361,SQL
21361,Python
21361,R
21362,PHP
21362,Python
21362,SQL
21362,C++
21362,Javascript
21363,Javascript
21363,Julia
21363,Python
21363,C#
21364,Java
21364,Javascript
21364,PHP
21364,Python
21365,SQL
21365,Python
21365,Bash
21366,Python
21367,Bash
21367,R
21367,SQL
21367,Python
21368,Javascript
21368,Python
21370,MATLAB
21370,C++
21370,Python
21370,C
21370,R
21371,C
21371,MATLAB
21372,Other
21372,Python
21374,Python
21374,Java
21374,R
21376,Python
21376,Bash
21376,Javascript
21377,Python
21377,C
21379,Python
21380,C++
21380,Julia
21380,R
21380,Go
21380,Java
21380,C
21382,Javascript
21382,Python
21383,C++
21383,C
21383,C#
21383,R
21383,MATLAB
21384,Python
21385,C
21385,C++
21385,SQL
21386,C++
21386,SQL
21386,Java
21386,Python
21387,Python
21387,Bash
21387,R
21387,SQL
21388,PHP
21388,Python
21388,SQL
21388,Javascript
21389,Javascript
21389,C++
21389,Python
21390,SQL
21390,Python
21391,SQL
21391,Python
21392,SQL
21392,C#
21392,Javascript
21392,Python
21393,Python
21394,C
21394,Python
21395,SQL
21396,Python
21396,SQL
21399,SQL
21399,R
21403,Python
21403,C++
21403,C
21404,R
21404,C
21405,Python
21405,SQL
21406,SQL
21406,Python
21407,Python
21407,MATLAB
21408,Javascript
21408,C++
21408,SQL
21408,Java
21409,Python
21410,R
21410,SQL
21411,C++
21411,Javascript
21412,SQL
21412,Python
21413,Python
21414,Python
21414,Javascript
21415,Python
21416,C++
21416,Python
21416,R
21417,Python
21417,C
21418,Java
21418,Python
21419,Java
21420,Python
21422,Python
21423,C++
21423,C#
21423,MATLAB
21423,C
21423,Javascript
21423,Python
21424,C
21424,Python
21425,C++
21425,Python
21425,C
21426,Python
21427,Python
21427,SQL
21428,Python
21430,Python
21431,Python
21431,SQL
21432,Python
21434,SQL
21434,C#
21434,Python
21434,Other
21435,Python
21435,SQL
21436,SQL
21436,Python
21436,Java
21437,Python
21437,SQL
21438,Python
21438,Java
21439,Python
21440,Python
21440,C++
21440,Javascript
21441,Other
21441,Python
21442,Python
21444,Python
21446,Other
21447,SQL
21447,Python
21448,MATLAB
21448,R
21448,Python
21449,Python
21449,C++
21449,C#
21449,C
21449,Java
21450,SQL
21450,Python
21451,MATLAB
21451,Python
21452,Python
21452,C
21452,C++
21453,SQL
21453,Python
21453,C++
21454,SQL
21454,MATLAB
21454,C
21454,Javascript
21454,Python
21454,C++
21455,Python
21456,Python
21457,Bash
21457,Python
21457,C++
21457,Java
21458,Python
21458,Javascript
21458,Java
21459,Python
21460,PHP
21460,MATLAB
21461,SQL
21461,R
21461,C++
21461,Python
21462,C
21463,R
21463,Python
21464,Python
21465,Python
21465,R
21467,SQL
21467,Python
21469,Python
21470,Python
21470,Other
21470,SQL
21470,MATLAB
21471,Python
21471,R
21472,SQL
21472,Python
21472,R
21473,Python
21474,Python
21474,R
21474,SQL
21474,Bash
21474,Julia
21475,Python
21476,SQL
21476,Other
21477,R
21477,Python
21479,SQL
21479,C++
21479,Java
21479,Python
21480,Python
21481,Python
21481,SQL
21482,C++
21482,Python
21482,SQL
21483,MATLAB
21483,Python
21483,C
21484,SQL
21484,Python
21485,SQL
21485,Python
21486,R
21486,SQL
21486,Python
21487,Python
21487,SQL
21488,Python
21488,SQL
21488,R
21489,C#
21489,Python
21489,Java
21489,SQL
21490,SQL
21490,C#
21490,Python
21491,R
21491,Python
21492,Java
21492,MATLAB
21492,Python
21492,C++
21492,Bash
21493,Python
21493,R
21494,Python
21495,Python
21496,C#
21496,SQL
21496,Javascript
21498,Python
21499,C++
21499,Java
21499,Python
21501,C++
21501,Other
21501,Python
21501,Java
21502,C
21502,SQL
21503,C
21503,C++
21503,MATLAB
21503,Python
21503,R
21504,Java
21504,C
21504,Python
21505,Python
21505,SQL
21505,C++
21506,Python
21507,Python
21509,Python
21509,C++
21510,C++
21510,Python
21511,Python
21512,MATLAB
21512,Python
21512,Other
21513,SQL
21513,Python
21514,Python
21515,Python
21515,SQL
21515,Java
21516,Python
21516,SQL
21516,R
21517,Python
21517,Bash
21518,C++
21518,Python
21518,Javascript
21518,Java
21518,SQL
21520,Python
21521,SQL
21521,Python
21522,Python
21522,R
21522,SQL
21524,R
21524,Python
21524,SQL
21525,Python
21525,SQL
21526,SQL
21526,C#
21527,Python
21528,Python
21529,C#
21530,MATLAB
21531,Python
21531,C++
21533,Javascript
21533,SQL
21533,Python
21533,C++
21534,Other
21534,Java
21534,SQL
21534,Javascript
21534,Python
21535,Python
21535,SQL
21536,R
21536,Python
21536,SQL
21537,SQL
21537,Python
21537,Java
21539,SQL
21539,R
21539,Python
21540,Python
21541,MATLAB
21541,Python
21543,R
21543,SQL
21544,C++
21544,Java
21545,C++
21545,Javascript
21545,Java
21545,C#
21545,Python
21546,Julia
21546,R
21546,MATLAB
21546,Python
21547,Python
21547,SQL
21548,MATLAB
21548,C++
21548,C
21548,Python
21548,SQL
21549,Bash
21549,SQL
21549,Python
21550,Python
21550,SQL
21551,SQL
21551,Python
21552,Other
21552,Python
21552,C#
21552,SQL
21552,C++
21553,Javascript
21554,Java
21554,Python
21554,Bash
21555,Python
21556,R
21556,Python
21556,SQL
21556,Other
21557,Python
21557,SQL
21558,Other
21559,Python
21560,C++
21560,Java
21560,C
21561,Python
21561,Java
21561,C++
21562,Python
21562,SQL
21562,PHP
21564,C++
21564,C
21564,Python
21566,Python
21566,Java
21567,SQL
21567,Python
21568,Python
21569,C#
21569,PHP
21569,Python
21570,Python
21571,Python
21572,Python
21573,R
21573,Python
21573,SQL
21574,Go
21574,Python
21575,Javascript
21575,MATLAB
21575,Python
21575,SQL
21575,Java
21575,R
21575,C++
21576,Python
21576,Other
21578,MATLAB
21578,Python
21578,C++
21579,Java
21579,R
21579,PHP
21579,Python
21579,C
21579,Other
21579,C++
21579,MATLAB
21579,Bash
21579,Javascript
21579,SQL
21580,SQL
21580,C
21580,Python
21581,Python
21582,R
21582,Python
21582,SQL
21583,Python
21583,SQL
21583,R
21584,C
21584,C++
21584,Python
21585,Python
21586,Python
21586,C
21587,Python
21587,MATLAB
21587,C
21587,SQL
21587,C++
21588,SQL
21588,Python
21589,C#
21589,C
21589,SQL
21589,MATLAB
21589,C++
21589,Python
21589,PHP
21589,Javascript
21590,Python
21590,R
21591,SQL
21591,Python
21591,R
21592,Python
21592,R
21592,C
21593,Python
21593,SQL
21594,Python
21594,SQL
21595,SQL
21595,Python
21597,MATLAB
21597,Python
21598,Python
21598,SQL
21599,Javascript
21599,Python
21599,SQL
21599,C++
21600,Python
21600,Julia
21602,Other
21602,R
21602,SQL
21603,MATLAB
21603,Python
21603,R
21604,Other
21604,C#
21604,SQL
21604,Javascript
21604,Python
21605,Java
21606,Python
21606,SQL
21607,Python
21609,C++
21609,SQL
21609,MATLAB
21609,C
21609,Python
21610,SQL
21610,Other
21610,Python
21612,Python
21613,MATLAB
21613,C++
21613,Python
21613,SQL
21613,Javascript
21613,PHP
21613,Java
21614,Python
21615,SQL
21615,C
21615,C#
21615,Java
21615,MATLAB
21615,Other
21615,C++
21616,Python
21617,Python
21618,R
21618,SQL
21618,Python
21619,MATLAB
21619,C
21619,Java
21619,Python
21619,C++
21619,SQL
21621,Python
21621,Java
21621,C
21622,SQL
21622,Python
21623,Bash
21623,Python
21623,Javascript
21624,SQL
21624,Python
21624,PHP
21624,MATLAB
21625,Python
21625,C
21626,MATLAB
21626,C
21627,MATLAB
21627,Python
21628,Python
21628,SQL
21629,SQL
21629,MATLAB
21629,C
21629,C#
21629,Java
21629,Python
21629,Javascript
21630,Python
21630,Bash
21630,R
21630,SQL
21630,C++
21630,MATLAB
21630,Javascript
21631,Python
21631,R
21632,SQL
21632,Python
21633,Python
21633,C#
21633,Javascript
21634,SQL
21634,R
21634,Python
21635,SQL
21635,Python
21636,R
21637,SQL
21637,Java
21637,Python
21637,Javascript
21637,Bash
21638,Python
21638,SQL
21639,Python
21640,SQL
21640,Bash
21640,Python
21641,Python
21643,Javascript
21644,Python
21645,Python
21645,SQL
21646,Python
21646,SQL
21647,Java
21647,Python
21647,Other
21647,C++
21648,Python
21649,Java
21649,R
21649,Python
21649,SQL
21650,Python
21651,Python
21652,Java
21652,Python
21652,PHP
21653,C
21653,Python
21653,MATLAB
21654,C++
21656,C++
21656,Python
21657,MATLAB
21657,Julia
21657,Python
21658,Python
21658,C
21659,Python
21661,Python
21661,SQL
21662,SQL
21662,Python
21664,Python
21665,SQL
21665,Javascript
21665,C
21665,Python
21665,Java
21666,Python
21666,C
21668,Java
21668,Javascript
21668,Python
21668,Bash
21669,Python
21669,Go
21669,Javascript
21669,C#
21670,MATLAB
21670,C
21670,Python
21671,Java
21671,SQL
21671,Python
21671,R
21672,MATLAB
21672,Other
21672,SQL
21672,R
21672,Python
21672,Java
21673,Python
21673,Javascript
21673,C
21673,C++
21674,Python
21675,Python
21675,Javascript
21675,C
21675,C++
21676,Python
21676,C
21676,MATLAB
21677,Python
21677,SQL
21678,SQL
21678,Python
21678,Other
21679,Python
21681,Python
21681,SQL
21681,R
21682,C
21682,MATLAB
21682,C++
21682,Python
21684,Bash
21684,Python
21685,Python
21686,SQL
21686,C
21686,R
21686,Python
21686,Java
21687,Python
21687,C++
21688,SQL
21688,Python
21689,Python
21689,MATLAB
21689,C++
21689,C
21690,C
21690,C++
21690,Python
21690,Java
21691,R
21691,SQL
21692,PHP
21692,R
21692,SQL
21692,C++
21692,Python
21693,MATLAB
21693,SQL
21693,Python
21694,C
21694,Python
21694,C++
21695,Python
21696,MATLAB
21696,C++
21696,C
21696,Python
21697,R
21697,Python
21698,Javascript
21698,Python
21699,Python
21700,Python
21700,C++
21701,R
21701,Python
21701,SQL
21702,C++
21702,Python
21702,C
21702,R
21702,SQL
21702,Java
21702,PHP
21703,Bash
21703,C++
21703,C#
21703,Python
21703,Javascript
21704,Python
21704,C++
21704,C
21704,MATLAB
21706,Python
21706,Bash
21706,SQL
21707,Python
21708,Python
21709,MATLAB
21709,Java
21710,Javascript
21710,Python
21711,Go
21711,Python
21711,Java
21711,Javascript
21713,C++
21713,SQL
21713,PHP
21713,R
21713,Julia
21713,Java
21713,Bash
21713,MATLAB
21713,Python
21713,Javascript
21713,C
21714,Other
21714,Python
21714,R
21714,MATLAB
21715,Python
21715,Bash
21715,Java
21716,Python
21716,Other
21716,SQL
21717,C++
21717,MATLAB
21717,Python
21717,C
21718,Other
21718,C++
21718,Python
21719,Python
21720,Python
21721,Python
21721,Javascript
21722,SQL
21722,Python
21723,Python
21723,Javascript
21723,Java
21724,Javascript
21724,SQL
21724,Python
21726,C++
21726,Bash
21726,Java
21726,Python
21726,SQL
21726,C
21726,MATLAB
21726,Javascript
21727,SQL
21727,R
21727,Python
21728,Python
21728,R
21728,SQL
21729,Python
21729,Bash
21729,Javascript
21730,C#
21730,SQL
21731,Python
21731,R
21731,SQL
21731,Javascript
21731,MATLAB
21732,Python
21732,SQL
21732,C
21732,C++
21734,Javascript
21734,Python
21734,PHP
21734,C++
21735,C
21735,MATLAB
21735,Java
21735,Python
21735,PHP
21735,C++
21735,SQL
21736,Python
21736,Java
21736,C
21736,R
21737,R
21738,C++
21738,SQL
21738,Python
21740,Python
21740,SQL
21741,Python
21741,SQL
21742,Java
21742,Python
21743,Python
21744,MATLAB
21744,Python
21745,Python
21746,R
21746,Python
21746,SQL
21747,C
21747,Javascript
21748,MATLAB
21748,C
21748,Python
21748,Java
21748,C++
21749,Python
21749,SQL
21750,R
21750,C++
21750,Bash
21750,Python
21751,Python
21752,Python
21753,Java
21753,C++
21753,C
21753,SQL
21753,Python
21753,Bash
21754,C++
21754,Python
21754,Java
21754,MATLAB
21755,Python
21756,Javascript
21756,Python
21757,SQL
21757,Python
21758,Python
21758,R
21758,Javascript
21758,PHP
21759,Python
21760,Python
21760,C++
21760,R
21762,Python
21763,Python
21763,R
21764,SQL
21764,C++
21764,R
21764,C
21764,Python
21765,C
21765,Python
21765,C++
21765,Javascript
21766,Python
21767,Java
21767,Javascript
21767,Python
21768,Java
21769,C
21769,C++
21769,Bash
21770,Python
21771,C++
21771,Python
21771,R
21771,SQL
21773,R
21773,Javascript
21773,Python
21773,C++
21773,MATLAB
21773,C
21774,Python
21774,SQL
21775,Javascript
21775,Python
21776,Java
21776,Javascript
21776,Python
21778,SQL
21778,Python
21779,Python
21780,R
21780,Python
21781,Java
21781,R
21781,Python
21781,Bash
21782,Python
21782,SQL
21783,SQL
21783,Python
21784,Python
21785,Java
21785,C
21787,MATLAB
21788,Python
21788,SQL
21788,R
21789,R
21789,Python
21790,C#
21790,Python
21790,SQL
21790,C++
21791,Python
21791,R
21791,SQL
21792,SQL
21792,Python
21793,Python
21793,SQL
21794,Python
21795,SQL
21795,Python
21795,R
21795,Julia
21795,Bash
21796,Javascript
21796,Python
21797,C
21797,Python
21797,C++
21798,Python
21798,SQL
21799,C++
21799,Python
21799,Julia
21799,Java
21799,SQL
21799,MATLAB
21799,R
21800,SQL
21801,SQL
21801,Python
21801,Java
21801,MATLAB
21802,Javascript
21802,Python
21802,SQL
21802,Bash
21803,Javascript
21803,Python
21803,C#
21803,Other
21803,Bash
21804,SQL
21804,Java
21804,C
21804,C#
21804,C++
21804,R
21804,Python
21805,SQL
21805,Other
21805,C++
21805,Java
21806,R
21807,Python
21807,SQL
21809,C++
21809,C
21809,Python
21810,Python
21811,Python
21812,Python
21812,SQL
21812,R
21813,Python
21815,Python
21816,Python
21816,C++
21817,C++
21817,SQL
21817,Python
21818,Python
21819,SQL
21819,C++
21819,Python
21820,Javascript
21820,Python
21820,Java
21821,Python
21821,SQL
21821,C
21822,Python
21823,Python
21823,Javascript
21823,SQL
21823,C#
21824,Python
21825,SQL
21825,C#
21825,C++
21825,MATLAB
21825,Python
21826,Javascript
21826,R
21826,Python
21826,Bash
21827,C
21828,Python
21828,R
21829,Python
21829,C++
21830,Java
21830,Python
21831,Python
21831,C++
21831,C
21832,SQL
21832,Java
21832,R
21834,Python
21835,Python
21836,C++
21836,Java
21836,Python
21836,C
21836,PHP
21837,Python
21838,R
21838,Python
21838,SQL
21839,MATLAB
21839,C++
21839,Javascript
21839,R
21839,PHP
21839,Python
21839,SQL
21839,Java
21840,Python
21840,SQL
21841,Python
21842,Python
21844,SQL
21844,Python
21844,C++
21844,C
21845,Python
21845,Javascript
21845,Java
21845,SQL
21845,C
21846,Javascript
21846,SQL
21846,C
21846,PHP
21846,C++
21846,Python
21846,C#
21847,C
21847,Python
21848,R
21848,Python
21848,SQL
21849,Python
21849,SQL
21849,R
21850,Python
21850,C++
21850,SQL
21850,C
21851,R
21851,MATLAB
21851,SQL
21851,Python
21852,R
21852,Python
21852,MATLAB
21852,C
21852,C++
21853,Python
21854,R
21854,C++
21854,Javascript
21854,C
21854,Python
21855,Python
21856,MATLAB
21856,Python
21856,C++
21857,Python
21857,SQL
21858,Python
21860,C
21860,Python
21860,C++
21861,Python
21861,R
21861,SQL
21862,Python
21862,SQL
21862,R
21863,Python
21863,R
21863,SQL
21864,Python
21864,SQL
21865,Python
21866,C
21866,C++
21866,MATLAB
21866,Python
21868,SQL
21868,Python
21869,SQL
21869,Python
21869,R
21871,Python
21872,Python
21872,MATLAB
21872,SQL
21872,C++
21873,Python
21874,Javascript
21874,C
21874,SQL
21874,Python
21874,R
21874,Go
21874,Bash
21875,C
21875,SQL
21875,C++
21875,Python
21876,SQL
21876,Python
21877,Python
21878,SQL
21878,C++
21878,Python
21879,Javascript
21879,Python
21880,Go
21880,Bash
21880,Python
21881,C++
21881,PHP
21881,Bash
21881,C
21881,SQL
21881,Javascript
21881,Java
21881,C#
21882,PHP
21882,R
21883,Python
21883,SQL
21884,Python
21885,R
21886,Python
21886,C#
21886,SQL
21886,Java
21887,Python
21888,SQL
21888,R
21888,Python
21889,Python
21889,MATLAB
21889,C++
21890,Java
21890,Python
21890,Javascript
21890,C#
21891,Python
21892,Javascript
21892,C#
21892,C
21892,SQL
21892,C++
21892,PHP
21892,Python
21893,C
21893,Python
21893,MATLAB
21896,SQL
21896,Python
21897,SQL
21897,Python
21897,R
21898,SQL
21898,R
21901,R
21901,Python
21902,Python
21902,MATLAB
21902,C++
21902,C
21903,Javascript
21904,Javascript
21904,C++
21904,PHP
21904,MATLAB
21904,SQL
21904,Python
21904,R
21904,Java
21905,Python
21906,C++
21906,Bash
21907,C#
21907,SQL
21907,PHP
21907,Python
21907,Java
21908,C++
21908,Python
21909,Python
21909,SQL
21910,SQL
21910,C
21910,C++
21910,Python
21911,R
21911,Python
21912,Java
21912,SQL
21912,Javascript
21912,Python
21913,MATLAB
21913,C
21913,Python
21914,SQL
21914,Python
21914,C#
21914,C
21914,MATLAB
21915,Python
21915,SQL
21915,R
21916,R
21917,Python
21919,C++
21919,Python
21919,C
21921,MATLAB
21921,SQL
21921,Python
21922,Python
21923,C++
21923,C
21923,Java
21923,SQL
21923,C#
21923,Python
21923,R
21923,MATLAB
21925,Python
21927,C
21927,C++
21928,R
21928,Python
21928,Bash
21929,PHP
21929,SQL
21929,Python
21929,Java
21929,C#
21929,C++
21929,Javascript
21929,R
21929,MATLAB
21930,Python
21930,C++
21930,R
21930,C
21930,SQL
21931,MATLAB
21931,Python
21932,Python
21932,Other
21932,SQL
21933,Python
21934,PHP
21934,C
21934,Python
21934,Java
21934,Javascript
21935,Python
21935,PHP
21936,MATLAB
21936,Python
21936,C
21938,C#
21938,Python
21938,MATLAB
21938,C++
21938,C
21938,Java
21939,Java
21939,Python
21940,Python
21941,R
21941,SQL
21941,Python
21942,Python
21942,SQL
21942,PHP
21942,Javascript
21942,Java
21942,C
21943,SQL
21943,R
21943,Javascript
21943,Python
21945,Python
21946,SQL
21946,PHP
21946,C
21946,Java
21946,Javascript
21946,Python
21946,Other
21947,SQL
21947,Python
21949,Python
21949,C++
21949,R
21949,MATLAB
21949,C
21950,Python
21950,SQL
21951,Python
21952,Python
21952,R
21952,MATLAB
21953,Python
21953,R
21953,C++
21953,C
21953,Java
21953,Javascript
21953,Bash
21953,SQL
21953,C#
21955,Javascript
21955,Other
21955,Bash
21955,SQL
21955,Java
21956,Python
21958,C++
21958,PHP
21958,Python
21959,Python
21959,C++
21960,Python
21961,C++
21961,Python
21963,MATLAB
21963,Python
21963,SQL
21963,R
21964,R
21964,Other
21964,Python
21964,SQL
21965,Python
21966,Python
21967,Other
21967,Python
21967,Javascript
21968,SQL
21968,Python
21969,Python
21969,Java
21969,R
21971,R
21971,SQL
21971,Python
21973,Python
21974,Python
21975,SQL
21975,Python
21976,MATLAB
21976,C++
21976,C
21976,SQL
21976,Python
21977,Bash
21977,R
21977,SQL
21977,Python
21978,C
21978,Java
21978,C++
21978,SQL
21978,MATLAB
21978,C#
21978,PHP
21978,Python
21979,Python
21980,Python
21980,C
21980,C++
21980,SQL
21980,MATLAB
21981,Python
21981,R
21981,C++
21982,Python
21982,SQL
21983,C#
21983,Python
21985,Python
21985,SQL
21986,R
21986,MATLAB
21986,C
21986,Python
21987,Python
21987,C++
21987,C#
21987,MATLAB
21987,SQL
21988,C
21988,C++
21988,Python
21989,SQL
21989,Javascript
21989,Python
21989,C#
21990,Java
21991,Javascript
21991,Java
21991,SQL
21991,C#
21992,R
21993,C
21993,Python
21993,C++
21993,Java
21994,Python
21994,SQL
21995,C
21995,Python
21996,Python
21996,C++
21997,C
21997,SQL
21997,Javascript
21997,Python
21997,C++
21998,Python
21998,MATLAB
21999,SQL
21999,Python
22000,R
22000,SQL
22000,Python
22001,Python
22001,SQL
22002,Java
22002,C
22002,Python
22003,PHP
22003,Python
22004,Python
22005,Javascript
22006,Python
22006,SQL
22007,Python
22008,PHP
22008,Javascript
22008,MATLAB
22008,Python
22008,SQL
22009,Python
22010,Python
22010,SQL
22011,Python
22012,Python
22013,Python
22013,R
22013,Java
22014,SQL
22016,C++
22016,Python
22017,Python
22018,C
22018,PHP
22018,MATLAB
22018,Python
22018,SQL
22019,R
22019,Python
22020,R
22020,SQL
22020,Python
22020,MATLAB
22021,C#
22021,C++
22021,R
22021,Java
22021,Python
22022,R
22022,Python
22023,Python
22026,SQL
22026,Python
22026,C++
22027,Python
22027,SQL
22028,SQL
22028,Python
22029,C++
22029,Python
22031,SQL
22031,Python
22031,Javascript
22032,Python
22033,C++
22033,Python
22034,Python
22035,R
22035,SQL
22035,Python
22035,PHP
22035,C#
22036,Python
22037,Python
22038,SQL
22038,Julia
22038,R
22038,Python
22039,SQL
22039,Python
22040,SQL
22040,Python
22041,Python
22041,SQL
22041,MATLAB
22042,Python
22044,C++
22044,Java
22044,C
22044,SQL
22045,Python
22045,R
22046,Java
22046,Python
22046,Javascript
22047,Python
22048,Other
22048,Python
22049,Python
22050,R
22050,SQL
22050,Python
22050,C
22050,Javascript
22051,Python
22051,SQL
22053,SQL
22053,Python
22054,SQL
22054,Javascript
22054,Python
22054,C#
22055,Javascript
22055,C++
22056,C++
22056,C#
22056,C
22056,Java
22056,Python
22056,MATLAB
22056,SQL
22057,Python
22058,Python
22058,SQL
22059,SQL
22059,Python
22060,Python
22060,C++
22061,SQL
22061,Python
22061,MATLAB
22062,Python
22063,C
22064,C#
22064,Python
22064,C++
22065,Python
22065,SQL
22067,Python
22068,Java
22068,C
22068,Python
22069,Java
22069,Javascript
22069,C++
22069,SQL
22069,Python
22070,Python
22071,Python
22071,C++
22073,SQL
22073,Python
22073,Bash
22074,Python
22074,R
22074,SQL
22074,Javascript
22074,PHP
22075,Python
22076,Other
22077,Python
22077,MATLAB
22077,R
22078,Python
22079,Python
22080,SQL
22081,Python
22081,Java
22082,Python
22083,Python
22084,R
22084,Julia
22084,Python
22085,Julia
22085,Javascript
22085,Python
22085,SQL
22086,C
22086,C#
22087,PHP
22087,R
22087,Python
22088,SQL
22088,Python
22089,Python
22089,Java
22090,C++
22090,Python
22092,MATLAB
22092,Python
22092,R
22093,C++
22093,Python
22095,R
22095,C++
22095,Python
22095,MATLAB
22095,C
22095,Other
22095,Java
22096,Python
22096,Java
22096,Go
22096,SQL
22096,Javascript
22097,Python
22098,MATLAB
22098,R
22098,Other
22098,Python
22099,R
22099,Python
22099,SQL
22101,R
22101,PHP
22101,Python
22101,SQL
22101,Java
22102,Other
22102,C
22102,SQL
22102,Python
22102,Java
22102,MATLAB
22102,C#
22102,R
22103,Bash
22103,SQL
22103,Python
22104,R
22105,Java
22105,C
22105,Javascript
22105,Python
22106,C#
22106,Python
22106,SQL
22107,Java
22107,MATLAB
22107,Python
22107,R
22110,SQL
22110,Python
22111,Python
22112,Java
22112,Javascript
22112,Python
22112,C++
22114,SQL
22114,Python
22115,Python
22116,Python
22116,Java
22117,Python
22117,MATLAB
22117,Javascript
22117,C
22117,C++
22117,SQL
22118,Python
22118,SQL
22119,Python
22122,Bash
22122,Python
22122,R
22122,SQL
22122,C++
22123,C
22123,Python
22124,Python
22124,SQL
22125,Bash
22125,Python
22126,Python
22126,Other
22126,Bash
22126,SQL
22128,Python
22129,Other
22129,Python
22130,Python
22130,SQL
22131,SQL
22131,Python
22132,Python
22132,C++
22134,Python
22135,C
22135,Other
22135,Python
22136,R
22137,C
22137,Python
22137,C++
22140,Python
22140,C++
22141,Python
22141,SQL
22141,C
22141,Java
22142,Python
22142,SQL
22143,Javascript
22143,C++
22143,Java
22143,MATLAB
22143,C
22143,Python
22144,Bash
22144,Python
22145,Other
22145,Python
22145,SQL
22146,SQL
22146,Python
22146,C
22147,Python
22148,Java
22148,Python
22149,Python
22149,C++
22150,SQL
22151,Python
22151,Javascript
22151,SQL
22151,C#
22152,Javascript
22153,Python
22154,Python
22154,SQL
22155,Python
22157,Python
22157,SQL
22158,R
22158,Python
22159,Python
22159,SQL
22160,Python
22160,C
22161,C++
22161,Python
22161,SQL
22161,Other
22161,MATLAB
22162,Python
22162,SQL
22163,Javascript
22163,Python
22163,Bash
22164,C++
22164,Java
22164,SQL
22164,Javascript
22166,SQL
22167,Python
22168,C++
22168,Python
22170,Python
22170,Javascript
22170,C++
22170,Java
22171,SQL
22171,Python
22173,Python
22173,SQL
22174,R
22174,Python
22174,SQL
22175,SQL
22175,Python
22176,C
22176,Python
22177,C
22177,Python
22178,R
22179,SQL
22179,Python
22179,C++
22179,C#
22180,SQL
22180,Python
22181,SQL
22181,Javascript
22181,C#
22182,Python
22183,C
22183,C++
22183,Python
22183,Java
22183,R
22184,Python
22185,R
22185,Other
22186,R
22186,Other
22186,Python
22186,SQL
22187,MATLAB
22187,Python
22187,C++
22189,PHP
22189,Python
22189,SQL
22189,R
22190,R
22190,MATLAB
22190,SQL
22190,Python
22191,C
22191,Python
22192,Python
22194,Python
22194,C++
22194,C#
22194,SQL
22194,Java
22195,Python
22196,SQL
22196,Python
22197,C
22197,Python
22197,R
22197,Bash
22197,C++
22197,SQL
22198,Python
22198,SQL
22199,Python
22199,Java
22199,Javascript
22199,Other
22199,SQL
22200,R
22200,Python
22200,C++
22201,Other
22201,Python
22202,Python
22202,Julia
22203,Python
22204,Python
22204,C++
22204,Java
22206,Python
22207,Other
22210,Python
22211,SQL
22211,Javascript
22211,Python
22212,R
22212,SQL
22213,Python
22213,Other
22214,Python
22214,R
22214,SQL
22215,C++
22215,SQL
22215,Java
22215,Python
22216,Python
22216,C
22217,Python
22218,Python
22218,Javascript
22218,SQL
22219,Python
22219,C
22219,PHP
22220,SQL
22220,C++
22220,Python
22221,Python
22221,SQL
22222,R
22222,Python
22222,SQL
22222,Java
22223,Python
22224,R
22224,C++
22224,MATLAB
22224,Python
22225,Java
22225,Python
22225,SQL
22225,C++
22227,R
22227,Python
22227,SQL
22228,Python
22228,SQL
22229,C++
22229,Python
22229,Javascript
22230,C
22230,Python
22230,Java
22230,SQL
22231,C
22231,Javascript
22231,Python
22231,Java
22231,SQL
22231,C++
22231,MATLAB
22233,Other
22233,Python
22234,C
22234,Javascript
22234,Python
22235,Python
22235,SQL
22235,R
22236,MATLAB
22237,Python
22238,R
22238,Javascript
22238,SQL
22238,Python
22238,C++
22239,Python
22240,SQL
22240,C++
22241,Python
22241,C++
22242,Python
22243,SQL
22243,Python
22244,Python
22245,R
22245,SQL
22245,Python
22248,Javascript
22248,R
22248,MATLAB
22248,SQL
22248,Julia
22248,Other
22248,Python
22248,PHP
22252,Javascript
22252,SQL
22252,Other
22252,Python
22252,Java
22253,Python
22254,Python
22256,Python
22257,Python
22258,Bash
22258,Python
22258,Other
22259,R
22259,Python
22260,Javascript
22260,R
22260,SQL
22261,Python
22262,SQL
22262,Other
22262,Python
22263,Python
22264,C
22264,Python
22264,C++
22267,Python
22268,Python
22268,SQL
22270,SQL
22270,Python
22270,Javascript
22270,Java
22270,Bash
22272,Python
22273,Javascript
22273,Python
22274,SQL
22274,R
22275,R
22275,SQL
22276,Python
22276,R
22277,C
22277,Bash
22277,MATLAB
22277,Java
22277,SQL
22277,Python
22279,SQL
22279,R
22279,Python
22279,Java
22279,C++
22281,SQL
22281,C
22281,Python
22282,Python
22284,Python
22285,Python
22285,SQL
22286,Java
22286,Javascript
22286,Python
22286,SQL
22288,Javascript
22288,Python
22289,Python
22289,C
22290,R
22291,Python
22291,SQL
22292,Other
22292,SQL
22292,Python
22294,C
22294,Java
22294,Python
22294,C++
22295,Java
22295,Python
22295,Bash
22296,C++
22296,Java
22296,Python
22296,SQL
22297,MATLAB
22297,Python
22297,R
22298,SQL
22299,Python
22300,SQL
22301,SQL
22301,Python
22302,C++
22302,Python
22303,Python
22304,Python
22304,R
22305,C++
22305,SQL
22305,Python
22306,C++
22306,Python
22307,Java
22307,SQL
22307,C
22307,Javascript
22307,Python
22307,C++
22308,R
22308,Python
22308,MATLAB
22310,Python
22311,SQL
22311,Python
22312,Python
22312,R
22312,SQL
22313,SQL
22313,Python
22315,Python
22315,Javascript
22315,SQL
22316,Python
22316,R
22316,C++
22316,SQL
22316,MATLAB
22316,C#
22317,Python
22318,Python
22318,R
22318,SQL
22320,Python
22320,C++
22323,Python
22324,Python
22324,R
22324,Other
22324,SQL
22325,R
22325,Python
22325,SQL
22326,R
22326,Python
22326,SQL
22329,Javascript
22329,C#
22329,Python
22330,Python
22330,SQL
22330,MATLAB
22331,Python
22331,C
22332,C#
22332,C++
22332,Java
22332,Python
22333,SQL
22333,Python
22333,Java
22334,Python
22335,Python
22335,C++
22336,SQL
22337,Python
22339,C++
22339,Python
22340,C#
22340,Javascript
22340,SQL
22340,Python
22341,Python
22342,Julia
22342,Python
22343,SQL
22344,R
22344,Python
22345,SQL
22345,Python
22346,Java
22346,Python
22346,C
22347,Python
22347,Other
22347,Javascript
22348,Python
22349,R
22349,Python
22350,Python
22351,R
22351,Other
22351,SQL
22351,Python
22352,C#
22352,Python
22352,C++
22352,C
22352,Javascript
22353,Javascript
22353,SQL
22353,PHP
22353,Java
22353,Python
22355,SQL
22355,Python
22355,R
22356,Python
22357,Java
22357,C++
22358,SQL
22358,Python
22358,R
22358,Other
22359,SQL
22359,Python
22359,R
22360,Python
22360,SQL
22361,Python
22361,C
22362,Python
22362,C
22362,R
22362,Other
22362,PHP
22363,C++
22363,Python
22363,C
22363,Javascript
22364,C
22364,Python
22365,SQL
22365,Other
22365,Java
22367,Javascript
22367,C++
22367,C#
22368,Javascript
22368,MATLAB
22368,Bash
22368,C++
22368,Python
22368,C
22369,Python
22370,Other
22371,R
22371,SQL
22371,Python
22373,Java
22373,Python
22374,SQL
22374,MATLAB
22374,Python
22375,SQL
22375,Python
22376,Python
22377,Java
22377,Python
22378,C++
22378,C
22378,Javascript
22378,Java
22378,SQL
22378,Python
22378,C#
22378,R
22379,Bash
22379,Javascript
22379,C++
22379,Java
22379,Python
22379,C#
22379,PHP
22379,SQL
22382,Javascript
22382,SQL
22382,Python
22382,Java
22383,SQL
22383,Python
22384,R
22384,Python
22384,Bash
22385,R
22386,Python
22386,R
22386,C#
22387,Python
22387,C#
22387,SQL
22388,SQL
22389,MATLAB
22389,Python
22389,C++
22389,SQL
22390,Python
22390,C++
22391,SQL
22392,Python
22393,C#
22393,Python
22393,SQL
22393,Javascript
22393,Java
22394,Python
22394,Java
22395,SQL
22395,R
22395,Python
22396,Other
22396,SQL
22396,Python
22396,PHP
22397,Javascript
22397,Python
22399,Javascript
22399,Python
22400,Python
22402,Python
22402,SQL
22404,SQL
22404,Python
22405,Python
22406,C#
22406,Python
22407,Javascript
22407,Python
22407,SQL
22407,R
22407,C#
22408,Python
22408,R
22409,SQL
22409,C
22409,C#
22409,Java
22409,Python
22410,SQL
22410,C
22410,R
22410,Java
22410,Python
22411,SQL
22411,Python
22412,Python
22413,C
22413,MATLAB
22414,C
22414,C++
22414,Python
22415,Python
22416,Java
22417,Python
22417,MATLAB
22418,SQL
22418,Python
22418,Java
22420,Python
22423,Python
22423,R
22424,Python
22425,R
22426,Python
22426,SQL
22427,Python
22428,SQL
22429,SQL
22429,Python
22429,R
22430,Bash
22430,Python
22431,Python
22431,SQL
22432,C++
22432,Python
22433,Python
22434,SQL
22434,Python
22436,Java
22436,Python
22437,Python
22437,Bash
22437,Javascript
22438,Javascript
22438,Python
22440,Python
22440,SQL
22441,SQL
22441,R
22441,Java
22441,Python
22442,R
22443,Javascript
22443,PHP
22443,SQL
22443,Python
22444,Java
22444,Python
22444,PHP
22444,SQL
22444,C++
22445,C++
22445,Python
22447,Python
22447,C#
22447,R
22447,SQL
22447,MATLAB
22447,C
22447,C++
22448,SQL
22448,Python
22448,Java
22450,SQL
22450,Python
22451,C++
22452,MATLAB
22452,R
22452,Python
22453,Python
22454,Python
22455,Python
22457,Python
22457,SQL
22458,PHP
22458,Javascript
22459,MATLAB
22460,R
22460,Python
22460,C
22460,SQL
22460,PHP
22461,SQL
22461,C++
22462,Python
22462,Java
22464,SQL
22464,Python
22465,R
22465,Julia
22466,SQL
22466,R
22466,Python
22467,Python
22468,SQL
22468,Python
22469,Python
22470,Bash
22470,MATLAB
22470,C
22470,Python
22472,C
22472,Python
22473,Python
22473,SQL
22474,Python
22474,R
22475,Python
22477,C
22477,SQL
22477,Python
22478,Python
22478,PHP
22478,Java
22478,Javascript
22478,C
22478,SQL
22478,C++
22479,MATLAB
22479,Python
22479,C
22479,SQL
22479,C++
22480,Python
22480,SQL
22481,Python
22482,Python
22483,C#
22483,R
22483,Java
22483,SQL
22483,MATLAB
22483,Python
22486,Python
22486,R
22487,Python
22489,Python
22490,Julia
22490,R
22490,Python
22490,SQL
22491,Java
22491,Python
22492,C++
22493,Python
22493,Java
22493,MATLAB
22493,C
22493,C++
22494,Python
22494,C
22494,Java
22494,MATLAB
22494,Javascript
22494,SQL
22494,Go
22494,C#
22494,PHP
22494,C++
22494,Other
22496,Javascript
22496,Python
22496,C++
22496,C#
22497,C++
22497,Python
22497,C
22498,SQL
22498,Python
22498,Javascript
22499,Python
22500,Python
22501,Python
22502,Javascript
22502,Python
22503,Python
22504,C++
22504,Python
22505,Python
22505,Javascript
22505,PHP
22505,SQL
22505,Other
22507,MATLAB
22507,Python
22508,SQL
22508,C++
22508,Python
22509,Python
22510,MATLAB
22510,C++
22510,Python
22510,C
22511,Python
22511,SQL
22512,SQL
22513,Python
22513,SQL
22513,R
22513,Javascript
22513,PHP
22513,MATLAB
22514,Python
22515,Python
22516,MATLAB
22517,C++
22517,Python
22517,C
22517,Java
22517,Go
22517,SQL
22517,Javascript
22518,Python
22518,R
22519,MATLAB
22519,Other
22521,Java
22521,Python
22521,SQL
22521,MATLAB
22522,Python
22523,Python
22524,R
22525,Python
22525,SQL
22525,Java
22525,Javascript
22525,C
22526,MATLAB
22526,Python
22527,Python
22527,Java
22527,SQL
22528,C#
22528,Python
22528,SQL
22529,Javascript
22529,SQL
22529,PHP
22529,Python
22530,SQL
22532,Python
22532,C++
22533,SQL
22533,Javascript
22533,Python
22533,PHP
22533,Other
22534,Python
22534,SQL
22535,C++
22535,Java
22535,Python
22536,Python
22537,SQL
22537,Python
22538,Python
22538,SQL
22539,Java
22539,Python
22540,SQL
22540,Python
22541,Python
22541,Javascript
22542,MATLAB
22542,Python
22542,R
22543,R
22543,SQL
22543,Python
22544,Python
22544,SQL
22545,Python
22546,Python
22547,C#
22547,Python
22548,Other
22548,SQL
22548,Python
22549,Python
22549,SQL
22550,Javascript
22550,Python
22550,C#
22551,C
22551,Javascript
22551,Bash
22551,SQL
22551,Go
22551,Python
22551,Java
22551,C++
22553,Python
22553,Java
22554,C++
22554,SQL
22554,Python
22555,SQL
22555,Python
22555,C#
22556,Python
22556,SQL
22557,Other
22557,Bash
22557,Python
22558,Python
22558,SQL
22559,Python
22559,MATLAB
22560,MATLAB
22560,Python
22560,C++
22561,PHP
22561,Python
22562,Java
22563,MATLAB
22563,Javascript
22563,Python
22563,R
22564,Python
22565,Python
22565,SQL
22565,R
22566,Python
22566,Java
22566,C++
22567,SQL
22568,MATLAB
22568,C++
22568,Python
22568,C
22569,C++
22569,Python
22569,C
22569,R
22569,Java
22569,SQL
22570,SQL
22570,Python
22571,R
22571,Python
22572,Javascript
22572,Java
22572,Python
22572,PHP
22573,Bash
22573,Java
22573,Python
22573,SQL
22574,Python
22575,Python
22576,SQL
22576,Python
22577,Python
22577,Javascript
22577,C++
22577,C
22577,Java
22577,PHP
22578,R
22578,SQL
22579,C++
22579,Python
22579,R
22579,Java
22580,Python
22581,Bash
22581,C#
22581,Java
22581,Javascript
22581,SQL
22581,Python
22581,C
22581,C++
22582,Python
22582,Java
22582,C++
22582,SQL
22582,C
22583,Javascript
22583,Python
22584,Python
22585,Python
22586,Python
22588,Other
22589,Python
22589,SQL
22590,Python
22590,C
22590,C++
22591,SQL
22591,C++
22592,Bash
22592,SQL
22592,Python
22593,Python
22593,SQL
22594,Python
22594,SQL
22594,Other
22595,Python
22596,C
22596,PHP
22596,Javascript
22596,Python
22596,Other
22596,Java
22596,C++
22596,SQL
22597,Python
22599,SQL
22599,Java
22599,Python
22599,Javascript
22600,Python
22601,Python
22602,Python
22603,SQL
22603,Python
22604,C
22604,SQL
22605,SQL
22605,Python
22606,C++
22606,Python
22606,SQL
22606,Javascript
22606,C
22606,Java
22606,Other
22607,C++
22607,R
22607,Python
22608,Python
22608,SQL
22608,R
22608,MATLAB
22609,SQL
22609,Python
22609,R
22610,SQL
22610,Python
22611,MATLAB
22611,Javascript
22611,Python
22613,Python
22614,Python
22614,R
22614,SQL
22615,R
22616,Python
22616,C++
22616,C
22617,Python
22618,Python
22619,Python
22619,MATLAB
22619,C
22620,Python
22620,SQL
22621,C
22621,Python
22622,Python
22622,C
22623,Python
22624,Python
22624,SQL
22624,R
22624,MATLAB
22625,C++
22625,Python
22626,Python
22627,Python
22627,C++
22627,Java
22627,C
22628,C++
22628,MATLAB
22631,Python
22631,SQL
22632,MATLAB
22632,R
22632,Python
22633,Python
22633,SQL
22634,Python
22634,SQL
22634,C++
22634,C
22635,SQL
22635,Java
22635,C
22635,C++
22635,MATLAB
22635,Python
22636,Python
22639,Python
22639,SQL
22640,SQL
22640,Python
22642,Python
22643,Python
22644,SQL
22644,R
22644,Python
22644,C++
22645,Javascript
22645,Python
22645,SQL
22645,Java
22647,Python
22647,SQL
22647,Javascript
22648,Python
22649,SQL
22649,Python
22651,C#
22651,Javascript
22652,SQL
22652,Python
22653,Python
22654,C
22654,Bash
22654,C++
22654,Python
22655,SQL
22655,R
22657,Python
22657,Java
22658,Python
22658,Other
22659,Python
22659,C++
22661,SQL
22661,PHP
22661,Javascript
22662,Python
22662,SQL
22662,MATLAB
22663,Other
22663,Java
22663,Javascript
22663,SQL
22664,SQL
22664,Python
22664,C++
22664,C
22666,Java
22666,Python
22666,Other
22667,SQL
22667,C++
22667,Python
22668,Other
22669,SQL
22669,Bash
22669,Python
22669,Javascript
22669,Java
22669,Go
22670,C#
22670,C
22670,MATLAB
22670,SQL
22670,Python
22671,Java
22671,C++
22671,Python
22671,C
22671,SQL
22672,SQL
22672,Python
22672,R
22673,MATLAB
22674,Python
22674,R
22674,MATLAB
22675,Python
22675,SQL
22676,Python
22676,R
22676,C++
22677,Python
22677,Java
22678,Python
22679,C
22679,Python
22680,R
22680,SQL
22680,Python
22680,Other
22681,Python
22681,Javascript
22681,C++
22681,SQL
22681,C
22682,Java
22682,SQL
22682,Python
22682,R
22683,Javascript
22683,C++
22683,Python
22684,Python
22686,SQL
22686,R
22686,Python
22686,Java
22687,R
22687,SQL
22687,Python
22688,SQL
22688,Python
22688,C++
22689,C#
22690,C++
22690,C
22690,Python
22690,R
22691,Other
22693,Python
22693,C
22693,C++
22694,Java
22694,Python
22695,Python
22696,C#
22696,Python
22697,C++
22697,Javascript
22697,MATLAB
22697,Python
22697,SQL
22697,Bash
22700,Javascript
22700,C++
22700,SQL
22700,C
22700,PHP
22700,Python
22701,Python
22701,SQL
22701,C++
22703,Python
22704,SQL
22704,Python
22704,C++
22705,SQL
22705,Bash
22705,R
22705,Python
22707,C#
22707,SQL
22707,Python
22709,Python
22709,SQL
22710,Python
22710,R
22711,R
22711,Python
22712,Javascript
22712,C#
22712,Java
22712,Python
22712,C++
22712,SQL
22713,R
22713,Python
22713,SQL
22714,Python
22715,Python
22715,Java
22716,SQL
22716,Python
22717,Javascript
22717,Python
22718,Java
22718,Go
22718,Other
22718,SQL
22719,C#
22719,C++
22719,SQL
22719,Python
22720,R
22720,Python
22721,R
22721,Javascript
22721,SQL
22721,Java
22721,PHP
22721,Python
22722,Python
22722,Other
22724,Python
22724,SQL
22725,SQL
22725,Python
22726,Python
22728,Python
22728,Go
22728,SQL
22728,R
22729,SQL
22729,Python
22730,Python
22730,Bash
22730,SQL
22730,Java
22730,C++
22730,Javascript
22731,Python
22733,C
22733,C++
22733,MATLAB
22733,Python
22734,Java
22734,Python
22734,C++
22735,Python
22735,SQL
22736,R
22736,Python
22737,R
22738,Python
22738,Other
22739,SQL
22739,Python
22739,PHP
22739,Javascript
22739,R
22740,Python
22740,SQL
22740,C++
22740,MATLAB
22741,Python
22742,MATLAB
22743,R
22743,Python
22743,Julia
22743,MATLAB
22744,SQL
22744,C++
22744,Python
22745,Python
22746,Javascript
22746,SQL
22746,PHP
22746,Python
22747,C
22747,R
22747,SQL
22747,Javascript
22747,Python
22748,Python
22748,Java
22749,Python
22749,C
22750,SQL
22750,Java
22750,C#
22750,Python
22751,Other
22751,Python
22751,MATLAB
22752,Python
22753,Python
22754,Python
22755,Javascript
22755,Java
22755,C#
22755,SQL
22755,PHP
22756,Python
22757,Python
22757,R
22757,C++
22758,SQL
22758,Python
22759,Python
22760,Python
22761,Python
22761,SQL
22763,Python
22763,Bash
22763,R
22764,SQL
22764,Python
22764,Javascript
22765,SQL
22765,Python
22765,R
22766,Other
22767,C++
22767,Python
22768,SQL
22768,Python
22768,C
22769,Python
22770,SQL
22770,Python
22770,Javascript
22773,Python
22774,C
22774,Java
22774,Python
22775,Java
22775,C++
22775,Python
22775,C
22775,SQL
22776,Python
22777,SQL
22777,Javascript
22777,Python
22777,PHP
22778,Python
22779,Python
22779,R
22780,Javascript
22780,C++
22780,Java
22780,SQL
22780,Bash
22780,C
22780,Python
22781,R
22782,PHP
22782,SQL
22782,Python
22783,C
22783,Javascript
22783,Java
22783,Python
22783,PHP
22783,C++
22783,SQL
22784,Python
22785,PHP
22785,Python
22785,Javascript
22785,SQL
22786,R
22786,SQL
22786,Python
22787,C
22787,Python
22788,R
22789,Python
22790,Java
22790,Python
22791,Python
22791,MATLAB
22792,SQL
22792,R
22792,Python
22793,SQL
22793,Python
22794,Python
22794,C++
22795,C++
22795,SQL
22795,Python
22795,R
22797,Bash
22797,C
22797,Python
22797,SQL
22798,Python
22799,Python
22799,R
22800,Bash
22800,SQL
22800,Python
22801,Java
22801,Javascript
22801,C#
22801,Python
22802,SQL
22802,Python
22803,Python
22803,SQL
22804,Python
22804,C
22806,SQL
22806,R
22806,Python
22807,Python
22807,C++
22807,C
22807,SQL
22808,MATLAB
22808,C++
22808,Java
22808,C
22809,Python
22809,SQL
22810,Java
22810,Javascript
22810,Go
22810,Python
22812,Other
22813,Python
22813,SQL
22814,C#
22814,C++
22814,Python
22815,SQL
22815,Python
22816,Javascript
22816,Python
22816,C
22816,C++
22817,Javascript
22817,Python
22818,C++
22818,Python
22819,SQL
22819,Javascript
22819,Python
22820,Javascript
22820,SQL
22821,Python
22821,C#
22821,MATLAB
22822,Python
22823,Python
22823,SQL
22823,Bash
22824,C++
22824,Python
22825,Other
22825,Python
22826,Python
22827,Python
22827,R
22828,C++
22828,Python
22828,Java
22829,Python
22831,Python
22832,Javascript
22832,Python
22832,Java
22834,R
22835,Python
22836,C++
22836,C
22837,MATLAB
22837,Python
22838,Python
22838,Java
22840,Javascript
22840,Python
22841,C++
22841,Python
22842,Python
22842,PHP
22843,Python
22843,Java
22844,C
22844,SQL
22844,Java
22844,Javascript
22844,Python
22844,C++
22844,MATLAB
22844,PHP
22845,Python
22845,C++
22846,Python
22847,Other
22847,Python
22847,C++
22847,C
22847,Bash
22848,SQL
22848,R
22848,Python
22850,Javascript
22850,Python
22850,SQL
22851,C++
22851,C
22852,Python
22852,SQL
22853,Python
22853,SQL
22853,Other
22853,C#
22854,Java
22854,MATLAB
22854,Javascript
22854,Python
22855,C
22855,R
22855,SQL
22855,Python
22855,C++
22856,Python
22856,SQL
22857,Python
22857,SQL
22858,PHP
22859,MATLAB
22859,C++
22859,Python
22860,R
22860,C++
22860,SQL
22860,C
22861,MATLAB
22861,Python
22861,C++
22862,Java
22862,Python
22862,PHP
22862,SQL
22863,Python
22863,C++
22863,Java
22863,C
22864,Python
22864,R
22865,R
22866,Python
22866,C++
22866,MATLAB
22867,Python
22867,Other
22867,R
22867,C#
22867,PHP
22867,SQL
22869,Python
22869,R
22869,MATLAB
22869,Bash
22870,C++
22870,Java
22870,PHP
22870,C
22870,Javascript
22870,Python
22871,Python
22871,PHP
22871,Javascript
22871,Other
22872,Python
22872,SQL
22873,C
22873,Java
22873,Python
22873,C++
22873,SQL
22874,R
22874,Python
22874,C
22874,C++
22875,SQL
22875,Java
22875,Javascript
22875,Python
22876,R
22876,SQL
22876,Python
22876,MATLAB
22877,Python
22877,SQL
22879,Python
22879,SQL
22879,Java
22880,Python
22880,Bash
22880,SQL
22881,Java
22881,Python
22882,C++
22882,Python
22882,C
22883,Python
22883,Javascript
22884,C++
22884,Python
22885,MATLAB
22885,SQL
22885,R
22885,Python
22886,Python
22887,C#
22887,C
22887,Java
22887,Python
22887,MATLAB
22888,SQL
22888,Python
22889,Python
22890,Python
22891,Python
22892,C++
22892,SQL
22892,Python
22892,R
22892,C
22893,Python
22893,SQL
22894,R
22894,Python
22894,SQL
22895,SQL
22895,Javascript
22895,Python
22895,Other
22896,C
22896,Python
22897,C++
22897,Bash
22897,Python
22897,R
22897,SQL
22898,Python
22899,SQL
22899,Python
22899,Java
22900,C
22900,Python
22900,Bash
22901,Bash
22901,Python
22901,SQL
22902,R
22902,Python
22902,SQL
22903,MATLAB
22903,Python
22903,C++
22903,C
22904,R
22904,SQL
22904,MATLAB
22904,C++
22904,Python
22904,C#
22904,C
22905,Python
22905,SQL
22905,Javascript
22906,Python
22907,Python
22907,Bash
22907,SQL
22908,SQL
22908,Python
22908,Java
22908,C
22908,C++
22909,Python
22909,C++
22909,C
22909,SQL
22910,SQL
22910,R
22911,SQL
22911,Python
22912,Python
22913,C
22913,Python
22913,C++
22914,Python
22915,SQL
22915,Python
22915,R
22917,SQL
22917,Python
22918,Python
22918,Julia
22918,Bash
22919,C++
22919,Python
22919,SQL
22920,C#
22920,Bash
22920,SQL
22920,Javascript
22920,Java
22920,C++
22921,Python
22921,C#
22921,C
22921,Bash
22921,SQL
22921,MATLAB
22922,R
22922,Python
22923,SQL
22923,Java
22923,Python
22923,PHP
22925,Python
22926,Python
22926,Java
22926,C++
22928,Python
22928,SQL
22929,Python
22930,SQL
22931,Python
22932,Python
22934,C++
22934,Java
22934,C
22934,Python
22934,C#
22934,Javascript
22935,SQL
22935,Python
22936,Other
22936,SQL
22937,Python
22937,R
22938,Python
22939,Other
22939,SQL
22939,Javascript
22940,Python
22940,SQL
22941,Python
22942,Python
22943,Python
22944,SQL
22944,C
22944,Python
22944,Java
22944,C++
22945,SQL
22945,Python
22946,C++
22947,SQL
22947,C
22947,Python
22947,C++
22947,PHP
22947,Java
22948,SQL
22948,R
22949,Python
22950,SQL
22950,Python
22951,Python
22951,Javascript
22951,R
22951,SQL
22951,C++
22952,Python
22953,Python
22953,SQL
22954,Python
22954,SQL
22954,R
22955,Python
22955,SQL
22955,C
22955,C#
22955,PHP
22955,C++
22956,Python
22957,MATLAB
22957,SQL
22957,Python
22958,Python
22958,R
22958,SQL
22959,C++
22959,Python
22960,Python
22961,Python
22962,SQL
22962,Python
22963,Python
22963,Java
22964,Python
22964,SQL
22965,Other
22965,Python
22966,C
22966,SQL
22966,Python
22967,MATLAB
22967,R
22967,Python
22968,Python
22968,MATLAB
22969,Python
22969,SQL
22970,Python
22972,MATLAB
22972,Python
22973,Python
22973,SQL
22973,C
22975,Java
22975,SQL
22975,Python
22976,C++
22977,SQL
22977,C
22977,Python
22977,Java
22978,Python
22978,SQL
22979,Bash
22979,PHP
22979,C++
22979,Java
22979,MATLAB
22979,Python
22979,C
22979,Javascript
22979,R
22979,SQL
22979,C#
22980,Python
22981,Python
22982,Python
22983,R
22983,Python
22983,SQL
22984,Other
22985,Python
22986,SQL
22986,Python
22987,Python
22987,C++
22988,R
22988,Python
22989,SQL
22989,Go
22989,Bash
22989,Python
22989,Javascript
22990,Python
22991,Python
22992,Python
22992,Java
22992,SQL
22993,C#
22993,C++
22993,SQL
22993,Python
22993,C
22993,Java
22994,R
22994,Python
22995,MATLAB
22995,Python
22996,Python
22996,SQL
22997,Bash
22997,Python
22998,PHP
22998,SQL
22999,C++
22999,Python
23000,Java
23000,SQL
23000,Python
23000,C
23001,Java
23001,C#
23001,Javascript
23001,Python
23002,SQL
23002,Java
23002,Python
23003,SQL
23003,Bash
23003,R
23003,MATLAB
23003,Python
23003,C++
23004,Python
23004,SQL
23005,Bash
23005,SQL
23005,Javascript
23005,Python
23005,PHP
23007,Python
23007,MATLAB
23007,SQL
23008,R
23008,Python
23009,MATLAB
23009,Python
23010,Python
23010,C++
23011,C#
23011,Java
23011,Python
23012,Python
23012,Bash
23013,SQL
23013,Python
23013,Java
23014,SQL
23015,SQL
23015,Python
23016,Python
23017,R
23017,Python
23017,SQL
23018,Python
23019,Python
23019,R
23020,C++
23020,MATLAB
23020,SQL
23020,Python
23021,Python
23021,C
23021,C++
23022,C++
23022,Python
23023,MATLAB
23023,Python
23023,SQL
23023,R
23024,SQL
23027,C++
23027,Python
23028,Python
23029,SQL
23029,Other
23029,Java
23029,Javascript
23029,Python
23030,R
23030,Python
23030,SQL
23031,Java
23031,R
23031,Python
23031,C
23032,Java
23032,Python
23032,R
23033,C++
23033,Python
23034,Python
23035,R
23035,SQL
23036,SQL
23036,PHP
23036,Python
23036,Javascript
23037,C++
23037,Python
23038,Python
23039,SQL
23039,Python
23040,C++
23040,Python
23040,SQL
23041,C
23041,Python
23042,MATLAB
23042,Python
23044,Python
23044,Java
23045,Python
23046,Python
23046,Other
23046,C
23047,R
23047,SQL
23047,Python
23047,Java
23048,Javascript
23048,SQL
23048,Python
23048,C
23050,Python
23051,Python
23051,SQL
23051,R
23052,Java
23052,SQL
23052,C
23052,Python
23052,C++
23052,Javascript
23052,C#
23052,PHP
23053,Javascript
23053,SQL
23053,PHP
23053,Python
23053,Bash
23054,Python
23055,SQL
23055,Python
23056,Javascript
23056,C
23057,C
23057,Javascript
23057,R
23057,Bash
23057,Python
23058,Go
23058,Python
23058,SQL
23059,Python
23059,SQL
23060,Python
23062,SQL
23062,Python
23063,R
23063,Python
23063,MATLAB
23063,C
23063,Bash
23065,Javascript
23065,C#
23065,Python
23065,Java
23067,R
23067,SQL
23067,Python
23068,Python
23068,Bash
23068,SQL
23068,R
23069,Python
23070,Python
23070,R
23070,C
23071,Python
23071,C++
23071,C
23071,SQL
23072,Python
23073,Python
23074,Bash
23074,Python
23074,SQL
23076,SQL
23076,Python
23077,Python
23077,Bash
23077,MATLAB
23078,Python
23079,Python
23079,C
23079,SQL
23079,Javascript
23079,MATLAB
23079,C++
23079,Java
23080,Python
23080,SQL
23081,SQL
23081,R
23083,Python
23084,Python
23084,Javascript
23084,SQL
23085,Python
23085,C
23086,SQL
23086,MATLAB
23086,Python
23087,Bash
23087,Javascript
23087,Python
23090,Python
23090,SQL
23091,C
23091,Python
23092,C
23092,C++
23092,Java
23092,SQL
23093,PHP
23093,C++
23093,C
23093,C#
23093,Java
23093,Javascript
23094,R
23094,Java
23094,Python
23094,Bash
23094,SQL
23094,Javascript
23094,C#
23094,C
23094,C++
23095,SQL
23095,Python
23096,Javascript
23096,Java
23096,Python
23097,PHP
23097,Java
23097,Python
23097,Javascript
23097,SQL
23098,Bash
23098,Python
23098,SQL
23099,Python
23099,Java
23100,C++
23100,Python
23101,Python
23101,SQL
23102,Python
23102,SQL
23103,MATLAB
23103,Bash
23103,R
23104,SQL
23104,Python
23105,SQL
23105,Javascript
23105,Python
23105,PHP
23105,R
23106,SQL
23106,R
23106,Java
23106,Python
23107,Python
23107,MATLAB
23108,Python
23108,SQL
23110,Java
23110,Python
23111,MATLAB
23111,SQL
23111,Python
23111,R
23112,C
23112,Python
23113,SQL
23113,Python
23113,Bash
23114,Python
23114,Javascript
23115,SQL
23115,R
23115,Bash
23115,C
23115,C++
23115,Julia
23115,MATLAB
23116,Julia
23116,SQL
23116,R
23116,Other
23117,Python
23117,SQL
23118,Python
23118,SQL
23119,C++
23119,Python
23119,Java
23120,Python
23120,Javascript
23121,Python
23121,SQL
23122,C#
23122,C++
23122,Python
23123,Javascript
23123,Java
23123,Python
23124,C++
23124,Java
23124,C
23124,Python
23124,MATLAB
23124,R
23124,SQL
23126,SQL
23127,Python
23128,PHP
23128,Python
23129,C
23129,PHP
23129,SQL
23129,Javascript
23129,C++
23129,Java
23129,C#
23129,Python
23130,SQL
23130,Python
23130,Java
23130,Javascript
23131,Python
23131,MATLAB
23131,SQL
23133,Python
23133,Bash
23134,C
23134,Java
23134,Python
23135,SQL
23135,Python
23136,SQL
23136,Python
23137,Python
23138,C++
23138,MATLAB
23138,SQL
23138,R
23138,C#
23138,Python
23139,Python
23141,Python
23141,SQL
23142,Python
23142,SQL
23142,C++
23142,Javascript
23142,PHP
23142,C
23143,SQL
23143,Python
23144,C++
23144,PHP
23144,Python
23145,Python
23145,Bash
23146,Python
23147,Python
23147,SQL
23148,Python
23149,Java
23149,R
23149,C#
23149,PHP
23149,SQL
23149,C
23149,C++
23150,Python
23150,R
23150,Java
23151,SQL
23151,Python
23152,Python
23152,MATLAB
23153,Python
23154,Python
23154,SQL
23155,Javascript
23155,SQL
23155,PHP
23155,R
23155,Python
23155,Java
23156,MATLAB
23156,Python
23156,SQL
23157,SQL
23157,Python
23157,C++
23157,C
23157,Java
23158,Python
23159,Python
23160,Python
23160,SQL
23160,R
23161,Python
23161,SQL
23164,Python
23164,C++
23165,Python
23165,Javascript
23165,SQL
23166,SQL
23166,Python
23167,Python
23168,C++
23168,Python
23168,C
23169,Python
23169,SQL
23169,Javascript
23169,R
23170,R
23170,C++
23170,SQL
23170,Python
23170,Javascript
23170,C#
23171,Python
23172,C
23172,MATLAB
23172,SQL
23172,C++
23172,Python
23172,Java
23173,C
23173,MATLAB
23173,Python
23174,Python
23174,SQL
23176,SQL
23176,Javascript
23176,Python
23177,Java
23177,SQL
23177,Javascript
23177,PHP
23177,Python
23177,R
23178,C++
23178,Python
23178,MATLAB
23178,Other
23178,C
23179,Python
23180,R
23180,SQL
23180,Python
23181,Python
23181,MATLAB
23181,SQL
23182,Python
23183,SQL
23183,Python
23183,R
23184,Python
23184,MATLAB
23186,PHP
23186,SQL
23186,Javascript
23186,Python
23187,SQL
23187,Python
23188,Java
23188,R
23188,SQL
23188,Python
23189,Python
23190,Other
23190,Python
23190,Go
23191,Python
23193,R
23193,Java
23193,Python
23193,SQL
23193,Bash
23194,Python
23194,SQL
23197,C
23197,Python
23197,C++
23198,SQL
23198,Python
23199,Python
23200,Python
23201,C++
23201,Python
23201,C
23202,C++
23202,Python
23203,Python
23203,R
23204,Javascript
23204,Python
23207,Python
23207,SQL
23208,Other
23208,SQL
23208,Python
23208,R
23208,C++
23209,Python
23210,MATLAB
23210,Python
23210,Java
23210,C++
23210,C#
23210,Javascript
23211,Javascript
23211,Java
23211,Python
23211,Other
23212,Other
23212,Python
23213,Python
23213,SQL
23214,SQL
23214,Other
23214,R
23214,Python
23215,R
23215,Python
23217,C
23217,SQL
23217,Python
23217,Bash
23218,C
23218,MATLAB
23218,Python
23218,Java
23219,SQL
23219,R
23219,MATLAB
23219,Python
23220,R
23220,PHP
23220,Python
23220,SQL
23221,Python
23221,C++
23223,Other
23224,Python
23224,SQL
23225,Julia
23225,Python
23225,R
23226,Other
23227,Python
23227,SQL
23228,Javascript
23228,Python
23228,SQL
23228,R
23229,Python
23229,SQL
23229,Java
23229,C
23230,Python
23231,SQL
23231,MATLAB
23231,PHP
23231,Bash
23231,Python
23232,Python
23233,Python
23234,Python
23234,SQL
23234,R
23235,R
23236,C
23236,Java
23236,C++
23236,SQL
23236,Python
23236,Javascript
23237,SQL
23237,C++
23237,PHP
23237,Javascript
23237,Other
23237,MATLAB
23237,Python
23237,C#
23238,Python
23239,SQL
23239,Python
23240,Python
23240,SQL
23241,Javascript
23241,Python
23241,SQL
23242,SQL
23242,Python
23243,Python
23243,C
23244,Java
23244,Python
23245,SQL
23245,Python
23245,Javascript
23246,Python
23246,C++
23247,Python
23247,Bash
23248,C
23248,Python
23248,C++
23248,SQL
23248,Javascript
23250,R
23250,SQL
23250,Python
23251,C++
23251,R
23251,C
23252,Python
23252,SQL
23252,MATLAB
23252,R
23252,Java
23252,Javascript
23252,C++
23254,Java
23254,Javascript
23256,R
23256,Python
23256,SQL
23256,C++
23257,C++
23257,MATLAB
23257,Python
23257,Other
23258,SQL
23259,PHP
23259,Java
23259,C
23259,Python
23259,C++
23260,C
23260,Other
23260,Python
23260,MATLAB
23260,C++
23261,Python
23261,Javascript
23262,C
23263,SQL
23263,Python
23263,Bash
23265,Java
23265,Python
23266,C++
23266,C#
23266,Python
23266,C
23267,Python
23267,SQL
23268,Python
23268,C
23269,Python
23269,C
23270,Other
23271,Python
23273,Python
23273,R
23273,SQL
23273,C++
23273,Java
23273,Javascript
23273,PHP
23274,Python
23274,C
23274,SQL
23274,C++
23275,Other
23276,Javascript
23276,Python
23276,SQL
23278,Python
23278,C
23278,C++
23278,R
23279,R
23279,Python
23280,Java
23280,SQL
23280,Python
23281,Python
23281,C++
23282,SQL
23282,C#
23282,C++
23282,C
23282,Python
23283,C++
23283,C#
23283,Python
23285,Python
23285,R
23286,C
23286,C++
23286,MATLAB
23287,Java
23287,Python
23287,SQL
23289,Python
23290,Bash
23290,SQL
23290,R
23290,Python
23291,Java
23291,C
23291,Python
23291,R
23291,C#
23291,SQL
23292,Bash
23292,Python
23292,SQL
23292,R
23293,Python
23293,Java
23293,C++
23293,SQL
23293,PHP
23294,Java
23294,Javascript
23294,Python
23294,PHP
23294,SQL
23295,Python
23297,Java
23297,Python
23297,C
23297,C++
23297,MATLAB
23298,SQL
23298,Python
23299,Python
23299,C++
23300,R
23300,SQL
23300,Python
23301,SQL
23301,Python
23302,Python
23302,R
23303,Python
23303,MATLAB
23304,Java
23304,Python
23305,C++
23305,Python
23305,SQL
23306,Python
23306,R
23306,SQL
23307,SQL
23307,Python
23308,C++
23308,Python
23308,Javascript
23309,Python
23309,SQL
23309,R
23309,MATLAB
23309,Javascript
23310,Other
23310,Python
23310,SQL
23311,Python
23311,R
23311,SQL
23312,Javascript
23313,R
23314,SQL
23314,Python
23315,Python
23315,R
23315,SQL
23316,SQL
23316,Python
23317,Python
23318,Javascript
23318,Python
23318,R
23318,Bash
23318,Java
23319,Julia
23319,SQL
23319,Python
23320,Python
23321,Other
23322,Python
23322,C++
23322,Other
23323,R
23323,C++
23323,Python
23323,SQL
23324,Python
23324,Javascript
23324,Other
23324,SQL
23325,C
23325,SQL
23325,Java
23325,Python
23327,C++
23327,C
23327,Python
23328,Python
23328,C
23328,C++
23328,SQL
23329,SQL
23329,C#
23329,Python
23329,MATLAB
23329,Javascript
23329,R
23330,SQL
23330,Python
23331,Python
23332,Python
23333,C++
23333,SQL
23333,PHP
23333,Java
23333,Python
23335,Python
23335,R
23335,SQL
23336,C++
23336,R
23336,C
23336,Julia
23336,SQL
23336,C#
23336,Javascript
23336,Python
23336,MATLAB
23337,C#
23337,SQL
23337,Python
23337,R
23338,R
23338,Python
23338,SQL
23338,PHP
23339,Python
23339,SQL
23340,R
23341,R
23341,Python
23341,SQL
23342,Python
23343,R
23343,C
23343,Python
23345,Java
23345,Python
23345,Javascript
23345,R
23346,R
23346,SQL
23346,Python
23347,MATLAB
23347,Python
23348,R
23348,Python
23349,Python
23350,Python
23350,PHP
23351,Java
23351,SQL
23351,R
23351,Python
23352,Bash
23352,Python
23352,C
23352,Go
23352,SQL
23352,Other
23352,R
23352,Javascript
23353,Python
23353,SQL
23353,C
23353,PHP
23353,C#
23354,Javascript
23354,Python
23355,C++
23355,SQL
23355,Java
23355,Python
23356,C++
23356,Python
23358,Python
23360,SQL
23360,Python
23360,R
23360,PHP
23361,C
23361,Java
23361,PHP
23361,C#
23361,SQL
23361,Python
23361,C++
23362,R
23362,Python
23363,R
23363,Python
23363,Bash
23363,Other
23364,Python
23364,C++
23364,C
23365,Python
23366,Python
23367,C
23367,SQL
23367,Python
23368,Python
23368,Javascript
23369,PHP
23369,C++
23369,SQL
23369,C#
23369,MATLAB
23369,Python
23369,Java
23370,Python
23370,Bash
23370,C
23371,C++
23371,Python
23371,SQL
23372,Java
23372,SQL
23372,Bash
23372,Python
23373,Python
23374,Python
23375,Python
23376,Java
23376,PHP
23376,Javascript
23376,SQL
23376,Python
23376,R
23376,MATLAB
23376,C#
23376,Other
23378,Python
23379,Javascript
23379,Python
23380,Python
23380,Javascript
23381,Python
23381,C++
23382,Python
23382,C++
23383,Python
23383,MATLAB
23383,R
23385,SQL
23385,Javascript
23385,PHP
23385,Java
23385,C#
23386,Python
23386,SQL
23386,Java
23388,SQL
23388,PHP
23388,Python
23388,C++
23390,Python
23391,SQL
23392,Python
23393,Javascript
23393,PHP
23393,SQL
23393,Python
23395,Python
23396,Python
23397,Python
23397,R
23397,MATLAB
23398,SQL
23398,Python
23399,Python
23399,Java
23400,Javascript
23400,Python
23400,Bash
23401,Python
23401,Java
23401,C++
23402,Python
23404,Python
23404,Bash
23405,C
23405,Javascript
23405,Python
23405,C++
23405,MATLAB
23406,Python
23407,Python
23407,Java
23407,SQL
23407,C#
23407,Javascript
23408,Python
23408,SQL
23410,R
23410,Python
23412,Python
23412,SQL
23414,Python
23414,Other
23415,Python
23417,Python
23417,SQL
23417,Javascript
23418,C++
23418,Python
23418,Java
23418,R
23419,Go
23419,Java
23419,SQL
23419,Javascript
23419,Python
23420,SQL
23420,Java
23420,C
23420,Javascript
23420,Python
23421,Python
23421,Javascript
23421,C
23421,C++
23421,PHP
23422,SQL
23422,Python
23424,C++
23424,C
23424,Java
23425,Java
23425,C++
23425,Python
23425,SQL
23425,C
23426,Python
23426,C
23426,PHP
23426,C++
23426,Java
23427,SQL
23427,Java
23427,Python
23427,R
23429,SQL
23429,Python
23429,R
23430,R
23430,Python
23430,SQL
23431,Python
23431,C++
23432,Javascript
23432,Python
23432,R
23433,Java
23433,C
23433,Python
23434,Python
23434,Java
23435,Julia
23435,R
23436,Javascript
23436,C
23436,Python
23436,Java
23436,R
23436,SQL
23437,Python
23437,C#
23437,SQL
23438,SQL
23438,Python
23439,Python
23440,C
23440,Javascript
23440,Python
23441,Python
23442,Python
23442,R
23442,MATLAB
23443,MATLAB
23443,R
23443,Python
23443,Other
23443,SQL
23444,C
23444,Python
23445,Python
23445,MATLAB
23445,Julia
23445,C
23446,C#
23446,Python
23447,Python
23447,C++
23449,Javascript
23449,R
23449,SQL
23450,Python
23451,Python
23451,SQL
23452,Other
23452,Bash
23452,SQL
23452,Python
23453,SQL
23453,Python
23454,Python
23454,Javascript
23454,R
23454,SQL
23455,Python
23456,PHP
23456,SQL
23456,Python
23456,Javascript
23457,C
23457,Other
23457,MATLAB
23457,Java
23458,Python
23459,Python
23460,Javascript
23460,Python
23460,SQL
23462,Python
23463,SQL
23463,Python
23464,Python
23464,R
23465,Python
23465,R
23465,SQL
23466,SQL
23466,Python
23468,MATLAB
23468,R
23468,Python
23468,SQL
23469,SQL
23469,Python
23470,Bash
23470,Python
23470,C++
23470,C
23470,SQL
23471,Python
23471,R
23472,R
23472,Python
23473,Javascript
23473,Bash
23473,Python
23473,SQL
23474,Java
23474,Python
23475,SQL
23475,Python
23475,C
23476,Python
23476,C
23477,R
23477,Python
23477,SQL
23477,C
23479,C++
23479,SQL
23479,C
23479,Python
23480,Python
23481,Javascript
23481,Python
23481,Other
23481,SQL
23482,Python
23483,Python
23483,C++
23484,Python
23485,SQL
23485,C#
23485,Python
23486,Javascript
23486,MATLAB
23486,Python
23486,C
23486,SQL
23486,C++
23486,Java
23488,MATLAB
23488,SQL
23488,Python
23488,PHP
23488,Javascript
23488,C++
23489,Python
23489,Javascript
23491,Julia
23491,R
23491,SQL
23492,Python
23492,Java
23492,SQL
23492,C++
23493,Bash
23493,SQL
23493,Python
23493,C
23494,Python
23494,Java
23495,Python
23495,R
23495,SQL
23495,Other
23496,Python
23497,R
23497,Python
23498,C
23499,Java
23500,Python
23500,R
23501,C#
23501,Javascript
23501,Java
23501,PHP
23501,SQL
23501,Python
23501,C++
23502,Python
23503,C++
23503,Javascript
23503,Python
23504,Python
23504,R
23505,Python
23506,Python
23506,Javascript
23506,C++
23506,R
23506,C#
23506,C
23506,Java
23508,Python
23508,Other
23509,SQL
23510,Other
23510,SQL
23511,Python
23512,Python
23512,SQL
23513,Python
23515,Java
23515,C
23515,Python
23515,SQL
23516,Python
23516,R
23516,SQL
23516,Javascript
23517,Python
23519,Java
23519,C
23520,R
23521,Python
23521,PHP
23521,Javascript
23521,C#
23521,SQL
23522,Python
23522,SQL
23523,Python
23523,C
23524,Python
23524,R
23524,SQL
23525,Python
23526,SQL
23526,Java
23526,C#
23526,Python
23527,SQL
23527,Python
23528,SQL
23528,Python
23529,C++
23529,Java
23529,C
23529,Python
23530,Python
23530,Other
23531,Java
23531,SQL
23531,Python
23532,PHP
23532,SQL
23532,C#
23532,Python
23532,Java
23534,R
23534,Python
23535,MATLAB
23535,C++
23535,Other
23535,Python
23535,C
23536,R
23536,Other
23536,Javascript
23536,Python
23536,Java
23536,C++
23536,SQL
23537,Bash
23537,SQL
23537,C#
23537,Python
23537,Other
23537,Javascript
23538,MATLAB
23538,R
23538,Python
23539,Python
23539,C++
23540,SQL
23540,Python
23540,R
23541,SQL
23541,Python
23543,R
23543,Java
23543,SQL
23543,Python
23545,Python
23545,PHP
23545,Java
23545,C
23545,SQL
23545,C#
23545,C++
23546,R
23546,SQL
23546,Python
23547,Javascript
23547,Python
23547,PHP
23547,SQL
23547,Java
23547,C#
23548,C++
23550,Python
23550,R
23550,SQL
23551,SQL
23551,Python
23551,Java
23552,SQL
23552,Python
23552,R
23552,C#
23553,C#
23553,Java
23553,Python
23553,Javascript
23553,SQL
23553,PHP
23554,Java
23554,C
23554,C++
23554,Python
23554,SQL
23555,MATLAB
23555,Python
23557,Python
23558,C++
23558,PHP
23558,C
23559,Python
23559,SQL
23560,SQL
23560,Python
23561,Python
23561,MATLAB
23562,Python
23563,Python
23566,Python
23566,R
23566,SQL
23567,PHP
23567,SQL
23567,R
23567,Python
23567,C++
23568,Python
23569,Python
23569,SQL
23570,Python
23571,Python
23572,Java
23572,Javascript
23572,C++
23572,MATLAB
23572,C
23572,Python
23573,Python
23573,C++
23573,Bash
23573,C
23574,R
23576,R
23576,Python
23576,SQL
23577,R
23577,Python
23577,SQL
23578,Python
23578,SQL
23578,R
23579,Python
23579,C
23579,R
23581,Python
23581,R
23582,R
23582,SQL
23582,C++
23583,Python
23583,MATLAB
23583,R
23583,SQL
23584,Javascript
23584,SQL
23584,C#
23585,Python
23586,Python
23587,Python
23587,R
23588,SQL
23588,Python
23588,C#
23588,R
23589,SQL
23589,R
23589,Python
23591,Java
23591,SQL
23591,C
23591,Python
23591,C++
23592,Python
23592,SQL
23592,C
23593,Java
23593,Python
23593,C
23593,C++
23593,MATLAB
23594,SQL
23594,PHP
23594,Javascript
23594,C++
23594,C
23594,Python
23595,Python
23596,Python
23597,C
23597,Python
23597,C++
23597,C#
23597,Go
23599,C++
23600,SQL
23601,C
23601,C++
23601,Python
23602,Javascript
23602,C
23602,C++
23602,Python
23604,SQL
23604,Python
23606,R
23606,PHP
23606,Julia
23606,Python
23606,Bash
23606,Java
23606,C++
23606,Javascript
23606,SQL
23606,C
23606,Go
23607,Python
23607,C
23607,C++
23610,Python
23610,Javascript
23611,Python
23613,R
23613,Python
23613,SQL
23614,SQL
23614,Python
23615,Python
23618,Other
23618,Python
23618,R
23619,PHP
23619,Python
23619,Java
23619,Javascript
23619,SQL
23620,Python
23620,SQL
23621,Other
23621,MATLAB
23621,SQL
23622,SQL
23622,Python
23625,C#
23625,Javascript
23625,Python
23625,SQL
23625,C++
23625,PHP
23625,C
23625,Java
23625,MATLAB
23626,MATLAB
23626,Python
23626,C
23628,Javascript
23628,Python
23628,Go
23629,R
23629,Bash
23629,Python
23629,Other
23630,C++
23630,C#
23630,MATLAB
23630,Python
23631,Other
23631,PHP
23631,Javascript
23631,SQL
23631,Python
23632,C
23632,Python
23633,Python
23633,R
23634,SQL
23634,Python
23636,Java
23636,C++
23636,Python
23636,SQL
23636,PHP
23636,Javascript
23637,Bash
23637,Java
23637,SQL
23637,C
23637,C#
23637,Python
23638,Python
23638,SQL
23639,Python
23639,C
23639,SQL
23639,Javascript
23639,C#
23639,MATLAB
23639,C++
23639,Java
23640,Javascript
23640,Java
23640,SQL
23640,Python
23640,C
23641,Python
23641,C++
23642,Javascript
23642,PHP
23642,SQL
23642,Python
23642,Other
23643,R
23643,Python
23644,Javascript
23645,C++
23645,C
23645,SQL
23645,Java
23645,PHP
23645,MATLAB
23645,Python
23645,Javascript
23646,Python
23647,R
23648,SQL
23648,Python
23649,Python
23649,SQL
23649,Java
23649,C
23649,C++
23650,Python
23651,C++
23651,PHP
23651,Other
23651,Python
23651,C
23651,Javascript
23651,SQL
23651,MATLAB
23652,Python
23652,R
23653,Python
23654,SQL
23654,C#
23654,Other
23654,Python
23655,R
23655,Python
23656,C++
23656,SQL
23656,Python
23656,PHP
23657,C
23657,Python
23657,C++
23657,MATLAB
23657,R
23657,SQL
23657,Java
23658,Python
23659,C++
23659,Python
23659,C
23660,Java
23660,Javascript
23660,SQL
23661,Python
23661,R
23661,Java
23661,Julia
23663,Python
23663,SQL
23664,MATLAB
23664,Python
23665,Python
23666,Python
23667,Javascript
23667,C++
23667,Python
23668,Python
23668,Java
23668,SQL
23668,Bash
23669,R
23669,SQL
23669,Python
23670,Other
23670,Julia
23670,C
23670,Python
23670,C++
23671,Python
23671,Other
23671,SQL
23672,SQL
23672,Python
23674,Python
23675,C#
23675,C
23676,SQL
23676,Python
23676,C
23678,R
23678,Python
23678,Java
23679,Java
23679,Python
23679,R
23682,SQL
23682,C
23682,Python
23683,R
23683,C
23683,Java
23683,Python
23685,C
23686,Python
23686,R
23687,Python
23687,C#
23687,C++
23687,Javascript
23688,R
23688,SQL
23688,C++
23688,Python
23689,Bash
23689,R
23689,SQL
23689,Go
23689,Julia
23690,SQL
23690,Python
23690,R
23691,C++
23691,C
23691,Javascript
23691,Python
23692,Bash
23692,C++
23692,SQL
23692,Javascript
23692,C
23692,C#
23692,Python
23692,Go
23693,Python
23693,C++
23693,Java
23693,Bash
23693,SQL
23693,Javascript
23693,R
23693,PHP
23693,C
23694,Python
23695,C#
23695,Other
23695,Javascript
23695,SQL
23695,Python
23696,SQL
23696,Python
23696,Javascript
23696,Other
23697,R
23697,Python
23697,SQL
23699,Python
23699,SQL
23700,Python
23701,C
23701,Python
23701,Javascript
23702,Python
23703,Python
23703,Bash
23704,Java
23704,Python
23706,R
23706,Python
23706,SQL
23707,Javascript
23707,C
23707,Python
23708,Python
23708,C#
23708,SQL
23710,Python
23711,SQL
23711,Java
23711,C++
23712,SQL
23712,R
23712,Python
23713,Python
23714,SQL
23714,Python
23715,SQL
23715,Python
23715,MATLAB
23716,Python
23717,Python
23717,SQL
23718,Python
23718,SQL
23718,Other
23719,SQL
23719,R
23719,Python
23719,PHP
23719,C
23719,Other
23719,C++
23719,Java
23720,Python
23720,Bash
23721,Javascript
23721,Python
23722,Javascript
23722,Java
23722,C
23722,Python
23722,C++
23723,C
23723,Python
23723,C++
23724,SQL
23724,R
23724,Python
23725,Python
23726,Python
23727,C
23727,C++
23727,Python
23728,SQL
23728,C++
23728,C
23728,PHP
23728,Other
23729,Bash
23729,Python
23729,C++
23729,Go
23729,Javascript
23730,R
23730,Python
23730,SQL
23731,R
23731,Python
23732,C
23732,Python
23732,Java
23732,SQL
23732,Javascript
23732,C++
23733,SQL
23733,R
23733,Python
23736,SQL
23736,Python
23737,SQL
23737,Python
23738,Python
23738,C++
23739,C
23739,R
23740,Python
23740,Java
23740,C#
23741,SQL
23741,Java
23741,C
23741,Python
23742,Python
23742,SQL
23743,SQL
23744,MATLAB
23744,Python
23744,SQL
23746,MATLAB
23746,Python
23746,SQL
23747,Python
23747,Javascript
23748,C++
23748,Python
23749,C
23749,Java
23749,C++
23749,Javascript
23749,SQL
23749,Python
23752,C++
23752,Javascript
23752,C#
23752,Python
23753,Javascript
23753,PHP
23753,Python
23753,Other
23753,SQL
23754,Java
23754,Python
23756,Python
23756,Bash
23756,R
23756,SQL
23758,C
23758,MATLAB
23758,Python
23759,MATLAB
23759,Javascript
23759,Python
23759,C++
23760,Javascript
23760,C
23761,SQL
23761,Python
23764,Python
23764,Other
23766,Python
23766,SQL
23766,Java
23766,R
23768,Python
23768,SQL
23769,Javascript
23769,R
23769,SQL
23769,Bash
23769,Python
23770,Java
23770,MATLAB
23770,C++
23770,Python
23770,R
23770,SQL
23770,C
23771,Python
23771,PHP
23771,Java
23771,SQL
23771,Javascript
23772,R
23772,C
23772,Bash
23772,Python
23772,SQL
23772,C++
23772,MATLAB
23772,Javascript
23772,Java
23773,Python
23774,PHP
23774,C++
23774,Javascript
23775,Python
23776,SQL
23776,C++
23776,Java
23776,Python
23776,C
23777,Javascript
23777,C
23777,C++
23778,SQL
23778,Python
23779,Python
23779,SQL
23780,Python
23781,Javascript
23781,Python
23782,Java
23782,C++
23782,Python
23782,C
23782,SQL
23783,SQL
23783,Python
23784,R
23784,SQL
23784,Python
23787,Python
23787,SQL
23787,C++
23788,Python
23788,SQL
23789,R
23789,Python
23789,SQL
23790,R
23790,SQL
23790,C++
23790,C
23790,PHP
23790,Python
23790,Java
23791,Python
23791,SQL
23792,SQL
23792,Python
23794,Python
23795,Python
23796,Java
23796,C#
23796,Python
23796,Javascript
23796,MATLAB
23796,SQL
23797,Bash
23797,C#
23797,SQL
23797,Python
23799,Python
23800,Python
23801,Python
23801,C++
23802,Python
23802,SQL
23803,Python
23803,C++
23803,MATLAB
23805,Bash
23805,Python
23805,SQL
23806,Python
23807,Javascript
23807,Python
23808,Python
23810,R
23810,Python
23810,SQL
23811,Python
23811,SQL
23812,Python
23813,C
23815,R
23815,C
23815,Python
23815,SQL
23815,MATLAB
23816,Python
23816,C
23816,MATLAB
23816,Bash
23816,Other
23816,R
23816,SQL
23816,C++
23817,R
23817,Python
23817,SQL
23818,R
23818,Python
23818,SQL
23819,Javascript
23819,Python
23819,PHP
23819,Java
23819,SQL
23819,R
23819,C++
23819,C
23819,Bash
23819,Other
23820,Python
23820,SQL
23820,Javascript
23821,Java
23822,Python
23822,R
23823,Python
23824,SQL
23824,Python
23824,Bash
23824,Java
23825,C#
23825,SQL
23825,Python
23826,Python
23826,Javascript
23826,Java
23826,C++
23826,C#
23827,Python
23827,SQL
23828,Python
23828,Java
23828,Other
23830,Python
23830,R
23831,R
23831,SQL
23832,C
23832,C++
23832,Python
23833,SQL
23833,Python
23833,C
23834,Python
23834,SQL
23835,Python
23835,R
23836,MATLAB
23836,C
23836,SQL
23837,Java
23837,Python
23838,R
23838,Java
23838,C
23838,SQL
23838,Python
23838,C++
23838,Other
23838,Javascript
23839,Bash
23839,Python
23839,SQL
23839,C
23839,C++
23839,C#
23839,Javascript
23840,Python
23841,R
23841,Python
23841,Julia
23841,SQL
23841,Javascript
23842,C
23842,C++
23842,MATLAB
23844,Python
23844,SQL
23845,SQL
23845,Python
23846,SQL
23846,R
23846,Python
23847,Java
23847,Javascript
23847,Python
23848,Python
23848,SQL
23848,Java
23848,PHP
23849,Python
23849,C
23849,C++
23850,Python
23851,Java
23851,C
23851,MATLAB
23851,Python
23851,C++
23852,Python
23853,SQL
23853,Python
23853,R
23854,Other
23854,SQL
23855,R
23855,Python
23856,C++
23856,C
23856,SQL
23857,Python
23858,Python
23859,Python
23859,C
23860,R
23860,Python
23860,Java
23860,Javascript
23860,SQL
23861,Python
23861,SQL
23862,Python
23863,SQL
23863,Python
23864,SQL
23864,Other
23864,Python
23865,Python
23866,Python
23866,Bash
23867,C++
23867,Python
23868,Bash
23868,Javascript
23868,R
23869,Python
23869,Javascript
23869,SQL
23872,Java
23872,R
23872,Python
23872,Javascript
23872,SQL
23873,Python
23873,C++
23874,Other
23874,SQL
23874,Python
23874,Java
23874,Javascript
23876,Python
23876,Java
23876,Javascript
23876,SQL
23876,R
23877,SQL
23877,Python
23878,Python
23878,R
23879,Python
23880,Java
23880,SQL
23881,Julia
23882,Python
23884,SQL
23884,Python
23885,SQL
23885,Python
23886,Julia
23886,Python
23886,C++
23887,C
23887,Python
23887,SQL
23887,C#
23887,C++
23888,PHP
23888,C++
23888,C#
23888,Python
23888,C
23888,SQL
23889,Python
23889,C++
23891,Other
23892,SQL
23892,Python
23892,Java
23892,C++
23893,C++
23893,MATLAB
23893,Python
23893,R
23893,SQL
23894,SQL
23895,Javascript
23896,SQL
23896,Python
23896,C
23897,C#
23897,Python
23898,SQL
23899,Python
23900,Bash
23900,Python
23901,C++
23901,C
23901,R
23901,Python
23902,Python
23903,Python
23904,Python
23905,Java
23905,Python
23905,C++
23906,Python
23906,C++
23906,R
23906,SQL
23906,Java
23906,C
23908,SQL
23908,C#
23908,Javascript
23908,Python
23909,Python
23909,SQL
23910,Python
23910,Javascript
23910,SQL
23912,C++
23912,SQL
23912,Python
23912,Java
23912,R
23913,C
23913,C++
23913,MATLAB
23913,Python
23915,SQL
23915,Javascript
23915,Python
23915,Julia
23915,R
23916,SQL
23917,Java
23917,C
23918,Python
23918,SQL
23919,PHP
23919,Python
23919,SQL
23919,Javascript
23920,SQL
23920,Python
23921,R
23921,Other
23921,Python
23923,R
23923,Python
23924,MATLAB
23924,Python
23925,Python
23926,Julia
23926,Java
23926,R
23926,Python
23926,SQL
23929,Python
23929,Other
23929,MATLAB
23929,Java
23930,R
23930,Python
23931,C++
23931,Python
23931,C
23932,Python
23933,C#
23933,Other
23933,R
23933,Python
23934,C++
23934,Python
23934,SQL
23935,Python
23936,Java
23936,SQL
23936,R
23936,Python
23937,SQL
23937,R
23937,Python
23939,Python
23940,MATLAB
23940,Python
23940,SQL
23941,Other
23942,Python
23942,R
23943,Python
23943,SQL
23944,Python
23944,C++
23944,C
23945,C++
23945,Python
23945,C
23946,Python
23947,C
23947,R
23947,MATLAB
23947,Python
23949,Java
23949,Javascript
23949,C
23949,Python
23949,SQL
23949,C++
23950,SQL
23951,Python
23952,Java
23952,Python
23953,R
23953,Python
23954,Python
23955,SQL
23955,Python
23956,SQL
23956,Python
23957,Python
23957,MATLAB
23957,Java
23957,SQL
23958,SQL
23958,C#
23958,Javascript
23958,Python
23958,Bash
23959,C#
23959,Other
23959,Javascript
23960,MATLAB
23960,SQL
23960,PHP
23960,Python
23960,C
23961,R
23961,C++
23961,Javascript
23961,Java
23961,Python
23961,SQL
23962,Python
23962,SQL
23964,SQL
23964,C++
23964,Python
23964,C
23964,R
23965,PHP
23965,Bash
23965,C++
23965,Python
23965,SQL
23966,Python
23967,Python
23967,SQL
23968,Python
23968,Java
23968,SQL
23969,MATLAB
23969,Python
23970,Python
23970,MATLAB
23970,SQL
23971,Java
23971,Python
23971,R
23972,Python
23973,SQL
23973,Python
23974,MATLAB
23974,Python
23975,C++
23975,PHP
23975,Python
23975,Javascript
23976,C
23976,C#
23976,Python
23976,C++
23978,Python
23979,Other
23979,C++
23979,Python
23980,Python
23980,MATLAB
23980,R
23982,Java
23982,Python
23982,SQL
23983,Python
23984,R
23984,MATLAB
23984,Python
23984,Java
23984,C++
23985,SQL
23985,Javascript
23985,Java
23985,Python
23985,Bash
23985,C#
23986,Javascript
23986,C
23986,C++
23986,Python
23986,Java
23987,SQL
23987,Python
23988,C++
23988,Javascript
23988,Python
23988,Java
23988,C
23989,Python
23989,SQL
23990,Python
23991,Javascript
23991,Python
23992,C++
23992,C
23993,SQL
23993,Python
23993,R
23994,SQL
23994,Python
23995,Python
23995,SQL
23996,Bash
23996,Python
23996,R
23997,Javascript
23997,Python
