id,viz_library
2, Matplotlib 
3, Matplotlib 
3, Plotly / Plotly Express 
3, Seaborn 
3, Geoplotlib 
4, Matplotlib 
4, Seaborn 
6, Ggplot / ggplot2 
6, Matplotlib 
6, Seaborn 
6, Plotly / Plotly Express 
7, Matplotlib 
7, Seaborn 
8, Matplotlib 
8, Ggplot / ggplot2 
8, D3 js 
8, Geoplotlib 
9, Plotly / Plotly Express 
10, Matplotlib 
10, Ggplot / ggplot2 
11, Seaborn 
11, Matplotlib 
14, Plotly / Plotly Express 
14, Ggplot / ggplot2 
14, Seaborn 
15, Matplotlib 
17, Matplotlib 
17, Plotly / Plotly Express 
17, Bokeh 
17, Altair 
17, Seaborn 
18, Seaborn 
18,Other
18, Matplotlib 
19, Seaborn 
20, Matplotlib 
21, Matplotlib 
23, Matplotlib 
23, Shiny 
23, Plotly / Plotly Express 
24, Matplotlib 
24, Seaborn 
25, Leaflet / Folium 
25, Matplotlib 
25, Seaborn 
26, Plotly / Plotly Express 
26, D3 js 
26, Matplotlib 
27, Matplotlib 
27, Seaborn 
28, Ggplot / ggplot2 
29, Seaborn 
29, Matplotlib 
29, Plotly / Plotly Express 
30, Seaborn 
30, Matplotlib 
30, Ggplot / ggplot2 
31, Matplotlib 
33, Seaborn 
33, Matplotlib 
35, Plotly / Plotly Express 
35, Ggplot / ggplot2 
35, Seaborn 
35, Matplotlib 
36, Seaborn 
37, Seaborn 
37, Matplotlib 
39, Matplotlib 
39, Seaborn 
40, D3 js 
40, Shiny 
40, Geoplotlib 
40, Plotly / Plotly Express 
40, Seaborn 
40, Ggplot / ggplot2 
40, Bokeh 
40, Matplotlib 
41, Matplotlib 
41, Plotly / Plotly Express 
41, Seaborn 
42, Matplotlib 
42, Seaborn 
42, Plotly / Plotly Express 
43, Seaborn 
43, Matplotlib 
44, Matplotlib 
45, Seaborn 
45, Matplotlib 
46, Bokeh 
46, Seaborn 
46, Matplotlib 
48, Matplotlib 
48, Plotly / Plotly Express 
49, D3 js 
49, Matplotlib 
53, Seaborn 
53, Plotly / Plotly Express 
53, Matplotlib 
53, Geoplotlib 
55, Seaborn 
55, Matplotlib 
57, Seaborn 
57, Matplotlib 
58, Bokeh 
58, Geoplotlib 
58, Matplotlib 
58, Shiny 
58, Plotly / Plotly Express 
58, Seaborn 
58, Ggplot / ggplot2 
60, Matplotlib 
60, Ggplot / ggplot2 
61, Ggplot / ggplot2 
61, Plotly / Plotly Express 
63, Matplotlib 
65, Seaborn 
65, Plotly / Plotly Express 
65, Matplotlib 
68, Seaborn 
68, Leaflet / Folium 
73, Ggplot / ggplot2 
73, Matplotlib 
73, Seaborn 
75, Matplotlib 
75, Plotly / Plotly Express 
76, Seaborn 
76, Plotly / Plotly Express 
76, Matplotlib 
77, Plotly / Plotly Express 
77, Matplotlib 
77, Geoplotlib 
78, Matplotlib 
78, Seaborn 
81, Seaborn 
81, Matplotlib 
81, Plotly / Plotly Express 
82, Matplotlib 
82, Seaborn 
82, Leaflet / Folium 
84, Matplotlib 
84, Seaborn 
86, Seaborn 
86, Matplotlib 
87, Dygraphs 
87, Matplotlib 
87, Pygal 
87, Plotly / Plotly Express 
88, Plotly / Plotly Express 
88, Matplotlib 
88, Seaborn 
89, Matplotlib 
90, Matplotlib 
90, Seaborn 
93, Matplotlib 
93, Seaborn 
97, Matplotlib 
98, Plotly / Plotly Express 
98, Ggplot / ggplot2 
98, Shiny 
99, Matplotlib 
99, Shiny 
99, Plotly / Plotly Express 
99, Ggplot / ggplot2 
99, Bokeh 
100, Matplotlib 
100, Seaborn 
101, Seaborn 
101, Matplotlib 
102, Matplotlib 
102, Seaborn 
103, Seaborn 
103, Matplotlib 
105, Plotly / Plotly Express 
105, Matplotlib 
105, Seaborn 
106, Plotly / Plotly Express 
107, Seaborn 
107, Matplotlib 
109, Ggplot / ggplot2 
109, Geoplotlib 
109,Other
109, Matplotlib 
110, Plotly / Plotly Express 
111, Ggplot / ggplot2 
111, Matplotlib 
112, Matplotlib 
112, Seaborn 
113, Matplotlib 
113, Ggplot / ggplot2 
114, Seaborn 
114, Matplotlib 
115, Seaborn 
115, Plotly / Plotly Express 
115, Matplotlib 
115, Bokeh 
118, Seaborn 
118, Matplotlib 
119, Seaborn 
119, Matplotlib 
119,Other
121, Ggplot / ggplot2 
121, Matplotlib 
123, Matplotlib 
123, Plotly / Plotly Express 
123, Seaborn 
123, Ggplot / ggplot2 
124, Matplotlib 
124, Ggplot / ggplot2 
124, Seaborn 
127, Seaborn 
127, Ggplot / ggplot2 
127, Matplotlib 
128, Seaborn 
128, Ggplot / ggplot2 
128, Shiny 
128, Matplotlib 
130, Matplotlib 
130, Seaborn 
131, Ggplot / ggplot2 
132, Matplotlib 
134, Matplotlib 
134, Ggplot / ggplot2 
134, Shiny 
134, Seaborn 
135, Matplotlib 
136, Seaborn 
136, Matplotlib 
136, Plotly / Plotly Express 
137, Matplotlib 
137, Seaborn 
137, Ggplot / ggplot2 
139, Matplotlib 
140, Seaborn 
140, Bokeh 
140, Matplotlib 
141, Matplotlib 
141, Plotly / Plotly Express 
141, Seaborn 
142, Seaborn 
142, Matplotlib 
145, Seaborn 
148, Shiny 
148, Ggplot / ggplot2 
148, Seaborn 
148, Plotly / Plotly Express 
148, Matplotlib 
150, Matplotlib 
150, Seaborn 
151, Matplotlib 
152, Seaborn 
152, Matplotlib 
153, Matplotlib 
153, Plotly / Plotly Express 
153,Other
153, Ggplot / ggplot2 
153, Seaborn 
154, Matplotlib 
155, Ggplot / ggplot2 
160, Matplotlib 
161, Seaborn 
161, Matplotlib 
164, Matplotlib 
164, Plotly / Plotly Express 
165, Seaborn 
165, Matplotlib 
166, D3 js 
168, Matplotlib 
168, Seaborn 
168, Ggplot / ggplot2 
170, D3 js 
170, Matplotlib 
170, Seaborn 
171, Seaborn 
171, Matplotlib 
171, Plotly / Plotly Express 
173, Matplotlib 
175, Matplotlib 
175, Seaborn 
177, Seaborn 
177, Ggplot / ggplot2 
177, Matplotlib 
178, Matplotlib 
178, Plotly / Plotly Express 
178, Geoplotlib 
178, Seaborn 
181, Matplotlib 
183, Matplotlib 
183, Ggplot / ggplot2 
183, Plotly / Plotly Express 
184, Plotly / Plotly Express 
185, D3 js 
185, Plotly / Plotly Express 
186, Seaborn 
186, Matplotlib 
188, Seaborn 
188, Matplotlib 
188, Ggplot / ggplot2 
188, Plotly / Plotly Express 
190, Seaborn 
190, Matplotlib 
190, Plotly / Plotly Express 
190, Bokeh 
190, Ggplot / ggplot2 
191, Plotly / Plotly Express 
191, Matplotlib 
191, Seaborn 
192, Matplotlib 
192, Seaborn 
193, Matplotlib 
194, Matplotlib 
195, Matplotlib 
196, Seaborn 
196, Matplotlib 
199, Seaborn 
201, Seaborn 
201, Matplotlib 
203, Plotly / Plotly Express 
203, Matplotlib 
203, Seaborn 
204, Seaborn 
206, Ggplot / ggplot2 
206, Shiny 
206, Matplotlib 
206, Seaborn 
207, Matplotlib 
208, Leaflet / Folium 
209, Plotly / Plotly Express 
210, Ggplot / ggplot2 
210, Seaborn 
210,Other
210, Matplotlib 
211, Seaborn 
211, Ggplot / ggplot2 
211, Matplotlib 
214, Matplotlib 
214, Seaborn 
215, Matplotlib 
216, Seaborn 
216, Matplotlib 
218, Matplotlib 
220, Seaborn 
220, Matplotlib 
222, Matplotlib 
222, Seaborn 
223, Bokeh 
223, Seaborn 
223, Matplotlib 
223, Pygal 
223, Shiny 
223, Plotly / Plotly Express 
226, Matplotlib 
226, Seaborn 
229, Matplotlib 
229, Plotly / Plotly Express 
229, Shiny 
229, Ggplot / ggplot2 
229, Seaborn 
232, Matplotlib 
232, Seaborn 
233, Ggplot / ggplot2 
233, Seaborn 
233, Matplotlib 
234, Matplotlib 
236, Matplotlib 
236, Seaborn 
237, Matplotlib 
238, Matplotlib 
239, Matplotlib 
240, Plotly / Plotly Express 
240, Seaborn 
240, Matplotlib 
240, Ggplot / ggplot2 
241, Matplotlib 
243, Matplotlib 
243, Seaborn 
244, Ggplot / ggplot2 
244, Matplotlib 
245, Seaborn 
245, Matplotlib 
245, Plotly / Plotly Express 
246, Seaborn 
246, Matplotlib 
248, Seaborn 
248, Ggplot / ggplot2 
249, Matplotlib 
249, Seaborn 
249, Plotly / Plotly Express 
249, Ggplot / ggplot2 
250, Plotly / Plotly Express 
251, Seaborn 
251, Plotly / Plotly Express 
251, Matplotlib 
251, Geoplotlib 
253, Geoplotlib 
254, Matplotlib 
254, Seaborn 
255, Seaborn 
255, Matplotlib 
256, Matplotlib 
257, Plotly / Plotly Express 
257, Matplotlib 
258, Plotly / Plotly Express 
259, Ggplot / ggplot2 
262, Matplotlib 
262, Seaborn 
262, Plotly / Plotly Express 
264, Ggplot / ggplot2 
264, Seaborn 
264, Matplotlib 
264, Shiny 
265, Ggplot / ggplot2 
265, Shiny 
266, Geoplotlib 
266, Matplotlib 
267, Seaborn 
267, Matplotlib 
267, Ggplot / ggplot2 
268, Matplotlib 
268, Seaborn 
268, Plotly / Plotly Express 
269, Matplotlib 
269, Seaborn 
272, Seaborn 
272, Plotly / Plotly Express 
272, Matplotlib 
274, Matplotlib 
274, Ggplot / ggplot2 
274, Bokeh 
274, Seaborn 
274, Shiny 
274, Geoplotlib 
275, Ggplot / ggplot2 
275, Matplotlib 
276, Pygal 
276, Plotly / Plotly Express 
276, Matplotlib 
276, Seaborn 
282, Seaborn 
282, Matplotlib 
282, Plotly / Plotly Express 
284, Plotly / Plotly Express 
284, Matplotlib 
284, Seaborn 
286, Matplotlib 
286, Seaborn 
287, Plotly / Plotly Express 
288, Seaborn 
288, Matplotlib 
290, Plotly / Plotly Express 
290, Bokeh 
290, Matplotlib 
290, Ggplot / ggplot2 
292, Matplotlib 
292, Seaborn 
294, Matplotlib 
294, Leaflet / Folium 
294, Seaborn 
294, Ggplot / ggplot2 
294, Plotly / Plotly Express 
295, Matplotlib 
296, Matplotlib 
297, Plotly / Plotly Express 
297, Matplotlib 
298, Matplotlib 
298, Ggplot / ggplot2 
298, Seaborn 
299, Seaborn 
299, Matplotlib 
299, Plotly / Plotly Express 
301, Seaborn 
301, Matplotlib 
302, Matplotlib 
303, Seaborn 
303, Ggplot / ggplot2 
303, Dygraphs 
303, Matplotlib 
303, Geoplotlib 
303, Plotly / Plotly Express 
305, Plotly / Plotly Express 
305, Seaborn 
305, Matplotlib 
306, Plotly / Plotly Express 
306, Seaborn 
306, Matplotlib 
308, Plotly / Plotly Express 
308, Ggplot / ggplot2 
308, Matplotlib 
308, Seaborn 
310, Geoplotlib 
310, Matplotlib 
310, Seaborn 
310, Plotly / Plotly Express 
311,Other
311, Ggplot / ggplot2 
314, Plotly / Plotly Express 
315, Seaborn 
315, Matplotlib 
316, Matplotlib 
317, Seaborn 
317, Matplotlib 
317, Geoplotlib 
319, Seaborn 
319, Matplotlib 
323, Plotly / Plotly Express 
323, Seaborn 
323, Matplotlib 
326, Matplotlib 
326, Seaborn 
327, Plotly / Plotly Express 
329, Matplotlib 
330, Matplotlib 
331, Seaborn 
331, Matplotlib 
333, Seaborn 
333, Matplotlib 
334, Highcharter 
335, Ggplot / ggplot2 
336, Matplotlib 
336, Bokeh 
337, Matplotlib 
337, Seaborn 
338, Seaborn 
338, Matplotlib 
338, Ggplot / ggplot2 
338, Plotly / Plotly Express 
339, Matplotlib 
341, Seaborn 
341, Matplotlib 
342, Matplotlib 
342, Seaborn 
343, Bokeh 
343, Seaborn 
343, Matplotlib 
343, Plotly / Plotly Express 
344, Ggplot / ggplot2 
345, Matplotlib 
348, Matplotlib 
348, Seaborn 
350, Matplotlib 
350, Seaborn 
357, Plotly / Plotly Express 
357, Matplotlib 
357, Pygal 
357, Seaborn 
361, Matplotlib 
362, Ggplot / ggplot2 
362, Seaborn 
362, Matplotlib 
363, Seaborn 
363, Plotly / Plotly Express 
365, Matplotlib 
365, Seaborn 
367, Seaborn 
367, Matplotlib 
368, Matplotlib 
368, Seaborn 
369, Seaborn 
369, Matplotlib 
370, Matplotlib 
371, Seaborn 
371, Shiny 
371, Highcharter 
372, Matplotlib 
372, Seaborn 
373, Matplotlib 
373, Seaborn 
374, Shiny 
374, Seaborn 
374, Ggplot / ggplot2 
374, Plotly / Plotly Express 
375, Seaborn 
375, Matplotlib 
379, Plotly / Plotly Express 
379, Seaborn 
379, Matplotlib 
380, Seaborn 
380, Plotly / Plotly Express 
380, Matplotlib 
383, Matplotlib 
384, Matplotlib 
385, Matplotlib 
385, Seaborn 
387, Pygal 
387, Seaborn 
387, Matplotlib 
387, Plotly / Plotly Express 
389, Seaborn 
389, Matplotlib 
390, Matplotlib 
390, Geoplotlib 
390, Pygal 
391, Seaborn 
391, Matplotlib 
392, Matplotlib 
392, Seaborn 
393, Matplotlib 
393, Seaborn 
394, Shiny 
394, Ggplot / ggplot2 
394, Matplotlib 
394, Seaborn 
395, Matplotlib 
395, Plotly / Plotly Express 
395, Leaflet / Folium 
395, Seaborn 
395, Bokeh 
396, Seaborn 
396, Matplotlib 
397, Plotly / Plotly Express 
397, Seaborn 
397, Matplotlib 
398, Seaborn 
398, Matplotlib 
399, Ggplot / ggplot2 
399, Matplotlib 
399, Seaborn 
400, Matplotlib 
402, Seaborn 
402, D3 js 
402, Matplotlib 
403, Matplotlib 
403, Seaborn 
406, Matplotlib 
407, Matplotlib 
407, Plotly / Plotly Express 
407, Seaborn 
407, Bokeh 
407, Pygal 
408, Seaborn 
408, Matplotlib 
409, Ggplot / ggplot2 
409, Shiny 
409, Plotly / Plotly Express 
410, D3 js 
410, Altair 
411, Matplotlib 
411, Seaborn 
412, Matplotlib 
412, Ggplot / ggplot2 
412, Plotly / Plotly Express 
412, Shiny 
414, Seaborn 
414, Plotly / Plotly Express 
414, Matplotlib 
415, Matplotlib 
416, Matplotlib 
416, Ggplot / ggplot2 
417, Seaborn 
417, Geoplotlib 
417, Matplotlib 
418, Matplotlib 
418, Seaborn 
418, Plotly / Plotly Express 
419, Shiny 
419, Ggplot / ggplot2 
420, Plotly / Plotly Express 
420, Seaborn 
420, Matplotlib 
421, Seaborn 
421, Plotly / Plotly Express 
421, Matplotlib 
423, Matplotlib 
423, Seaborn 
424,Other
425, Matplotlib 
425, Seaborn 
426, Seaborn 
426, Matplotlib 
426, Leaflet / Folium 
427, Seaborn 
427, Matplotlib 
427, Ggplot / ggplot2 
427, Plotly / Plotly Express 
428, Matplotlib 
428, Seaborn 
429, Ggplot / ggplot2 
429, Matplotlib 
429, Geoplotlib 
429, Plotly / Plotly Express 
429, Seaborn 
430, Ggplot / ggplot2 
430, Matplotlib 
430, Seaborn 
431, Matplotlib 
432, Seaborn 
432, Bokeh 
432, Matplotlib 
434, Geoplotlib 
434, Plotly / Plotly Express 
434, Matplotlib 
436, Matplotlib 
437, Seaborn 
437, Matplotlib 
437, Plotly / Plotly Express 
438, Seaborn 
438, Matplotlib 
438, Ggplot / ggplot2 
440, Geoplotlib 
440, Seaborn 
440, Matplotlib 
441, Matplotlib 
441, Plotly / Plotly Express 
441, D3 js 
441, Seaborn 
443, Ggplot / ggplot2 
443, Matplotlib 
443, Seaborn 
444, Ggplot / ggplot2 
444, Matplotlib 
446, Matplotlib 
447, Ggplot / ggplot2 
447, Plotly / Plotly Express 
448, Matplotlib 
448, Seaborn 
449, Matplotlib 
449, Ggplot / ggplot2 
450, Matplotlib 
450, Seaborn 
450, Plotly / Plotly Express 
451, Matplotlib 
451, Ggplot / ggplot2 
451, Seaborn 
451, Plotly / Plotly Express 
452, Ggplot / ggplot2 
455, Seaborn 
455, D3 js 
455, Matplotlib 
456, Matplotlib 
456, Seaborn 
459, Matplotlib 
461, Seaborn 
462, Matplotlib 
462, Ggplot / ggplot2 
462, Seaborn 
463, Plotly / Plotly Express 
463, D3 js 
464, Matplotlib 
464, Seaborn 
466, Seaborn 
466, Matplotlib 
467, Matplotlib 
467, Highcharter 
467, Plotly / Plotly Express 
467, Pygal 
468, Seaborn 
468, Plotly / Plotly Express 
468, Matplotlib 
469, Ggplot / ggplot2 
469, Shiny 
470, Matplotlib 
470, Seaborn 
470, Geoplotlib 
471, Ggplot / ggplot2 
471, Seaborn 
471, Matplotlib 
473, Matplotlib 
473, Seaborn 
473, Dygraphs 
474, Matplotlib 
474, Seaborn 
475, Plotly / Plotly Express 
475, Matplotlib 
475, Seaborn 
475, Dygraphs 
475, D3 js 
477, Seaborn 
478, Seaborn 
478, Matplotlib 
478, Plotly / Plotly Express 
479, Seaborn 
479, Matplotlib 
481, Matplotlib 
481, Seaborn 
482, D3 js 
482, Ggplot / ggplot2 
482, Matplotlib 
483, Matplotlib 
483, Seaborn 
484, Matplotlib 
485, Ggplot / ggplot2 
485, Matplotlib 
485, Plotly / Plotly Express 
486, Matplotlib 
489, Seaborn 
489, Matplotlib 
490, Matplotlib 
491, Matplotlib 
492, Seaborn 
492, Matplotlib 
493, Matplotlib 
493,Other
495, Seaborn 
495, Matplotlib 
497, Matplotlib 
497, Seaborn 
498, Matplotlib 
498, Seaborn 
500, Matplotlib 
501, Plotly / Plotly Express 
501, Seaborn 
501, Matplotlib 
503, Seaborn 
505, Matplotlib 
505, Ggplot / ggplot2 
506, Matplotlib 
507, Ggplot / ggplot2 
507, Shiny 
508, Seaborn 
508, Matplotlib 
508, Plotly / Plotly Express 
509,Other
512, Ggplot / ggplot2 
512, Matplotlib 
512, Seaborn 
512, Plotly / Plotly Express 
513,Other
513, Seaborn 
513, Matplotlib 
514, Matplotlib 
515, Matplotlib 
515, Shiny 
515, Plotly / Plotly Express 
516, Seaborn 
518, Matplotlib 
518, Plotly / Plotly Express 
518, Seaborn 
520, Matplotlib 
520, Plotly / Plotly Express 
520, Seaborn 
520, Ggplot / ggplot2 
520, Bokeh 
521, Seaborn 
521, Matplotlib 
523, Matplotlib 
523, Seaborn 
524, Seaborn 
524, Plotly / Plotly Express 
524, Matplotlib 
527, Seaborn 
527, Matplotlib 
528, Shiny 
528, Seaborn 
528, Plotly / Plotly Express 
528, Ggplot / ggplot2 
530, Ggplot / ggplot2 
530, Matplotlib 
531, Seaborn 
531, Matplotlib 
533, Matplotlib 
534, Plotly / Plotly Express 
535, Shiny 
535, Ggplot / ggplot2 
535, Plotly / Plotly Express 
536, Matplotlib 
536, Seaborn 
537, Seaborn 
537, Matplotlib 
538, Matplotlib 
538, Seaborn 
540, Seaborn 
540, Matplotlib 
542, Matplotlib 
543, Matplotlib 
543, Plotly / Plotly Express 
543, Seaborn 
544, Seaborn 
544, Ggplot / ggplot2 
544, Matplotlib 
545,Other
547, Matplotlib 
547, Plotly / Plotly Express 
548, Ggplot / ggplot2 
549, Geoplotlib 
549, Seaborn 
549, Matplotlib 
551, Matplotlib 
551, Seaborn 
552,Other
554, Seaborn 
554, Matplotlib 
555, Seaborn 
555, Matplotlib 
555, Plotly / Plotly Express 
555, Ggplot / ggplot2 
557, Plotly / Plotly Express 
557, Seaborn 
558, Matplotlib 
558, D3 js 
558, Highcharter 
559, Seaborn 
559, Matplotlib 
563, D3 js 
564, Ggplot / ggplot2 
564, Matplotlib 
566, Ggplot / ggplot2 
566, Geoplotlib 
566, Matplotlib 
566, Seaborn 
567, Matplotlib 
569, Plotly / Plotly Express 
569, Matplotlib 
571, Leaflet / Folium 
571, Matplotlib 
571, Seaborn 
572, Ggplot / ggplot2 
572, Shiny 
578, Seaborn 
578, Matplotlib 
579, Matplotlib 
579, Seaborn 
580, Matplotlib 
580, Seaborn 
581, Seaborn 
581, Matplotlib 
581, Plotly / Plotly Express 
582, Matplotlib 
582, Seaborn 
582, Ggplot / ggplot2 
583, Seaborn 
583, Matplotlib 
584, Ggplot / ggplot2 
585, Matplotlib 
586, D3 js 
586,Other
586, Seaborn 
586, Matplotlib 
587, Matplotlib 
587, Seaborn 
587, Plotly / Plotly Express 
589, Matplotlib 
589, Seaborn 
590, Matplotlib 
590, Seaborn 
591, Seaborn 
591, Matplotlib 
592, Matplotlib 
592, Seaborn 
592, Geoplotlib 
593, Ggplot / ggplot2 
594, Seaborn 
594, Matplotlib 
595, Matplotlib 
596, Plotly / Plotly Express 
596, Matplotlib 
596, Seaborn 
597, Matplotlib 
598, Seaborn 
598, Matplotlib 
599, Matplotlib 
600, D3 js 
600, Altair 
600, Matplotlib 
601, Matplotlib 
603, Matplotlib 
605, Seaborn 
605, Matplotlib 
612, Seaborn 
613, Matplotlib 
613, Seaborn 
614, Seaborn 
614, Matplotlib 
614, Shiny 
614,Other
615, D3 js 
616, Seaborn 
617, Ggplot / ggplot2 
617, Plotly / Plotly Express 
619, Matplotlib 
621, Seaborn 
621, Plotly / Plotly Express 
621, Matplotlib 
622,Other
622, D3 js 
623, Seaborn 
623, Plotly / Plotly Express 
623, Matplotlib 
624, Matplotlib 
624, Seaborn 
625, Matplotlib 
625, Plotly / Plotly Express 
625, Seaborn 
626, Seaborn 
626, Matplotlib 
629, Matplotlib 
630, Seaborn 
630, Ggplot / ggplot2 
630, Plotly / Plotly Express 
630, Matplotlib 
631, Matplotlib 
633, Seaborn 
633, Matplotlib 
634, Seaborn 
634, Altair 
634, Leaflet / Folium 
634, Geoplotlib 
634, Plotly / Plotly Express 
634, Ggplot / ggplot2 
634, Matplotlib 
634, D3 js 
634, Shiny 
634, Highcharter 
634, Dygraphs 
634, Pygal 
634, Bokeh 
635, Plotly / Plotly Express 
635, Matplotlib 
635, D3 js 
635, Seaborn 
636, Seaborn 
636, Matplotlib 
636, Ggplot / ggplot2 
637, Seaborn 
637, Matplotlib 
638, Matplotlib 
638, Seaborn 
639, Bokeh 
639, Seaborn 
639, Ggplot / ggplot2 
639, Plotly / Plotly Express 
639, Matplotlib 
640, Ggplot / ggplot2 
641, Matplotlib 
641, Plotly / Plotly Express 
641, Seaborn 
642, Matplotlib 
642, Plotly / Plotly Express 
642, Seaborn 
643, Ggplot / ggplot2 
643, Matplotlib 
643, Seaborn 
644, Matplotlib 
644, Seaborn 
644, Geoplotlib 
644, Plotly / Plotly Express 
645, Matplotlib 
645, Geoplotlib 
645,Other
645, Seaborn 
647, Matplotlib 
647, Shiny 
647, Ggplot / ggplot2 
649, Seaborn 
649, Matplotlib 
650, Matplotlib 
650, Seaborn 
650, Ggplot / ggplot2 
650, Plotly / Plotly Express 
651, Matplotlib 
651, Seaborn 
653, Matplotlib 
654, Seaborn 
656, Matplotlib 
656, Seaborn 
656, Geoplotlib 
657, Plotly / Plotly Express 
657, Seaborn 
657, Matplotlib 
660, Matplotlib 
660, Seaborn 
661, Matplotlib 
662, Matplotlib 
662, Ggplot / ggplot2 
662, Plotly / Plotly Express 
662, Seaborn 
663, Matplotlib 
664, Matplotlib 
664, Seaborn 
664, Ggplot / ggplot2 
667, Matplotlib 
668, Matplotlib 
668, Plotly / Plotly Express 
668, Seaborn 
670, Matplotlib 
670, Seaborn 
671, Plotly / Plotly Express 
671, Shiny 
671, Matplotlib 
671, Seaborn 
673, Seaborn 
673, Matplotlib 
673, Ggplot / ggplot2 
673, D3 js 
673, Geoplotlib 
675, Plotly / Plotly Express 
675, Matplotlib 
677, Matplotlib 
680, Ggplot / ggplot2 
680, Seaborn 
680, Matplotlib 
680, Plotly / Plotly Express 
681, Matplotlib 
682, Matplotlib 
683, Seaborn 
683, Matplotlib 
686, Plotly / Plotly Express 
686, Seaborn 
686, Matplotlib 
687, Matplotlib 
687, Seaborn 
687, Ggplot / ggplot2 
688, Matplotlib 
688, Seaborn 
689, Seaborn 
690, Seaborn 
690, Matplotlib 
691, Matplotlib 
692, Seaborn 
692, Matplotlib 
693, Geoplotlib 
693, Ggplot / ggplot2 
693, Matplotlib 
693, Seaborn 
694, Ggplot / ggplot2 
694, Matplotlib 
694, Seaborn 
695, Bokeh 
695, Seaborn 
695, Plotly / Plotly Express 
695, Matplotlib 
696, Plotly / Plotly Express 
696, Matplotlib 
696, Seaborn 
697, Matplotlib 
697, Seaborn 
697, Pygal 
698, Matplotlib 
698, Seaborn 
698, Plotly / Plotly Express 
700, Seaborn 
700, Plotly / Plotly Express 
700, Matplotlib 
702, Matplotlib 
702, Plotly / Plotly Express 
706, Matplotlib 
706, Seaborn 
706, Plotly / Plotly Express 
707, Matplotlib 
708, Matplotlib 
708, Ggplot / ggplot2 
710, Matplotlib 
710, Ggplot / ggplot2 
712, Ggplot / ggplot2 
712, Bokeh 
712, Matplotlib 
712, Seaborn 
715, Matplotlib 
715, Seaborn 
716, Seaborn 
716, Matplotlib 
717, Ggplot / ggplot2 
717, Seaborn 
717, Shiny 
717, Matplotlib 
719, Seaborn 
719, Matplotlib 
720, Matplotlib 
721, Matplotlib 
722, Plotly / Plotly Express 
722, Matplotlib 
722, Seaborn 
723, Ggplot / ggplot2 
724, Plotly / Plotly Express 
724, Ggplot / ggplot2 
724, Matplotlib 
727, Matplotlib 
727, Ggplot / ggplot2 
727, Plotly / Plotly Express 
728, Matplotlib 
728, Seaborn 
729, Shiny 
729, Seaborn 
729,Other
729, D3 js 
729, Plotly / Plotly Express 
729, Ggplot / ggplot2 
731, Matplotlib 
732, Ggplot / ggplot2 
734, Matplotlib 
734, Seaborn 
734, Leaflet / Folium 
734, Shiny 
734, Bokeh 
734, Plotly / Plotly Express 
734, Altair 
735, Matplotlib 
735, Seaborn 
736, Matplotlib 
736, Bokeh 
736,Other
737, Matplotlib 
737, Seaborn 
739, Matplotlib 
739, Seaborn 
739, Plotly / Plotly Express 
740, Plotly / Plotly Express 
740, Matplotlib 
740, Seaborn 
741, Ggplot / ggplot2 
741, Seaborn 
741, Plotly / Plotly Express 
741, Matplotlib 
742, Matplotlib 
742, Seaborn 
743, Plotly / Plotly Express 
745, Matplotlib 
748, Matplotlib 
748, Plotly / Plotly Express 
749, Matplotlib 
749, Seaborn 
749, Plotly / Plotly Express 
752, Seaborn 
752, Matplotlib 
753, Plotly / Plotly Express 
753, Matplotlib 
753, Seaborn 
754, Shiny 
754, Matplotlib 
754, Ggplot / ggplot2 
756, Matplotlib 
756, Plotly / Plotly Express 
756, Seaborn 
757,Other
757, Matplotlib 
758, Leaflet / Folium 
758, Matplotlib 
758, Ggplot / ggplot2 
758, Pygal 
758, Dygraphs 
758, Bokeh 
758, Highcharter 
758, Seaborn 
758, Shiny 
758, Altair 
758, D3 js 
758, Geoplotlib 
758, Plotly / Plotly Express 
759, Matplotlib 
759, Plotly / Plotly Express 
759, Seaborn 
763, Matplotlib 
764, Geoplotlib 
764, Matplotlib 
767, Matplotlib 
768, Seaborn 
768, Matplotlib 
768, Ggplot / ggplot2 
769, Seaborn 
769, Matplotlib 
769, Plotly / Plotly Express 
770, Pygal 
770, Plotly / Plotly Express 
770, Matplotlib 
770, Geoplotlib 
770, Seaborn 
770, Ggplot / ggplot2 
770, D3 js 
771, Matplotlib 
771, Seaborn 
773, Plotly / Plotly Express 
773, Matplotlib 
774, Matplotlib 
774, Plotly / Plotly Express 
774, Seaborn 
775, Matplotlib 
776, Ggplot / ggplot2 
777, Matplotlib 
779, Ggplot / ggplot2 
779, Plotly / Plotly Express 
779, Seaborn 
779, Matplotlib 
780, Plotly / Plotly Express 
781, Ggplot / ggplot2 
781, Geoplotlib 
781, Matplotlib 
781, Plotly / Plotly Express 
781, Seaborn 
782, Seaborn 
782, Plotly / Plotly Express 
782, Matplotlib 
783, D3 js 
783, Altair 
783, Seaborn 
784, Plotly / Plotly Express 
784, Matplotlib 
785, Shiny 
785, Ggplot / ggplot2 
786, Matplotlib 
786, Plotly / Plotly Express 
786, Seaborn 
787, Matplotlib 
788, Matplotlib 
789, Matplotlib 
789, Seaborn 
790, Matplotlib 
790, Seaborn 
790, Plotly / Plotly Express 
790, Shiny 
790, Ggplot / ggplot2 
791, Matplotlib 
791, Ggplot / ggplot2 
791, Shiny 
791, Plotly / Plotly Express 
791, Seaborn 
792, Plotly / Plotly Express 
792, Ggplot / ggplot2 
792, Shiny 
792, Matplotlib 
794, Shiny 
794, Ggplot / ggplot2 
795, Matplotlib 
795, Seaborn 
796, Ggplot / ggplot2 
797, Seaborn 
797, Matplotlib 
797, Ggplot / ggplot2 
798, Seaborn 
798, Matplotlib 
799, Seaborn 
799, Matplotlib 
800, Matplotlib 
800, Seaborn 
800, Ggplot / ggplot2 
800, Shiny 
801, Matplotlib 
801, Seaborn 
802, Matplotlib 
804, Matplotlib 
806, Matplotlib 
806, Seaborn 
807, Seaborn 
807, Matplotlib 
808, Matplotlib 
808, Geoplotlib 
808, Plotly / Plotly Express 
812, D3 js 
812, Plotly / Plotly Express 
812, Seaborn 
812, Ggplot / ggplot2 
812, Matplotlib 
812, Geoplotlib 
813, Matplotlib 
813, Seaborn 
814, Plotly / Plotly Express 
814, Matplotlib 
814, Bokeh 
814, D3 js 
814, Seaborn 
816, Seaborn 
816, Matplotlib 
816, Plotly / Plotly Express 
818, Seaborn 
818, Ggplot / ggplot2 
818, Matplotlib 
819, Seaborn 
819, Plotly / Plotly Express 
819, Matplotlib 
821, Matplotlib 
822, Ggplot / ggplot2 
822, D3 js 
822, Shiny 
823, Matplotlib 
823, Seaborn 
826, Seaborn 
826, Matplotlib 
827, Matplotlib 
827, Ggplot / ggplot2 
828, Matplotlib 
829, Shiny 
831, Matplotlib 
831, Seaborn 
832, Plotly / Plotly Express 
832, Seaborn 
832, Ggplot / ggplot2 
832, Matplotlib 
834, Seaborn 
834, Shiny 
834, Matplotlib 
834, Ggplot / ggplot2 
836, Plotly / Plotly Express 
836, Matplotlib 
836, Seaborn 
837, Seaborn 
837, Matplotlib 
838, Geoplotlib 
838, Ggplot / ggplot2 
838, Matplotlib 
839, Matplotlib 
839, Seaborn 
841, Matplotlib 
841, Seaborn 
842, Ggplot / ggplot2 
842, Seaborn 
842, Matplotlib 
842, Plotly / Plotly Express 
844, Seaborn 
844, Matplotlib 
844, Plotly / Plotly Express 
845, Matplotlib 
848, Seaborn 
848, Matplotlib 
848, Plotly / Plotly Express 
849, Seaborn 
849, Matplotlib 
852, Matplotlib 
857, Seaborn 
857, Ggplot / ggplot2 
857, Matplotlib 
858, Seaborn 
858, Matplotlib 
859, Seaborn 
859, Matplotlib 
860, Matplotlib 
860, Seaborn 
862, Plotly / Plotly Express 
862, Seaborn 
863, Matplotlib 
864, Ggplot / ggplot2 
864, Leaflet / Folium 
865, Matplotlib 
866, Shiny 
866, Ggplot / ggplot2 
866, Seaborn 
866, Matplotlib 
866, Leaflet / Folium 
866, Plotly / Plotly Express 
867, Matplotlib 
867, Plotly / Plotly Express 
867, Seaborn 
868, Matplotlib 
868, Ggplot / ggplot2 
868, Leaflet / Folium 
868, Seaborn 
871, Matplotlib 
872, Seaborn 
872, Matplotlib 
873, Matplotlib 
873, Seaborn 
873, Ggplot / ggplot2 
874, Matplotlib 
874, Seaborn 
876, Seaborn 
876, Matplotlib 
878, Ggplot / ggplot2 
878, Seaborn 
878, Matplotlib 
879, Seaborn 
879, Matplotlib 
880, Matplotlib 
880, Seaborn 
880, Plotly / Plotly Express 
881,Other
881, Matplotlib 
885, Seaborn 
885, Matplotlib 
886, Geoplotlib 
886, Ggplot / ggplot2 
886, Plotly / Plotly Express 
886, Matplotlib 
887, Seaborn 
887, Plotly / Plotly Express 
887, Matplotlib 
888, Seaborn 
888, Matplotlib 
889, Matplotlib 
890, Matplotlib 
891, Seaborn 
892, Pygal 
893, Plotly / Plotly Express 
893, Pygal 
893, Ggplot / ggplot2 
894, Plotly / Plotly Express 
894, Dygraphs 
894, Seaborn 
894, Shiny 
894, Pygal 
895, Matplotlib 
895, Seaborn 
897, Ggplot / ggplot2 
898,Other
899, Seaborn 
899, Matplotlib 
900, D3 js 
900, Matplotlib 
900, Seaborn 
902, Matplotlib 
904, Ggplot / ggplot2 
908, Matplotlib 
908, Seaborn 
909, Matplotlib 
909, Geoplotlib 
909, Plotly / Plotly Express 
909, Seaborn 
911, Seaborn 
911, Ggplot / ggplot2 
911, Matplotlib 
912, Matplotlib 
912, Seaborn 
913, Geoplotlib 
913, Matplotlib 
914, Ggplot / ggplot2 
915, Plotly / Plotly Express 
915, Seaborn 
915, Matplotlib 
919, Ggplot / ggplot2 
920, Seaborn 
920, Matplotlib 
923, Matplotlib 
923, Seaborn 
925, Matplotlib 
926, Seaborn 
926, Matplotlib 
928, Matplotlib 
928, Seaborn 
929, Geoplotlib 
929, Plotly / Plotly Express 
929, D3 js 
929, Seaborn 
929, Matplotlib 
929, Highcharter 
929, Ggplot / ggplot2 
929, Bokeh 
929, Shiny 
933, Matplotlib 
933, Seaborn 
934, Seaborn 
934, Leaflet / Folium 
934, Matplotlib 
935, Matplotlib 
935, Seaborn 
936, Seaborn 
936, Plotly / Plotly Express 
936, Matplotlib 
937, Seaborn 
937, Matplotlib 
937, Plotly / Plotly Express 
939, D3 js 
942, Matplotlib 
942, Seaborn 
944, Seaborn 
944, Ggplot / ggplot2 
944, Matplotlib 
946,Other
950, Ggplot / ggplot2 
952, Matplotlib 
952, Seaborn 
953, Ggplot / ggplot2 
953, Seaborn 
956, Ggplot / ggplot2 
956, Leaflet / Folium 
956, Matplotlib 
956, Plotly / Plotly Express 
956, Seaborn 
960, Plotly / Plotly Express 
960, Pygal 
960, Matplotlib 
960,Other
960, Seaborn 
961, Plotly / Plotly Express 
961, Ggplot / ggplot2 
961, Seaborn 
961, Matplotlib 
963, Matplotlib 
963, Plotly / Plotly Express 
964, Plotly / Plotly Express 
964, Seaborn 
964, Matplotlib 
965, Matplotlib 
965, Seaborn 
966, Ggplot / ggplot2 
968, Matplotlib 
968, Seaborn 
969, Seaborn 
969, Matplotlib 
970, Shiny 
970, Seaborn 
970, Plotly / Plotly Express 
970, Dygraphs 
970, Matplotlib 
970, Geoplotlib 
972, Shiny 
972, Ggplot / ggplot2 
972, Seaborn 
972, Matplotlib 
977, Seaborn 
977, Matplotlib 
978, Matplotlib 
978, Seaborn 
978, Ggplot / ggplot2 
978, Bokeh 
979, Seaborn 
979, Matplotlib 
980, Seaborn 
980, Matplotlib 
980, Bokeh 
981, Ggplot / ggplot2 
981, Matplotlib 
982, Seaborn 
982, Matplotlib 
985, Ggplot / ggplot2 
987, Leaflet / Folium 
987, Matplotlib 
987, Seaborn 
988, Matplotlib 
989, Seaborn 
989, Plotly / Plotly Express 
989, Matplotlib 
991, Matplotlib 
991, Seaborn 
992, Matplotlib 
992, Seaborn 
993, Matplotlib 
994, Ggplot / ggplot2 
994, Matplotlib 
994, Seaborn 
995, Seaborn 
995, Matplotlib 
996,Other
999, Matplotlib 
999, Plotly / Plotly Express 
1001, Matplotlib 
1001, Seaborn 
1002, Ggplot / ggplot2 
1002, Shiny 
1002, Matplotlib 
1002, Seaborn 
1002, Bokeh 
1003, Highcharter 
1004, Matplotlib 
1005, Seaborn 
1005, Matplotlib 
1006, Matplotlib 
1008, Matplotlib 
1008, Seaborn 
1011, Seaborn 
1011, Matplotlib 
1011,Other
1012, Matplotlib 
1012, Seaborn 
1012, Plotly / Plotly Express 
1013, Matplotlib 
1014, Matplotlib 
1015, Matplotlib 
1015, Seaborn 
1016, Seaborn 
1016, Matplotlib 
1016, Plotly / Plotly Express 
1017, Seaborn 
1017, Matplotlib 
1019, Matplotlib 
1020, Seaborn 
1020, Matplotlib 
1023, Matplotlib 
1024, Seaborn 
1024, Matplotlib 
1024,Other
1026, Matplotlib 
1027, Matplotlib 
1027, Seaborn 
1028, Matplotlib 
1028, Seaborn 
1029, Shiny 
1029, Geoplotlib 
1030, Matplotlib 
1030, Seaborn 
1031, Geoplotlib 
1031, Matplotlib 
1032, Seaborn 
1032, Matplotlib 
1033, Matplotlib 
1033, Ggplot / ggplot2 
1033, Plotly / Plotly Express 
1033, Seaborn 
1034, Dygraphs 
1034, Geoplotlib 
1034, Matplotlib 
1034, Plotly / Plotly Express 
1035, D3 js 
1035, Matplotlib 
1035,Other
1035, Ggplot / ggplot2 
1036, Seaborn 
1036, Matplotlib 
1037, Seaborn 
1037, Matplotlib 
1038, Matplotlib 
1038, Seaborn 
1039, Seaborn 
1039,Other
1039, Matplotlib 
1040, Matplotlib 
1041, Seaborn 
1041, Plotly / Plotly Express 
1041, Geoplotlib 
1041, Matplotlib 
1042, Matplotlib 
1042, Seaborn 
1043, Seaborn 
1043, Matplotlib 
1043, Ggplot / ggplot2 
1044, Seaborn 
1044, Matplotlib 
1045, Matplotlib 
1045, Seaborn 
1046, Matplotlib 
1047, Matplotlib 
1050, Seaborn 
1050, Matplotlib 
1051, Matplotlib 
1052, Plotly / Plotly Express 
1052, Matplotlib 
1055, Matplotlib 
1056, Seaborn 
1056, Ggplot / ggplot2 
1056, Matplotlib 
1058, Matplotlib 
1058, Seaborn 
1058, Plotly / Plotly Express 
1059, Matplotlib 
1060, Plotly / Plotly Express 
1060, Ggplot / ggplot2 
1061, Plotly / Plotly Express 
1061, Matplotlib 
1061, Seaborn 
1061, Ggplot / ggplot2 
1062, Plotly / Plotly Express 
1062, Matplotlib 
1062, Seaborn 
1062, Shiny 
1063, Matplotlib 
1063, Ggplot / ggplot2 
1067, Ggplot / ggplot2 
1067, Matplotlib 
1067, Seaborn 
1068, Matplotlib 
1068, Plotly / Plotly Express 
1068, Seaborn 
1071, Matplotlib 
1072, Matplotlib 
1073, Bokeh 
1073, Matplotlib 
1073, Seaborn 
1074, D3 js 
1074, Matplotlib 
1076, Dygraphs 
1076, Shiny 
1076, Pygal 
1076, Plotly / Plotly Express 
1076, Ggplot / ggplot2 
1077, Ggplot / ggplot2 
1077, Plotly / Plotly Express 
1077, Leaflet / Folium 
1077, Seaborn 
1077, Matplotlib 
1077, Shiny 
1077, Bokeh 
1077, Highcharter 
1078,Other
1079, Matplotlib 
1079, Plotly / Plotly Express 
1079, Seaborn 
1080, Matplotlib 
1081, Matplotlib 
1081, Seaborn 
1082, Plotly / Plotly Express 
1085, Geoplotlib 
1085, Seaborn 
1085, Matplotlib 
1085, Shiny 
1089, Seaborn 
1091, Seaborn 
1091, Matplotlib 
1092, Matplotlib 
1092, Seaborn 
1093, Plotly / Plotly Express 
1093, Matplotlib 
1094, D3 js 
1095, Bokeh 
1095, Matplotlib 
1095, Ggplot / ggplot2 
1095, Seaborn 
1096, Seaborn 
1096, Matplotlib 
1099, Seaborn 
1099, Matplotlib 
1100, Seaborn 
1100, Plotly / Plotly Express 
1100, Matplotlib 
1101, Shiny 
1101, Ggplot / ggplot2 
1102, Matplotlib 
1102, Seaborn 
1102, Ggplot / ggplot2 
1102, D3 js 
1102, Shiny 
1102, Leaflet / Folium 
1102, Plotly / Plotly Express 
1103, Matplotlib 
1103, Seaborn 
1104, Seaborn 
1104, Matplotlib 
1106, Matplotlib 
1106, Seaborn 
1106, Plotly / Plotly Express 
1107, Matplotlib 
1110, Seaborn 
1110, Matplotlib 
1111, Seaborn 
1111, Matplotlib 
1112, Matplotlib 
1112, Plotly / Plotly Express 
1112, Ggplot / ggplot2 
1112, Seaborn 
1114, Matplotlib 
1115, Matplotlib 
1116, Seaborn 
1116, Matplotlib 
1117, Ggplot / ggplot2 
1117, Seaborn 
1117, Geoplotlib 
1117, Matplotlib 
1118, Matplotlib 
1124, Plotly / Plotly Express 
1124, Matplotlib 
1124, Seaborn 
1125, Matplotlib 
1125, Seaborn 
1125, Plotly / Plotly Express 
1126, Matplotlib 
1126, Seaborn 
1126, Plotly / Plotly Express 
1128, Matplotlib 
1129, Matplotlib 
1130, Matplotlib 
1130, Seaborn 
1130, Geoplotlib 
1131, Seaborn 
1131, Plotly / Plotly Express 
1131, Matplotlib 
1132, Matplotlib 
1132, Ggplot / ggplot2 
1132, Plotly / Plotly Express 
1132, Geoplotlib 
1133, Matplotlib 
1133, Seaborn 
1134, Seaborn 
1134, Matplotlib 
1135, Seaborn 
1135, Matplotlib 
1136, Plotly / Plotly Express 
1136, Seaborn 
1136, Bokeh 
1137, Plotly / Plotly Express 
1137, Shiny 
1137, Matplotlib 
1137, Ggplot / ggplot2 
1137, D3 js 
1138, Seaborn 
1138, Ggplot / ggplot2 
1138, Geoplotlib 
1138, Plotly / Plotly Express 
1138, Matplotlib 
1139, Seaborn 
1139, Ggplot / ggplot2 
1139, Matplotlib 
1140, Matplotlib 
1142, Plotly / Plotly Express 
1142,Other
1143, Matplotlib 
1144, Matplotlib 
1144, Seaborn 
1145, Matplotlib 
1145, Bokeh 
1145, Seaborn 
1145, Plotly / Plotly Express 
1146, Shiny 
1146, Ggplot / ggplot2 
1146, Geoplotlib 
1146, Matplotlib 
1147, Seaborn 
1147, Matplotlib 
1148, Shiny 
1148, Matplotlib 
1148, Geoplotlib 
1148, Plotly / Plotly Express 
1148, Ggplot / ggplot2 
1148, Seaborn 
1150, Plotly / Plotly Express 
1150,Other
1150, Seaborn 
1150, Leaflet / Folium 
1150, Matplotlib 
1151, Seaborn 
1151, Matplotlib 
1152, Plotly / Plotly Express 
1152, Ggplot / ggplot2 
1152, Seaborn 
1152, Matplotlib 
1153, Seaborn 
1153, Matplotlib 
1153,Other
1154, Matplotlib 
1157, Altair 
1157, Shiny 
1159, Seaborn 
1159, Matplotlib 
1160, Seaborn 
1160, Matplotlib 
1161, Altair 
1161, Seaborn 
1161, Matplotlib 
1161, Ggplot / ggplot2 
1162, Matplotlib 
1162, Seaborn 
1164, Matplotlib 
1164, Seaborn 
1166, Matplotlib 
1167, Plotly / Plotly Express 
1167, Matplotlib 
1168, Matplotlib 
1169,Other
1171, Seaborn 
1171, Matplotlib 
1172, Matplotlib 
1172, Seaborn 
1175, Shiny 
1175, Dygraphs 
1175, Leaflet / Folium 
1175, Bokeh 
1175, Plotly / Plotly Express 
1175, Seaborn 
1175, Ggplot / ggplot2 
1175, Highcharter 
1176, Matplotlib 
1177, Matplotlib 
1177, Plotly / Plotly Express 
1177, Ggplot / ggplot2 
1180, Plotly / Plotly Express 
1180, Seaborn 
1180, Matplotlib 
1181, Plotly / Plotly Express 
1181, Pygal 
1181, Seaborn 
1181, Matplotlib 
1182, Pygal 
1183, Geoplotlib 
1183, Matplotlib 
1187, Matplotlib 
1187, Seaborn 
1188, Bokeh 
1188, Matplotlib 
1188, Seaborn 
1189, Seaborn 
1189, Matplotlib 
1190, Seaborn 
1190, Matplotlib 
1190, Plotly / Plotly Express 
1191, Seaborn 
1191, Matplotlib 
1191, Ggplot / ggplot2 
1192, Seaborn 
1192, Matplotlib 
1194, Matplotlib 
1194, Seaborn 
1195, Seaborn 
1195, Plotly / Plotly Express 
1195, Matplotlib 
1195, Ggplot / ggplot2 
1195, Shiny 
1198, Ggplot / ggplot2 
1198, Shiny 
1201, Seaborn 
1201, Ggplot / ggplot2 
1201, Geoplotlib 
1201, Matplotlib 
1202, Altair 
1202, Seaborn 
1202, Leaflet / Folium 
1202, Geoplotlib 
1203, Matplotlib 
1203, Seaborn 
1204, Seaborn 
1204, Matplotlib 
1206, Matplotlib 
1206, Plotly / Plotly Express 
1207, Matplotlib 
1208, Ggplot / ggplot2 
1210, Ggplot / ggplot2 
1210, Highcharter 
1210, Matplotlib 
1210, Seaborn 
1212, Seaborn 
1214, Ggplot / ggplot2 
1214, Geoplotlib 
1214, Bokeh 
1214, Seaborn 
1214, Matplotlib 
1215, Plotly / Plotly Express 
1215, Seaborn 
1215, Matplotlib 
1216, Matplotlib 
1216, Seaborn 
1217, Matplotlib 
1217, Seaborn 
1217, Ggplot / ggplot2 
1217, Geoplotlib 
1220, Plotly / Plotly Express 
1220, Matplotlib 
1221, Seaborn 
1222, Matplotlib 
1223, Matplotlib 
1225, Matplotlib 
1226, Matplotlib 
1226, D3 js 
1227, Seaborn 
1227, Matplotlib 
1227, Plotly / Plotly Express 
1228, Ggplot / ggplot2 
1228, Matplotlib 
1228, Seaborn 
1229, Ggplot / ggplot2 
1229, Matplotlib 
1229, Seaborn 
1231, Seaborn 
1231, Matplotlib 
1233, Matplotlib 
1233, Seaborn 
1235, Matplotlib 
1237, Matplotlib 
1237, Ggplot / ggplot2 
1239, Ggplot / ggplot2 
1239, Dygraphs 
1239, D3 js 
1240, Matplotlib 
1241, Matplotlib 
1241, Seaborn 
1241, Plotly / Plotly Express 
1245, Matplotlib 
1245, Seaborn 
1246,Other
1249, Seaborn 
1249, Ggplot / ggplot2 
1249, Plotly / Plotly Express 
1249, Geoplotlib 
1249, Matplotlib 
1251, Seaborn 
1252, Matplotlib 
1252, Ggplot / ggplot2 
1252, Shiny 
1254, Plotly / Plotly Express 
1254, Matplotlib 
1254, Seaborn 
1255, Seaborn 
1255, Matplotlib 
1258, Ggplot / ggplot2 
1258, Matplotlib 
1258, Seaborn 
1260, Matplotlib 
1260, Seaborn 
1262, Matplotlib 
1263, Ggplot / ggplot2 
1263, Matplotlib 
1263, Seaborn 
1263, Shiny 
1263, Plotly / Plotly Express 
1264, Seaborn 
1264, Matplotlib 
1266, Seaborn 
1266,Other
1266, Matplotlib 
1267, Seaborn 
1267, Matplotlib 
1268, Matplotlib 
1268, Seaborn 
1268, Ggplot / ggplot2 
1270, Matplotlib 
1272, Seaborn 
1272, Ggplot / ggplot2 
1273, Ggplot / ggplot2 
1273, Seaborn 
1274, Ggplot / ggplot2 
1276, Ggplot / ggplot2 
1277, Matplotlib 
1277, Seaborn 
1278, Plotly / Plotly Express 
1278, Matplotlib 
1279, Matplotlib 
1279, Seaborn 
1280, Seaborn 
1280, Matplotlib 
1282, Plotly / Plotly Express 
1282, Shiny 
1282, Seaborn 
1282, Matplotlib 
1282, Ggplot / ggplot2 
1282, Bokeh 
1283, Ggplot / ggplot2 
1283, Matplotlib 
1283, Seaborn 
1286, Plotly / Plotly Express 
1286, Highcharter 
1286, Seaborn 
1287, Seaborn 
1287, Matplotlib 
1288, Matplotlib 
1288, Seaborn 
1290, Seaborn 
1290, Matplotlib 
1290, Ggplot / ggplot2 
1291, Matplotlib 
1292, Ggplot / ggplot2 
1292, Altair 
1292, Matplotlib 
1292, Seaborn 
1292, Bokeh 
1292, Plotly / Plotly Express 
1293, Seaborn 
1293, Matplotlib 
1294, Matplotlib 
1296, Seaborn 
1296, Matplotlib 
1298, Seaborn 
1298, Matplotlib 
1298, Plotly / Plotly Express 
1299, Matplotlib 
1303, Shiny 
1303, Ggplot / ggplot2 
1304, Matplotlib 
1305, Matplotlib 
1305, Seaborn 
1306, Leaflet / Folium 
1306, Plotly / Plotly Express 
1306, Bokeh 
1306, Matplotlib 
1306, Seaborn 
1307, Seaborn 
1307, Matplotlib 
1308, Matplotlib 
1309, Matplotlib 
1309, Seaborn 
1309, Plotly / Plotly Express 
1309, Geoplotlib 
1310, Seaborn 
1310, Ggplot / ggplot2 
1310, Plotly / Plotly Express 
1310, Matplotlib 
1313, Matplotlib 
1313, Plotly / Plotly Express 
1313, Ggplot / ggplot2 
1313, Seaborn 
1316, Matplotlib 
1318, Seaborn 
1318, Matplotlib 
1319, Seaborn 
1319, Ggplot / ggplot2 
1319, Matplotlib 
1320, Matplotlib 
1321, Matplotlib 
1322, Matplotlib 
1322, Seaborn 
1322, Plotly / Plotly Express 
1323, Matplotlib 
1323, Plotly / Plotly Express 
1323, Seaborn 
1325, Matplotlib 
1325, Seaborn 
1328, Seaborn 
1329, Shiny 
1329, Matplotlib 
1329, Ggplot / ggplot2 
1329, Plotly / Plotly Express 
1330, Matplotlib 
1330, Seaborn 
1330, Plotly / Plotly Express 
1331, Matplotlib 
1331, Seaborn 
1332, Seaborn 
1332, Matplotlib 
1333, Matplotlib 
1333, Ggplot / ggplot2 
1333, Plotly / Plotly Express 
1333, Seaborn 
1334, Plotly / Plotly Express 
1334, Bokeh 
1334, Matplotlib 
1334, Seaborn 
1335, Plotly / Plotly Express 
1335, Seaborn 
1335, Matplotlib 
1335, Ggplot / ggplot2 
1337, Seaborn 
1337, Matplotlib 
1338, Matplotlib 
1338, Plotly / Plotly Express 
1338,Other
1338, Seaborn 
1340, Ggplot / ggplot2 
1342, Matplotlib 
1342, Seaborn 
1343, Seaborn 
1343, Matplotlib 
1345, Matplotlib 
1345, Seaborn 
1346, Matplotlib 
1347, Matplotlib 
1347, Seaborn 
1348, Seaborn 
1348, Plotly / Plotly Express 
1348, Matplotlib 
1349, D3 js 
1350, Matplotlib 
1352, Matplotlib 
1352, Seaborn 
1353, Seaborn 
1353, Matplotlib 
1355, Seaborn 
1355, Matplotlib 
1358, Matplotlib 
1358, Seaborn 
1359, Matplotlib 
1360, Seaborn 
1360, Plotly / Plotly Express 
1360, Matplotlib 
1361, Matplotlib 
1362, Seaborn 
1362, Matplotlib 
1362, Plotly / Plotly Express 
1363, Matplotlib 
1363, Seaborn 
1365,Other
1365, Shiny 
1365, Matplotlib 
1366, Matplotlib 
1366, Seaborn 
1367, Matplotlib 
1371, Seaborn 
1371, Matplotlib 
1371, Plotly / Plotly Express 
1372, Matplotlib 
1373, Matplotlib 
1373, Plotly / Plotly Express 
1373, Shiny 
1373, Seaborn 
1374, D3 js 
1374, Ggplot / ggplot2 
1374, Bokeh 
1374, Matplotlib 
1374, Plotly / Plotly Express 
1374, Seaborn 
1375, Seaborn 
1375, Matplotlib 
1378, Seaborn 
1378, Matplotlib 
1379, Plotly / Plotly Express 
1379, Ggplot / ggplot2 
1379, Matplotlib 
1379, Seaborn 
1380, Seaborn 
1380, Matplotlib 
1381, Seaborn 
1381, Matplotlib 
1383, Matplotlib 
1383, Seaborn 
1385, Leaflet / Folium 
1385, Seaborn 
1385, Matplotlib 
1385, Plotly / Plotly Express 
1386, Matplotlib 
1387, Matplotlib 
1388, Seaborn 
1388, Ggplot / ggplot2 
1388, Matplotlib 
1389, Matplotlib 
1390, Matplotlib 
1390, Seaborn 
1391, Matplotlib 
1392, Seaborn 
1393, Ggplot / ggplot2 
1393, Bokeh 
1393, Geoplotlib 
1393, Seaborn 
1393, Matplotlib 
1393, Leaflet / Folium 
1393, Plotly / Plotly Express 
1395, Leaflet / Folium 
1395, Ggplot / ggplot2 
1395, D3 js 
1395, Plotly / Plotly Express 
1395, Shiny 
1395, Seaborn 
1395, Matplotlib 
1396, Matplotlib 
1396, Seaborn 
1398, Seaborn 
1398, Matplotlib 
1400, Matplotlib 
1400, Seaborn 
1401, Matplotlib 
1401, Pygal 
1402, Plotly / Plotly Express 
1402, Seaborn 
1402, Matplotlib 
1403, Seaborn 
1403, Matplotlib 
1404, Matplotlib 
1405, Seaborn 
1405, Matplotlib 
1406, Matplotlib 
1407,Other
1407, Matplotlib 
1408, Plotly / Plotly Express 
1408, Seaborn 
1408, Matplotlib 
1409, Plotly / Plotly Express 
1409, Seaborn 
1409, Matplotlib 
1410, Leaflet / Folium 
1410, Ggplot / ggplot2 
1410, Matplotlib 
1410, Seaborn 
1411, Ggplot / ggplot2 
1411, Matplotlib 
1412, Matplotlib 
1412, Pygal 
1413, Seaborn 
1413, Matplotlib 
1414, Matplotlib 
1414, Seaborn 
1415, Plotly / Plotly Express 
1415, Matplotlib 
1415, Seaborn 
1419, Matplotlib 
1422, Plotly / Plotly Express 
1422, Matplotlib 
1423, Matplotlib 
1424, Shiny 
1424, Ggplot / ggplot2 
1425, Matplotlib 
1425, D3 js 
1428, Matplotlib 
1428, Seaborn 
1431, Matplotlib 
1431, Seaborn 
1432, Matplotlib 
1435,Other
1436, Seaborn 
1436, Matplotlib 
1437, Matplotlib 
1437, Seaborn 
1437, Ggplot / ggplot2 
1439, Matplotlib 
1440, Seaborn 
1441, Seaborn 
1441, Matplotlib 
1441, Ggplot / ggplot2 
1442, Matplotlib 
1446, Matplotlib 
1447, Plotly / Plotly Express 
1447, Matplotlib 
1447, Seaborn 
1448, Plotly / Plotly Express 
1448, Matplotlib 
1448, Ggplot / ggplot2 
1451, Ggplot / ggplot2 
1452, Seaborn 
1452, Ggplot / ggplot2 
1453, Matplotlib 
1453, Seaborn 
1454,Other
1454, Matplotlib 
1454, Seaborn 
1455, Matplotlib 
1456, Seaborn 
1456,Other
1456, Ggplot / ggplot2 
1456, Matplotlib 
1460, Matplotlib 
1460, Plotly / Plotly Express 
1460, Seaborn 
1461, Matplotlib 
1462, Matplotlib 
1462, Seaborn 
1463, Matplotlib 
1463, Plotly / Plotly Express 
1464, Ggplot / ggplot2 
1464, Shiny 
1464, Matplotlib 
1465, Plotly / Plotly Express 
1465, Geoplotlib 
1465, Bokeh 
1465, Matplotlib 
1467, Seaborn 
1467, Matplotlib 
1468, Altair 
1468, Matplotlib 
1469, Matplotlib 
1469, Bokeh 
1469, Seaborn 
1470, Matplotlib 
1471, Ggplot / ggplot2 
1471, Plotly / Plotly Express 
1471, D3 js 
1471, Matplotlib 
1471, Seaborn 
1473,Other
1474, Seaborn 
1474, Matplotlib 
1476, Matplotlib 
1476, Plotly / Plotly Express 
1476, D3 js 
1478, Matplotlib 
1478, Seaborn 
1478, Plotly / Plotly Express 
1478, Geoplotlib 
1478, Ggplot / ggplot2 
1480, Plotly / Plotly Express 
1480,Other
1480, Seaborn 
1480, Ggplot / ggplot2 
1480, Matplotlib 
1481, Plotly / Plotly Express 
1481, Matplotlib 
1481, Seaborn 
1482, Seaborn 
1482, Matplotlib 
1482, Plotly / Plotly Express 
1483, Plotly / Plotly Express 
1483, Matplotlib 
1483, Ggplot / ggplot2 
1483, Shiny 
1484, Plotly / Plotly Express 
1484, Seaborn 
1484, Matplotlib 
1485, Ggplot / ggplot2 
1485, Matplotlib 
1485, Seaborn 
1488, Matplotlib 
1488, Seaborn 
1489, Seaborn 
1489, Matplotlib 
1491, Matplotlib 
1492, Ggplot / ggplot2 
1492, Matplotlib 
1493, Matplotlib 
1494, Matplotlib 
1496, Ggplot / ggplot2 
1496, Matplotlib 
1497, Seaborn 
1497, Matplotlib 
1498, Matplotlib 
1498, Seaborn 
1499, Geoplotlib 
1499, Bokeh 
1499, Plotly / Plotly Express 
1499, Matplotlib 
1499, Seaborn 
1499, Ggplot / ggplot2 
1500, Ggplot / ggplot2 
1500, Matplotlib 
1500, Seaborn 
1500, Plotly / Plotly Express 
1500, Geoplotlib 
1501, Seaborn 
1501, Matplotlib 
1503, Seaborn 
1505, D3 js 
1505, Seaborn 
1505, Matplotlib 
1507, Seaborn 
1507, Matplotlib 
1510, Matplotlib 
1510, Seaborn 
1514, Matplotlib 
1514, Seaborn 
1515, Seaborn 
1515, Ggplot / ggplot2 
1515, Matplotlib 
1518, D3 js 
1518,Other
1518, Plotly / Plotly Express 
1519, Seaborn 
1519, Matplotlib 
1520, Matplotlib 
1520, Seaborn 
1522,Other
1522, Matplotlib 
1522, Plotly / Plotly Express 
1524, Seaborn 
1524, Matplotlib 
1524, Plotly / Plotly Express 
1525, Seaborn 
1525, Plotly / Plotly Express 
1526, Geoplotlib 
1527, Seaborn 
1527, Matplotlib 
1527, Plotly / Plotly Express 
1527, Ggplot / ggplot2 
1528, Matplotlib 
1529, Matplotlib 
1530, Matplotlib 
1530, Plotly / Plotly Express 
1531, Seaborn 
1531, Matplotlib 
1532, Matplotlib 
1534, Plotly / Plotly Express 
1534, Matplotlib 
1534, Seaborn 
1536, Matplotlib 
1537, Matplotlib 
1538, Seaborn 
1538, Matplotlib 
1538, Plotly / Plotly Express 
1539, Matplotlib 
1539, Seaborn 
1540, Leaflet / Folium 
1540, Seaborn 
1540, Matplotlib 
1541, Shiny 
1541, Matplotlib 
1541, Plotly / Plotly Express 
1541, Seaborn 
1542, Geoplotlib 
1542, Matplotlib 
1542, Seaborn 
1542, Plotly / Plotly Express 
1543, Matplotlib 
1543, Seaborn 
1544, Matplotlib 
1544, Plotly / Plotly Express 
1544, Seaborn 
1545, Matplotlib 
1545, Seaborn 
1545, Ggplot / ggplot2 
1546, Matplotlib 
1549, Matplotlib 
1550, Matplotlib 
1552, Matplotlib 
1552, Seaborn 
1553,Other
1553, Matplotlib 
1553, Seaborn 
1554, Shiny 
1554, Seaborn 
1554, Matplotlib 
1554, Ggplot / ggplot2 
1554, Dygraphs 
1554, Plotly / Plotly Express 
1557, Matplotlib 
1557, Seaborn 
1558, Ggplot / ggplot2 
1558, Shiny 
1558, Matplotlib 
1558, Plotly / Plotly Express 
1558, Leaflet / Folium 
1558, Seaborn 
1559, Matplotlib 
1559, Seaborn 
1560, Seaborn 
1560, Matplotlib 
1560, Plotly / Plotly Express 
1561, Plotly / Plotly Express 
1563, Seaborn 
1563, Matplotlib 
1569, Matplotlib 
1570, Seaborn 
1570, Plotly / Plotly Express 
1570, Matplotlib 
1571, Seaborn 
1571, Matplotlib 
1574, Seaborn 
1574, Plotly / Plotly Express 
1574, Matplotlib 
1575, Matplotlib 
1575, Seaborn 
1575, D3 js 
1576, Ggplot / ggplot2 
1577, Matplotlib 
1577, Seaborn 
1577, Plotly / Plotly Express 
1579, Ggplot / ggplot2 
1579, Plotly / Plotly Express 
1579, Seaborn 
1579, Matplotlib 
1580, Matplotlib 
1580, Seaborn 
1582, Seaborn 
1582, Matplotlib 
1584, Matplotlib 
1585, Seaborn 
1585, Matplotlib 
1586, Matplotlib 
1586, Plotly / Plotly Express 
1586, Seaborn 
1588, Seaborn 
1588, Plotly / Plotly Express 
1588, Matplotlib 
1590, Matplotlib 
1590,Other
1590, Seaborn 
1593, Leaflet / Folium 
1593, Plotly / Plotly Express 
1593, Ggplot / ggplot2 
1596, Matplotlib 
1596, Seaborn 
1600, Seaborn 
1600, Matplotlib 
1601, Matplotlib 
1601, Seaborn 
1602, Plotly / Plotly Express 
1602, Seaborn 
1602, Matplotlib 
1603, Matplotlib 
1604, Matplotlib 
1604, Seaborn 
1604, Plotly / Plotly Express 
1605, Plotly / Plotly Express 
1605, Seaborn 
1605, Geoplotlib 
1605, Matplotlib 
1606, Matplotlib 
1607, Matplotlib 
1607, Seaborn 
1608, Seaborn 
1608, Matplotlib 
1609, Ggplot / ggplot2 
1609, Matplotlib 
1610, Plotly / Plotly Express 
1610, Seaborn 
1610, Matplotlib 
1610, Ggplot / ggplot2 
1615, Ggplot / ggplot2 
1615, Seaborn 
1615, Matplotlib 
1615, Geoplotlib 
1616, Seaborn 
1616, Matplotlib 
1617, Matplotlib 
1617, Ggplot / ggplot2 
1618, Shiny 
1619, Bokeh 
1619, Matplotlib 
1619, Seaborn 
1621, Altair 
1621, Matplotlib 
1621, Seaborn 
1621, Plotly / Plotly Express 
1622, Matplotlib 
1622, Bokeh 
1622, Plotly / Plotly Express 
1622, Seaborn 
1622, Ggplot / ggplot2 
1624, Ggplot / ggplot2 
1626, Plotly / Plotly Express 
1627, Matplotlib 
1627, Seaborn 
1627, Ggplot / ggplot2 
1628, Seaborn 
1630, Seaborn 
1630, Plotly / Plotly Express 
1630, Matplotlib 
1632, Plotly / Plotly Express 
1632, Leaflet / Folium 
1632, Geoplotlib 
1632, Ggplot / ggplot2 
1632, Seaborn 
1632, Matplotlib 
1634, Plotly / Plotly Express 
1634, Seaborn 
1634, Matplotlib 
1636, Ggplot / ggplot2 
1636, Shiny 
1636, Matplotlib 
1637, Matplotlib 
1637, Seaborn 
1638, Matplotlib 
1638, Seaborn 
1638, Ggplot / ggplot2 
1638, Plotly / Plotly Express 
1638, Geoplotlib 
1639, Matplotlib 
1640, Plotly / Plotly Express 
1640, Seaborn 
1640, Matplotlib 
1642, Matplotlib 
1644, Plotly / Plotly Express 
1644, Shiny 
1645, Seaborn 
1645, Ggplot / ggplot2 
1645, Shiny 
1645, Matplotlib 
1646, Seaborn 
1646, Plotly / Plotly Express 
1646, Matplotlib 
1647, Matplotlib 
1647, Seaborn 
1647, Plotly / Plotly Express 
1648, Plotly / Plotly Express 
1648, Seaborn 
1648, Matplotlib 
1649, D3 js 
1649, Matplotlib 
1649, Seaborn 
1651, Seaborn 
1651, Matplotlib 
1651, Plotly / Plotly Express 
1652, Seaborn 
1652, Matplotlib 
1653, Matplotlib 
1653,Other
1653, Seaborn 
1654, Matplotlib 
1655, Leaflet / Folium 
1655, Plotly / Plotly Express 
1655, Seaborn 
1655, Matplotlib 
1656, Matplotlib 
1656, Seaborn 
1657, Seaborn 
1657, Matplotlib 
1657, Geoplotlib 
1660, Seaborn 
1660, Geoplotlib 
1660, Matplotlib 
1662, Matplotlib 
1663, Shiny 
1663, Geoplotlib 
1663, Matplotlib 
1663, Ggplot / ggplot2 
1664,Other
1665, Plotly / Plotly Express 
1665, Matplotlib 
1665, Seaborn 
1665, Ggplot / ggplot2 
1667, Matplotlib 
1667, Seaborn 
1668, Matplotlib 
1668, Seaborn 
1670, Seaborn 
1670, Matplotlib 
1671, Geoplotlib 
1671, Seaborn 
1671, Matplotlib 
1671, Bokeh 
1672, Seaborn 
1672, Plotly / Plotly Express 
1672, Ggplot / ggplot2 
1672, Matplotlib 
1673, Ggplot / ggplot2 
1673, Matplotlib 
1673, Seaborn 
1674, Seaborn 
1674, Matplotlib 
1674, Plotly / Plotly Express 
1675, Matplotlib 
1675, Seaborn 
1676, Matplotlib 
1678, Matplotlib 
1678, Ggplot / ggplot2 
1680, Matplotlib 
1680, Seaborn 
1680, Plotly / Plotly Express 
1683, Seaborn 
1683, Matplotlib 
1685, Seaborn 
1685, Ggplot / ggplot2 
1685, Matplotlib 
1687, Matplotlib 
1688, Leaflet / Folium 
1688, Geoplotlib 
1688, Ggplot / ggplot2 
1688, Seaborn 
1688, Matplotlib 
1688, Bokeh 
1689, Seaborn 
1689, Matplotlib 
1690, Seaborn 
1690, Matplotlib 
1692, Matplotlib 
1692, Seaborn 
1693,Other
1694, Matplotlib 
1694, Seaborn 
1695, Seaborn 
1695, Matplotlib 
1697, Matplotlib 
1697, Plotly / Plotly Express 
1697, Seaborn 
1697, Geoplotlib 
1697, Leaflet / Folium 
1698, Plotly / Plotly Express 
1699, Matplotlib 
1700, Plotly / Plotly Express 
1700, Matplotlib 
1701, Seaborn 
1701, Plotly / Plotly Express 
1701, Matplotlib 
1702, Seaborn 
1702, Matplotlib 
1706, Seaborn 
1706, Matplotlib 
1708, Matplotlib 
1709, Seaborn 
1709, Matplotlib 
1711, Matplotlib 
1711, Plotly / Plotly Express 
1711, Seaborn 
1712, Seaborn 
1712, Matplotlib 
1713, Matplotlib 
1713, Seaborn 
1714, Matplotlib 
1714, Seaborn 
1715, Ggplot / ggplot2 
1715, Matplotlib 
1715, Seaborn 
1715, Plotly / Plotly Express 
1716, Seaborn 
1716, Matplotlib 
1717, Shiny 
1717, Plotly / Plotly Express 
1717, Matplotlib 
1717, D3 js 
1717, Ggplot / ggplot2 
1718, Matplotlib 
1718, Seaborn 
1722, Seaborn 
1722, Matplotlib 
1723, Shiny 
1723, Seaborn 
1723, Matplotlib 
1723, Ggplot / ggplot2 
1724, Matplotlib 
1725, Matplotlib 
1725, Seaborn 
1726, Plotly / Plotly Express 
1726, Matplotlib 
1726, D3 js 
1732, Seaborn 
1732, Ggplot / ggplot2 
1732, Matplotlib 
1735, Seaborn 
1735, Plotly / Plotly Express 
1735, Matplotlib 
1736, Matplotlib 
1736, Ggplot / ggplot2 
1736, Plotly / Plotly Express 
1737, Matplotlib 
1737,Other
1737, D3 js 
1738, Ggplot / ggplot2 
1740, Matplotlib 
1742, Matplotlib 
1742, Seaborn 
1744, Seaborn 
1745, Matplotlib 
1745, Ggplot / ggplot2 
1745, Seaborn 
1747, Seaborn 
1747, Matplotlib 
1748, Matplotlib 
1751, Matplotlib 
1751, Seaborn 
1752, Seaborn 
1752, Matplotlib 
1754, Seaborn 
1754, Matplotlib 
1755, Ggplot / ggplot2 
1755, Seaborn 
1755, Plotly / Plotly Express 
1755, Matplotlib 
1756, Matplotlib 
1756, Plotly / Plotly Express 
1756, Seaborn 
1757, Matplotlib 
1758, Seaborn 
1758, Geoplotlib 
1758, D3 js 
1758, Matplotlib 
1760, Matplotlib 
1760, Seaborn 
1761, Matplotlib 
1762, Matplotlib 
1763, Matplotlib 
1763, Seaborn 
1763, Ggplot / ggplot2 
1765, Matplotlib 
1765, Seaborn 
1765, Plotly / Plotly Express 
1766, Plotly / Plotly Express 
1766, Seaborn 
1766, Matplotlib 
1767, Plotly / Plotly Express 
1768, Seaborn 
1768, Matplotlib 
1768, Bokeh 
1769, Geoplotlib 
1769, Seaborn 
1769, Matplotlib 
1770, Ggplot / ggplot2 
1771, Shiny 
1771, Plotly / Plotly Express 
1771, D3 js 
1771, Matplotlib 
1771, Ggplot / ggplot2 
1771, Geoplotlib 
1771, Seaborn 
1771, Highcharter 
1771, Dygraphs 
1772, Matplotlib 
1772, Ggplot / ggplot2 
1772, Seaborn 
1772, Shiny 
1773, Ggplot / ggplot2 
1773, Matplotlib 
1773, Plotly / Plotly Express 
1774, Seaborn 
1774, Matplotlib 
1775, Seaborn 
1775, Matplotlib 
1775, Shiny 
1775, Plotly / Plotly Express 
1776, Matplotlib 
1776, Seaborn 
1778, Seaborn 
1778, Matplotlib 
1779, Geoplotlib 
1779, Ggplot / ggplot2 
1779, Matplotlib 
1780, D3 js 
1782, Matplotlib 
1783, Matplotlib 
1783, Plotly / Plotly Express 
1783, Seaborn 
1784,Other
1786, Matplotlib 
1787, Matplotlib 
1788, Matplotlib 
1788, Seaborn 
1788, Ggplot / ggplot2 
1789, Plotly / Plotly Express 
1789, Seaborn 
1789, Matplotlib 
1790, Ggplot / ggplot2 
1790, Matplotlib 
1791, Matplotlib 
1791, Leaflet / Folium 
1791, Seaborn 
1793, Seaborn 
1793, Plotly / Plotly Express 
1793, Matplotlib 
1793, Ggplot / ggplot2 
1794, Matplotlib 
1795, Matplotlib 
1795, Plotly / Plotly Express 
1795, Ggplot / ggplot2 
1800, Plotly / Plotly Express 
1800, Seaborn 
1800, Matplotlib 
1801, Matplotlib 
1801, Seaborn 
1802, Ggplot / ggplot2 
1802, Shiny 
1802, Matplotlib 
1803, Seaborn 
1803, Matplotlib 
1804, Matplotlib 
1804, Seaborn 
1810, Plotly / Plotly Express 
1810, Seaborn 
1810, Matplotlib 
1811, Altair 
1811, Ggplot / ggplot2 
1811, Seaborn 
1811, Plotly / Plotly Express 
1811, Bokeh 
1811, Matplotlib 
1812, Plotly / Plotly Express 
1812, Matplotlib 
1812, Ggplot / ggplot2 
1812, Seaborn 
1813, Seaborn 
1813, Matplotlib 
1814, Seaborn 
1814, Matplotlib 
1816, Ggplot / ggplot2 
1816, Geoplotlib 
1816, Plotly / Plotly Express 
1816, Bokeh 
1816, Matplotlib 
1816, Seaborn 
1817, Matplotlib 
1817, Ggplot / ggplot2 
1817, Seaborn 
1819, Plotly / Plotly Express 
1819, Seaborn 
1820, Ggplot / ggplot2 
1820, Matplotlib 
1820, Seaborn 
1821, Leaflet / Folium 
1821, Seaborn 
1821, Plotly / Plotly Express 
1825, Matplotlib 
1825, Plotly / Plotly Express 
1825, Seaborn 
1827, Matplotlib 
1827, Ggplot / ggplot2 
1827, Plotly / Plotly Express 
1827, Seaborn 
1828,Other
1829, Shiny 
1829, Seaborn 
1829, Ggplot / ggplot2 
1829, Bokeh 
1829, Matplotlib 
1829, Plotly / Plotly Express 
1830, Ggplot / ggplot2 
1830, Matplotlib 
1831, Shiny 
1831, Seaborn 
1831, Matplotlib 
1831, Bokeh 
1831, D3 js 
1831, Plotly / Plotly Express 
1831, Ggplot / ggplot2 
1832, Seaborn 
1833, Plotly / Plotly Express 
1833, Seaborn 
1833, Matplotlib 
1836, Seaborn 
1836, Ggplot / ggplot2 
1836, Plotly / Plotly Express 
1836, Matplotlib 
1837, Seaborn 
1837, Matplotlib 
1838, Ggplot / ggplot2 
1838, Seaborn 
1838, Matplotlib 
1838, Shiny 
1839, Matplotlib 
1839, Seaborn 
1840, Seaborn 
1840, Matplotlib 
1840, Plotly / Plotly Express 
1841, Seaborn 
1841, Plotly / Plotly Express 
1841, Highcharter 
1841, D3 js 
1841, Leaflet / Folium 
1841, Ggplot / ggplot2 
1841, Shiny 
1844, Seaborn 
1844, Matplotlib 
1845, Bokeh 
1845, Seaborn 
1845, Matplotlib 
1846, Matplotlib 
1846, Seaborn 
1848, Matplotlib 
1849, D3 js 
1849, Geoplotlib 
1849, Shiny 
1849, Matplotlib 
1849, Plotly / Plotly Express 
1849, Ggplot / ggplot2 
1849, Seaborn 
1850, Ggplot / ggplot2 
1851, Plotly / Plotly Express 
1851, Matplotlib 
1852, Seaborn 
1852, Matplotlib 
1853, Matplotlib 
1853, Seaborn 
1856, Matplotlib 
1856, Seaborn 
1857, Plotly / Plotly Express 
1857, Seaborn 
1857, Matplotlib 
1857, Bokeh 
1859, Seaborn 
1859, Plotly / Plotly Express 
1859, Altair 
1859, Ggplot / ggplot2 
1859, Geoplotlib 
1859, Shiny 
1859, Matplotlib 
1860, Matplotlib 
1860, Plotly / Plotly Express 
1860, Seaborn 
1861, Matplotlib 
1862, Matplotlib 
1862, Plotly / Plotly Express 
1862, Seaborn 
1863, Matplotlib 
1863, Plotly / Plotly Express 
1863, Seaborn 
1864, Ggplot / ggplot2 
1864, Seaborn 
1864, Matplotlib 
1865, Matplotlib 
1866, Matplotlib 
1866, Seaborn 
1867, Geoplotlib 
1867, Seaborn 
1867, Ggplot / ggplot2 
1867, Matplotlib 
1867, Plotly / Plotly Express 
1868, Plotly / Plotly Express 
1868, Matplotlib 
1869, Matplotlib 
1869, Seaborn 
1870, Seaborn 
1870, Matplotlib 
1872, Matplotlib 
1873, Seaborn 
1873, Ggplot / ggplot2 
1875, Matplotlib 
1875, Seaborn 
1876, Plotly / Plotly Express 
1876, Matplotlib 
1876, Geoplotlib 
1876, D3 js 
1876, Ggplot / ggplot2 
1878, Matplotlib 
1878, Seaborn 
1878, Plotly / Plotly Express 
1879, Matplotlib 
1879, Plotly / Plotly Express 
1879, Seaborn 
1880, Plotly / Plotly Express 
1880, Seaborn 
1880, Ggplot / ggplot2 
1881, Seaborn 
1881, Matplotlib 
1882, Matplotlib 
1882, Seaborn 
1883, Seaborn 
1883, Matplotlib 
1884, Seaborn 
1884, Matplotlib 
1885, Matplotlib 
1885,Other
1885, Ggplot / ggplot2 
1886, Seaborn 
1886, Bokeh 
1886, Matplotlib 
1887, Matplotlib 
1887, Seaborn 
1887, Plotly / Plotly Express 
1888, Matplotlib 
1888, Seaborn 
1889, Seaborn 
1889, Plotly / Plotly Express 
1889, Matplotlib 
1891, Matplotlib 
1891, Seaborn 
1894, Seaborn 
1894, Plotly / Plotly Express 
1894, Matplotlib 
1896, Seaborn 
1896, Matplotlib 
1897, Seaborn 
1897, Matplotlib 
1898, Highcharter 
1898, Seaborn 
1898,Other
1898, Shiny 
1898, Matplotlib 
1898, Ggplot / ggplot2 
1898, Plotly / Plotly Express 
1900, Matplotlib 
1900, Seaborn 
1900, Ggplot / ggplot2 
1901, Ggplot / ggplot2 
1901, Matplotlib 
1901, Seaborn 
1902, Altair 
1902, Matplotlib 
1903, Seaborn 
1903, Ggplot / ggplot2 
1904, Matplotlib 
1904, Seaborn 
1906, Matplotlib 
1906, Ggplot / ggplot2 
1906, Seaborn 
1908, Seaborn 
1908, Matplotlib 
1909, Ggplot / ggplot2 
1909, Matplotlib 
1909, Seaborn 
1909, Plotly / Plotly Express 
1910, Seaborn 
1910, Matplotlib 
1911, Matplotlib 
1911, Seaborn 
1913, Ggplot / ggplot2 
1914, Seaborn 
1914, Matplotlib 
1914, Ggplot / ggplot2 
1915, Matplotlib 
1915, Seaborn 
1915, Bokeh 
1915,Other
1916, Ggplot / ggplot2 
1916, Matplotlib 
1917, Matplotlib 
1917, Ggplot / ggplot2 
1917, Plotly / Plotly Express 
1917, Seaborn 
1918, Ggplot / ggplot2 
1918, Seaborn 
1918, Matplotlib 
1919, Ggplot / ggplot2 
1919, Plotly / Plotly Express 
1919, Seaborn 
1919, Matplotlib 
1920, Matplotlib 
1921, Seaborn 
1921, Matplotlib 
1922,Other
1923, Plotly / Plotly Express 
1923, Seaborn 
1923, Matplotlib 
1924, Matplotlib 
1924, Ggplot / ggplot2 
1924, Seaborn 
1925, Matplotlib 
1925, Seaborn 
1925, Plotly / Plotly Express 
1926, Geoplotlib 
1926, Seaborn 
1926, Matplotlib 
1927, Plotly / Plotly Express 
1927, Seaborn 
1927, Matplotlib 
1928, Plotly / Plotly Express 
1928, Matplotlib 
1929, Pygal 
1930, D3 js 
1930, Matplotlib 
1931, Matplotlib 
1933, Pygal 
1933, Leaflet / Folium 
1933, Bokeh 
1933, D3 js 
1933, Geoplotlib 
1933, Altair 
1933, Shiny 
1933, Plotly / Plotly Express 
1933, Seaborn 
1933, Matplotlib 
1933, Ggplot / ggplot2 
1933, Dygraphs 
1933, Highcharter 
1934, Matplotlib 
1934, Seaborn 
1935, Matplotlib 
1935, Ggplot / ggplot2 
1935, Seaborn 
1936, Ggplot / ggplot2 
1938, Matplotlib 
1939, Seaborn 
1939, Matplotlib 
1940, Matplotlib 
1940, Geoplotlib 
1940, Ggplot / ggplot2 
1941, Matplotlib 
1941, Seaborn 
1943, Shiny 
1943, Ggplot / ggplot2 
1946, Plotly / Plotly Express 
1946, Seaborn 
1946, Bokeh 
1946, Matplotlib 
1947, Seaborn 
1947, Ggplot / ggplot2 
1949, Seaborn 
1949, Matplotlib 
1950, Matplotlib 
1952, Ggplot / ggplot2 
1952, Shiny 
1952, Seaborn 
1952, Matplotlib 
1953, Seaborn 
1953, Matplotlib 
1956, Seaborn 
1956, Matplotlib 
1956, Plotly / Plotly Express 
1957, Matplotlib 
1957, Seaborn 
1957, Plotly / Plotly Express 
1958, Matplotlib 
1958,Other
1959, Plotly / Plotly Express 
1959, Matplotlib 
1959, Seaborn 
1961, Matplotlib 
1961, Ggplot / ggplot2 
1961, Seaborn 
1961, Plotly / Plotly Express 
1963, Matplotlib 
1965, Matplotlib 
1965, Seaborn 
1966, Seaborn 
1966, Ggplot / ggplot2 
1966, Matplotlib 
1967, Seaborn 
1967, Matplotlib 
1970, Seaborn 
1972, Plotly / Plotly Express 
1972, Matplotlib 
1972, Seaborn 
1974, Matplotlib 
1974, Plotly / Plotly Express 
1975, Plotly / Plotly Express 
1975, Ggplot / ggplot2 
1975, Shiny 
1975, Matplotlib 
1975, Seaborn 
1976, Plotly / Plotly Express 
1976, Matplotlib 
1976, Seaborn 
1978, Matplotlib 
1978, Seaborn 
1979, Altair 
1979, Geoplotlib 
1979, Seaborn 
1980, Ggplot / ggplot2 
1980, Leaflet / Folium 
1981, Matplotlib 
1981, Seaborn 
1982, Plotly / Plotly Express 
1982, Seaborn 
1982, Bokeh 
1982, Matplotlib 
1983, Seaborn 
1984, Matplotlib 
1986, Seaborn 
1986, D3 js 
1988, Shiny 
1989, Matplotlib 
1989, Seaborn 
1990, Seaborn 
1990, Matplotlib 
1991, Matplotlib 
1991, Seaborn 
1992, Seaborn 
1992, Ggplot / ggplot2 
1992, Plotly / Plotly Express 
1993, Plotly / Plotly Express 
1993, Ggplot / ggplot2 
1993, Shiny 
1993, Matplotlib 
1993, Seaborn 
1996, Matplotlib 
1996, Seaborn 
1997, Ggplot / ggplot2 
1997, Seaborn 
1997, Matplotlib 
1998, Ggplot / ggplot2 
2002, Matplotlib 
2002, Seaborn 
2004, Seaborn 
2004, Matplotlib 
2005, Plotly / Plotly Express 
2005, Matplotlib 
2005, Seaborn 
2007, Seaborn 
2007, Ggplot / ggplot2 
2011, Plotly / Plotly Express 
2011, Matplotlib 
2011, Seaborn 
2012, Matplotlib 
2012, Seaborn 
2013, Plotly / Plotly Express 
2013, Seaborn 
2013, Matplotlib 
2014, Ggplot / ggplot2 
2014, Matplotlib 
2015, Matplotlib 
2016, Plotly / Plotly Express 
2016, Matplotlib 
2016, Shiny 
2016, Seaborn 
2016, D3 js 
2016, Ggplot / ggplot2 
2017, Geoplotlib 
2017, Ggplot / ggplot2 
2017, Seaborn 
2017, Matplotlib 
2019, Matplotlib 
2022, Altair 
2022, Matplotlib 
2024, Seaborn 
2024, Matplotlib 
2025, Matplotlib 
2026, Altair 
2026, Bokeh 
2026, Plotly / Plotly Express 
2026, Matplotlib 
2028, Matplotlib 
2029, Matplotlib 
2029, Plotly / Plotly Express 
2029, Seaborn 
2030, Bokeh 
2030, D3 js 
2030, Matplotlib 
2030, Seaborn 
2032, Ggplot / ggplot2 
2032, Shiny 
2032, Seaborn 
2033, Seaborn 
2033, Matplotlib 
2034, Matplotlib 
2034, Seaborn 
2035, Matplotlib 
2035, Seaborn 
2036, Seaborn 
2036, Matplotlib 
2037, Seaborn 
2038, Matplotlib 
2040, Seaborn 
2040, Leaflet / Folium 
2040, Plotly / Plotly Express 
2040, Matplotlib 
2041, Plotly / Plotly Express 
2041, Seaborn 
2041, Matplotlib 
2042, Matplotlib 
2042, Seaborn 
2043, Seaborn 
2043, Matplotlib 
2044,Other
2045, Matplotlib 
2045, Seaborn 
2045, Plotly / Plotly Express 
2045, Bokeh 
2047, Seaborn 
2047,Other
2047, Matplotlib 
2048, Matplotlib 
2048, Plotly / Plotly Express 
2049, Plotly / Plotly Express 
2049, Ggplot / ggplot2 
2049, Seaborn 
2049, Bokeh 
2049, Matplotlib 
2050, Matplotlib 
2051, Ggplot / ggplot2 
2051, Seaborn 
2054, Matplotlib 
2055, Matplotlib 
2056, Geoplotlib 
2056, Plotly / Plotly Express 
2056, Matplotlib 
2056, Pygal 
2056, Ggplot / ggplot2 
2056, Highcharter 
2056, Shiny 
2056, Leaflet / Folium 
2056, Altair 
2056, Seaborn 
2056, Bokeh 
2056, D3 js 
2056, Dygraphs 
2057, Matplotlib 
2057, Seaborn 
2058, Seaborn 
2058, Plotly / Plotly Express 
2058, Matplotlib 
2060, Ggplot / ggplot2 
2060, Plotly / Plotly Express 
2060, Matplotlib 
2060, Seaborn 
2060, Altair 
2061, Matplotlib 
2061, Seaborn 
2062, Seaborn 
2062, Matplotlib 
2063, Ggplot / ggplot2 
2063, Matplotlib 
2064, Matplotlib 
2064, Seaborn 
2064, Ggplot / ggplot2 
2065, Ggplot / ggplot2 
2068, D3 js 
2068, Seaborn 
2068, Ggplot / ggplot2 
2068, Shiny 
2068, Plotly / Plotly Express 
2071, Matplotlib 
2071, Seaborn 
2072, Ggplot / ggplot2 
2072, Shiny 
2073, Matplotlib 
2073, Ggplot / ggplot2 
2075, Matplotlib 
2075, Ggplot / ggplot2 
2077, Matplotlib 
2077, Seaborn 
2078, Seaborn 
2078, Plotly / Plotly Express 
2078, Ggplot / ggplot2 
2078, Matplotlib 
2079, Matplotlib 
2079, Seaborn 
2079, Geoplotlib 
2079, Ggplot / ggplot2 
2079, Shiny 
2080, Plotly / Plotly Express 
2080, Pygal 
2080, Dygraphs 
2080, Geoplotlib 
2080, Matplotlib 
2080, Seaborn 
2080,Other
2080, Ggplot / ggplot2 
2082, Seaborn 
2082, Matplotlib 
2082, Ggplot / ggplot2 
2083, Matplotlib 
2083, Seaborn 
2084, Ggplot / ggplot2 
2084, Matplotlib 
2084, Plotly / Plotly Express 
2084, Seaborn 
2085, Ggplot / ggplot2 
2085, Matplotlib 
2086, Matplotlib 
2089, Seaborn 
2089, Matplotlib 
2089, Ggplot / ggplot2 
2090, Ggplot / ggplot2 
2091, Seaborn 
2091, Geoplotlib 
2091, Matplotlib 
2092, Plotly / Plotly Express 
2092, Matplotlib 
2092, Seaborn 
2095, Seaborn 
2095, Plotly / Plotly Express 
2095, Bokeh 
2095, Matplotlib 
2096, Plotly / Plotly Express 
2096, Matplotlib 
2097, Matplotlib 
2097, Seaborn 
2098, Matplotlib 
2100, Seaborn 
2100, Shiny 
2100, Highcharter 
2100, Leaflet / Folium 
2100, Dygraphs 
2100, Matplotlib 
2100, Ggplot / ggplot2 
2101, Pygal 
2101, Matplotlib 
2102, Plotly / Plotly Express 
2106, Ggplot / ggplot2 
2106, Matplotlib 
2106, Seaborn 
2107, Matplotlib 
2108, Matplotlib 
2108, Ggplot / ggplot2 
2108, Shiny 
2108, Plotly / Plotly Express 
2108, Seaborn 
2108, Altair 
2108, D3 js 
2109, Matplotlib 
2109, Plotly / Plotly Express 
2109, Seaborn 
2110, Matplotlib 
2111, Matplotlib 
2112, Seaborn 
2112, Matplotlib 
2113, Shiny 
2113, Matplotlib 
2113, Plotly / Plotly Express 
2113, Ggplot / ggplot2 
2115, Matplotlib 
2116, Matplotlib 
2116, Plotly / Plotly Express 
2116, Seaborn 
2117, Matplotlib 
2118, Matplotlib 
2119, Matplotlib 
2119, Seaborn 
2121, Plotly / Plotly Express 
2121, Seaborn 
2121, Matplotlib 
2121,Other
2122, Matplotlib 
2122, Ggplot / ggplot2 
2123, Matplotlib 
2125, Matplotlib 
2125, Plotly / Plotly Express 
2125, Seaborn 
2128, Seaborn 
2128, Matplotlib 
2130, Matplotlib 
2131, Plotly / Plotly Express 
2131, Matplotlib 
2131, Seaborn 
2132, Matplotlib 
2132, Seaborn 
2134, Plotly / Plotly Express 
2134, Matplotlib 
2134, Seaborn 
2137, Seaborn 
2137, Ggplot / ggplot2 
2137, Matplotlib 
2137, Shiny 
2138, Bokeh 
2138, Plotly / Plotly Express 
2138, Matplotlib 
2138, Seaborn 
2140, Seaborn 
2140, Matplotlib 
2142, Matplotlib 
2142, D3 js 
2142, Plotly / Plotly Express 
2144, Matplotlib 
2144, Seaborn 
2145, Seaborn 
2145, Matplotlib 
2146, Matplotlib 
2147, Matplotlib 
2147, Seaborn 
2148, Seaborn 
2148, Plotly / Plotly Express 
2148, Matplotlib 
2149, Matplotlib 
2149, Plotly / Plotly Express 
2149, Seaborn 
2149, Bokeh 
2150, Ggplot / ggplot2 
2150, Matplotlib 
2150, Seaborn 
2153, Matplotlib 
2153, Seaborn 
2156, Matplotlib 
2157, Matplotlib 
2158, Matplotlib 
2160, Pygal 
2161, Bokeh 
2162, Matplotlib 
2162, Seaborn 
2163, Plotly / Plotly Express 
2163, Seaborn 
2163, Ggplot / ggplot2 
2163, Matplotlib 
2164, Seaborn 
2164, Matplotlib 
2165, Matplotlib 
2165, Leaflet / Folium 
2165, Pygal 
2165, Bokeh 
2165, D3 js 
2165, Plotly / Plotly Express 
2165, Seaborn 
2167, Seaborn 
2167, Matplotlib 
2170, Ggplot / ggplot2 
2170, Shiny 
2171, Matplotlib 
2172, Matplotlib 
2173, Matplotlib 
2174, Matplotlib 
2174, Ggplot / ggplot2 
2175, Matplotlib 
2175, Seaborn 
2177, Matplotlib 
2177, Plotly / Plotly Express 
2177, Seaborn 
2180, Geoplotlib 
2180, Matplotlib 
2181, Seaborn 
2181, Matplotlib 
2182,Other
2183, Matplotlib 
2183, Seaborn 
2183, Shiny 
2183, Ggplot / ggplot2 
2186, Ggplot / ggplot2 
2186, Matplotlib 
2186, Seaborn 
2186, Plotly / Plotly Express 
2187, Matplotlib 
2187, Seaborn 
2188, Matplotlib 
2191, Pygal 
2191, Geoplotlib 
2192, Matplotlib 
2192, Seaborn 
2193, Matplotlib 
2195, Matplotlib 
2196, Seaborn 
2196, Matplotlib 
2196, Plotly / Plotly Express 
2197, Matplotlib 
2198, Ggplot / ggplot2 
2199, Shiny 
2201, Seaborn 
2201, Plotly / Plotly Express 
2201, Matplotlib 
2203, Ggplot / ggplot2 
2207, Plotly / Plotly Express 
2207, Seaborn 
2207, Matplotlib 
2208, Matplotlib 
2208, Seaborn 
2208, Plotly / Plotly Express 
2210, Leaflet / Folium 
2210, Highcharter 
2210, D3 js 
2210, Ggplot / ggplot2 
2210, Shiny 
2211, Matplotlib 
2211, Seaborn 
2212, Matplotlib 
2214, Matplotlib 
2214, Seaborn 
2216, Seaborn 
2216, Plotly / Plotly Express 
2216, Matplotlib 
2216, Ggplot / ggplot2 
2217, Matplotlib 
2218, Matplotlib 
2219, Plotly / Plotly Express 
2219, Matplotlib 
2219, Seaborn 
2220, Matplotlib 
2220, Ggplot / ggplot2 
2220, Seaborn 
2222, Seaborn 
2222, Matplotlib 
2223, Ggplot / ggplot2 
2223, Shiny 
2223, Matplotlib 
2223, Seaborn 
2223, Geoplotlib 
2224, Seaborn 
2224, Matplotlib 
2225, Seaborn 
2225, Ggplot / ggplot2 
2225, Matplotlib 
2225, Geoplotlib 
2226, Ggplot / ggplot2 
2226, Bokeh 
2226, Matplotlib 
2226, Plotly / Plotly Express 
2226, Seaborn 
2226, Shiny 
2227, Seaborn 
2228,Other
2229, Matplotlib 
2229, Plotly / Plotly Express 
2229, Seaborn 
2231, Matplotlib 
2231, Seaborn 
2231, Ggplot / ggplot2 
2231, Geoplotlib 
2234, Seaborn 
2234, Plotly / Plotly Express 
2234, Matplotlib 
2235, Plotly / Plotly Express 
2237, Seaborn 
2237, Plotly / Plotly Express 
2237, Matplotlib 
2238, Matplotlib 
2239, Matplotlib 
2239, Seaborn 
2243, Matplotlib 
2243, Plotly / Plotly Express 
2243, Seaborn 
2243, Ggplot / ggplot2 
2243, Shiny 
2244, Plotly / Plotly Express 
2244, Matplotlib 
2246, Shiny 
2246, Ggplot / ggplot2 
2246, Plotly / Plotly Express 
2246, Matplotlib 
2246, Bokeh 
2246, Seaborn 
2247, Seaborn 
2247, Bokeh 
2247, Matplotlib 
2247, Plotly / Plotly Express 
2249, Geoplotlib 
2249, Matplotlib 
2249, Seaborn 
2249, D3 js 
2249, Plotly / Plotly Express 
2250, Seaborn 
2250, Altair 
2250, Ggplot / ggplot2 
2250, Geoplotlib 
2250, Highcharter 
2250, Matplotlib 
2250, Plotly / Plotly Express 
2251, D3 js 
2251, Matplotlib 
2251, Seaborn 
2253, Ggplot / ggplot2 
2253, Matplotlib 
2254, Matplotlib 
2255, Matplotlib 
2255, Seaborn 
2256, Matplotlib 
2256, Plotly / Plotly Express 
2256, Bokeh 
2258, Matplotlib 
2259, Plotly / Plotly Express 
2259, Matplotlib 
2260,Other
2260, Seaborn 
2260, Matplotlib 
2260, Plotly / Plotly Express 
2261, Plotly / Plotly Express 
2261, Seaborn 
2261, Matplotlib 
2262, Seaborn 
2262, Plotly / Plotly Express 
2265, Seaborn 
2265, Matplotlib 
2266, Seaborn 
2266, Matplotlib 
2268, Geoplotlib 
2268, Matplotlib 
2268, Shiny 
2268, Ggplot / ggplot2 
2268, Dygraphs 
2268, Plotly / Plotly Express 
2268, Seaborn 
2269, Plotly / Plotly Express 
2269, Geoplotlib 
2269, Seaborn 
2273, Matplotlib 
2275, Matplotlib 
2275, Seaborn 
2276, Seaborn 
2276, Matplotlib 
2276, Bokeh 
2278, Matplotlib 
2278, Ggplot / ggplot2 
2278, Seaborn 
2280, Matplotlib 
2280, Seaborn 
2281,Other
2282, Seaborn 
2282, Plotly / Plotly Express 
2283, Matplotlib 
2283, Seaborn 
2285, Matplotlib 
2286, Seaborn 
2286, Matplotlib 
2287, Seaborn 
2287, Matplotlib 
2288,Other
2289, Ggplot / ggplot2 
2290, Matplotlib 
2290, Ggplot / ggplot2 
2290, Geoplotlib 
2292, Seaborn 
2292, Matplotlib 
2293, Seaborn 
2293, Dygraphs 
2293, Matplotlib 
2294, Matplotlib 
2294, Seaborn 
2295, Plotly / Plotly Express 
2295, Seaborn 
2295, Matplotlib 
2296, Ggplot / ggplot2 
2296,Other
2297, Matplotlib 
2298, Matplotlib 
2300, Matplotlib 
2300, Seaborn 
2300, Ggplot / ggplot2 
2301, Plotly / Plotly Express 
2301, Matplotlib 
2301, Seaborn 
2302,Other
2304, D3 js 
2304, Matplotlib 
2306, Seaborn 
2306, Matplotlib 
2306, Plotly / Plotly Express 
2307, Matplotlib 
2307, Ggplot / ggplot2 
2308, Ggplot / ggplot2 
2308, Seaborn 
2308, Plotly / Plotly Express 
2308, Matplotlib 
2311, Matplotlib 
2311, Seaborn 
2312, Matplotlib 
2312, Plotly / Plotly Express 
2312, Seaborn 
2313,Other
2314, Seaborn 
2314, Matplotlib 
2315, Ggplot / ggplot2 
2315, Seaborn 
2315, Matplotlib 
2316, Matplotlib 
2318,Other
2318, Matplotlib 
2318, Seaborn 
2319, Matplotlib 
2322, Plotly / Plotly Express 
2323, Matplotlib 
2323, Geoplotlib 
2323, Seaborn 
2323, Plotly / Plotly Express 
2324, D3 js 
2324, Ggplot / ggplot2 
2324, Matplotlib 
2325, Seaborn 
2325, Matplotlib 
2326, Matplotlib 
2326, Ggplot / ggplot2 
2326, Plotly / Plotly Express 
2326, Seaborn 
2328, Seaborn 
2328, Matplotlib 
2329, Plotly / Plotly Express 
2329, Matplotlib 
2329, Seaborn 
2330, Seaborn 
2330, Plotly / Plotly Express 
2330, Geoplotlib 
2330, Matplotlib 
2331, Seaborn 
2331, Matplotlib 
2332, Matplotlib 
2332, Seaborn 
2333, Matplotlib 
2333, Seaborn 
2333, Plotly / Plotly Express 
2335, Seaborn 
2335, D3 js 
2335, Shiny 
2335, Plotly / Plotly Express 
2335, Ggplot / ggplot2 
2335, Dygraphs 
2335, Highcharter 
2335, Matplotlib 
2337, Ggplot / ggplot2 
2338, Plotly / Plotly Express 
2338, Matplotlib 
2339, Matplotlib 
2339, Ggplot / ggplot2 
2339, Seaborn 
2340, Matplotlib 
2340, Seaborn 
2340, Ggplot / ggplot2 
2342, Seaborn 
2342, Matplotlib 
2342, Plotly / Plotly Express 
2343,Other
2344, Matplotlib 
2344, Seaborn 
2345, Seaborn 
2345, Matplotlib 
2347, Matplotlib 
2347, Seaborn 
2348, Ggplot / ggplot2 
2348, Shiny 
2348, D3 js 
2348, Matplotlib 
2349, Matplotlib 
2350, Seaborn 
2351, Plotly / Plotly Express 
2351, Seaborn 
2351, Matplotlib 
2352, Ggplot / ggplot2 
2352, Seaborn 
2352, Matplotlib 
2353, Seaborn 
2353, Matplotlib 
2354, Seaborn 
2354, Matplotlib 
2355, Seaborn 
2355, Matplotlib 
2355, Plotly / Plotly Express 
2356, Seaborn 
2356, Matplotlib 
2356, Plotly / Plotly Express 
2356, Ggplot / ggplot2 
2357, Seaborn 
2357, Matplotlib 
2359, Matplotlib 
2360, Plotly / Plotly Express 
2360, Seaborn 
2360, Matplotlib 
2361, Ggplot / ggplot2 
2361, Matplotlib 
2361, Shiny 
2361, Seaborn 
2361, Pygal 
2361, Plotly / Plotly Express 
2361, Geoplotlib 
2361, Dygraphs 
2362, Seaborn 
2362, Matplotlib 
2363, Plotly / Plotly Express 
2363, Seaborn 
2363, Matplotlib 
2363, Bokeh 
2363, Ggplot / ggplot2 
2365, Matplotlib 
2365, Plotly / Plotly Express 
2365, Leaflet / Folium 
2365, Ggplot / ggplot2 
2366, Seaborn 
2366, Matplotlib 
2367, Matplotlib 
2368, Matplotlib 
2368, Seaborn 
2368, D3 js 
2368, Plotly / Plotly Express 
2368, Leaflet / Folium 
2369, Shiny 
2369, Seaborn 
2369, Plotly / Plotly Express 
2369, Matplotlib 
2369, Ggplot / ggplot2 
2372, Geoplotlib 
2372, Seaborn 
2372, Matplotlib 
2373, Matplotlib 
2374, Matplotlib 
2374, Seaborn 
2375, Matplotlib 
2376, Plotly / Plotly Express 
2376, Matplotlib 
2376, Seaborn 
2376, Ggplot / ggplot2 
2377, Ggplot / ggplot2 
2377, Leaflet / Folium 
2377, Plotly / Plotly Express 
2381, Seaborn 
2382, Ggplot / ggplot2 
2382, Plotly / Plotly Express 
2382, Shiny 
2383, Matplotlib 
2383, Ggplot / ggplot2 
2384, Matplotlib 
2384, Seaborn 
2384, Ggplot / ggplot2 
2386, Ggplot / ggplot2 
2386, Geoplotlib 
2386, Matplotlib 
2386, Plotly / Plotly Express 
2388, Matplotlib 
2388, Ggplot / ggplot2 
2388, Seaborn 
2389, Seaborn 
2389, Matplotlib 
2389, Plotly / Plotly Express 
2391, Plotly / Plotly Express 
2392, Matplotlib 
2394, Ggplot / ggplot2 
2394, Matplotlib 
2395, Matplotlib 
2395, Geoplotlib 
2396, D3 js 
2396, Matplotlib 
2396, Seaborn 
2398, Seaborn 
2398, Matplotlib 
2400, Matplotlib 
2401, Seaborn 
2401, Matplotlib 
2403, Plotly / Plotly Express 
2403, Matplotlib 
2403, Seaborn 
2407,Other
2408, Matplotlib 
2408, Seaborn 
2411, Seaborn 
2411, Matplotlib 
2411, Altair 
2412, Matplotlib 
2412, Seaborn 
2412, Plotly / Plotly Express 
2413, Shiny 
2415, Seaborn 
2415, Matplotlib 
2416, Matplotlib 
2416, Seaborn 
2417, Matplotlib 
2417, Seaborn 
2417, Ggplot / ggplot2 
2418, Plotly / Plotly Express 
2418, Matplotlib 
2419, Matplotlib 
2419, Seaborn 
2420, Seaborn 
2422, Plotly / Plotly Express 
2422, Matplotlib 
2422, Seaborn 
2424, Seaborn 
2425, Matplotlib 
2427, Seaborn 
2427,Other
2428, Seaborn 
2428, Matplotlib 
2429, Ggplot / ggplot2 
2429, Geoplotlib 
2430, Seaborn 
2430, Plotly / Plotly Express 
2430, Matplotlib 
2431, Seaborn 
2431, Matplotlib 
2432, Matplotlib 
2432, Seaborn 
2433, Seaborn 
2433, Matplotlib 
2434, Highcharter 
2434, Matplotlib 
2434, Seaborn 
2435, Matplotlib 
2436, Plotly / Plotly Express 
2436, Matplotlib 
2436,Other
2436, Seaborn 
2436, Ggplot / ggplot2 
2437, Matplotlib 
2439, Seaborn 
2439, Matplotlib 
2440, Matplotlib 
2440, Seaborn 
2440, Plotly / Plotly Express 
2442, Matplotlib 
2442, Seaborn 
2443, Matplotlib 
2446, Matplotlib 
2447, Matplotlib 
2447, Seaborn 
2449, Seaborn 
2449, Matplotlib 
2449, Plotly / Plotly Express 
2450, Leaflet / Folium 
2450, Ggplot / ggplot2 
2450, Geoplotlib 
2453, Matplotlib 
2453, Seaborn 
2455, Seaborn 
2455, Matplotlib 
2456, Pygal 
2456, Plotly / Plotly Express 
2456, Leaflet / Folium 
2456, Seaborn 
2456, Shiny 
2456, Matplotlib 
2457,Other
2458, Seaborn 
2458, Plotly / Plotly Express 
2459, Matplotlib 
2459, Seaborn 
2460, Matplotlib 
2460, Seaborn 
2462, Seaborn 
2462, Matplotlib 
2462, Ggplot / ggplot2 
2462, Plotly / Plotly Express 
2463, Plotly / Plotly Express 
2463, Matplotlib 
2464, Matplotlib 
2464, Plotly / Plotly Express 
2464, D3 js 
2466, Seaborn 
2466, Matplotlib 
2466, Ggplot / ggplot2 
2466, Plotly / Plotly Express 
2467, Matplotlib 
2467, Plotly / Plotly Express 
2468, Leaflet / Folium 
2468, Matplotlib 
2468, D3 js 
2468, Ggplot / ggplot2 
2468, Plotly / Plotly Express 
2470, Seaborn 
2470, Matplotlib 
2471, Seaborn 
2471, Matplotlib 
2471, Pygal 
2471, Plotly / Plotly Express 
2471, Dygraphs 
2471, Ggplot / ggplot2 
2473, Matplotlib 
2474, Matplotlib 
2474, Seaborn 
2475, Seaborn 
2475, Plotly / Plotly Express 
2475, Matplotlib 
2478, Altair 
2478, Matplotlib 
2478, Bokeh 
2478, Seaborn 
2478, Plotly / Plotly Express 
2478, Ggplot / ggplot2 
2481, Matplotlib 
2483, Plotly / Plotly Express 
2483, Matplotlib 
2484,Other
2485, Leaflet / Folium 
2486, Matplotlib 
2488, Geoplotlib 
2488, Matplotlib 
2491, Matplotlib 
2492, Matplotlib 
2492, Ggplot / ggplot2 
2495, Matplotlib 
2495, Seaborn 
2499, Ggplot / ggplot2 
2499, Leaflet / Folium 
2499, Shiny 
2500, Matplotlib 
2501, Matplotlib 
2503, Matplotlib 
2503, Seaborn 
2504, Matplotlib 
2504, Seaborn 
2505, Matplotlib 
2505, Seaborn 
2506, Matplotlib 
2507, Matplotlib 
2508, Matplotlib 
2508, Ggplot / ggplot2 
2508, Seaborn 
2508, Geoplotlib 
2510, Seaborn 
2510, Ggplot / ggplot2 
2510, Matplotlib 
2512, Matplotlib 
2512, Seaborn 
2514, Seaborn 
2514, Matplotlib 
2518, Matplotlib 
2518, Seaborn 
2518, Leaflet / Folium 
2519, Matplotlib 
2519, Bokeh 
2519, Geoplotlib 
2519, Plotly / Plotly Express 
2519, Seaborn 
2520, Matplotlib 
2521, Matplotlib 
2523, Ggplot / ggplot2 
2523, Seaborn 
2523, Shiny 
2523, Matplotlib 
2525, Shiny 
2525, Matplotlib 
2525, Seaborn 
2527, Seaborn 
2527, Plotly / Plotly Express 
2528, Matplotlib 
2528, Seaborn 
2528, Leaflet / Folium 
2529, Matplotlib 
2529, Seaborn 
2530, Plotly / Plotly Express 
2530, Matplotlib 
2531, D3 js 
2531, Seaborn 
2531, Matplotlib 
2532, Matplotlib 
2533, Matplotlib 
2534, D3 js 
2534, Altair 
2534, Shiny 
2534, Plotly / Plotly Express 
2534, Pygal 
2534, Highcharter 
2534, Seaborn 
2534, Geoplotlib 
2535, Ggplot / ggplot2 
2535, Plotly / Plotly Express 
2535, Matplotlib 
2535, Seaborn 
2536, Highcharter 
2536, Seaborn 
2536, Matplotlib 
2538, Matplotlib 
2538, Seaborn 
2539, Matplotlib 
2540, D3 js 
2540, Matplotlib 
2540, Plotly / Plotly Express 
2543, Seaborn 
2543, Plotly / Plotly Express 
2543, Geoplotlib 
2543, Matplotlib 
2544, Matplotlib 
2544, Seaborn 
2545, Bokeh 
2545, Seaborn 
2545, Plotly / Plotly Express 
2545, Ggplot / ggplot2 
2545, Geoplotlib 
2545, Matplotlib 
2545, Leaflet / Folium 
2546, Matplotlib 
2546, Plotly / Plotly Express 
2546, Seaborn 
2546, Ggplot / ggplot2 
2547, Ggplot / ggplot2 
2547, Seaborn 
2547, Matplotlib 
2550, Ggplot / ggplot2 
2550, Pygal 
2552, Seaborn 
2552, Matplotlib 
2552,Other
2552, Ggplot / ggplot2 
2554, Seaborn 
2554, Matplotlib 
2555,Other
2556, Seaborn 
2556, Matplotlib 
2556, Plotly / Plotly Express 
2556, Ggplot / ggplot2 
2559, Matplotlib 
2561, Seaborn 
2561, Matplotlib 
2562, Ggplot / ggplot2 
2562, Plotly / Plotly Express 
2562, Matplotlib 
2563, Matplotlib 
2563, Seaborn 
2566, Ggplot / ggplot2 
2567, Matplotlib 
2567, Seaborn 
2568, Geoplotlib 
2568, Seaborn 
2568,Other
2569, Plotly / Plotly Express 
2569, Matplotlib 
2570, Matplotlib 
2570, Seaborn 
2570, Plotly / Plotly Express 
2572, Ggplot / ggplot2 
2572, Matplotlib 
2572, Seaborn 
2573, Matplotlib 
2573, Plotly / Plotly Express 
2574, Altair 
2575, Matplotlib 
2576, Seaborn 
2576, Matplotlib 
2577, Seaborn 
2577, Plotly / Plotly Express 
2577, Matplotlib 
2578, Plotly / Plotly Express 
2578, Ggplot / ggplot2 
2578, Matplotlib 
2579, Plotly / Plotly Express 
2579, Seaborn 
2579, Matplotlib 
2580, Matplotlib 
2581, Matplotlib 
2581, Geoplotlib 
2581, Seaborn 
2581, Plotly / Plotly Express 
2583, Matplotlib 
2584, Matplotlib 
2586, Seaborn 
2586, Ggplot / ggplot2 
2586, Matplotlib 
2587, Seaborn 
2587, Matplotlib 
2588, Plotly / Plotly Express 
2588, Matplotlib 
2590, Seaborn 
2591, Matplotlib 
2595, Seaborn 
2595, Matplotlib 
2596, Matplotlib 
2596, Seaborn 
2598, Matplotlib 
2598, Seaborn 
2599, Matplotlib 
2599, Seaborn 
2600, Leaflet / Folium 
2600, Ggplot / ggplot2 
2600, Geoplotlib 
2600, Plotly / Plotly Express 
2600, Seaborn 
2600, Matplotlib 
2602, Seaborn 
2602, Matplotlib 
2602, Ggplot / ggplot2 
2602, Plotly / Plotly Express 
2603, D3 js 
2604, Seaborn 
2604, Matplotlib 
2605, Matplotlib 
2605, Seaborn 
2607, Plotly / Plotly Express 
2607, Matplotlib 
2607, Seaborn 
2608, Seaborn 
2608, Matplotlib 
2609, Matplotlib 
2609, Seaborn 
2611, Shiny 
2611, Plotly / Plotly Express 
2611, Seaborn 
2611, Matplotlib 
2611, Ggplot / ggplot2 
2614, Matplotlib 
2614, Seaborn 
2615, Matplotlib 
2615, Ggplot / ggplot2 
2615, Seaborn 
2615, Plotly / Plotly Express 
2615, Shiny 
2616, Matplotlib 
2616, Seaborn 
2616, Pygal 
2616, Geoplotlib 
2618, Plotly / Plotly Express 
2619, Matplotlib 
2619, Plotly / Plotly Express 
2619, Ggplot / ggplot2 
2619, Seaborn 
2620, Matplotlib 
2620, Seaborn 
2621, Matplotlib 
2621, Ggplot / ggplot2 
2621, Shiny 
2621, Bokeh 
2621, Seaborn 
2623, Matplotlib 
2623, Plotly / Plotly Express 
2625, Plotly / Plotly Express 
2625, Matplotlib 
2625, Seaborn 
2626, Seaborn 
2626, Matplotlib 
2626, Plotly / Plotly Express 
2626, Ggplot / ggplot2 
2627, Matplotlib 
2627, Seaborn 
2628, Ggplot / ggplot2 
2628, Matplotlib 
2628, Shiny 
2628, Plotly / Plotly Express 
2628, Seaborn 
2629,Other
2630, Matplotlib 
2631, Matplotlib 
2631, Shiny 
2631, Ggplot / ggplot2 
2631, Seaborn 
2632, Matplotlib 
2633, Matplotlib 
2633, Seaborn 
2634, Plotly / Plotly Express 
2634, Matplotlib 
2635, Seaborn 
2635, Matplotlib 
2640, Matplotlib 
2641, Seaborn 
2643, Matplotlib 
2643, Plotly / Plotly Express 
2643, Geoplotlib 
2643, Seaborn 
2644, Matplotlib 
2645, Bokeh 
2645, Seaborn 
2645, Matplotlib 
2646, Plotly / Plotly Express 
2646, Ggplot / ggplot2 
2646, Matplotlib 
2646, Seaborn 
2647, Matplotlib 
2647, Seaborn 
2648, Seaborn 
2648, Matplotlib 
2650, Seaborn 
2650, Matplotlib 
2651, Seaborn 
2651, Matplotlib 
2652, Ggplot / ggplot2 
2654, Seaborn 
2654, Matplotlib 
2657, Matplotlib 
2657, Seaborn 
2658, Seaborn 
2658, Matplotlib 
2659, Matplotlib 
2659, Seaborn 
2661, Seaborn 
2661, Matplotlib 
2661, Plotly / Plotly Express 
2661, Bokeh 
2662, Matplotlib 
2662, Plotly / Plotly Express 
2663, Seaborn 
2663, Matplotlib 
2665, Matplotlib 
2667, Plotly / Plotly Express 
2667, Seaborn 
2667, Ggplot / ggplot2 
2667, Matplotlib 
2668, Matplotlib 
2668, Plotly / Plotly Express 
2669, Ggplot / ggplot2 
2669, Shiny 
2669, Matplotlib 
2669, Plotly / Plotly Express 
2671, Matplotlib 
2672, Ggplot / ggplot2 
2672, Matplotlib 
2672, Plotly / Plotly Express 
2672, Seaborn 
2677, Ggplot / ggplot2 
2678, Matplotlib 
2678, Seaborn 
2678, Plotly / Plotly Express 
2681, Matplotlib 
2681, Seaborn 
2681, Ggplot / ggplot2 
2682, Ggplot / ggplot2 
2683, Matplotlib 
2683, Ggplot / ggplot2 
2684, Plotly / Plotly Express 
2684, Matplotlib 
2684, Seaborn 
2685, Seaborn 
2685, Matplotlib 
2686,Other
2688, Matplotlib 
2690, Dygraphs 
2690, Matplotlib 
2691, Matplotlib 
2691, Seaborn 
2692, Matplotlib 
2693, Seaborn 
2693, Matplotlib 
2694, Matplotlib 
2694, Seaborn 
2696, Seaborn 
2696, Matplotlib 
2697, D3 js 
2699, Plotly / Plotly Express 
2701, Matplotlib 
2705, Matplotlib 
2705, Seaborn 
2706, Plotly / Plotly Express 
2706, Ggplot / ggplot2 
2706, Matplotlib 
2708, Geoplotlib 
2708, Matplotlib 
2708, Seaborn 
2709, Seaborn 
2709, Matplotlib 
2710, Pygal 
2710, Matplotlib 
2713, Seaborn 
2713, Plotly / Plotly Express 
2713, Matplotlib 
2713, Ggplot / ggplot2 
2713, Geoplotlib 
2713, Pygal 
2714, Matplotlib 
2714, Seaborn 
2715, Matplotlib 
2715, Seaborn 
2716, Matplotlib 
2716, Seaborn 
2716, Ggplot / ggplot2 
2717, Matplotlib 
2717, Plotly / Plotly Express 
2718, Seaborn 
2718, Plotly / Plotly Express 
2718, Leaflet / Folium 
2718, Matplotlib 
2719, Matplotlib 
2720, Seaborn 
2720, Geoplotlib 
2720, Matplotlib 
2720, Leaflet / Folium 
2720, Plotly / Plotly Express 
2721, Leaflet / Folium 
2721, Shiny 
2721, Ggplot / ggplot2 
2721, Plotly / Plotly Express 
2722, Bokeh 
2722, Plotly / Plotly Express 
2722, Matplotlib 
2722, Seaborn 
2726, Matplotlib 
2727,Other
2728, Matplotlib 
2728, Seaborn 
2731, Seaborn 
2731, Plotly / Plotly Express 
2733, Matplotlib 
2733, Seaborn 
2735, Leaflet / Folium 
2736, Altair 
2737, Matplotlib 
2737, Dygraphs 
2738, Matplotlib 
2738, Seaborn 
2739, Ggplot / ggplot2 
2739, Matplotlib 
2741, Matplotlib 
2741, Geoplotlib 
2742, Matplotlib 
2742, Seaborn 
2743, Matplotlib 
2743, Seaborn 
2744, Seaborn 
2744, Matplotlib 
2745, Matplotlib 
2746, Matplotlib 
2746, Seaborn 
2748, Plotly / Plotly Express 
2748, Matplotlib 
2749, Shiny 
2749, Ggplot / ggplot2 
2750, Seaborn 
2750, Plotly / Plotly Express 
2751, Matplotlib 
2752, Matplotlib 
2753, Plotly / Plotly Express 
2753, Matplotlib 
2753, Seaborn 
2754, Seaborn 
2754, Matplotlib 
2756, Seaborn 
2756, Matplotlib 
2757, Plotly / Plotly Express 
2757, Geoplotlib 
2757, Matplotlib 
2757, Seaborn 
2758, Seaborn 
2758, Matplotlib 
2759, Plotly / Plotly Express 
2759, Ggplot / ggplot2 
2759, Seaborn 
2759, Matplotlib 
2760, Ggplot / ggplot2 
2760, Seaborn 
2760, Plotly / Plotly Express 
2761, Seaborn 
2761, Matplotlib 
2763, Matplotlib 
2763, Plotly / Plotly Express 
2763, Altair 
2763, Seaborn 
2763, Geoplotlib 
2763, Ggplot / ggplot2 
2763, Shiny 
2764, Seaborn 
2764, Matplotlib 
2767, Ggplot / ggplot2 
2768, Plotly / Plotly Express 
2768, Seaborn 
2768, Matplotlib 
2768, Ggplot / ggplot2 
2769, Seaborn 
2769, Plotly / Plotly Express 
2769, Matplotlib 
2770, Seaborn 
2770, Matplotlib 
2771, Plotly / Plotly Express 
2772, Matplotlib 
2773, Highcharter 
2773, Ggplot / ggplot2 
2773, Plotly / Plotly Express 
2773, Seaborn 
2773, Matplotlib 
2775, Highcharter 
2775, Plotly / Plotly Express 
2775, Shiny 
2775, Ggplot / ggplot2 
2775, Seaborn 
2777, Matplotlib 
2777, Ggplot / ggplot2 
2777, Geoplotlib 
2778, Seaborn 
2778, Matplotlib 
2779, Ggplot / ggplot2 
2779, Geoplotlib 
2779, Leaflet / Folium 
2779, Plotly / Plotly Express 
2779, Matplotlib 
2779, Seaborn 
2780, Matplotlib 
2780, Ggplot / ggplot2 
2780, Seaborn 
2781, Matplotlib 
2781, Ggplot / ggplot2 
2781, Seaborn 
2782, Seaborn 
2782, Matplotlib 
2784, Matplotlib 
2784,Other
2785, Matplotlib 
2785, Seaborn 
2786, Plotly / Plotly Express 
2786, Seaborn 
2786, Ggplot / ggplot2 
2786, Matplotlib 
2788, Ggplot / ggplot2 
2788, Matplotlib 
2788, Seaborn 
2789, Seaborn 
2789, Plotly / Plotly Express 
2789, Matplotlib 
2790, Plotly / Plotly Express 
2790, Ggplot / ggplot2 
2791, Matplotlib 
2792, Ggplot / ggplot2 
2792, Matplotlib 
2792, Seaborn 
2793, Matplotlib 
2795, Matplotlib 
2795, Seaborn 
2796, Seaborn 
2796, Matplotlib 
2797, Ggplot / ggplot2 
2797, Matplotlib 
2798, Matplotlib 
2799, Plotly / Plotly Express 
2799, Geoplotlib 
2799, Ggplot / ggplot2 
2800, Seaborn 
2800, Matplotlib 
2801, Matplotlib 
2801, Plotly / Plotly Express 
2801, Seaborn 
2801, Leaflet / Folium 
2803, Seaborn 
2805, Matplotlib 
2806, Seaborn 
2806, Ggplot / ggplot2 
2806, Matplotlib 
2807, D3 js 
2807, Matplotlib 
2807, Highcharter 
2808, Seaborn 
2808, Ggplot / ggplot2 
2808, Matplotlib 
2810, Matplotlib 
2810, Seaborn 
2811, Matplotlib 
2811, Seaborn 
2812, Matplotlib 
2813, Matplotlib 
2813, Seaborn 
2815, Plotly / Plotly Express 
2815, Matplotlib 
2815, Seaborn 
2818, Seaborn 
2818, Shiny 
2818, Matplotlib 
2818, Ggplot / ggplot2 
2819, Shiny 
2819, Matplotlib 
2819, Ggplot / ggplot2 
2819, Plotly / Plotly Express 
2819, D3 js 
2819, Seaborn 
2821, Matplotlib 
2821, Seaborn 
2821, Plotly / Plotly Express 
2822, Matplotlib 
2823, Matplotlib 
2825, Matplotlib 
2826, Matplotlib 
2827, Ggplot / ggplot2 
2828, Matplotlib 
2830, Geoplotlib 
2830, Matplotlib 
2830, Seaborn 
2834, Ggplot / ggplot2 
2834, Seaborn 
2834, Matplotlib 
2834, Shiny 
2834, D3 js 
2834, Plotly / Plotly Express 
2835, Matplotlib 
2837, Matplotlib 
2838, Seaborn 
2838, Matplotlib 
2839, Matplotlib 
2839, Leaflet / Folium 
2839, Seaborn 
2839, Bokeh 
2840, Matplotlib 
2840, Plotly / Plotly Express 
2840, Seaborn 
2841, Matplotlib 
2841, Seaborn 
2842, Seaborn 
2842, Matplotlib 
2842, Ggplot / ggplot2 
2844, Plotly / Plotly Express 
2844, Geoplotlib 
2845, Matplotlib 
2849, D3 js 
2849, Altair 
2850, Seaborn 
2850,Other
2850, Matplotlib 
2851, Matplotlib 
2853, Matplotlib 
2853, Seaborn 
2854,Other
2855, Seaborn 
2855, Matplotlib 
2856, Seaborn 
2856, Matplotlib 
2856, Ggplot / ggplot2 
2857, Matplotlib 
2858, Seaborn 
2858, Matplotlib 
2859, Ggplot / ggplot2 
2859, Matplotlib 
2859, Seaborn 
2859, Plotly / Plotly Express 
2862, Ggplot / ggplot2 
2862, Matplotlib 
2862, Seaborn 
2863, Seaborn 
2863, Geoplotlib 
2863, Plotly / Plotly Express 
2863, Matplotlib 
2863, Ggplot / ggplot2 
2863, Bokeh 
2864, Ggplot / ggplot2 
2864, Dygraphs 
2865, Matplotlib 
2865, Plotly / Plotly Express 
2865, Seaborn 
2865, Geoplotlib 
2865, Ggplot / ggplot2 
2865, Bokeh 
2865, Shiny 
2867, Plotly / Plotly Express 
2867, Seaborn 
2867, Matplotlib 
2868, Leaflet / Folium 
2870, Seaborn 
2870, Ggplot / ggplot2 
2870, Matplotlib 
2870, Leaflet / Folium 
2871, Ggplot / ggplot2 
2873, Matplotlib 
2873, Geoplotlib 
2873, Seaborn 
2873, Ggplot / ggplot2 
2874, Seaborn 
2875, Seaborn 
2875, Matplotlib 
2875, Ggplot / ggplot2 
2880, Matplotlib 
2881, Seaborn 
2881, Matplotlib 
2883, Seaborn 
2883, Matplotlib 
2885, Matplotlib 
2885, Seaborn 
2887, Matplotlib 
2888, Matplotlib 
2888, Seaborn 
2891, Plotly / Plotly Express 
2891, Seaborn 
2891, Matplotlib 
2892, Seaborn 
2892, Matplotlib 
2892, Geoplotlib 
2892, Ggplot / ggplot2 
2893, Matplotlib 
2894, Matplotlib 
2894, Seaborn 
2895, Matplotlib 
2897, Matplotlib 
2897, Seaborn 
2901, Seaborn 
2901, Matplotlib 
2902, Matplotlib 
2903, Matplotlib 
2903, Plotly / Plotly Express 
2904, Seaborn 
2904, Matplotlib 
2905, Matplotlib 
2907, Geoplotlib 
2907, Matplotlib 
2907, Seaborn 
2910, Shiny 
2910, Plotly / Plotly Express 
2910, Ggplot / ggplot2 
2912, Seaborn 
2912, Matplotlib 
2913, Ggplot / ggplot2 
2913, Matplotlib 
2916, Matplotlib 
2916, Seaborn 
2922, Matplotlib 
2922, Seaborn 
2923, Seaborn 
2923, Shiny 
2923, Geoplotlib 
2923, Bokeh 
2923, Dygraphs 
2923, Highcharter 
2923, Ggplot / ggplot2 
2923, Plotly / Plotly Express 
2923, Altair 
2923, D3 js 
2923, Matplotlib 
2923, Pygal 
2923, Leaflet / Folium 
2924, Seaborn 
2924, Matplotlib 
2925, Matplotlib 
2925, Plotly / Plotly Express 
2926, Seaborn 
2926, Matplotlib 
2926, Plotly / Plotly Express 
2927, Seaborn 
2927, Matplotlib 
2928, Seaborn 
2931, Seaborn 
2931, Matplotlib 
2934, Seaborn 
2934, D3 js 
2938, Matplotlib 
2940, Matplotlib 
2940, Seaborn 
2941, Seaborn 
2941, Matplotlib 
2942, Seaborn 
2944, Ggplot / ggplot2 
2945, Matplotlib 
2945,Other
2946, Seaborn 
2946, Matplotlib 
2948, Matplotlib 
2948, Seaborn 
2949, Seaborn 
2949, Plotly / Plotly Express 
2949, Matplotlib 
2950, Matplotlib 
2950, Seaborn 
2951, Ggplot / ggplot2 
2951, Seaborn 
2951, Matplotlib 
2953, Matplotlib 
2953, Seaborn 
2953, Plotly / Plotly Express 
2954, Seaborn 
2954, Matplotlib 
2956, Matplotlib 
2956, Seaborn 
2958, Plotly / Plotly Express 
2958, Seaborn 
2958, Matplotlib 
2959,Other
2959, Seaborn 
2959, Matplotlib 
2961, Seaborn 
2961, Matplotlib 
2961, Plotly / Plotly Express 
2962, Ggplot / ggplot2 
2962, Matplotlib 
2962, Seaborn 
2962, D3 js 
2962, Plotly / Plotly Express 
2963, Seaborn 
2963, Matplotlib 
2963, Shiny 
2963, Ggplot / ggplot2 
2963, Plotly / Plotly Express 
2964, D3 js 
2964, Matplotlib 
2964, Ggplot / ggplot2 
2965, Matplotlib 
2965, Seaborn 
2966, Seaborn 
2966, Matplotlib 
2966, Geoplotlib 
2966, Plotly / Plotly Express 
2967, Matplotlib 
2969, Plotly / Plotly Express 
2969, Matplotlib 
2970, Ggplot / ggplot2 
2971, Matplotlib 
2971, Seaborn 
2972, Seaborn 
2972, Plotly / Plotly Express 
2972, Matplotlib 
2975, Matplotlib 
2975, Seaborn 
2978, Matplotlib 
2980, Matplotlib 
2982, Matplotlib 
2982, Ggplot / ggplot2 
2982, Seaborn 
2983, Seaborn 
2983, Matplotlib 
2987, Seaborn 
2987, Matplotlib 
2990, Matplotlib 
2991, Matplotlib 
2992, Matplotlib 
2992, Plotly / Plotly Express 
2992, Seaborn 
2995, Matplotlib 
2995, Ggplot / ggplot2 
2995, Seaborn 
2996,Other
2996, Shiny 
2997, Matplotlib 
2998, Geoplotlib 
2998, Matplotlib 
2998, Ggplot / ggplot2 
2998, Pygal 
2998, D3 js 
2998, Dygraphs 
2999, Plotly / Plotly Express 
2999, Matplotlib 
3002, Matplotlib 
3002, Bokeh 
3002, Seaborn 
3002, Plotly / Plotly Express 
3005, Matplotlib 
3005, Seaborn 
3006, Ggplot / ggplot2 
3006, Seaborn 
3006, Matplotlib 
3007, Matplotlib 
3007, Seaborn 
3008, Matplotlib 
3009, Geoplotlib 
3009, Matplotlib 
3011, Matplotlib 
3012, Seaborn 
3012, Matplotlib 
3013, Matplotlib 
3013, Seaborn 
3014, Seaborn 
3014, Matplotlib 
3016, Ggplot / ggplot2 
3020, Seaborn 
3020, Matplotlib 
3021, Matplotlib 
3021, Plotly / Plotly Express 
3021, Seaborn 
3022, Matplotlib 
3022, Highcharter 
3022, Bokeh 
3023, Plotly / Plotly Express 
3023, Matplotlib 
3025, Geoplotlib 
3026, Matplotlib 
3026, Seaborn 
3027, Matplotlib 
3027, Seaborn 
3028, Plotly / Plotly Express 
3028, Seaborn 
3028, Matplotlib 
3029, Seaborn 
3029, Matplotlib 
3029, Ggplot / ggplot2 
3030, Seaborn 
3030, Matplotlib 
3033, Matplotlib 
3034, Seaborn 
3034, Matplotlib 
3035, Matplotlib 
3035, Seaborn 
3036, Matplotlib 
3036, Seaborn 
3036, Plotly / Plotly Express 
3036, Geoplotlib 
3036, Ggplot / ggplot2 
3037, Seaborn 
3037, Matplotlib 
3038, Matplotlib 
3038, Seaborn 
3039, Seaborn 
3039, Matplotlib 
3039, Plotly / Plotly Express 
3041, Seaborn 
3041, Matplotlib 
3041,Other
3041, Plotly / Plotly Express 
3044, Seaborn 
3044, Ggplot / ggplot2 
3044, Shiny 
3044, Matplotlib 
3044, Leaflet / Folium 
3044, Plotly / Plotly Express 
3045, Matplotlib 
3047, Matplotlib 
3047,Other
3047, Seaborn 
3047, Dygraphs 
3047, Plotly / Plotly Express 
3048, Matplotlib 
3048, Seaborn 
3048, Plotly / Plotly Express 
3050, Matplotlib 
3050, Seaborn 
3050, Plotly / Plotly Express 
3051, Ggplot / ggplot2 
3051, Matplotlib 
3052, Seaborn 
3052, Matplotlib 
3054, Matplotlib 
3055, Seaborn 
3055, Matplotlib 
3056, Matplotlib 
3056, Ggplot / ggplot2 
3056, Shiny 
3056, Seaborn 
3058, Matplotlib 
3058, Plotly / Plotly Express 
3059, Matplotlib 
3059,Other
3060, Matplotlib 
3060, Seaborn 
3064, Seaborn 
3064, Matplotlib 
3065, Seaborn 
3065, Ggplot / ggplot2 
3065, Matplotlib 
3065, Plotly / Plotly Express 
3067, Matplotlib 
3068, Matplotlib 
3068, Seaborn 
3069, Ggplot / ggplot2 
3072, Matplotlib 
3073,Other
3074, Matplotlib 
3074, Ggplot / ggplot2 
3076, Seaborn 
3076, Geoplotlib 
3076, Ggplot / ggplot2 
3076, Plotly / Plotly Express 
3076, Matplotlib 
3077, Matplotlib 
3078, Seaborn 
3078, Plotly / Plotly Express 
3078, Matplotlib 
3079, Matplotlib 
3079, Ggplot / ggplot2 
3079, Seaborn 
3080, Seaborn 
3082, Ggplot / ggplot2 
3082, Shiny 
3082, Matplotlib 
3085, Seaborn 
3085, Matplotlib 
3089, Matplotlib 
3089, Seaborn 
3092, Matplotlib 
3092, Seaborn 
3093, Seaborn 
3093, Matplotlib 
3094, Seaborn 
3094, Matplotlib 
3095, Seaborn 
3096, Matplotlib 
3096, Seaborn 
3098, Seaborn 
3098, Plotly / Plotly Express 
3098, Matplotlib 
3100, Matplotlib 
3102, Ggplot / ggplot2 
3102, Matplotlib 
3103, Seaborn 
3103, Matplotlib 
3104, Matplotlib 
3104, Plotly / Plotly Express 
3105, Plotly / Plotly Express 
3105, Matplotlib 
3105, Ggplot / ggplot2 
3107, Seaborn 
3107, Matplotlib 
3108,Other
3109, Ggplot / ggplot2 
3109, Matplotlib 
3110, Seaborn 
3110, Matplotlib 
3112, Ggplot / ggplot2 
3112, Seaborn 
3112, Matplotlib 
3113, Plotly / Plotly Express 
3113, Matplotlib 
3114, Shiny 
3114, Seaborn 
3114, Matplotlib 
3118, Plotly / Plotly Express 
3118, Seaborn 
3118, Matplotlib 
3119, Seaborn 
3119, Matplotlib 
3120, Ggplot / ggplot2 
3121, Matplotlib 
3121, Seaborn 
3122, Seaborn 
3122, Matplotlib 
3124, Matplotlib 
3126, Matplotlib 
3126, Seaborn 
3129, Seaborn 
3129, Matplotlib 
3130,Other
3131, Seaborn 
3131, Matplotlib 
3132,Other
3133, Matplotlib 
3134, Plotly / Plotly Express 
3134, Seaborn 
3134, Matplotlib 
3135, Plotly / Plotly Express 
3135, Seaborn 
3135, Matplotlib 
3136, Ggplot / ggplot2 
3136, Seaborn 
3136, Matplotlib 
3136, Plotly / Plotly Express 
3137, Matplotlib 
3138, Matplotlib 
3139, Matplotlib 
3139, Plotly / Plotly Express 
3139, Seaborn 
3140, Ggplot / ggplot2 
3140, Matplotlib 
3140, Seaborn 
3141, Ggplot / ggplot2 
3142, Plotly / Plotly Express 
3142, Seaborn 
3142, Matplotlib 
3145, Matplotlib 
3145, Seaborn 
3145, Plotly / Plotly Express 
3146, Seaborn 
3146, Matplotlib 
3148, Plotly / Plotly Express 
3148, Ggplot / ggplot2 
3148, Seaborn 
3148, Matplotlib 
3149, Bokeh 
3151, Seaborn 
3151, Matplotlib 
3153, Plotly / Plotly Express 
3153, Seaborn 
3153, Matplotlib 
3154, Seaborn 
3154, Matplotlib 
3154, Ggplot / ggplot2 
3155, Seaborn 
3155, Matplotlib 
3156, Ggplot / ggplot2 
3156, Matplotlib 
3156, Seaborn 
3158, Matplotlib 
3158, Seaborn 
3159, Seaborn 
3159, Matplotlib 
3160, Seaborn 
3160, Matplotlib 
3162, Plotly / Plotly Express 
3162, Matplotlib 
3162, Seaborn 
3163, Seaborn 
3163, Matplotlib 
3165,Other
3166, Seaborn 
3166, Matplotlib 
3169, Shiny 
3169, Pygal 
3169, Ggplot / ggplot2 
3170, Matplotlib 
3170, Seaborn 
3170, Plotly / Plotly Express 
3171, Plotly / Plotly Express 
3171, Matplotlib 
3171, Seaborn 
3172, Seaborn 
3172, D3 js 
3172, Plotly / Plotly Express 
3172, Matplotlib 
3173,Other
3174, Seaborn 
3174, Matplotlib 
3175, Plotly / Plotly Express 
3175, Seaborn 
3175, Matplotlib 
3177, Seaborn 
3177, Matplotlib 
3177, Plotly / Plotly Express 
3178, Ggplot / ggplot2 
3178, Matplotlib 
3179, Seaborn 
3179, Matplotlib 
3180, Matplotlib 
3181, Matplotlib 
3181, Seaborn 
3182, Geoplotlib 
3182, Matplotlib 
3183, Matplotlib 
3184, Matplotlib 
3185, Seaborn 
3185, Matplotlib 
3185, Plotly / Plotly Express 
3186, Seaborn 
3186, Matplotlib 
3186, Plotly / Plotly Express 
3187, Ggplot / ggplot2 
3187, Seaborn 
3187, Matplotlib 
3188, Matplotlib 
3188, Seaborn 
3190, Matplotlib 
3191, Matplotlib 
3192, Matplotlib 
3192, Seaborn 
3195, Seaborn 
3195, Plotly / Plotly Express 
3195, Ggplot / ggplot2 
3195, Matplotlib 
3197, Plotly / Plotly Express 
3197, Seaborn 
3197, Matplotlib 
3199, Seaborn 
3199, Matplotlib 
3200, Plotly / Plotly Express 
3200, Seaborn 
3200, Matplotlib 
3201, Matplotlib 
3203, Pygal 
3206, Seaborn 
3206, Matplotlib 
3209, Seaborn 
3209, Matplotlib 
3210, Ggplot / ggplot2 
3212, Ggplot / ggplot2 
3212, Matplotlib 
3212, Seaborn 
3214, Matplotlib 
3215, Seaborn 
3215, Bokeh 
3215, Matplotlib 
3217, Ggplot / ggplot2 
3217, Seaborn 
3217, Geoplotlib 
3217, Bokeh 
3217, Shiny 
3217, Plotly / Plotly Express 
3217, Leaflet / Folium 
3218, Seaborn 
3218, Matplotlib 
3219, Seaborn 
3219, Matplotlib 
3222, Ggplot / ggplot2 
3222, Seaborn 
3222, Matplotlib 
3223, Seaborn 
3223, Matplotlib 
3224, Matplotlib 
3225, Plotly / Plotly Express 
3225, Seaborn 
3225, Matplotlib 
3226, Matplotlib 
3229, Plotly / Plotly Express 
3230, Matplotlib 
3230, Plotly / Plotly Express 
3230, Geoplotlib 
3230, Seaborn 
3232, Leaflet / Folium 
3232, Ggplot / ggplot2 
3233, Matplotlib 
3233, Ggplot / ggplot2 
3234, Ggplot / ggplot2 
3234, Matplotlib 
3234, Seaborn 
3234, Plotly / Plotly Express 
3236, Seaborn 
3236, Matplotlib 
3236, Ggplot / ggplot2 
3237, Seaborn 
3237, Matplotlib 
3239,Other
3239, Matplotlib 
3239, Seaborn 
3240, Seaborn 
3240, Matplotlib 
3242, Bokeh 
3242, Matplotlib 
3242, Ggplot / ggplot2 
3242, Seaborn 
3242, Shiny 
3243, Ggplot / ggplot2 
3243, Seaborn 
3243, Matplotlib 
3244, Matplotlib 
3245, Matplotlib 
3246, Plotly / Plotly Express 
3246, Ggplot / ggplot2 
3246, Matplotlib 
3246, Seaborn 
3246, Geoplotlib 
3247, Plotly / Plotly Express 
3247, Ggplot / ggplot2 
3247, Shiny 
3248, Matplotlib 
3248, Seaborn 
3249, Matplotlib 
3249, Ggplot / ggplot2 
3249, Seaborn 
3250, Seaborn 
3250, Ggplot / ggplot2 
3250, Matplotlib 
3250, Plotly / Plotly Express 
3251, Matplotlib 
3251, Seaborn 
3252, Matplotlib 
3252, Seaborn 
3252, Plotly / Plotly Express 
3255, Seaborn 
3255, Matplotlib 
3257, Plotly / Plotly Express 
3257, Matplotlib 
3257, Geoplotlib 
3257, Seaborn 
3258, Seaborn 
3258, Plotly / Plotly Express 
3263, Altair 
3263, Ggplot / ggplot2 
3263, Matplotlib 
3263, Seaborn 
3263, D3 js 
3264, Matplotlib 
3265, Plotly / Plotly Express 
3265, Seaborn 
3265, Matplotlib 
3268, Matplotlib 
3268, Seaborn 
3268, D3 js 
3268, Plotly / Plotly Express 
3268, Ggplot / ggplot2 
3269, Matplotlib 
3269, Seaborn 
3270, Matplotlib 
3270, Seaborn 
3270, Ggplot / ggplot2 
3270, Plotly / Plotly Express 
3271, Matplotlib 
3271, Seaborn 
3274,Other
3275, Plotly / Plotly Express 
3275, Seaborn 
3275, Ggplot / ggplot2 
3275, Matplotlib 
3276, Matplotlib 
3278, D3 js 
3279, Matplotlib 
3279, Seaborn 
3279, Altair 
3279, Plotly / Plotly Express 
3280, Seaborn 
3280, Plotly / Plotly Express 
3280, Matplotlib 
3281, Seaborn 
3281, Matplotlib 
3283, Matplotlib 
3284,Other
3285, Plotly / Plotly Express 
3285, Seaborn 
3285, Geoplotlib 
3286, Matplotlib 
3286, Plotly / Plotly Express 
3287, Geoplotlib 
3287, Matplotlib 
3287, Ggplot / ggplot2 
3287, Plotly / Plotly Express 
3289, Matplotlib 
3289,Other
3289, D3 js 
3289, Seaborn 
3293, Plotly / Plotly Express 
3294, Geoplotlib 
3294, Ggplot / ggplot2 
3294, Matplotlib 
3295, Seaborn 
3295, Plotly / Plotly Express 
3295, Matplotlib 
3296, Matplotlib 
3296, Ggplot / ggplot2 
3297, Matplotlib 
3300, Seaborn 
3300, Matplotlib 
3301, Matplotlib 
3301, Seaborn 
3302, Ggplot / ggplot2 
3302, D3 js 
3303, Shiny 
3303, Plotly / Plotly Express 
3306, Seaborn 
3306, Matplotlib 
3306, Geoplotlib 
3306, Ggplot / ggplot2 
3306, Pygal 
3307, D3 js 
3307, Matplotlib 
3308, Plotly / Plotly Express 
3308, Seaborn 
3308, Matplotlib 
3309, Seaborn 
3309, Matplotlib 
3310, D3 js 
3310, Ggplot / ggplot2 
3310,Other
3313, Plotly / Plotly Express 
3313, Seaborn 
3313, Leaflet / Folium 
3313, Matplotlib 
3313, Altair 
3315, Matplotlib 
3316, Matplotlib 
3319, Seaborn 
3319, Matplotlib 
3320, Matplotlib 
3320, Seaborn 
3321, Matplotlib 
3322, Ggplot / ggplot2 
3323, Matplotlib 
3323, Plotly / Plotly Express 
3323, Seaborn 
3324, Plotly / Plotly Express 
3324, Matplotlib 
3324, Bokeh 
3324, Seaborn 
3326, Seaborn 
3326, Matplotlib 
3327, Dygraphs 
3327, Matplotlib 
3327, Plotly / Plotly Express 
3327, Seaborn 
3328, Seaborn 
3328, Plotly / Plotly Express 
3328, Matplotlib 
3329, Seaborn 
3329, Matplotlib 
3330, Matplotlib 
3330, Seaborn 
3331, Matplotlib 
3333, Matplotlib 
3333, Seaborn 
3335, Matplotlib 
3336, Matplotlib 
3337, Seaborn 
3337, Matplotlib 
3341, Matplotlib 
3341, Seaborn 
3341, Leaflet / Folium 
3341, Geoplotlib 
3344, Seaborn 
3344, Matplotlib 
3345, Matplotlib 
3345, Seaborn 
3346, Seaborn 
3346, Matplotlib 
3347, Matplotlib 
3348, Seaborn 
3348, Matplotlib 
3351, Matplotlib 
3355, Seaborn 
3355, Shiny 
3355, Dygraphs 
3355, Matplotlib 
3355, Plotly / Plotly Express 
3355, Ggplot / ggplot2 
3356, Plotly / Plotly Express 
3357, Matplotlib 
3357, Seaborn 
3357, Plotly / Plotly Express 
3357, Ggplot / ggplot2 
3358, Matplotlib 
3358, Seaborn 
3358, Plotly / Plotly Express 
3359, Matplotlib 
3359, Seaborn 
3360, Matplotlib 
3361, Matplotlib 
3361, Seaborn 
3362, Plotly / Plotly Express 
3362, Matplotlib 
3362, Ggplot / ggplot2 
3365, Matplotlib 
3365, Seaborn 
3366, Plotly / Plotly Express 
3366, Seaborn 
3366, Geoplotlib 
3366, Matplotlib 
3366, Ggplot / ggplot2 
3367, Seaborn 
3367, Matplotlib 
3369, Seaborn 
3369, Bokeh 
3369, Matplotlib 
3371, Matplotlib 
3371, Seaborn 
3372, Seaborn 
3374, Seaborn 
3374, Matplotlib 
3375, Matplotlib 
3375, Seaborn 
3376, Geoplotlib 
3376, Seaborn 
3376, Ggplot / ggplot2 
3376, Matplotlib 
3377, Seaborn 
3377, Matplotlib 
3378, Matplotlib 
3378, Seaborn 
3381, Matplotlib 
3381, Seaborn 
3381, Ggplot / ggplot2 
3382, Matplotlib 
3384, Matplotlib 
3384, Seaborn 
3385, Matplotlib 
3385, Seaborn 
3386,Other
3387, Plotly / Plotly Express 
3387, Seaborn 
3387, Matplotlib 
3389, Matplotlib 
3389, Seaborn 
3390, Seaborn 
3390, Matplotlib 
3391, Geoplotlib 
3391, Seaborn 
3391, Matplotlib 
3391, Plotly / Plotly Express 
3392, Seaborn 
3392, Ggplot / ggplot2 
3392, Matplotlib 
3393, Seaborn 
3393, Matplotlib 
3395, Highcharter 
3396, Bokeh 
3396, Matplotlib 
3396, Seaborn 
3396, Plotly / Plotly Express 
3396, Leaflet / Folium 
3397, Ggplot / ggplot2 
3397, Shiny 
3397, Matplotlib 
3398, Matplotlib 
3398, Geoplotlib 
3398, Plotly / Plotly Express 
3398, Highcharter 
3398, Seaborn 
3398, Ggplot / ggplot2 
3400, Seaborn 
3400, Plotly / Plotly Express 
3400, Matplotlib 
3402, Matplotlib 
3403, Matplotlib 
3403, Ggplot / ggplot2 
3405, Seaborn 
3406, Matplotlib 
3407, Matplotlib 
3407, Seaborn 
3409, Ggplot / ggplot2 
3409, Seaborn 
3409, Plotly / Plotly Express 
3409, Matplotlib 
3410, Matplotlib 
3410, Plotly / Plotly Express 
3410, Seaborn 
3410, Ggplot / ggplot2 
3411, Ggplot / ggplot2 
3411, Geoplotlib 
3411, Seaborn 
3411, Matplotlib 
3412, Seaborn 
3412, Matplotlib 
3413, Matplotlib 
3413, Plotly / Plotly Express 
3413, Seaborn 
3413, Pygal 
3415, Seaborn 
3415, Matplotlib 
3416, Matplotlib 
3416, Seaborn 
3417, Ggplot / ggplot2 
3417, D3 js 
3417, Matplotlib 
3417, Seaborn 
3419, D3 js 
3419, Seaborn 
3419, Ggplot / ggplot2 
3419, Matplotlib 
3421, Ggplot / ggplot2 
3421, Matplotlib 
3421, Seaborn 
3421, D3 js 
3422, Seaborn 
3422, Matplotlib 
3423, D3 js 
3424, Matplotlib 
3424, Seaborn 
3424, Ggplot / ggplot2 
3425, Plotly / Plotly Express 
3425, Seaborn 
3425, Matplotlib 
3426, Matplotlib 
3427, Seaborn 
3427, Matplotlib 
3427, Plotly / Plotly Express 
3427, Leaflet / Folium 
3428, Matplotlib 
3430, Matplotlib 
3431, Matplotlib 
3434, Matplotlib 
3434, Seaborn 
3438, Matplotlib 
3439, Seaborn 
3440, Seaborn 
3440, Plotly / Plotly Express 
3440, Ggplot / ggplot2 
3440, Matplotlib 
3442, Matplotlib 
3443, Matplotlib 
3443, Ggplot / ggplot2 
3444, Ggplot / ggplot2 
3444, D3 js 
3444, Seaborn 
3446, Matplotlib 
3446, Seaborn 
3446, Ggplot / ggplot2 
3449, Matplotlib 
3451, Geoplotlib 
3451, Seaborn 
3451, Matplotlib 
3451, Ggplot / ggplot2 
3452, Plotly / Plotly Express 
3452, D3 js 
3452, Ggplot / ggplot2 
3453, Matplotlib 
3453, Plotly / Plotly Express 
3453, Ggplot / ggplot2 
3455, Matplotlib 
3456, Matplotlib 
3456, Seaborn 
3456, Ggplot / ggplot2 
3456, Plotly / Plotly Express 
3458, Seaborn 
3458, Plotly / Plotly Express 
3458, Matplotlib 
3460, Matplotlib 
3460, Plotly / Plotly Express 
3462, Matplotlib 
3462,Other
3462, Plotly / Plotly Express 
3463, Matplotlib 
3463, Ggplot / ggplot2 
3464, Seaborn 
3464, Matplotlib 
3466, Matplotlib 
3467, Seaborn 
3467, Matplotlib 
3468, Ggplot / ggplot2 
3468, Matplotlib 
3468, Seaborn 
3470, Matplotlib 
3472, Matplotlib 
3473, Bokeh 
3473, Matplotlib 
3473, Seaborn 
3474, Ggplot / ggplot2 
3474, Seaborn 
3474, Shiny 
3474, Matplotlib 
3474, Plotly / Plotly Express 
3475, Matplotlib 
3475, Seaborn 
3477, Seaborn 
3477, Matplotlib 
3478, Shiny 
3479, Matplotlib 
3479, Plotly / Plotly Express 
3479, Seaborn 
3481, Seaborn 
3481, Matplotlib 
3483, Matplotlib 
3483, Plotly / Plotly Express 
3484, Matplotlib 
3484, Plotly / Plotly Express 
3484, Seaborn 
3486, Seaborn 
3486, Matplotlib 
3487, Seaborn 
3487, Matplotlib 
3487, Ggplot / ggplot2 
3487, Plotly / Plotly Express 
3488, Seaborn 
3489, Seaborn 
3489, Matplotlib 
3489, Plotly / Plotly Express 
3490, Ggplot / ggplot2 
3490, Plotly / Plotly Express 
3490, D3 js 
3490, Shiny 
3492, Plotly / Plotly Express 
3492, Matplotlib 
3492, Seaborn 
3493, Plotly / Plotly Express 
3494, Matplotlib 
3494, Seaborn 
3495, Matplotlib 
3495, Ggplot / ggplot2 
3496, Ggplot / ggplot2 
3496,Other
3496, Matplotlib 
3496, Seaborn 
3496, Plotly / Plotly Express 
3498, Plotly / Plotly Express 
3498, Seaborn 
3498, Matplotlib 
3500, Matplotlib 
3502, Matplotlib 
3504, Ggplot / ggplot2 
3504, Plotly / Plotly Express 
3504, Matplotlib 
3504, Leaflet / Folium 
3505, Matplotlib 
3505, Seaborn 
3506, Seaborn 
3506, Matplotlib 
3509, Matplotlib 
3512, Altair 
3512, Seaborn 
3512, Matplotlib 
3513, Seaborn 
3513, Matplotlib 
3514, Seaborn 
3514, Shiny 
3514, Plotly / Plotly Express 
3514, Matplotlib 
3514, Ggplot / ggplot2 
3515, Seaborn 
3515, Matplotlib 
3516, Matplotlib 
3516, Seaborn 
3517, Matplotlib 
3517, Ggplot / ggplot2 
3517, Seaborn 
3518, Matplotlib 
3518, Seaborn 
3519, Ggplot / ggplot2 
3519, Seaborn 
3520, Plotly / Plotly Express 
3520, D3 js 
3521, Matplotlib 
3521, Seaborn 
3521, Plotly / Plotly Express 
3524, Matplotlib 
3524, Plotly / Plotly Express 
3524, Ggplot / ggplot2 
3524, Seaborn 
3525, Plotly / Plotly Express 
3525, Seaborn 
3525, Matplotlib 
3526, Matplotlib 
3526, Seaborn 
3526, Ggplot / ggplot2 
3526, Plotly / Plotly Express 
3528, Seaborn 
3528, Plotly / Plotly Express 
3528, Matplotlib 
3529, Seaborn 
3529, Matplotlib 
3530, Seaborn 
3530, Matplotlib 
3530, Ggplot / ggplot2 
3531, Matplotlib 
3531, Seaborn 
3533, Matplotlib 
3533, Bokeh 
3533, Seaborn 
3535, Matplotlib 
3535, Seaborn 
3536, Bokeh 
3536, Ggplot / ggplot2 
3536, Matplotlib 
3536, Seaborn 
3541, Matplotlib 
3542, Bokeh 
3542, Matplotlib 
3542, Seaborn 
3542, Geoplotlib 
3542, Plotly / Plotly Express 
3543, Ggplot / ggplot2 
3543, Matplotlib 
3543, Seaborn 
3546, Matplotlib 
3546, Geoplotlib 
3548, Ggplot / ggplot2 
3548, Matplotlib 
3549, Matplotlib 
3550, Matplotlib 
3550, Seaborn 
3551, Plotly / Plotly Express 
3551, Seaborn 
3551, Matplotlib 
3553, Ggplot / ggplot2 
3553, Matplotlib 
3553, Seaborn 
3556, Matplotlib 
3556, Seaborn 
3556, Ggplot / ggplot2 
3557, Matplotlib 
3557, Seaborn 
3558, Matplotlib 
3559, Matplotlib 
3561, Seaborn 
3561, Matplotlib 
3562, Matplotlib 
3562, Seaborn 
3563, Matplotlib 
3565, Matplotlib 
3566, Matplotlib 
3566, Seaborn 
3569, Matplotlib 
3570, Matplotlib 
3570, Plotly / Plotly Express 
3572, Matplotlib 
3574, Seaborn 
3574, Matplotlib 
3577, Matplotlib 
3577, Seaborn 
3578, Matplotlib 
3578, Seaborn 
3579, Ggplot / ggplot2 
3579, Matplotlib 
3579, Seaborn 
3580, Matplotlib 
3580, Seaborn 
3580, Plotly / Plotly Express 
3582, Plotly / Plotly Express 
3582, Seaborn 
3582, Matplotlib 
3583, Matplotlib 
3583, Seaborn 
3584, Matplotlib 
3584, Geoplotlib 
3584, Seaborn 
3584, Plotly / Plotly Express 
3584, Bokeh 
3586, Seaborn 
3586, Matplotlib 
3587, Plotly / Plotly Express 
3587, Seaborn 
3587, Matplotlib 
3593, Seaborn 
3593, Plotly / Plotly Express 
3593, Shiny 
3593, Matplotlib 
3593, Geoplotlib 
3593, Ggplot / ggplot2 
3594, Seaborn 
3594, Matplotlib 
3595, Matplotlib 
3595, Seaborn 
3597, Matplotlib 
3598, Ggplot / ggplot2 
3598, Matplotlib 
3601, Ggplot / ggplot2 
3601, Matplotlib 
3601, Shiny 
3601, Plotly / Plotly Express 
3601, Seaborn 
3602, Seaborn 
3602, Matplotlib 
3603, Matplotlib 
3603, Plotly / Plotly Express 
3603, D3 js 
3603, Seaborn 
3604, Plotly / Plotly Express 
3604, Matplotlib 
3604, Seaborn 
3607, D3 js 
3607, Plotly / Plotly Express 
3607, Bokeh 
3607, Ggplot / ggplot2 
3607, Matplotlib 
3607, Seaborn 
3608, Ggplot / ggplot2 
3608, Altair 
3608, Bokeh 
3608, Shiny 
3608, Seaborn 
3608, D3 js 
3608, Leaflet / Folium 
3610, Seaborn 
3610, Matplotlib 
3612, Seaborn 
3612, Matplotlib 
3613, Ggplot / ggplot2 
3616, Matplotlib 
3617, Matplotlib 
3617, Seaborn 
3617, Geoplotlib 
3618, Matplotlib 
3618, Ggplot / ggplot2 
3619, Matplotlib 
3619, Seaborn 
3620, Matplotlib 
3620, Seaborn 
3623, Seaborn 
3623, Matplotlib 
3624, Seaborn 
3624, Ggplot / ggplot2 
3624, Matplotlib 
3624, Plotly / Plotly Express 
3627, Matplotlib 
3627, Seaborn 
3628, Matplotlib 
3628, Seaborn 
3628, Shiny 
3628, Plotly / Plotly Express 
3628, Ggplot / ggplot2 
3630, Ggplot / ggplot2 
3631, Ggplot / ggplot2 
3631, Matplotlib 
3632, Plotly / Plotly Express 
3632, Matplotlib 
3632, Seaborn 
3633, Ggplot / ggplot2 
3633, Plotly / Plotly Express 
3633, Shiny 
3634, Matplotlib 
3634, Bokeh 
3635, Matplotlib 
3635, Seaborn 
3637, Seaborn 
3637, Matplotlib 
3638, Matplotlib 
3639, Matplotlib 
3640, Matplotlib 
3640, Seaborn 
3642, Matplotlib 
3643, Matplotlib 
3643, Seaborn 
3643, D3 js 
3643, Dygraphs 
3644, Matplotlib 
3644, Ggplot / ggplot2 
3645, Plotly / Plotly Express 
3645, Matplotlib 
3645, Seaborn 
3646, Matplotlib 
3646, Seaborn 
3647, Matplotlib 
3648,Other
3648, Matplotlib 
3648, Seaborn 
3648, Plotly / Plotly Express 
3649, Seaborn 
3649, Plotly / Plotly Express 
3649, Matplotlib 
3651, Pygal 
3651, Ggplot / ggplot2 
3651, Matplotlib 
3651, Seaborn 
3652, Plotly / Plotly Express 
3652, Seaborn 
3652, Matplotlib 
3653, Seaborn 
3653, Matplotlib 
3654, Matplotlib 
3654, Seaborn 
3654, Plotly / Plotly Express 
3658, Ggplot / ggplot2 
3658, Matplotlib 
3659, Seaborn 
3659, Plotly / Plotly Express 
3659, Matplotlib 
3664, Ggplot / ggplot2 
3664, Matplotlib 
3664, Seaborn 
3666, Seaborn 
3666, Matplotlib 
3669, Seaborn 
3669, Matplotlib 
3670, Matplotlib 
3670, Seaborn 
3671, Seaborn 
3671, Matplotlib 
3671, Plotly / Plotly Express 
3676, Bokeh 
3676, Geoplotlib 
3676, D3 js 
3677, Geoplotlib 
3677, Ggplot / ggplot2 
3677, Pygal 
3678, Seaborn 
3678, Matplotlib 
3679, Matplotlib 
3679, Plotly / Plotly Express 
3680, Seaborn 
3680, Ggplot / ggplot2 
3680, Matplotlib 
3680, Shiny 
3680, Leaflet / Folium 
3680, Plotly / Plotly Express 
3681, Seaborn 
3681, Matplotlib 
3683, Matplotlib 
3684, Seaborn 
3684, Matplotlib 
3686, Matplotlib 
3686, Geoplotlib 
3687, Ggplot / ggplot2 
3687, Seaborn 
3687, Matplotlib 
3688, Plotly / Plotly Express 
3688, Seaborn 
3688, Matplotlib 
3690, Matplotlib 
3691, Seaborn 
3691, Matplotlib 
3692, Matplotlib 
3696, Matplotlib 
3697, Seaborn 
3697, Matplotlib 
3698, Matplotlib 
3698, Plotly / Plotly Express 
3700, Seaborn 
3700, Plotly / Plotly Express 
3700, Matplotlib 
3701, Matplotlib 
3701,Other
3701, Seaborn 
3702, Seaborn 
3702, Matplotlib 
3704, Seaborn 
3704, Ggplot / ggplot2 
3704, Matplotlib 
3705, Matplotlib 
3705, Plotly / Plotly Express 
3705, Seaborn 
3706, Seaborn 
3706, Matplotlib 
3707, Plotly / Plotly Express 
3707, Shiny 
3708, Seaborn 
3708, Matplotlib 
3709, Matplotlib 
3709, Seaborn 
3710, Seaborn 
3710, Matplotlib 
3711, Seaborn 
3711, Ggplot / ggplot2 
3711, Matplotlib 
3712, Plotly / Plotly Express 
3712, Seaborn 
3712, Matplotlib 
3713, Seaborn 
3713, Matplotlib 
3714, Plotly / Plotly Express 
3714, Seaborn 
3714, Matplotlib 
3716, D3 js 
3717, Matplotlib 
3717, Seaborn 
3719, Matplotlib 
3720, Matplotlib 
3720, Seaborn 
3721, Matplotlib 
3721, Seaborn 
3722, Plotly / Plotly Express 
3722, Seaborn 
3722, Matplotlib 
3724, Plotly / Plotly Express 
3724, Seaborn 
3724, Matplotlib 
3725, Leaflet / Folium 
3725, D3 js 
3725, Ggplot / ggplot2 
3725, Plotly / Plotly Express 
3725, Shiny 
3726, Matplotlib 
3727, Seaborn 
3727, Matplotlib 
3728, Matplotlib 
3728, Ggplot / ggplot2 
3728, Seaborn 
3730, Matplotlib 
3732, Seaborn 
3732, Plotly / Plotly Express 
3732, Matplotlib 
3733, Matplotlib 
3733, Seaborn 
3736, Matplotlib 
3737, Matplotlib 
3738, Seaborn 
3738, Matplotlib 
3739, Ggplot / ggplot2 
3740, Leaflet / Folium 
3740, Shiny 
3740, Plotly / Plotly Express 
3740, Bokeh 
3740, Ggplot / ggplot2 
3740, D3 js 
3741, Seaborn 
3741, Matplotlib 
3744, Plotly / Plotly Express 
3744, Matplotlib 
3744, Ggplot / ggplot2 
3744, Geoplotlib 
3745, Matplotlib 
3745, Seaborn 
3747, D3 js 
3747, Matplotlib 
3748, Matplotlib 
3749, Shiny 
3749, Ggplot / ggplot2 
3749, Plotly / Plotly Express 
3750, Pygal 
3750, Plotly / Plotly Express 
3750, Matplotlib 
3751,Other
3751, Matplotlib 
3752, Matplotlib 
3752, Seaborn 
3753, Matplotlib 
3753, Ggplot / ggplot2 
3753, Pygal 
3754, Bokeh 
3754, Seaborn 
3754, Plotly / Plotly Express 
3754, Matplotlib 
3755, Ggplot / ggplot2 
3756, Seaborn 
3756, Matplotlib 
3757, Plotly / Plotly Express 
3757, Matplotlib 
3757, D3 js 
3757, Geoplotlib 
3757, Seaborn 
3757, Ggplot / ggplot2 
3758, Seaborn 
3758, Matplotlib 
3759, Matplotlib 
3760, Seaborn 
3760, Matplotlib 
3761, Matplotlib 
3761, Seaborn 
3761, Shiny 
3761, Ggplot / ggplot2 
3762, Matplotlib 
3763, Plotly / Plotly Express 
3763, Leaflet / Folium 
3763, Shiny 
3763, Seaborn 
3763, Geoplotlib 
3763, Matplotlib 
3763, Bokeh 
3763, Ggplot / ggplot2 
3765, Seaborn 
3765, Plotly / Plotly Express 
3765, Matplotlib 
3767, Matplotlib 
3767, Plotly / Plotly Express 
3767, Ggplot / ggplot2 
3767, Seaborn 
3768, Matplotlib 
3769, Matplotlib 
3769, Seaborn 
3770, Matplotlib 
3776, Matplotlib 
3777, Seaborn 
3777, Matplotlib 
3777, Plotly / Plotly Express 
3778, Matplotlib 
3780, Matplotlib 
3780, Plotly / Plotly Express 
3780, Seaborn 
3780, Geoplotlib 
3780, Bokeh 
3780, Dygraphs 
3781, Matplotlib 
3782, Matplotlib 
3782, Ggplot / ggplot2 
3785, Matplotlib 
3786, Plotly / Plotly Express 
3786, Ggplot / ggplot2 
3786, Seaborn 
3786, Matplotlib 
3787, Seaborn 
3787, Ggplot / ggplot2 
3787, Plotly / Plotly Express 
3787, Matplotlib 
3788, Seaborn 
3788, Altair 
3788, Ggplot / ggplot2 
3790, Seaborn 
3790, Plotly / Plotly Express 
3790, Matplotlib 
3792, Matplotlib 
3792, Dygraphs 
3794, Matplotlib 
3794, Seaborn 
3794, Plotly / Plotly Express 
3795, Seaborn 
3795, Matplotlib 
3796, Matplotlib 
3796, Seaborn 
3796, Plotly / Plotly Express 
3799, Matplotlib 
3800, Matplotlib 
3801, Matplotlib 
3802, Matplotlib 
3804, Matplotlib 
3805, Bokeh 
3805, Plotly / Plotly Express 
3805, Matplotlib 
3805, Seaborn 
3807, Seaborn 
3807, Matplotlib 
3808, Plotly / Plotly Express 
3808, Ggplot / ggplot2 
3808, Seaborn 
3808, Geoplotlib 
3808, Matplotlib 
3810, Matplotlib 
3811, Matplotlib 
3811, Seaborn 
3812, Plotly / Plotly Express 
3812, Matplotlib 
3812, Seaborn 
3813, Seaborn 
3813, Geoplotlib 
3813, Matplotlib 
3813, Ggplot / ggplot2 
3813, Leaflet / Folium 
3813, Plotly / Plotly Express 
3814, Seaborn 
3814, Matplotlib 
3816, Matplotlib 
3816, Highcharter 
3816, Ggplot / ggplot2 
3816, Leaflet / Folium 
3816, Plotly / Plotly Express 
3818, Seaborn 
3819, Matplotlib 
3819, Seaborn 
3820, Matplotlib 
3820, Seaborn 
3821, Seaborn 
3821, Matplotlib 
3823, Matplotlib 
3823, Seaborn 
3825, Matplotlib 
3825, Plotly / Plotly Express 
3828, Matplotlib 
3828, Geoplotlib 
3828, Bokeh 
3828, Seaborn 
3830, Seaborn 
3830, Matplotlib 
3831, Matplotlib 
3832, Seaborn 
3832, Matplotlib 
3832, Plotly / Plotly Express 
3834,Other
3835, Ggplot / ggplot2 
3835, Plotly / Plotly Express 
3837, Matplotlib 
3837, Seaborn 
3837, Plotly / Plotly Express 
3838, Plotly / Plotly Express 
3838, Seaborn 
3838, Matplotlib 
3839, Plotly / Plotly Express 
3839, Seaborn 
3839, Matplotlib 
3842,Other
3842, Seaborn 
3842, Ggplot / ggplot2 
3842, Matplotlib 
3843, Seaborn 
3845, Seaborn 
3845, Plotly / Plotly Express 
3845, Matplotlib 
3845, Bokeh 
3845, Ggplot / ggplot2 
3847, Seaborn 
3847, Plotly / Plotly Express 
3850,Other
3851, Matplotlib 
3851, Seaborn 
3854, Plotly / Plotly Express 
3854, Seaborn 
3855, Matplotlib 
3855, Geoplotlib 
3855, Ggplot / ggplot2 
3856, Seaborn 
3856, Matplotlib 
3856, Ggplot / ggplot2 
3858, D3 js 
3858, Matplotlib 
3858, Plotly / Plotly Express 
3861, Matplotlib 
3863, Matplotlib 
3863, Seaborn 
3864, Seaborn 
3864, Matplotlib 
3864, Bokeh 
3864, Plotly / Plotly Express 
3866, Seaborn 
3866, Matplotlib 
3866, Plotly / Plotly Express 
3870, Leaflet / Folium 
3870, Ggplot / ggplot2 
3870, Dygraphs 
3870, Geoplotlib 
3871, Seaborn 
3871, Matplotlib 
3872, Matplotlib 
3872, Seaborn 
3875, Matplotlib 
3878, Matplotlib 
3879, Seaborn 
3879, Matplotlib 
3881, Geoplotlib 
3882, Matplotlib 
3884, Matplotlib 
3884, Seaborn 
3887, Seaborn 
3887, Matplotlib 
3888, Matplotlib 
3888, Geoplotlib 
3888, Bokeh 
3888, Seaborn 
3888, Shiny 
3888, D3 js 
3888, Plotly / Plotly Express 
3888, Ggplot / ggplot2 
3890, Matplotlib 
3890, Seaborn 
3891, Seaborn 
3891, Matplotlib 
3892, Matplotlib 
3892, Ggplot / ggplot2 
3892, Seaborn 
3893, Seaborn 
3893, Matplotlib 
3894, Matplotlib 
3895, Ggplot / ggplot2 
3896, Matplotlib 
3896, Seaborn 
3897, Seaborn 
3897, Matplotlib 
3898, Seaborn 
3898, Plotly / Plotly Express 
3898, Matplotlib 
3899, Shiny 
3899, Bokeh 
3899, Seaborn 
3899, Matplotlib 
3899, Highcharter 
3899, Plotly / Plotly Express 
3899, Ggplot / ggplot2 
3900, Ggplot / ggplot2 
3901, Bokeh 
3901, Ggplot / ggplot2 
3901, Altair 
3901, Plotly / Plotly Express 
3901, Seaborn 
3901, Matplotlib 
3902, Plotly / Plotly Express 
3902, Matplotlib 
3902, Seaborn 
3904, Matplotlib 
3905, Altair 
3905, Geoplotlib 
3905, Plotly / Plotly Express 
3905, Ggplot / ggplot2 
3905, Matplotlib 
3905, Bokeh 
3905, Seaborn 
3908, Shiny 
3908, Ggplot / ggplot2 
3908, Matplotlib 
3912, Matplotlib 
3912, Ggplot / ggplot2 
3913, Matplotlib 
3913, Ggplot / ggplot2 
3913, Seaborn 
3914, Seaborn 
3914, Matplotlib 
3914, Plotly / Plotly Express 
3915, Seaborn 
3915, Ggplot / ggplot2 
3915, Matplotlib 
3918, Matplotlib 
3920, Matplotlib 
3920, Seaborn 
3920, Plotly / Plotly Express 
3921, Ggplot / ggplot2 
3922,Other
3922, Plotly / Plotly Express 
3922, Matplotlib 
3923, Matplotlib 
3923, Seaborn 
3926, Plotly / Plotly Express 
3926, Matplotlib 
3926, Seaborn 
3927, Matplotlib 
3928, Matplotlib 
3930, Geoplotlib 
3930, Matplotlib 
3931, Matplotlib 
3932, Seaborn 
3932, Matplotlib 
3934, Ggplot / ggplot2 
3936, Plotly / Plotly Express 
3936, Matplotlib 
3937, Seaborn 
3937, Matplotlib 
3939, Matplotlib 
3939, Seaborn 
3939, Ggplot / ggplot2 
3941, Matplotlib 
3941, Seaborn 
3942, Leaflet / Folium 
3942, Matplotlib 
3942, Seaborn 
3942, Geoplotlib 
3944, Matplotlib 
3944, Plotly / Plotly Express 
3944, Geoplotlib 
3946, Seaborn 
3946, Matplotlib 
3949, Matplotlib 
3950, Plotly / Plotly Express 
3950, Matplotlib 
3951, Seaborn 
3951, Matplotlib 
3952, Seaborn 
3952, Matplotlib 
3953, Seaborn 
3953, Leaflet / Folium 
3953, Matplotlib 
3954, Altair 
3955, Matplotlib 
3955, Seaborn 
3956, Seaborn 
3956, Matplotlib 
3957, Shiny 
3957, Seaborn 
3958, Ggplot / ggplot2 
3958, Shiny 
3959, Seaborn 
3959, Matplotlib 
3960, Seaborn 
3960, Matplotlib 
3963, Plotly / Plotly Express 
3963, Seaborn 
3963, Matplotlib 
3965, Matplotlib 
3966, Ggplot / ggplot2 
3966, Seaborn 
3966, Matplotlib 
3967, Seaborn 
3967, Matplotlib 
3972, Seaborn 
3972, Matplotlib 
3973, Matplotlib 
3973, Seaborn 
3974, Seaborn 
3974, Matplotlib 
3975, Matplotlib 
3975, Seaborn 
3976, Matplotlib 
3976, Seaborn 
3978, Matplotlib 
3979, Seaborn 
3979, Matplotlib 
3981, Ggplot / ggplot2 
3981, Shiny 
3981, Matplotlib 
3981, Plotly / Plotly Express 
3981, D3 js 
3982, Matplotlib 
3982, Highcharter 
3982, Ggplot / ggplot2 
3982, Plotly / Plotly Express 
3984, Matplotlib 
3984, Plotly / Plotly Express 
3985, Plotly / Plotly Express 
3985, Matplotlib 
3986, Matplotlib 
3986, Ggplot / ggplot2 
3987, Seaborn 
3987, Matplotlib 
3988, Ggplot / ggplot2 
3988, Plotly / Plotly Express 
3988, Seaborn 
3988, Matplotlib 
3989, Matplotlib 
3989, Plotly / Plotly Express 
3989, Bokeh 
3989, Ggplot / ggplot2 
3989, Geoplotlib 
3989, Seaborn 
3989, Leaflet / Folium 
3993, Ggplot / ggplot2 
3993, D3 js 
3993, Seaborn 
3993, Plotly / Plotly Express 
3993, Matplotlib 
3994, Plotly / Plotly Express 
3994, Leaflet / Folium 
3995, Ggplot / ggplot2 
3995, Seaborn 
3995, Plotly / Plotly Express 
3996, Geoplotlib 
3996, Matplotlib 
3997, Ggplot / ggplot2 
3999, Matplotlib 
4002, Matplotlib 
4003, Seaborn 
4003, Matplotlib 
4004, Plotly / Plotly Express 
4004, Matplotlib 
4004, Seaborn 
4005, Matplotlib 
4010, Seaborn 
4010, Matplotlib 
4010, Plotly / Plotly Express 
4011, Ggplot / ggplot2 
4013, Matplotlib 
4013, Ggplot / ggplot2 
4013, Leaflet / Folium 
4013, D3 js 
4013, Shiny 
4013, Seaborn 
4013, Plotly / Plotly Express 
4013, Highcharter 
4014, Plotly / Plotly Express 
4014, Seaborn 
4014, Matplotlib 
4017, Matplotlib 
4018, Ggplot / ggplot2 
4018, Pygal 
4018, Matplotlib 
4018, Seaborn 
4019, Matplotlib 
4019, Seaborn 
4020, Shiny 
4020, Plotly / Plotly Express 
4020, Matplotlib 
4020, Ggplot / ggplot2 
4020, Geoplotlib 
4021, Matplotlib 
4021, Seaborn 
4022, Matplotlib 
4022, Shiny 
4023, Seaborn 
4023, Matplotlib 
4025, Matplotlib 
4026, Pygal 
4026, Plotly / Plotly Express 
4028, Matplotlib 
4029, Plotly / Plotly Express 
4029, Matplotlib 
4030, Seaborn 
4030, Matplotlib 
4031, Ggplot / ggplot2 
4032, Seaborn 
4032, Matplotlib 
4032, Plotly / Plotly Express 
4032, Ggplot / ggplot2 
4033, Plotly / Plotly Express 
4033, Matplotlib 
4034, Matplotlib 
4035, Seaborn 
4037, Matplotlib 
4037, D3 js 
4038, Plotly / Plotly Express 
4038, Seaborn 
4039, Matplotlib 
4039, Seaborn 
4043, Ggplot / ggplot2 
4043, Plotly / Plotly Express 
4043, Seaborn 
4043, Matplotlib 
4043, Bokeh 
4046, Matplotlib 
4046, Plotly / Plotly Express 
4046, Seaborn 
4047, Plotly / Plotly Express 
4047, Ggplot / ggplot2 
4050, Seaborn 
4050, Matplotlib 
4050, Plotly / Plotly Express 
4051, Seaborn 
4051, Matplotlib 
4052, Matplotlib 
4053, Seaborn 
4053, Matplotlib 
4054, Matplotlib 
4054, Seaborn 
4056, Seaborn 
4056, Matplotlib 
4057, Ggplot / ggplot2 
4058, Seaborn 
4058, Matplotlib 
4059, Ggplot / ggplot2 
4059, Matplotlib 
4060, Seaborn 
4060, Matplotlib 
4062, Matplotlib 
4064, Matplotlib 
4064, Seaborn 
4064, Plotly / Plotly Express 
4065, D3 js 
4065, Seaborn 
4066, Seaborn 
4066, Matplotlib 
4067, Plotly / Plotly Express 
4067, Matplotlib 
4067, Seaborn 
4068, Matplotlib 
4068, Seaborn 
4069, Matplotlib 
4071, Ggplot / ggplot2 
4073, Matplotlib 
4073, Seaborn 
4074, Matplotlib 
4074, Seaborn 
4075, Matplotlib 
4075, Plotly / Plotly Express 
4075, Seaborn 
4076,Other
4077, Plotly / Plotly Express 
4077,Other
4077, Bokeh 
4078, Plotly / Plotly Express 
4078, Matplotlib 
4079, Matplotlib 
4079, Seaborn 
4083, Matplotlib 
4083, Plotly / Plotly Express 
4083, Seaborn 
4085, Seaborn 
4085, Matplotlib 
4086, Matplotlib 
4086, Seaborn 
4088, Matplotlib 
4090, Plotly / Plotly Express 
4090, Matplotlib 
4091, Plotly / Plotly Express 
4091, Seaborn 
4091, Matplotlib 
4092, Matplotlib 
4092, Seaborn 
4094, Seaborn 
4094, Matplotlib 
4095, Matplotlib 
4095, Bokeh 
4095, Seaborn 
4095, Plotly / Plotly Express 
4096, Leaflet / Folium 
4096, Matplotlib 
4096, Seaborn 
4096, Plotly / Plotly Express 
4097, Matplotlib 
4097, Seaborn 
4098, Ggplot / ggplot2 
4099, Matplotlib 
4099, Seaborn 
4100, Geoplotlib 
4100, Matplotlib 
4100, D3 js 
4100, Seaborn 
4100, Ggplot / ggplot2 
4104, Geoplotlib 
4104, Matplotlib 
4104, Leaflet / Folium 
4104, Seaborn 
4106, Ggplot / ggplot2 
4106, Seaborn 
4106, Shiny 
4107, Matplotlib 
4107, Ggplot / ggplot2 
4110, Plotly / Plotly Express 
4114, Matplotlib 
4116, Seaborn 
4116, Matplotlib 
4117, Matplotlib 
4117, Seaborn 
4117, Ggplot / ggplot2 
4119, Matplotlib 
4119, Seaborn 
4120, Plotly / Plotly Express 
4120, Matplotlib 
4120, Seaborn 
4120, Ggplot / ggplot2 
4121, Matplotlib 
4121, Seaborn 
4121, Plotly / Plotly Express 
4123, Geoplotlib 
4123,Other
4125, Matplotlib 
4125, Seaborn 
4126, Matplotlib 
4127, Bokeh 
4127, Plotly / Plotly Express 
4129, Matplotlib 
4129, Seaborn 
4131, Plotly / Plotly Express 
4131, Ggplot / ggplot2 
4131, Shiny 
4131, Seaborn 
4132, Matplotlib 
4132, Seaborn 
4133, Bokeh 
4133, Plotly / Plotly Express 
4134, Plotly / Plotly Express 
4134, Matplotlib 
4134, Seaborn 
4135, Seaborn 
4135, Matplotlib 
4136, Seaborn 
4137, Ggplot / ggplot2 
4137, Matplotlib 
4137, Seaborn 
4142, Ggplot / ggplot2 
4142, Altair 
4143, Matplotlib 
4144, Matplotlib 
4144, Seaborn 
4145, Matplotlib 
4146, Plotly / Plotly Express 
4146, Matplotlib 
4146, Seaborn 
4147, Ggplot / ggplot2 
4147, Matplotlib 
4148, Matplotlib 
4149, Matplotlib 
4149, Seaborn 
4151, Matplotlib 
4152, Seaborn 
4152, Matplotlib 
4153, Matplotlib 
4153, Plotly / Plotly Express 
4153,Other
4155, Seaborn 
4155, Matplotlib 
4155, Leaflet / Folium 
4156, Seaborn 
4156, Matplotlib 
4157, Plotly / Plotly Express 
4157, Seaborn 
4157, Matplotlib 
4158, Ggplot / ggplot2 
4158, Matplotlib 
4159, Matplotlib 
4159, Bokeh 
4159, Seaborn 
4161, Seaborn 
4161, Matplotlib 
4161, Ggplot / ggplot2 
4164, Matplotlib 
4165, Matplotlib 
4165, Ggplot / ggplot2 
4165, Seaborn 
4166, Plotly / Plotly Express 
4166, Matplotlib 
4166, Seaborn 
4167, Seaborn 
4167, Matplotlib 
4168, Matplotlib 
4168, Seaborn 
4168, Plotly / Plotly Express 
4169, Matplotlib 
4169, Seaborn 
4169, Plotly / Plotly Express 
4171, Ggplot / ggplot2 
4171, Matplotlib 
4172, Ggplot / ggplot2 
4172, Plotly / Plotly Express 
4172, Matplotlib 
4173, Seaborn 
4173, Matplotlib 
4174, Seaborn 
4174, Matplotlib 
4175, Matplotlib 
4175, Seaborn 
4177, Matplotlib 
4177, Seaborn 
4179, Matplotlib 
4181, Seaborn 
4181, Matplotlib 
4183, Matplotlib 
4183, Seaborn 
4183, Bokeh 
4184, Seaborn 
4184, Plotly / Plotly Express 
4184, Matplotlib 
4186, Seaborn 
4186, Plotly / Plotly Express 
4186, Ggplot / ggplot2 
4186, Matplotlib 
4186, Bokeh 
4187, Plotly / Plotly Express 
4187, Seaborn 
4187, Geoplotlib 
4187, Matplotlib 
4189, Ggplot / ggplot2 
4190, Matplotlib 
4190, Seaborn 
4190, Plotly / Plotly Express 
4191, Plotly / Plotly Express 
4191, Matplotlib 
4192, Plotly / Plotly Express 
4192, Matplotlib 
4192, Seaborn 
4194, Matplotlib 
4195, Matplotlib 
4195, Seaborn 
4197, Ggplot / ggplot2 
4198, Geoplotlib 
4198, Ggplot / ggplot2 
4198, Matplotlib 
4198, Seaborn 
4198, Plotly / Plotly Express 
4199, Ggplot / ggplot2 
4199, Seaborn 
4199, Matplotlib 
4200, Matplotlib 
4200, Seaborn 
4201, Plotly / Plotly Express 
4201, Seaborn 
4201, Matplotlib 
4202, Matplotlib 
4202, Seaborn 
4203, Matplotlib 
4203, Seaborn 
4203, Plotly / Plotly Express 
4203, Bokeh 
4205, Seaborn 
4205, Ggplot / ggplot2 
4205, Matplotlib 
4206, Plotly / Plotly Express 
4206, Matplotlib 
4208, Matplotlib 
4208, Seaborn 
4209, Seaborn 
4209, Matplotlib 
4211, Matplotlib 
4213, Seaborn 
4213, Matplotlib 
4214, Highcharter 
4218, Matplotlib 
4218, Bokeh 
4218, Ggplot / ggplot2 
4218, Seaborn 
4218, Plotly / Plotly Express 
4218, D3 js 
4220, Matplotlib 
4220, Seaborn 
4221, Seaborn 
4221, Matplotlib 
4224, Matplotlib 
4224, Seaborn 
4224, Geoplotlib 
4225, Seaborn 
4225, Matplotlib 
4226, Matplotlib 
4226, Seaborn 
4229, Seaborn 
4229, Matplotlib 
4230, Matplotlib 
4230, Seaborn 
4231, Matplotlib 
4231, Ggplot / ggplot2 
4232,Other
4233, Shiny 
4233, Matplotlib 
4233, Plotly / Plotly Express 
4234, Pygal 
4234, Geoplotlib 
4234, Matplotlib 
4234, Plotly / Plotly Express 
4235, Seaborn 
4235, Shiny 
4235, Ggplot / ggplot2 
4237, Seaborn 
4237, Matplotlib 
4237, Plotly / Plotly Express 
4239, Matplotlib 
4240, Matplotlib 
4240, Seaborn 
4241, Matplotlib 
4242, Ggplot / ggplot2 
4245, Seaborn 
4245, Matplotlib 
4246, Matplotlib 
4246, Seaborn 
4247, Plotly / Plotly Express 
4248, Seaborn 
4248, Matplotlib 
4250, Matplotlib 
4250, Seaborn 
4251, Matplotlib 
4251, Plotly / Plotly Express 
4251, Seaborn 
4252, Plotly / Plotly Express 
4252, Matplotlib 
4252, Seaborn 
4252, Ggplot / ggplot2 
4253, Plotly / Plotly Express 
4253, Ggplot / ggplot2 
4253, Seaborn 
4253, Matplotlib 
4254, Matplotlib 
4256, Plotly / Plotly Express 
4256, Ggplot / ggplot2 
4256, Matplotlib 
4256, Seaborn 
4259, Ggplot / ggplot2 
4259, Matplotlib 
4259, Seaborn 
4260, Seaborn 
4260, Matplotlib 
4260, Plotly / Plotly Express 
4260, Ggplot / ggplot2 
4261, Matplotlib 
4261,Other
4262, Seaborn 
4262, Matplotlib 
4264, Matplotlib 
4264, Plotly / Plotly Express 
4264, Seaborn 
4265, Matplotlib 
4266, Geoplotlib 
4266, Dygraphs 
4266, Plotly / Plotly Express 
4266, Ggplot / ggplot2 
4266, Matplotlib 
4267, Plotly / Plotly Express 
4267, Matplotlib 
4267, Seaborn 
4268, Matplotlib 
4270, Ggplot / ggplot2 
4270, Shiny 
4270, D3 js 
4270, Plotly / Plotly Express 
4271, Ggplot / ggplot2 
4272, Matplotlib 
4275, Matplotlib 
4276, Bokeh 
4276, Plotly / Plotly Express 
4276, Matplotlib 
4276, Seaborn 
4277, Seaborn 
4277, Ggplot / ggplot2 
4277, Matplotlib 
4278, Matplotlib 
4278, Plotly / Plotly Express 
4279, Matplotlib 
4281, Matplotlib 
4281, Seaborn 
4282, Bokeh 
4282, Seaborn 
4282, Plotly / Plotly Express 
4282, Matplotlib 
4283, Plotly / Plotly Express 
4283, Seaborn 
4283, Matplotlib 
4285, Plotly / Plotly Express 
4285, Seaborn 
4285, Matplotlib 
4286, Plotly / Plotly Express 
4286, Matplotlib 
4286, Seaborn 
4287, Seaborn 
4287, Highcharter 
4287, Plotly / Plotly Express 
4287, Matplotlib 
4288, Ggplot / ggplot2 
4289, Plotly / Plotly Express 
4289, Ggplot / ggplot2 
4289, Matplotlib 
4290, Plotly / Plotly Express 
4290, Matplotlib 
4290, Geoplotlib 
4291, Seaborn 
4291, Matplotlib 
4292, Matplotlib 
4292, Pygal 
4292, Seaborn 
4292, Dygraphs 
4292, Ggplot / ggplot2 
4292, Shiny 
4292, Plotly / Plotly Express 
4293, Seaborn 
4293, Matplotlib 
4293, Geoplotlib 
4293, Plotly / Plotly Express 
4293, Ggplot / ggplot2 
4296, Plotly / Plotly Express 
4297, Matplotlib 
4297, Plotly / Plotly Express 
4297, Seaborn 
4298, Seaborn 
4298, Matplotlib 
4299, Plotly / Plotly Express 
4299, Geoplotlib 
4299, Bokeh 
4299, Matplotlib 
4299, Seaborn 
4300, Seaborn 
4300, Matplotlib 
4302, Matplotlib 
4302, Seaborn 
4304, Shiny 
4305, Matplotlib 
4305, Seaborn 
4305, Plotly / Plotly Express 
4306, Geoplotlib 
4306, Plotly / Plotly Express 
4306, Dygraphs 
4306, Matplotlib 
4309, Seaborn 
4309, Matplotlib 
4310, Plotly / Plotly Express 
4310, Seaborn 
4310, Matplotlib 
4311, Matplotlib 
4311, Plotly / Plotly Express 
4311, D3 js 
4313, Matplotlib 
4313, Ggplot / ggplot2 
4314, Ggplot / ggplot2 
4314, Shiny 
4315, Shiny 
4315, Plotly / Plotly Express 
4315, Ggplot / ggplot2 
4317, Seaborn 
4317, Matplotlib 
4318, Matplotlib 
4318, Seaborn 
4319, Matplotlib 
4319, Plotly / Plotly Express 
4319, Seaborn 
4320, Matplotlib 
4320, Bokeh 
4320, Leaflet / Folium 
4320, Seaborn 
4321, Seaborn 
4321, Plotly / Plotly Express 
4321, Ggplot / ggplot2 
4321, Matplotlib 
4323, Plotly / Plotly Express 
4323, Bokeh 
4323, Matplotlib 
4323, Seaborn 
4324, Matplotlib 
4326, Matplotlib 
4329, Matplotlib 
4332, Seaborn 
4332, Matplotlib 
4333, D3 js 
4333, Ggplot / ggplot2 
4333, Seaborn 
4333, Plotly / Plotly Express 
4333, Matplotlib 
4334, Plotly / Plotly Express 
4334, Seaborn 
4334, Matplotlib 
4336, Plotly / Plotly Express 
4336, Shiny 
4336, Seaborn 
4336, Matplotlib 
4337, Seaborn 
4337, Matplotlib 
4338, Matplotlib 
4338, Seaborn 
4339, Matplotlib 
4339, Ggplot / ggplot2 
4340, Plotly / Plotly Express 
4340, Ggplot / ggplot2 
4340, Seaborn 
4342, Leaflet / Folium 
4342, D3 js 
4342, Plotly / Plotly Express 
4343, Ggplot / ggplot2 
4344, Seaborn 
4344, Matplotlib 
4345, Pygal 
4345, Bokeh 
4346, Ggplot / ggplot2 
4349, Seaborn 
4349, Ggplot / ggplot2 
4349, Matplotlib 
4350, Plotly / Plotly Express 
4350, Seaborn 
4350, Matplotlib 
4351, Plotly / Plotly Express 
4351, Seaborn 
4351, Matplotlib 
4352, Matplotlib 
4352, Seaborn 
4353, Matplotlib 
4354, Seaborn 
4354, Matplotlib 
4354, Plotly / Plotly Express 
4356, Matplotlib 
4356, Seaborn 
4357, Ggplot / ggplot2 
4357, D3 js 
4358, Matplotlib 
4358, Seaborn 
4361, Ggplot / ggplot2 
4362, Matplotlib 
4362, Seaborn 
4362,Other
4364, Matplotlib 
4364, Plotly / Plotly Express 
4364, Seaborn 
4365, Seaborn 
4365, Matplotlib 
4367, Seaborn 
4367, Matplotlib 
4368, Matplotlib 
4368, Seaborn 
4369, Plotly / Plotly Express 
4369, Seaborn 
4369, Matplotlib 
4371, Matplotlib 
4372, Plotly / Plotly Express 
4373, Seaborn 
4373, Geoplotlib 
4373, Matplotlib 
4373, Ggplot / ggplot2 
4373, Plotly / Plotly Express 
4374, Plotly / Plotly Express 
4374, Seaborn 
4374, Matplotlib 
4375, Matplotlib 
4375, Seaborn 
4376, Seaborn 
4376, Matplotlib 
4377, Shiny 
4377,Other
4378, Matplotlib 
4379, Matplotlib 
4381, Ggplot / ggplot2 
4382, Seaborn 
4382, Matplotlib 
4383, Seaborn 
4383, Leaflet / Folium 
4383, Highcharter 
4383, Bokeh 
4383, Shiny 
4383, Ggplot / ggplot2 
4383, Pygal 
4383, Dygraphs 
4383, D3 js 
4383, Altair 
4383, Plotly / Plotly Express 
4383, Matplotlib 
4383, Geoplotlib 
4385, Ggplot / ggplot2 
4385, Shiny 
4385, Geoplotlib 
4386, Highcharter 
4386, Plotly / Plotly Express 
4386, Seaborn 
4386, Matplotlib 
4387, Matplotlib 
4387, Seaborn 
4388, Matplotlib 
4389, Matplotlib 
4389, Seaborn 
4391, Matplotlib 
4392, Ggplot / ggplot2 
4392, Plotly / Plotly Express 
4393, Ggplot / ggplot2 
4394, Seaborn 
4394, Matplotlib 
4395, Matplotlib 
4395, Seaborn 
4396, Matplotlib 
4396, Seaborn 
4397,Other
4397, Seaborn 
4397, Matplotlib 
4397, Plotly / Plotly Express 
4398,Other
4399, Ggplot / ggplot2 
4399, Matplotlib 
4401, Matplotlib 
4403, Matplotlib 
4403, Seaborn 
4403, Ggplot / ggplot2 
4404, Pygal 
4404, Altair 
4404, Leaflet / Folium 
4405, Matplotlib 
4405, Seaborn 
4406, Seaborn 
4406, Plotly / Plotly Express 
4406, Matplotlib 
4409, Matplotlib 
4409, Seaborn 
4411, Seaborn 
4411, Altair 
4413, Matplotlib 
4414, Ggplot / ggplot2 
4414, Geoplotlib 
4414, Matplotlib 
4414, Dygraphs 
4415, Seaborn 
4415, Plotly / Plotly Express 
4415, Matplotlib 
4419, Highcharter 
4420, Seaborn 
4420, Matplotlib 
4420, Ggplot / ggplot2 
4423, Seaborn 
4423, Matplotlib 
4424, Plotly / Plotly Express 
4424, Bokeh 
4424, Shiny 
4424, Seaborn 
4424, Matplotlib 
4424, D3 js 
4425,Other
4426, Seaborn 
4426, Matplotlib 
4426, Plotly / Plotly Express 
4428, Matplotlib 
4428, Seaborn 
4428, Plotly / Plotly Express 
4429, Seaborn 
4429, Ggplot / ggplot2 
4429, Plotly / Plotly Express 
4429, Matplotlib 
4429, Geoplotlib 
4429, D3 js 
4430, Ggplot / ggplot2 
4430, Seaborn 
4430, Matplotlib 
4432, Seaborn 
4432, Matplotlib 
4433, Matplotlib 
4433, Ggplot / ggplot2 
4433, Geoplotlib 
4434, Matplotlib 
4434, Seaborn 
4437, Matplotlib 
4437, Plotly / Plotly Express 
4437, Seaborn 
4437, Ggplot / ggplot2 
4438, Leaflet / Folium 
4438, Seaborn 
4438, Matplotlib 
4438, Ggplot / ggplot2 
4438, Bokeh 
4438, Plotly / Plotly Express 
4439, Seaborn 
4439, Ggplot / ggplot2 
4439, Matplotlib 
4440, Shiny 
4440, Leaflet / Folium 
4440, D3 js 
4440, Matplotlib 
4440, Seaborn 
4440, Plotly / Plotly Express 
4441, Ggplot / ggplot2 
4441, Matplotlib 
4442, Seaborn 
4442, Matplotlib 
4443, Seaborn 
4443, Bokeh 
4443, Altair 
4443, Matplotlib 
4444, Ggplot / ggplot2 
4444, Matplotlib 
4445, Ggplot / ggplot2 
4446, Matplotlib 
4447, Seaborn 
4448, Plotly / Plotly Express 
4448, Seaborn 
4449, Seaborn 
4449, Matplotlib 
4450, Ggplot / ggplot2 
4451, Matplotlib 
4452, Seaborn 
4452, Matplotlib 
4452, Ggplot / ggplot2 
4453, Matplotlib 
4453, Seaborn 
4453, Plotly / Plotly Express 
4454, Plotly / Plotly Express 
4454, Matplotlib 
4454, Seaborn 
4457, Seaborn 
4457, Matplotlib 
4459, Bokeh 
4459, Matplotlib 
4460, Plotly / Plotly Express 
4460, Geoplotlib 
4460, Shiny 
4460, Seaborn 
4460, Ggplot / ggplot2 
4460, D3 js 
4460, Pygal 
4460, Leaflet / Folium 
4460, Dygraphs 
4460, Matplotlib 
4460, Highcharter 
4460, Altair 
4460, Bokeh 
4463, Matplotlib 
4464, Matplotlib 
4464, Shiny 
4464, Plotly / Plotly Express 
4465, Seaborn 
4465, Matplotlib 
4466, Matplotlib 
4466, Plotly / Plotly Express 
4467, Matplotlib 
4468, Matplotlib 
4468, Seaborn 
4469, Seaborn 
4469, Plotly / Plotly Express 
4470, Seaborn 
4470, Matplotlib 
4471, Matplotlib 
4471, Seaborn 
4472, Seaborn 
4472, Plotly / Plotly Express 
4472, Matplotlib 
4473, Plotly / Plotly Express 
4473, Seaborn 
4473, Matplotlib 
4474, Matplotlib 
4475, Plotly / Plotly Express 
4475, Matplotlib 
4475, D3 js 
4475, Seaborn 
4475, Ggplot / ggplot2 
4477, Shiny 
4477, Ggplot / ggplot2 
4478, Matplotlib 
4478, Leaflet / Folium 
4479, Seaborn 
4479, Matplotlib 
4480, Seaborn 
4480, Matplotlib 
4480, Plotly / Plotly Express 
4481, Matplotlib 
4481, Seaborn 
4481, Plotly / Plotly Express 
4482, Ggplot / ggplot2 
4482, Matplotlib 
4482, Seaborn 
4484, Ggplot / ggplot2 
4484, Seaborn 
4484, Matplotlib 
4485, Seaborn 
4485, Matplotlib 
4486, Ggplot / ggplot2 
4487, Seaborn 
4487, Matplotlib 
4488, Matplotlib 
4488, Seaborn 
4488, Plotly / Plotly Express 
4489, Ggplot / ggplot2 
4489, Matplotlib 
4489, Seaborn 
4490, Matplotlib 
4490, Geoplotlib 
4492, Matplotlib 
4492, Plotly / Plotly Express 
4492, Seaborn 
4493, Matplotlib 
4493, Seaborn 
4494, Leaflet / Folium 
4496, Matplotlib 
4496, Seaborn 
4497, Matplotlib 
4498, Matplotlib 
4498, Ggplot / ggplot2 
4498, Seaborn 
4499, Seaborn 
4499, Matplotlib 
4501, Geoplotlib 
4501, Seaborn 
4501, Plotly / Plotly Express 
4501, Matplotlib 
4502, Matplotlib 
4502, Ggplot / ggplot2 
4502, Seaborn 
4503, Matplotlib 
4503, Seaborn 
4503, Plotly / Plotly Express 
4504, Matplotlib 
4505, Matplotlib 
4506, Matplotlib 
4506, Seaborn 
4506, Ggplot / ggplot2 
4507, Plotly / Plotly Express 
4508, Matplotlib 
4509, Ggplot / ggplot2 
4509, Plotly / Plotly Express 
4509, Seaborn 
4509, Matplotlib 
4512, Matplotlib 
4513, Shiny 
4514, Seaborn 
4514, Matplotlib 
4516, Matplotlib 
4516, Plotly / Plotly Express 
4516, Seaborn 
4518, Seaborn 
4518, Plotly / Plotly Express 
4519, Seaborn 
4519, Matplotlib 
4520, Seaborn 
4520, Matplotlib 
4521, Seaborn 
4521, Plotly / Plotly Express 
4521, Matplotlib 
4524, Matplotlib 
4524, Seaborn 
4524, Plotly / Plotly Express 
4525, Matplotlib 
4525, Ggplot / ggplot2 
4526, Plotly / Plotly Express 
4526, Seaborn 
4526, Matplotlib 
4527, Matplotlib 
4527, Ggplot / ggplot2 
4527, Geoplotlib 
4528, Matplotlib 
4529, Matplotlib 
4530, Seaborn 
4530, Plotly / Plotly Express 
4530, Matplotlib 
4531, Seaborn 
4531, Matplotlib 
4532, Matplotlib 
4532,Other
4533, Matplotlib 
4533, Plotly / Plotly Express 
4534, Matplotlib 
4535, Ggplot / ggplot2 
4535, Seaborn 
4535, Matplotlib 
4536, Dygraphs 
4536, Leaflet / Folium 
4536, Ggplot / ggplot2 
4536, Plotly / Plotly Express 
4537, Plotly / Plotly Express 
4537, Seaborn 
4537, Geoplotlib 
4537, Ggplot / ggplot2 
4537, Matplotlib 
4538, Seaborn 
4538, Matplotlib 
4540, Matplotlib 
4540, Seaborn 
4541, Seaborn 
4542, Matplotlib 
4542, Seaborn 
4543, Matplotlib 
4543, Seaborn 
4544, Seaborn 
4544, Matplotlib 
4545, Seaborn 
4545, Matplotlib 
4546, Matplotlib 
4546, Leaflet / Folium 
4546, Shiny 
4546, Plotly / Plotly Express 
4546, Seaborn 
4547, Seaborn 
4547, Matplotlib 
4549, Seaborn 
4549, Matplotlib 
4549, Plotly / Plotly Express 
4550, Matplotlib 
4552, Seaborn 
4552, Bokeh 
4552, Matplotlib 
4552, Plotly / Plotly Express 
4552, Geoplotlib 
4553, Ggplot / ggplot2 
4555, Matplotlib 
4555, Geoplotlib 
4555, Seaborn 
4556, Matplotlib 
4556, Seaborn 
4558, Plotly / Plotly Express 
4558, Seaborn 
4558, Matplotlib 
4559, Matplotlib 
4560, Matplotlib 
4560, Seaborn 
4561, Seaborn 
4561, Matplotlib 
4562, Seaborn 
4562, Matplotlib 
4563, D3 js 
4563, Matplotlib 
4564, Matplotlib 
4566, Matplotlib 
4567, Seaborn 
4567, Plotly / Plotly Express 
4567, Matplotlib 
4568, Matplotlib 
4569, Matplotlib 
4569, Seaborn 
4570, Plotly / Plotly Express 
4570, Seaborn 
4570, Matplotlib 
4571, Matplotlib 
4572, Pygal 
4573, Matplotlib 
4573, Seaborn 
4573, Plotly / Plotly Express 
4574, Plotly / Plotly Express 
4574, Matplotlib 
4574, Seaborn 
4575, Matplotlib 
4576, Matplotlib 
4577, Plotly / Plotly Express 
4577, Matplotlib 
4578, Matplotlib 
4578, Seaborn 
4579, Geoplotlib 
4581, Shiny 
4581, Plotly / Plotly Express 
4581, Seaborn 
4582, Seaborn 
4582, Matplotlib 
4582,Other
4582, Plotly / Plotly Express 
4584, Matplotlib 
4584, Plotly / Plotly Express 
4584, Seaborn 
4586, Shiny 
4586, Plotly / Plotly Express 
4586, Ggplot / ggplot2 
4586, Leaflet / Folium 
4587, Matplotlib 
4588, Ggplot / ggplot2 
4588, Seaborn 
4588, Matplotlib 
4589, Plotly / Plotly Express 
4589, Seaborn 
4589, Matplotlib 
4589, Ggplot / ggplot2 
4589,Other
4590, Matplotlib 
4591, Plotly / Plotly Express 
4591, Matplotlib 
4591, Seaborn 
4592, Seaborn 
4592, D3 js 
4592, Matplotlib 
4593, Geoplotlib 
4593, Seaborn 
4593, Matplotlib 
4593, Plotly / Plotly Express 
4594, Matplotlib 
4596, Matplotlib 
4596, Seaborn 
4597, Geoplotlib 
4597, Matplotlib 
4598, Plotly / Plotly Express 
4599, Shiny 
4599, Ggplot / ggplot2 
4600, Shiny 
4600, Ggplot / ggplot2 
4600, Seaborn 
4602,Other
4603, Matplotlib 
4603, Seaborn 
4604, Plotly / Plotly Express 
4604, Seaborn 
4604, Matplotlib 
4605, Seaborn 
4605, Matplotlib 
4606, Matplotlib 
4606, Seaborn 
4607, Matplotlib 
4607, Seaborn 
4607, Plotly / Plotly Express 
4607, Bokeh 
4608, Matplotlib 
4608, Plotly / Plotly Express 
4610, Ggplot / ggplot2 
4610, Matplotlib 
4610, Seaborn 
4611, Plotly / Plotly Express 
4611, Matplotlib 
4611, Geoplotlib 
4611, Ggplot / ggplot2 
4612,Other
4613, Plotly / Plotly Express 
4613, Seaborn 
4613, D3 js 
4615, Plotly / Plotly Express 
4615, Seaborn 
4615, Matplotlib 
4616, Matplotlib 
4616, Seaborn 
4616, Ggplot / ggplot2 
4616, Altair 
4618, Plotly / Plotly Express 
4618, Seaborn 
4618, Matplotlib 
4619, Seaborn 
4619, Geoplotlib 
4619, Matplotlib 
4621, Seaborn 
4621, Matplotlib 
4622, Seaborn 
4622, Matplotlib 
4623, Plotly / Plotly Express 
4623, Leaflet / Folium 
4623, Seaborn 
4623, Matplotlib 
4623, Bokeh 
4624, Seaborn 
4624, Matplotlib 
4625, Seaborn 
4625,Other
4625, Matplotlib 
4625, Shiny 
4625, Leaflet / Folium 
4625, Plotly / Plotly Express 
4625, Ggplot / ggplot2 
4627, Pygal 
4627, Highcharter 
4627, Matplotlib 
4628, Matplotlib 
4628, Seaborn 
4629, Ggplot / ggplot2 
4633, Seaborn 
4633, Matplotlib 
4633, Bokeh 
4633, Ggplot / ggplot2 
4635, Seaborn 
4635, Plotly / Plotly Express 
4635, Matplotlib 
4637, Ggplot / ggplot2 
4637, Seaborn 
4637, Matplotlib 
4638, Seaborn 
4639, Seaborn 
4640, Matplotlib 
4640, Seaborn 
4642, Seaborn 
4642, Matplotlib 
4644, Seaborn 
4644, Ggplot / ggplot2 
4644, Matplotlib 
4645, Plotly / Plotly Express 
4645, Shiny 
4645, Ggplot / ggplot2 
4646, Seaborn 
4646, Matplotlib 
4647, Matplotlib 
4647, Seaborn 
4648, Seaborn 
4648, Matplotlib 
4649, Matplotlib 
4649, Seaborn 
4650, Seaborn 
4650, Matplotlib 
4651, Seaborn 
4651, Matplotlib 
4652, Ggplot / ggplot2 
4653, Seaborn 
4653, Shiny 
4653, Plotly / Plotly Express 
4653, Matplotlib 
4657, Shiny 
4657, Plotly / Plotly Express 
4657, Ggplot / ggplot2 
4658, Matplotlib 
4660, Matplotlib 
4660, Plotly / Plotly Express 
4662, Matplotlib 
4662, Seaborn 
4663, Matplotlib 
4663, Seaborn 
4663, Ggplot / ggplot2 
4665, Matplotlib 
4665, Geoplotlib 
4667, Seaborn 
4667, Matplotlib 
4667, Ggplot / ggplot2 
4668, Matplotlib 
4670, Matplotlib 
4672, Bokeh 
4672, Plotly / Plotly Express 
4672, Seaborn 
4672, Matplotlib 
4672, Ggplot / ggplot2 
4672,Other
4672, Geoplotlib 
4672, Shiny 
4674, Matplotlib 
4678, Shiny 
4678, Leaflet / Folium 
4678, Altair 
4678, Pygal 
4679, Geoplotlib 
4679, Ggplot / ggplot2 
4681, Seaborn 
4681, Matplotlib 
4682, Matplotlib 
4683, Seaborn 
4683, Matplotlib 
4686, Plotly / Plotly Express 
4686, Matplotlib 
4686, Seaborn 
4688, Ggplot / ggplot2 
4688, Seaborn 
4688, Plotly / Plotly Express 
4688, Matplotlib 
4689, Ggplot / ggplot2 
4690, D3 js 
4690, Ggplot / ggplot2 
4692, Matplotlib 
4692, Seaborn 
4695, Plotly / Plotly Express 
4695, Matplotlib 
4695, Seaborn 
4696, Seaborn 
4696, Matplotlib 
4697, Geoplotlib 
4697, Shiny 
4699, Seaborn 
4699, Ggplot / ggplot2 
4699, Plotly / Plotly Express 
4699, Leaflet / Folium 
4699, Matplotlib 
4702, Seaborn 
4702, Matplotlib 
4703, Seaborn 
4703, Ggplot / ggplot2 
4703, Matplotlib 
4706, Matplotlib 
4710, Seaborn 
4711, D3 js 
4711, Plotly / Plotly Express 
4712, Bokeh 
4712, Ggplot / ggplot2 
4712, D3 js 
4713, Shiny 
4713, Seaborn 
4713, Highcharter 
4713, Ggplot / ggplot2 
4713, Matplotlib 
4714, Seaborn 
4714, Matplotlib 
4714, Plotly / Plotly Express 
4714, Geoplotlib 
4716, Ggplot / ggplot2 
4716, Seaborn 
4716, Matplotlib 
4718, Matplotlib 
4718, Pygal 
4718, Ggplot / ggplot2 
4718, D3 js 
4721, Ggplot / ggplot2 
4721, Matplotlib 
4721, Shiny 
4722, Matplotlib 
4722, Ggplot / ggplot2 
4723, Ggplot / ggplot2 
4723, Matplotlib 
4723, Shiny 
4723, Seaborn 
4723, D3 js 
4724, Ggplot / ggplot2 
4724, Shiny 
4726, Matplotlib 
4727, Matplotlib 
4727, Ggplot / ggplot2 
4728, Plotly / Plotly Express 
4728, Leaflet / Folium 
4728, D3 js 
4728, Matplotlib 
4728, Geoplotlib 
4728, Shiny 
4728, Ggplot / ggplot2 
4729, Seaborn 
4729, Matplotlib 
4730, Matplotlib 
4731, D3 js 
4731, Seaborn 
4731, Matplotlib 
4731, Plotly / Plotly Express 
4732, Matplotlib 
4733, Ggplot / ggplot2 
4733, Matplotlib 
4733, Plotly / Plotly Express 
4733, Seaborn 
4734, Seaborn 
4734, Ggplot / ggplot2 
4734, Matplotlib 
4734, Altair 
4734, Plotly / Plotly Express 
4735, Plotly / Plotly Express 
4735, D3 js 
4735, Matplotlib 
4735, Ggplot / ggplot2 
4736, Matplotlib 
4737, Seaborn 
4737, Plotly / Plotly Express 
4737, Bokeh 
4737, Matplotlib 
4740, Bokeh 
4740, Seaborn 
4740, Shiny 
4740, Ggplot / ggplot2 
4740, Plotly / Plotly Express 
4740, Leaflet / Folium 
4741, Matplotlib 
4741, Seaborn 
4741, Plotly / Plotly Express 
4743, Matplotlib 
4743, Geoplotlib 
4743, Seaborn 
4744, Matplotlib 
4744, Seaborn 
4745, Matplotlib 
4746, Seaborn 
4746, Matplotlib 
4746, Plotly / Plotly Express 
4747, Seaborn 
4747, Matplotlib 
4747, Plotly / Plotly Express 
4748,Other
4748, Seaborn 
4748, Matplotlib 
4749, Matplotlib 
4750, Matplotlib 
4751, Matplotlib 
4752, Seaborn 
4752, Matplotlib 
4755, Matplotlib 
4755, Plotly / Plotly Express 
4755, Seaborn 
4755, Geoplotlib 
4756, Geoplotlib 
4756, Matplotlib 
4756, Plotly / Plotly Express 
4756, Pygal 
4756, Ggplot / ggplot2 
4756, Seaborn 
4757, Matplotlib 
4757, Seaborn 
4757, Plotly / Plotly Express 
4758, Plotly / Plotly Express 
4758, Matplotlib 
4758, Seaborn 
4759, Seaborn 
4759, Matplotlib 
4760, Seaborn 
4761, Seaborn 
4761, Matplotlib 
4761, Leaflet / Folium 
4762, Seaborn 
4762, Matplotlib 
4763, Matplotlib 
4763, Seaborn 
4764, Seaborn 
4764, Matplotlib 
4767, Matplotlib 
4767, Seaborn 
4767, Plotly / Plotly Express 
4770, Matplotlib 
4772, D3 js 
4772, Plotly / Plotly Express 
4772, Ggplot / ggplot2 
4772, Leaflet / Folium 
4772, Highcharter 
4772, Dygraphs 
4772, Shiny 
4774, Matplotlib 
4775, Matplotlib 
4776, Geoplotlib 
4776, Matplotlib 
4776, Highcharter 
4776, Bokeh 
4776, Seaborn 
4777, Matplotlib 
4778, Matplotlib 
4780, Ggplot / ggplot2 
4780, Matplotlib 
4784, Dygraphs 
4784, Highcharter 
4784, Geoplotlib 
4784, Ggplot / ggplot2 
4785, Matplotlib 
4785, Seaborn 
4787, Seaborn 
4787, Matplotlib 
4790, Ggplot / ggplot2 
4790, Seaborn 
4790, Matplotlib 
4792, Matplotlib 
4792, Geoplotlib 
4793, Matplotlib 
4793, Seaborn 
4794, Seaborn 
4794, Matplotlib 
4794, Ggplot / ggplot2 
4794, Plotly / Plotly Express 
4795, Matplotlib 
4795, Plotly / Plotly Express 
4795, D3 js 
4795, Leaflet / Folium 
4797, Ggplot / ggplot2 
4797, Shiny 
4797, Seaborn 
4799, Plotly / Plotly Express 
4799, Bokeh 
4799, Seaborn 
4799, Matplotlib 
4800, Leaflet / Folium 
4800, Matplotlib 
4801, Ggplot / ggplot2 
4801, Shiny 
4802, Seaborn 
4802, Matplotlib 
4803, Plotly / Plotly Express 
4803, Matplotlib 
4803, Seaborn 
4804, Seaborn 
4804, Matplotlib 
4805, Ggplot / ggplot2 
4805, Plotly / Plotly Express 
4805, Matplotlib 
4806, Ggplot / ggplot2 
4807, Matplotlib 
4807, Plotly / Plotly Express 
4809, Matplotlib 
4809, Plotly / Plotly Express 
4809, Ggplot / ggplot2 
4809, Seaborn 
4809, Geoplotlib 
4810, Plotly / Plotly Express 
4810, Seaborn 
4810, Matplotlib 
4812, Matplotlib 
4812, Seaborn 
4813, Matplotlib 
4813, Seaborn 
4815, Seaborn 
4815, Matplotlib 
4816, Seaborn 
4816, Matplotlib 
4816, Plotly / Plotly Express 
4818, Seaborn 
4818, Matplotlib 
4819, Matplotlib 
4819, Plotly / Plotly Express 
4822, Ggplot / ggplot2 
4822, Matplotlib 
4823, Seaborn 
4823, Matplotlib 
4824, Matplotlib 
4826, Matplotlib 
4828, Matplotlib 
4828, Seaborn 
4829, Geoplotlib 
4829, Matplotlib 
4829, Plotly / Plotly Express 
4829, Seaborn 
4830, Seaborn 
4830, Matplotlib 
4832, Matplotlib 
4832, Ggplot / ggplot2 
4832, Seaborn 
4832, Plotly / Plotly Express 
4833, Ggplot / ggplot2 
4834, Matplotlib 
4835, Seaborn 
4835, Matplotlib 
4836, D3 js 
4837, Matplotlib 
4839, Matplotlib 
4839, Seaborn 
4841, Matplotlib 
4843, Matplotlib 
4844, Bokeh 
4844, Matplotlib 
4844, Seaborn 
4845, Matplotlib 
4847, Seaborn 
4847, Matplotlib 
4848, Matplotlib 
4848, Plotly / Plotly Express 
4848, Shiny 
4849, Matplotlib 
4849, Seaborn 
4850, Seaborn 
4850, Plotly / Plotly Express 
4850, Matplotlib 
4851, Seaborn 
4851, Matplotlib 
4852, Matplotlib 
4852, Seaborn 
4852, Plotly / Plotly Express 
4853, Plotly / Plotly Express 
4853, Ggplot / ggplot2 
4853, Shiny 
4854, Plotly / Plotly Express 
4854, Seaborn 
4854, Matplotlib 
4855, Seaborn 
4855, Matplotlib 
4856, Seaborn 
4856, Matplotlib 
4858, Plotly / Plotly Express 
4858, Seaborn 
4858, Matplotlib 
4859, Matplotlib 
4859, Seaborn 
4860, Matplotlib 
4861, Seaborn 
4861, Matplotlib 
4862, Seaborn 
4862, Ggplot / ggplot2 
4862, Matplotlib 
4863, Plotly / Plotly Express 
4864, Matplotlib 
4864, Seaborn 
4865, Ggplot / ggplot2 
4865, Matplotlib 
4865, Shiny 
4868, Matplotlib 
4868, Plotly / Plotly Express 
4869, Seaborn 
4869, Matplotlib 
4870, Matplotlib 
4870, Seaborn 
4873, Seaborn 
4873, Ggplot / ggplot2 
4874, Matplotlib 
4874, Seaborn 
4875, Plotly / Plotly Express 
4875, Matplotlib 
4875, Seaborn 
4877, Matplotlib 
4880, Shiny 
4881, Matplotlib 
4885, Seaborn 
4885, Plotly / Plotly Express 
4885, Matplotlib 
4886, Seaborn 
4886,Other
4886, Ggplot / ggplot2 
4886, Matplotlib 
4889, Matplotlib 
4889, Seaborn 
4890, Ggplot / ggplot2 
4890, Matplotlib 
4891, Matplotlib 
4891, Seaborn 
4893, Matplotlib 
4893, Seaborn 
4894, Seaborn 
4894,Other
4894, Matplotlib 
4895, Matplotlib 
4898, Ggplot / ggplot2 
4899, Seaborn 
4899, Geoplotlib 
4899, Matplotlib 
4899, Bokeh 
4899, Ggplot / ggplot2 
4899, Plotly / Plotly Express 
4899, Leaflet / Folium 
4902, Seaborn 
4902, Matplotlib 
4904, Ggplot / ggplot2 
4905, Plotly / Plotly Express 
4905, Seaborn 
4905, Matplotlib 
4907, Ggplot / ggplot2 
4907, Matplotlib 
4907, Geoplotlib 
4908, Seaborn 
4908, Matplotlib 
4910, Matplotlib 
4910, Seaborn 
4911, Plotly / Plotly Express 
4911, Seaborn 
4911, Matplotlib 
4913, Seaborn 
4913, Matplotlib 
4913,Other
4913, Plotly / Plotly Express 
4914, Seaborn 
4915, Seaborn 
4915, Matplotlib 
4916, Seaborn 
4916, Plotly / Plotly Express 
4916, Matplotlib 
4916, Ggplot / ggplot2 
4917, Matplotlib 
4918, Ggplot / ggplot2 
4918, Plotly / Plotly Express 
4918, Matplotlib 
4919, Seaborn 
4919, Matplotlib 
4920, Plotly / Plotly Express 
4921, Matplotlib 
4923, Matplotlib 
4923, Seaborn 
4926, Matplotlib 
4926, Seaborn 
4927, Matplotlib 
4927, Geoplotlib 
4927, Seaborn 
4927, Plotly / Plotly Express 
4929, Plotly / Plotly Express 
4929, Matplotlib 
4929, Seaborn 
4932, Plotly / Plotly Express 
4932, Matplotlib 
4932, Seaborn 
4933, Highcharter 
4933, Ggplot / ggplot2 
4933, Leaflet / Folium 
4934, Plotly / Plotly Express 
4934, Seaborn 
4934, Matplotlib 
4935, Matplotlib 
4937, Seaborn 
4937, Ggplot / ggplot2 
4937, Matplotlib 
4937, Plotly / Plotly Express 
4938, Ggplot / ggplot2 
4938, Seaborn 
4939, Seaborn 
4939, Matplotlib 
4941, Matplotlib 
4941, Seaborn 
4942, Plotly / Plotly Express 
4942, Matplotlib 
4942, Seaborn 
4943, Seaborn 
4943, Matplotlib 
4944, Matplotlib 
4944, Seaborn 
4946, Seaborn 
4946, Matplotlib 
4947, Seaborn 
4947, Bokeh 
4947, Matplotlib 
4948, Matplotlib 
4948, Seaborn 
4949, Seaborn 
4949, Matplotlib 
4950, Shiny 
4950, Ggplot / ggplot2 
4952, Matplotlib 
4952, Geoplotlib 
4952, Plotly / Plotly Express 
4952, Altair 
4952, Ggplot / ggplot2 
4952, Pygal 
4952, Shiny 
4953, Matplotlib 
4953, Pygal 
4954, Ggplot / ggplot2 
4956, Ggplot / ggplot2 
4956, Matplotlib 
4956, Plotly / Plotly Express 
4957, Matplotlib 
4957, Leaflet / Folium 
4957, Dygraphs 
4957, Ggplot / ggplot2 
4957, Plotly / Plotly Express 
4957, Shiny 
4957, Geoplotlib 
4958, Seaborn 
4958, Matplotlib 
4959, Geoplotlib 
4959, Ggplot / ggplot2 
4959, Dygraphs 
4960, Seaborn 
4960, Matplotlib 
4961, Matplotlib 
4962, Matplotlib 
4962, Seaborn 
4962,Other
4964, Geoplotlib 
4964, Plotly / Plotly Express 
4964, Seaborn 
4966, Seaborn 
4966, Plotly / Plotly Express 
4966, Matplotlib 
4966, Ggplot / ggplot2 
4967,Other
4968, Matplotlib 
4971, Matplotlib 
4971, Seaborn 
4973, Seaborn 
4973, Matplotlib 
4974, Matplotlib 
4975,Other
4976,Other
4976, Matplotlib 
4976, Plotly / Plotly Express 
4976, Seaborn 
4978, Seaborn 
4978, Matplotlib 
4979, Plotly / Plotly Express 
4979, Matplotlib 
4979, Seaborn 
4980, Matplotlib 
4981, Plotly / Plotly Express 
4981, Ggplot / ggplot2 
4982, Ggplot / ggplot2 
4982, Highcharter 
4982, Plotly / Plotly Express 
4982, Shiny 
4984, Seaborn 
4984, Plotly / Plotly Express 
4984, Matplotlib 
4984, Geoplotlib 
4985, Leaflet / Folium 
4985, Plotly / Plotly Express 
4985, Matplotlib 
4985, Seaborn 
4990, Seaborn 
4990, Matplotlib 
4991, Plotly / Plotly Express 
4991, Matplotlib 
4993, Seaborn 
4993, Matplotlib 
4993, Plotly / Plotly Express 
4994, Plotly / Plotly Express 
4994, Matplotlib 
4994, Seaborn 
4996, Matplotlib 
4997, Seaborn 
4997, Matplotlib 
4997, Plotly / Plotly Express 
4998, Seaborn 
4998, Matplotlib 
5000, Geoplotlib 
5000, Matplotlib 
5000, Ggplot / ggplot2 
5000, Seaborn 
5003, Matplotlib 
5003, Seaborn 
5003, Plotly / Plotly Express 
5004, Geoplotlib 
5004, Plotly / Plotly Express 
5004, Ggplot / ggplot2 
5004, Matplotlib 
5005, Seaborn 
5005, Matplotlib 
5008, Seaborn 
5008, Matplotlib 
5009, Matplotlib 
5011, Seaborn 
5011, Matplotlib 
5012, Ggplot / ggplot2 
5013, Plotly / Plotly Express 
5013, Matplotlib 
5014, Matplotlib 
5014, Seaborn 
5016, Matplotlib 
5016, Leaflet / Folium 
5016, Seaborn 
5016, Plotly / Plotly Express 
5016, Geoplotlib 
5016, Ggplot / ggplot2 
5018, Matplotlib 
5019, Plotly / Plotly Express 
5019, Ggplot / ggplot2 
5019, Matplotlib 
5020, Matplotlib 
5020, Seaborn 
5020, Ggplot / ggplot2 
5022, Matplotlib 
5023, Matplotlib 
5023, Altair 
5023, Seaborn 
5024, Matplotlib 
5025, Ggplot / ggplot2 
5025, Plotly / Plotly Express 
5027, Matplotlib 
5028, Matplotlib 
5028, Seaborn 
5029, Plotly / Plotly Express 
5029, Matplotlib 
5033, Seaborn 
5033, Ggplot / ggplot2 
5033, Matplotlib 
5037, Bokeh 
5037, Ggplot / ggplot2 
5037, Matplotlib 
5037, Geoplotlib 
5038, Matplotlib 
5039, Plotly / Plotly Express 
5039, Geoplotlib 
5039, Matplotlib 
5039, Seaborn 
5039, Ggplot / ggplot2 
5040, Matplotlib 
5040, Seaborn 
5043, Matplotlib 
5043, Seaborn 
5044, Matplotlib 
5044, Seaborn 
5046, Ggplot / ggplot2 
5046, Matplotlib 
5048, Seaborn 
5048, Plotly / Plotly Express 
5048, Matplotlib 
5049, Seaborn 
5049, Plotly / Plotly Express 
5049, Bokeh 
5049, Matplotlib 
5051, Ggplot / ggplot2 
5052, Seaborn 
5052, Matplotlib 
5053, Bokeh 
5053, Plotly / Plotly Express 
5053, D3 js 
5053, Matplotlib 
5054, Matplotlib 
5055, Seaborn 
5055, Matplotlib 
5055, Bokeh 
5056, Seaborn 
5056, Matplotlib 
5057, Seaborn 
5057, Ggplot / ggplot2 
5057, Geoplotlib 
5057, Bokeh 
5057, Highcharter 
5057, Plotly / Plotly Express 
5057, Shiny 
5057, Matplotlib 
5057, D3 js 
5058, Matplotlib 
5059, Matplotlib 
5059, Seaborn 
5059, Ggplot / ggplot2 
5060, Seaborn 
5060, Matplotlib 
5066, Seaborn 
5066, Matplotlib 
5066, D3 js 
5069, Matplotlib 
5069, Seaborn 
5071, Matplotlib 
5072, Seaborn 
5072, Plotly / Plotly Express 
5072, Bokeh 
5072, Geoplotlib 
5072, Matplotlib 
5072, Leaflet / Folium 
5075, Ggplot / ggplot2 
5075, Seaborn 
5075, Matplotlib 
5075, Plotly / Plotly Express 
5076, Plotly / Plotly Express 
5076, Seaborn 
5078, Matplotlib 
5080, Matplotlib 
5080, Seaborn 
5080, Altair 
5080, Plotly / Plotly Express 
5080, Geoplotlib 
5081, Matplotlib 
5082, Seaborn 
5082, Plotly / Plotly Express 
5082, Matplotlib 
5083, Shiny 
5083, Matplotlib 
5083, Seaborn 
5083, Leaflet / Folium 
5083, Plotly / Plotly Express 
5083, Ggplot / ggplot2 
5084, Ggplot / ggplot2 
5084, Seaborn 
5084, Matplotlib 
5085, Matplotlib 
5087, Matplotlib 
5087, Seaborn 
5088, Ggplot / ggplot2 
5089, Ggplot / ggplot2 
5090, Seaborn 
5090, Matplotlib 
5090,Other
5091, Matplotlib 
5091, Seaborn 
5093, Matplotlib 
5095, Matplotlib 
5095, Plotly / Plotly Express 
5095, Seaborn 
5096, Seaborn 
5096, Matplotlib 
5097, D3 js 
5097, Plotly / Plotly Express 
5099, D3 js 
5099, Matplotlib 
5099, Seaborn 
5100, Ggplot / ggplot2 
5100, Matplotlib 
5101,Other
5101, Seaborn 
5101, Matplotlib 
5102, Matplotlib 
5102, Seaborn 
5102, Ggplot / ggplot2 
5104, Matplotlib 
5107, Matplotlib 
5108, Matplotlib 
5108, Seaborn 
5108, Plotly / Plotly Express 
5108, Ggplot / ggplot2 
5109, Seaborn 
5109, Matplotlib 
5111, Plotly / Plotly Express 
5111, Matplotlib 
5111, Seaborn 
5113, Seaborn 
5113, Matplotlib 
5115, Ggplot / ggplot2 
5116, Seaborn 
5116, Matplotlib 
5118, Seaborn 
5118, Plotly / Plotly Express 
5118, Matplotlib 
5119, Seaborn 
5119, Ggplot / ggplot2 
5119, Matplotlib 
5119, Plotly / Plotly Express 
5119, Bokeh 
5119, Altair 
5120, Matplotlib 
5121, Seaborn 
5121, Matplotlib 
5122, Seaborn 
5122, Plotly / Plotly Express 
5123, Matplotlib 
5124, Matplotlib 
5124, Seaborn 
5125, Plotly / Plotly Express 
5125, Seaborn 
5125, Matplotlib 
5126, Matplotlib 
5128, Matplotlib 
5129, Seaborn 
5129, Matplotlib 
5130, Matplotlib 
5130, Seaborn 
5133, Dygraphs 
5133, Geoplotlib 
5134, Plotly / Plotly Express 
5134, Bokeh 
5134, Geoplotlib 
5134, Matplotlib 
5135, Matplotlib 
5135, Altair 
5135, Pygal 
5136, Seaborn 
5136, Matplotlib 
5136, Plotly / Plotly Express 
5137, Ggplot / ggplot2 
5138, Matplotlib 
5138, Ggplot / ggplot2 
5138, Seaborn 
5139, Matplotlib 
5139, Seaborn 
5139, Plotly / Plotly Express 
5140, Matplotlib 
5142, Matplotlib 
5142, Plotly / Plotly Express 
5142, Seaborn 
5143, Seaborn 
5146, Matplotlib 
5146, Seaborn 
5147, Seaborn 
5147, Matplotlib 
5147, Geoplotlib 
5147, Plotly / Plotly Express 
5148,Other
5148, Matplotlib 
5149, Seaborn 
5150, Plotly / Plotly Express 
5150, Seaborn 
5150, Matplotlib 
5151, Seaborn 
5151, Matplotlib 
5152, Matplotlib 
5154, Matplotlib 
5154, Seaborn 
5155, Matplotlib 
5157, Plotly / Plotly Express 
5157, Matplotlib 
5157, Seaborn 
5157, Geoplotlib 
5158, Ggplot / ggplot2 
5158, Geoplotlib 
5158, Leaflet / Folium 
5158, Seaborn 
5158, Matplotlib 
5161, Pygal 
5161, D3 js 
5162, Seaborn 
5162, Plotly / Plotly Express 
5162, Matplotlib 
5163, Seaborn 
5163, Matplotlib 
5164, Matplotlib 
5164, Seaborn 
5164, Leaflet / Folium 
5164, Ggplot / ggplot2 
5164, Plotly / Plotly Express 
5164, Shiny 
5166, Plotly / Plotly Express 
5167, Matplotlib 
5167, Seaborn 
5169, Seaborn 
5169, Matplotlib 
5171, Matplotlib 
5172, Matplotlib 
5172, Plotly / Plotly Express 
5172, Seaborn 
5174, Matplotlib 
5175, Matplotlib 
5175, Seaborn 
5177, Seaborn 
5177, Matplotlib 
5177, Ggplot / ggplot2 
5177, Plotly / Plotly Express 
5178, Matplotlib 
5180, Matplotlib 
5181, Plotly / Plotly Express 
5181, Matplotlib 
5182, Matplotlib 
5183,Other
5183, Matplotlib 
5184, Matplotlib 
5186, Bokeh 
5187, Matplotlib 
5188,Other
5190, Seaborn 
5191, Plotly / Plotly Express 
5191, Matplotlib 
5191, Seaborn 
5195, Matplotlib 
5195, Seaborn 
5196, Seaborn 
5196, Ggplot / ggplot2 
5196, Matplotlib 
5197, Ggplot / ggplot2 
5197, Shiny 
5199, Dygraphs 
5200, Seaborn 
5200, Matplotlib 
5202, Matplotlib 
5202, Seaborn 
5204, Plotly / Plotly Express 
5204, Matplotlib 
5204, Seaborn 
5205, Seaborn 
5205, Plotly / Plotly Express 
5206, Seaborn 
5206, Matplotlib 
5208, Shiny 
5208, Ggplot / ggplot2 
5208, Plotly / Plotly Express 
5209, Matplotlib 
5209, Seaborn 
5210, Matplotlib 
5210, Ggplot / ggplot2 
5211, Seaborn 
5213, Geoplotlib 
5213, Matplotlib 
5213, Seaborn 
5213, Plotly / Plotly Express 
5213, Leaflet / Folium 
5214, Ggplot / ggplot2 
5215, Matplotlib 
5216, Matplotlib 
5216, Seaborn 
5217, Plotly / Plotly Express 
5219, Matplotlib 
5219, Seaborn 
5221, Ggplot / ggplot2 
5221, Matplotlib 
5222, Matplotlib 
5223, Matplotlib 
5224, Plotly / Plotly Express 
5224, Leaflet / Folium 
5224, Matplotlib 
5224, Seaborn 
5225, Seaborn 
5225, Matplotlib 
5226, Matplotlib 
5226, Seaborn 
5227, Seaborn 
5227, Matplotlib 
5228, Matplotlib 
5229, Plotly / Plotly Express 
5229, Matplotlib 
5229, Seaborn 
5229, Geoplotlib 
5230, Plotly / Plotly Express 
5230, Seaborn 
5230, Ggplot / ggplot2 
5230, Matplotlib 
5231, Seaborn 
5231, Plotly / Plotly Express 
5231, Matplotlib 
5232, Plotly / Plotly Express 
5232, Matplotlib 
5233, Matplotlib 
5234, Matplotlib 
5234, Seaborn 
5235, Seaborn 
5235, Matplotlib 
5236, Matplotlib 
5237, Matplotlib 
5238, Matplotlib 
5239, Matplotlib 
5241, Matplotlib 
5241, Seaborn 
5242, Matplotlib 
5242, Seaborn 
5243, Matplotlib 
5243, Plotly / Plotly Express 
5243, Seaborn 
5246, Ggplot / ggplot2 
5246, Seaborn 
5246, Plotly / Plotly Express 
5246, Matplotlib 
5247, Matplotlib 
5249, Seaborn 
5249, Matplotlib 
5249, Plotly / Plotly Express 
5251, Matplotlib 
5251, Seaborn 
5252, Seaborn 
5252, Plotly / Plotly Express 
5252, Matplotlib 
5253, Seaborn 
5253, Plotly / Plotly Express 
5253, Matplotlib 
5253, Ggplot / ggplot2 
5254, Seaborn 
5254, Matplotlib 
5255, Ggplot / ggplot2 
5256, Matplotlib 
5256, Seaborn 
5257, Matplotlib 
5258, Matplotlib 
5258, Seaborn 
5258, Plotly / Plotly Express 
5259, Ggplot / ggplot2 
5260, Matplotlib 
5261, Plotly / Plotly Express 
5261, Geoplotlib 
5261, Pygal 
5262, Matplotlib 
5264, D3 js 
5264, Seaborn 
5265, Matplotlib 
5266, Ggplot / ggplot2 
5266, Matplotlib 
5267, Seaborn 
5267, Plotly / Plotly Express 
5267, Matplotlib 
5269, Matplotlib 
5269, Seaborn 
5270, Seaborn 
5270, Matplotlib 
5273, Matplotlib 
5273, Seaborn 
5274, Matplotlib 
5274, Ggplot / ggplot2 
5274, Seaborn 
5274, Bokeh 
5275, Seaborn 
5275, Matplotlib 
5276, Plotly / Plotly Express 
5276, Matplotlib 
5277, Plotly / Plotly Express 
5277, Seaborn 
5277, Ggplot / ggplot2 
5277, Matplotlib 
5279, Matplotlib 
5279, Seaborn 
5280, Seaborn 
5280, Matplotlib 
5281, Shiny 
5281, Ggplot / ggplot2 
5281, Matplotlib 
5282, Pygal 
5282, Seaborn 
5282, Matplotlib 
5285, Matplotlib 
5289, Matplotlib 
5289, Seaborn 
5290, Seaborn 
5291, Matplotlib 
5293, Seaborn 
5293, Bokeh 
5293, Matplotlib 
5295, Pygal 
5295, Matplotlib 
5297, Seaborn 
5298, Matplotlib 
5300, Plotly / Plotly Express 
5300, Matplotlib 
5300, Seaborn 
5302, Shiny 
5302, Matplotlib 
5302, Seaborn 
5302, Plotly / Plotly Express 
5302, Ggplot / ggplot2 
5304, Plotly / Plotly Express 
5304, Matplotlib 
5304, Seaborn 
5305, Seaborn 
5305, Plotly / Plotly Express 
5305, Matplotlib 
5307, Matplotlib 
5307, Seaborn 
5310, Seaborn 
5310, Matplotlib 
5310, Ggplot / ggplot2 
5311, Ggplot / ggplot2 
5311, Plotly / Plotly Express 
5311, Matplotlib 
5311, Seaborn 
5313,Other
5314, Seaborn 
5314, Shiny 
5314, Ggplot / ggplot2 
5314, Matplotlib 
5314, Dygraphs 
5315, Leaflet / Folium 
5315, D3 js 
5315, Highcharter 
5316, Ggplot / ggplot2 
5316, Matplotlib 
5317, Plotly / Plotly Express 
5317, Matplotlib 
5317, Seaborn 
5318, Matplotlib 
5318, Plotly / Plotly Express 
5320, Matplotlib 
5321, Matplotlib 
5321, Seaborn 
5323, Matplotlib 
5324, Matplotlib 
5324, Seaborn 
5325, Shiny 
5325, Ggplot / ggplot2 
5325, Plotly / Plotly Express 
5326, Seaborn 
5326, Matplotlib 
5326, Bokeh 
5327, Seaborn 
5327, Matplotlib 
5328, D3 js 
5329, Ggplot / ggplot2 
5331, Matplotlib 
5331, Geoplotlib 
5331, Seaborn 
5332, Seaborn 
5332, Matplotlib 
5333, Ggplot / ggplot2 
5334, Seaborn 
5334, Matplotlib 
5336, Matplotlib 
5337, Altair 
5338, Seaborn 
5338, Matplotlib 
5338, Plotly / Plotly Express 
5339, Seaborn 
5339, Matplotlib 
5342, Matplotlib 
5342, Seaborn 
5343, Seaborn 
5343, Matplotlib 
5345, Matplotlib 
5346, Matplotlib 
5347, Ggplot / ggplot2 
5348, Ggplot / ggplot2 
5348, Shiny 
5349, Ggplot / ggplot2 
5350, Matplotlib 
5351, Seaborn 
5351, Matplotlib 
5352, Matplotlib 
5353, Seaborn 
5353, Matplotlib 
5354, Seaborn 
5354, Ggplot / ggplot2 
5356, Matplotlib 
5356, Seaborn 
5357, Ggplot / ggplot2 
5358, Matplotlib 
5358, Plotly / Plotly Express 
5362, Matplotlib 
5368, Matplotlib 
5368, Geoplotlib 
5368, Seaborn 
5369, Plotly / Plotly Express 
5369, Seaborn 
5369, Matplotlib 
5370, Plotly / Plotly Express 
5370, Matplotlib 
5370, Ggplot / ggplot2 
5370, Seaborn 
5371, Seaborn 
5371, Matplotlib 
5373, Matplotlib 
5376, Matplotlib 
5378, Plotly / Plotly Express 
5378, Ggplot / ggplot2 
5379, Seaborn 
5379, Matplotlib 
5381, Matplotlib 
5383, Seaborn 
5383, Matplotlib 
5384, Plotly / Plotly Express 
5384, Seaborn 
5384, Matplotlib 
5387, Matplotlib 
5387, Seaborn 
5388, Seaborn 
5388, Matplotlib 
5389, Matplotlib 
5389, Seaborn 
5390, Seaborn 
5390, Ggplot / ggplot2 
5390, Matplotlib 
5394, Matplotlib 
5394, Ggplot / ggplot2 
5394, Seaborn 
5396, Matplotlib 
5398, Matplotlib 
5398, Ggplot / ggplot2 
5399, Geoplotlib 
5399, Matplotlib 
5399, Ggplot / ggplot2 
5399, Shiny 
5401, Matplotlib 
5401, Seaborn 
5403, Matplotlib 
5403, Geoplotlib 
5404, Seaborn 
5404, Matplotlib 
5406, Ggplot / ggplot2 
5406, Seaborn 
5406, Matplotlib 
5406, Bokeh 
5408, Seaborn 
5408, Matplotlib 
5409, Seaborn 
5409, Matplotlib 
5410, Matplotlib 
5412, Seaborn 
5412, Matplotlib 
5413, Seaborn 
5414, Matplotlib 
5414, Seaborn 
5418, Shiny 
5418, Ggplot / ggplot2 
5419, Seaborn 
5419, Geoplotlib 
5419, Ggplot / ggplot2 
5419, Matplotlib 
5420, Matplotlib 
5420, Seaborn 
5421, Plotly / Plotly Express 
5421, Matplotlib 
5421, Seaborn 
5422, Pygal 
5422, Ggplot / ggplot2 
5425, Matplotlib 
5426, Seaborn 
5426, Matplotlib 
5428, Ggplot / ggplot2 
5428, Matplotlib 
5429, Matplotlib 
5429, Seaborn 
5429, Ggplot / ggplot2 
5430, Geoplotlib 
5430, Ggplot / ggplot2 
5430, Leaflet / Folium 
5430, Seaborn 
5430, Matplotlib 
5430, Plotly / Plotly Express 
5431, Matplotlib 
5431, Plotly / Plotly Express 
5431, Ggplot / ggplot2 
5431, Shiny 
5432, Seaborn 
5432, Plotly / Plotly Express 
5432, Matplotlib 
5434, Seaborn 
5434, Matplotlib 
5436,Other
5437, Matplotlib 
5437, Geoplotlib 
5438, Altair 
5438, Bokeh 
5438, Seaborn 
5438, Matplotlib 
5438, Plotly / Plotly Express 
5441, Seaborn 
5441, Matplotlib 
5442, Seaborn 
5442, Matplotlib 
5445, Matplotlib 
5445, Seaborn 
5445, Plotly / Plotly Express 
5446, Matplotlib 
5446, Seaborn 
5447, Seaborn 
5447, Matplotlib 
5448, Matplotlib 
5448, Seaborn 
5449, Geoplotlib 
5449, Seaborn 
5449, Plotly / Plotly Express 
5449, Matplotlib 
5450, Matplotlib 
5451, Plotly / Plotly Express 
5451, Seaborn 
5451, Matplotlib 
5453, Plotly / Plotly Express 
5453, Ggplot / ggplot2 
5453, Shiny 
5454, Ggplot / ggplot2 
5455, Seaborn 
5455, Matplotlib 
5455, Ggplot / ggplot2 
5456, Altair 
5456, Leaflet / Folium 
5456, Matplotlib 
5457, Seaborn 
5457, Ggplot / ggplot2 
5457, Matplotlib 
5457, Plotly / Plotly Express 
5457, Bokeh 
5458, Matplotlib 
5458, Seaborn 
5458, Plotly / Plotly Express 
5459, Ggplot / ggplot2 
5459, Shiny 
5460, Matplotlib 
5462, Matplotlib 
5463, Plotly / Plotly Express 
5463, Matplotlib 
5465, Matplotlib 
5467, Bokeh 
5467, Ggplot / ggplot2 
5467, Matplotlib 
5467, Plotly / Plotly Express 
5467, Seaborn 
5467, Geoplotlib 
5468, Seaborn 
5468, Ggplot / ggplot2 
5468, Plotly / Plotly Express 
5468, Matplotlib 
5470, Matplotlib 
5470, Ggplot / ggplot2 
5471, Matplotlib 
5471, Seaborn 
5472, Matplotlib 
5472, Seaborn 
5473, Geoplotlib 
5473, Matplotlib 
5473, Plotly / Plotly Express 
5473, Altair 
5474, Matplotlib 
5475, Seaborn 
5475, Matplotlib 
5475, Plotly / Plotly Express 
5476, Plotly / Plotly Express 
5476, Matplotlib 
5477, Matplotlib 
5477, Seaborn 
5478, Matplotlib 
5478,Other
5478, Seaborn 
5478, Plotly / Plotly Express 
5479, Matplotlib 
5480, Matplotlib 
5481, Plotly / Plotly Express 
5481, Matplotlib 
5481, Ggplot / ggplot2 
5481, Seaborn 
5482, Plotly / Plotly Express 
5482, Matplotlib 
5482, Seaborn 
5483, Matplotlib 
5484, Seaborn 
5484, Matplotlib 
5486, Dygraphs 
5486, Seaborn 
5486, Matplotlib 
5486, Pygal 
5490, Plotly / Plotly Express 
5490,Other
5492,Other
5494, Matplotlib 
5495, Ggplot / ggplot2 
5496, Matplotlib 
5497, Plotly / Plotly Express 
5497, Shiny 
5497, Matplotlib 
5499, Matplotlib 
5500, Seaborn 
5500, Matplotlib 
5502, Matplotlib 
5504, Seaborn 
5504, Matplotlib 
5505, Seaborn 
5505, Matplotlib 
5506, Seaborn 
5506, Matplotlib 
5507, Matplotlib 
5507, Seaborn 
5508, Seaborn 
5508, Matplotlib 
5508, Plotly / Plotly Express 
5511, Geoplotlib 
5511, Matplotlib 
5513, Seaborn 
5513, Matplotlib 
5514, Matplotlib 
5515, Matplotlib 
5515, Seaborn 
5516, Seaborn 
5516, Ggplot / ggplot2 
5516, Matplotlib 
5516, Geoplotlib 
5517, Ggplot / ggplot2 
5518, Matplotlib 
5518, Ggplot / ggplot2 
5522, Ggplot / ggplot2 
5522, Seaborn 
5522, Matplotlib 
5522, Pygal 
5522, Altair 
5522, Plotly / Plotly Express 
5523, Matplotlib 
5523, Seaborn 
5524, Seaborn 
5524, Matplotlib 
5525, Matplotlib 
5526, Ggplot / ggplot2 
5526, Geoplotlib 
5527, Matplotlib 
5528, Matplotlib 
5528, Seaborn 
5529, Ggplot / ggplot2 
5529, Matplotlib 
5529, Seaborn 
5531, Matplotlib 
5531, Seaborn 
5532, Matplotlib 
5532, Seaborn 
5533, Plotly / Plotly Express 
5533, Matplotlib 
5533, Seaborn 
5535, Matplotlib 
5536, Seaborn 
5536, Plotly / Plotly Express 
5536, Shiny 
5536, Matplotlib 
5536, Bokeh 
5537, D3 js 
5537, Matplotlib 
5537, Seaborn 
5537, Plotly / Plotly Express 
5540, Seaborn 
5540, Matplotlib 
5541, Ggplot / ggplot2 
5541, Matplotlib 
5542, Matplotlib 
5544, Shiny 
5544, Matplotlib 
5545, Plotly / Plotly Express 
5545, Ggplot / ggplot2 
5545, Seaborn 
5545, Shiny 
5545, Matplotlib 
5546, Seaborn 
5546, Matplotlib 
5548, Ggplot / ggplot2 
5548, Matplotlib 
5551, Seaborn 
5551, Matplotlib 
5551, Plotly / Plotly Express 
5552, Matplotlib 
5553, Seaborn 
5553, Ggplot / ggplot2 
5553, Matplotlib 
5554, Seaborn 
5554, Matplotlib 
5554, Plotly / Plotly Express 
5555, Seaborn 
5555, Plotly / Plotly Express 
5555, Matplotlib 
5556, Matplotlib 
5557, Matplotlib 
5557, Seaborn 
5558, Bokeh 
5558, Matplotlib 
5558, D3 js 
5558, Seaborn 
5561, Seaborn 
5561, Matplotlib 
5562, Plotly / Plotly Express 
5562, Ggplot / ggplot2 
5563, Matplotlib 
5564, Seaborn 
5564, Matplotlib 
5567, Matplotlib 
5567, Seaborn 
5568, Geoplotlib 
5568, Highcharter 
5570, Seaborn 
5570, Matplotlib 
5570, Plotly / Plotly Express 
5571, Plotly / Plotly Express 
5571, Matplotlib 
5573, Matplotlib 
5574, Matplotlib 
5574, Seaborn 
5574, Plotly / Plotly Express 
5576, Seaborn 
5576, Matplotlib 
5577, Matplotlib 
5577, Seaborn 
5578, Matplotlib 
5580,Other
5581, Matplotlib 
5581, Geoplotlib 
5581, Seaborn 
5582, Seaborn 
5582, Matplotlib 
5582, Plotly / Plotly Express 
5584, Seaborn 
5584, Matplotlib 
5584, Plotly / Plotly Express 
5585, Ggplot / ggplot2 
5585, Matplotlib 
5592, Seaborn 
5592, Matplotlib 
5592, Ggplot / ggplot2 
5594, Seaborn 
5594, Matplotlib 
5595, Plotly / Plotly Express 
5595, Bokeh 
5595, Matplotlib 
5595, Seaborn 
5596, Matplotlib 
5596, Ggplot / ggplot2 
5597, Plotly / Plotly Express 
5597, Ggplot / ggplot2 
5598, Seaborn 
5598, Matplotlib 
5600, Matplotlib 
5600, Seaborn 
5602, Matplotlib 
5602, Seaborn 
5604, Matplotlib 
5605, Matplotlib 
5607, Seaborn 
5607, Matplotlib 
5608, Matplotlib 
5610, Matplotlib 
5613, Matplotlib 
5613, Seaborn 
5615, Seaborn 
5615, Matplotlib 
5619, Matplotlib 
5620, Matplotlib 
5620, Seaborn 
5621, Altair 
5622, Seaborn 
5622, Matplotlib 
5622, Plotly / Plotly Express 
5625,Other
5625, Matplotlib 
5625, D3 js 
5625, Seaborn 
5625, Highcharter 
5625, Plotly / Plotly Express 
5625, Ggplot / ggplot2 
5625, Bokeh 
5626, Ggplot / ggplot2 
5626, D3 js 
5626, Matplotlib 
5626, Leaflet / Folium 
5626, Seaborn 
5628, Plotly / Plotly Express 
5628, Matplotlib 
5628, Seaborn 
5629, Shiny 
5629, D3 js 
5629, Plotly / Plotly Express 
5629, Matplotlib 
5630, Seaborn 
5630, Bokeh 
5630, Matplotlib 
5630, Plotly / Plotly Express 
5631, Ggplot / ggplot2 
5635, Plotly / Plotly Express 
5635, Matplotlib 
5636, Matplotlib 
5636, Seaborn 
5638, Matplotlib 
5639, Matplotlib 
5641, Seaborn 
5641, Matplotlib 
5642, Bokeh 
5642, Matplotlib 
5642, Plotly / Plotly Express 
5643, Seaborn 
5643, Matplotlib 
5647, Matplotlib 
5648, Matplotlib 
5648, Seaborn 
5649, Matplotlib 
5650, Matplotlib 
5650, Seaborn 
5650, Plotly / Plotly Express 
5651, Ggplot / ggplot2 
5651, Plotly / Plotly Express 
5651, Matplotlib 
5652, Ggplot / ggplot2 
5652, Plotly / Plotly Express 
5652, Seaborn 
5652, Matplotlib 
5653, Plotly / Plotly Express 
5653, Seaborn 
5653, Shiny 
5653, Ggplot / ggplot2 
5653, Matplotlib 
5655, Matplotlib 
5656, Matplotlib 
5656, Seaborn 
5657, Ggplot / ggplot2 
5657, Shiny 
5657, Matplotlib 
5657, Seaborn 
5658, Matplotlib 
5659, Seaborn 
5659, Plotly / Plotly Express 
5659, Matplotlib 
5660, Matplotlib 
5660, Seaborn 
5662, Seaborn 
5662, Matplotlib 
5663, Matplotlib 
5663, Seaborn 
5664, Matplotlib 
5664, Ggplot / ggplot2 
5664, Seaborn 
5665, Seaborn 
5665, Plotly / Plotly Express 
5665, Matplotlib 
5667, Ggplot / ggplot2 
5667, Matplotlib 
5667, Shiny 
5668, Plotly / Plotly Express 
5668, Matplotlib 
5672, Matplotlib 
5672, Plotly / Plotly Express 
5672, Shiny 
5672, Seaborn 
5672, Geoplotlib 
5674, Seaborn 
5675, Matplotlib 
5675, Seaborn 
5676, Matplotlib 
5677, Matplotlib 
5677, Seaborn 
5677, Plotly / Plotly Express 
5678, Seaborn 
5678, Matplotlib 
5679, Matplotlib 
5679, Seaborn 
5680, Bokeh 
5680, Matplotlib 
5680, Geoplotlib 
5680, Seaborn 
5684, Ggplot / ggplot2 
5684, Plotly / Plotly Express 
5684, Seaborn 
5684, Matplotlib 
5686, Matplotlib 
5686, Seaborn 
5686, Plotly / Plotly Express 
5686, Bokeh 
5687, Matplotlib 
5687, Seaborn 
5688,Other
5691, Matplotlib 
5691, Seaborn 
5695, Matplotlib 
5695, Seaborn 
5696, Ggplot / ggplot2 
5696, Matplotlib 
5697, Geoplotlib 
5697, Matplotlib 
5697, Plotly / Plotly Express 
5697, Seaborn 
5698, Seaborn 
5698, Geoplotlib 
5698, Matplotlib 
5698, Plotly / Plotly Express 
5699, Matplotlib 
5699, Seaborn 
5700, Matplotlib 
5700, Seaborn 
5701, Matplotlib 
5702, Seaborn 
5702, Matplotlib 
5702, D3 js 
5703, Seaborn 
5703, Matplotlib 
5704, Shiny 
5704, Plotly / Plotly Express 
5704, Leaflet / Folium 
5704, Matplotlib 
5704, Seaborn 
5704, Geoplotlib 
5704, Ggplot / ggplot2 
5708, Seaborn 
5708, Matplotlib 
5708, Shiny 
5708, Geoplotlib 
5709, Leaflet / Folium 
5709, Matplotlib 
5709, Plotly / Plotly Express 
5709, Seaborn 
5711, Matplotlib 
5712, Shiny 
5712, Seaborn 
5712, Matplotlib 
5712, Plotly / Plotly Express 
5712, Ggplot / ggplot2 
5713, Matplotlib 
5713, Seaborn 
5714, Matplotlib 
5714,Other
5714, Seaborn 
5714, Plotly / Plotly Express 
5715, Seaborn 
5715, Matplotlib 
5716, Plotly / Plotly Express 
5716, Ggplot / ggplot2 
5716, Matplotlib 
5716, Seaborn 
5717, Matplotlib 
5717, Seaborn 
5718, Bokeh 
5718, Matplotlib 
5718, Seaborn 
5719, Matplotlib 
5719, Seaborn 
5721, Matplotlib 
5721, Seaborn 
5721, Plotly / Plotly Express 
5722, Matplotlib 
5722, Seaborn 
5722, Ggplot / ggplot2 
5723, Matplotlib 
5723, Plotly / Plotly Express 
5723, Seaborn 
5724, Ggplot / ggplot2 
5724, Matplotlib 
5726, Matplotlib 
5726, Ggplot / ggplot2 
5726, Geoplotlib 
5726, Seaborn 
5727, Matplotlib 
5728, Seaborn 
5728, Matplotlib 
5729,Other
5730, Seaborn 
5730, Leaflet / Folium 
5730, Dygraphs 
5731, Matplotlib 
5732, Matplotlib 
5732, Ggplot / ggplot2 
5732, Seaborn 
5733, Seaborn 
5733, Matplotlib 
5733, Ggplot / ggplot2 
5734, Geoplotlib 
5734, Ggplot / ggplot2 
5734, Plotly / Plotly Express 
5734, Seaborn 
5734, Matplotlib 
5735, Bokeh 
5735, D3 js 
5735, Seaborn 
5735, Shiny 
5735, Geoplotlib 
5735, Plotly / Plotly Express 
5735, Matplotlib 
5736, Plotly / Plotly Express 
5737, Ggplot / ggplot2 
5737, Matplotlib 
5737, Seaborn 
5739, Matplotlib 
5741, Matplotlib 
5741, Pygal 
5744, Ggplot / ggplot2 
5744, Seaborn 
5744, Matplotlib 
5745, Bokeh 
5745, Matplotlib 
5745, Seaborn 
5745, Plotly / Plotly Express 
5745, Leaflet / Folium 
5746, Matplotlib 
5749, Matplotlib 
5749, Plotly / Plotly Express 
5749, Geoplotlib 
5749, Seaborn 
5750, Seaborn 
5750, D3 js 
5750, Matplotlib 
5751, Seaborn 
5751, Matplotlib 
5753, Seaborn 
5753, Matplotlib 
5754, Matplotlib 
5756, Ggplot / ggplot2 
5756, Seaborn 
5756, Plotly / Plotly Express 
5756, Matplotlib 
5757, Seaborn 
5757, Matplotlib 
5759, Matplotlib 
5759, Seaborn 
5761, Seaborn 
5761, Plotly / Plotly Express 
5761, Matplotlib 
5762, Ggplot / ggplot2 
5763, Seaborn 
5763, Matplotlib 
5764, Matplotlib 
5764, Seaborn 
5767, Seaborn 
5767, Matplotlib 
5770,Other
5771, Plotly / Plotly Express 
5771, Seaborn 
5771, Matplotlib 
5772, Plotly / Plotly Express 
5773, Plotly / Plotly Express 
5773, Matplotlib 
5773, Seaborn 
5773, Ggplot / ggplot2 
5774, Seaborn 
5774, Plotly / Plotly Express 
5774, Matplotlib 
5776, Matplotlib 
5776, Geoplotlib 
5777, Matplotlib 
5777, Seaborn 
5781, Matplotlib 
5782,Other
5783, Plotly / Plotly Express 
5783, Matplotlib 
5783, Seaborn 
5784, Matplotlib 
5784, Ggplot / ggplot2 
5784, Leaflet / Folium 
5784, Seaborn 
5784, Bokeh 
5786, Matplotlib 
5786, Seaborn 
5787, Seaborn 
5788, Matplotlib 
5789, Matplotlib 
5789, Seaborn 
5790, Seaborn 
5790, Matplotlib 
5791, Matplotlib 
5791, Ggplot / ggplot2 
5791, Plotly / Plotly Express 
5792, Matplotlib 
5793, Seaborn 
5793, Matplotlib 
5794, Matplotlib 
5794, Seaborn 
5795, Matplotlib 
5798, Geoplotlib 
5798,Other
5798, Matplotlib 
5799, Matplotlib 
5800, Seaborn 
5800, Matplotlib 
5801, Seaborn 
5801, Matplotlib 
5802, D3 js 
5802, Pygal 
5802, Matplotlib 
5802, Plotly / Plotly Express 
5802, Ggplot / ggplot2 
5802, Bokeh 
5802, Seaborn 
5803, Plotly / Plotly Express 
5803, Seaborn 
5803, Matplotlib 
5804, Matplotlib 
5804, Seaborn 
5806, Matplotlib 
5806, Ggplot / ggplot2 
5806, Seaborn 
5807, Plotly / Plotly Express 
5807, Geoplotlib 
5807, Ggplot / ggplot2 
5807, Bokeh 
5807, Seaborn 
5807, Matplotlib 
5808, Matplotlib 
5809, Ggplot / ggplot2 
5809, Matplotlib 
5810, Seaborn 
5810, Matplotlib 
5811, Matplotlib 
5812, Matplotlib 
5812, Ggplot / ggplot2 
5813, Matplotlib 
5814, Matplotlib 
5814,Other
5814, Seaborn 
5814, Ggplot / ggplot2 
5814, Plotly / Plotly Express 
5816, Leaflet / Folium 
5816, Plotly / Plotly Express 
5816, Seaborn 
5816, Ggplot / ggplot2 
5816, Matplotlib 
5817, Altair 
5818, Matplotlib 
5818, Seaborn 
5818, Plotly / Plotly Express 
5819, Seaborn 
5819, Bokeh 
5819, Ggplot / ggplot2 
5819, Matplotlib 
5820, Matplotlib 
5820, Seaborn 
5821, Seaborn 
5821, Matplotlib 
5822, Matplotlib 
5822, Seaborn 
5823, Seaborn 
5823, Matplotlib 
5825, Matplotlib 
5826, Seaborn 
5826, Bokeh 
5826, Matplotlib 
5826, Plotly / Plotly Express 
5826, D3 js 
5827, Seaborn 
5827, Pygal 
5827, Matplotlib 
5827, Shiny 
5827, Ggplot / ggplot2 
5829, Matplotlib 
5829, Seaborn 
5831, Matplotlib 
5831, Plotly / Plotly Express 
5833, Seaborn 
5835, Plotly / Plotly Express 
5835, Seaborn 
5835, Matplotlib 
5836, Matplotlib 
5836, Seaborn 
5837, Matplotlib 
5838, Matplotlib 
5838, Seaborn 
5839, Seaborn 
5839,Other
5839, Matplotlib 
5841, Plotly / Plotly Express 
5841, Matplotlib 
5841, Seaborn 
5842, Seaborn 
5842, Matplotlib 
5845, Matplotlib 
5845, Seaborn 
5846, Plotly / Plotly Express 
5846, Matplotlib 
5846, Shiny 
5846, Ggplot / ggplot2 
5848, Matplotlib 
5849, Plotly / Plotly Express 
5849, Seaborn 
5849, Matplotlib 
5849, Ggplot / ggplot2 
5850, Seaborn 
5850, Matplotlib 
5852, Matplotlib 
5853, Matplotlib 
5853, D3 js 
5853, Seaborn 
5854, Seaborn 
5854, Plotly / Plotly Express 
5854, Matplotlib 
5855, Seaborn 
5855, Matplotlib 
5857, Seaborn 
5857, Bokeh 
5857, Plotly / Plotly Express 
5857, Matplotlib 
5858, Shiny 
5858, Leaflet / Folium 
5858, Ggplot / ggplot2 
5859, Seaborn 
5859, Plotly / Plotly Express 
5859, Matplotlib 
5860, Matplotlib 
5862, Seaborn 
5862, Matplotlib 
5863, Matplotlib 
5863, Seaborn 
5864, Matplotlib 
5865, Shiny 
5866, Seaborn 
5866, Plotly / Plotly Express 
5866, Matplotlib 
5867, Matplotlib 
5868, Matplotlib 
5868, Plotly / Plotly Express 
5871, D3 js 
5873, Matplotlib 
5874, Ggplot / ggplot2 
5874, Shiny 
5874, Matplotlib 
5874, Plotly / Plotly Express 
5874, Dygraphs 
5875, Plotly / Plotly Express 
5875, Matplotlib 
5875, Seaborn 
5878, Seaborn 
5878, Matplotlib 
5881, Seaborn 
5881, Matplotlib 
5881, Ggplot / ggplot2 
5882, Matplotlib 
5882, Seaborn 
5883, Seaborn 
5883, Matplotlib 
5884, D3 js 
5885, Matplotlib 
5886, Matplotlib 
5888, Matplotlib 
5888, Seaborn 
5891, Geoplotlib 
5891, Matplotlib 
5891, Ggplot / ggplot2 
5892, Plotly / Plotly Express 
5892, Matplotlib 
5892, Seaborn 
5893, Matplotlib 
5893, Seaborn 
5893, Plotly / Plotly Express 
5895, Plotly / Plotly Express 
5895, Seaborn 
5897, Matplotlib 
5897, Seaborn 
5899, Seaborn 
5899, Ggplot / ggplot2 
5899, Matplotlib 
5900, Geoplotlib 
5900, Ggplot / ggplot2 
5900, Seaborn 
5900, Matplotlib 
5901, Matplotlib 
5902, Seaborn 
5902, Matplotlib 
5906, Matplotlib 
5908, Shiny 
5908, Matplotlib 
5909, Ggplot / ggplot2 
5909, Leaflet / Folium 
5909, Shiny 
5910, Seaborn 
5911,Other
5913, Matplotlib 
5913, Plotly / Plotly Express 
5914, Ggplot / ggplot2 
5914, Matplotlib 
5914, Seaborn 
5915, Matplotlib 
5915, Seaborn 
5916, Seaborn 
5916, Matplotlib 
5916, Plotly / Plotly Express 
5917, Ggplot / ggplot2 
5918, Plotly / Plotly Express 
5919, Seaborn 
5919, Matplotlib 
5920, Plotly / Plotly Express 
5920, Seaborn 
5920, Matplotlib 
5922, Seaborn 
5922, Plotly / Plotly Express 
5922, Ggplot / ggplot2 
5922, Matplotlib 
5923, Ggplot / ggplot2 
5923, Plotly / Plotly Express 
5923, Matplotlib 
5923, Seaborn 
5925, Seaborn 
5925, Plotly / Plotly Express 
5925, Matplotlib 
5925, Ggplot / ggplot2 
5927, Seaborn 
5927, Plotly / Plotly Express 
5930, Matplotlib 
5930, Seaborn 
5931, Matplotlib 
5931, Seaborn 
5931, Plotly / Plotly Express 
5933, Matplotlib 
5933, Seaborn 
5934, Seaborn 
5934, Matplotlib 
5935, Matplotlib 
5935, Seaborn 
5936, Seaborn 
5936, Matplotlib 
5939, Bokeh 
5939, Matplotlib 
5939, Geoplotlib 
5939, Leaflet / Folium 
5939, Plotly / Plotly Express 
5939, Ggplot / ggplot2 
5939, Shiny 
5939, Seaborn 
5940, Geoplotlib 
5940, Matplotlib 
5940, Seaborn 
5940, Plotly / Plotly Express 
5941, Seaborn 
5941, Matplotlib 
5942, Seaborn 
5942, Geoplotlib 
5942, Matplotlib 
5942, Ggplot / ggplot2 
5944, Matplotlib 
5947, Seaborn 
5948, Seaborn 
5948, Ggplot / ggplot2 
5948, Plotly / Plotly Express 
5948, Matplotlib 
5948, Shiny 
5949, Matplotlib 
5949, Plotly / Plotly Express 
5949, Seaborn 
5949, Ggplot / ggplot2 
5950, Matplotlib 
5950, Seaborn 
5951, Matplotlib 
5951, Plotly / Plotly Express 
5951, Seaborn 
5951, Ggplot / ggplot2 
5951, Altair 
5951, Pygal 
5952, Matplotlib 
5952, Seaborn 
5955, Ggplot / ggplot2 
5955, Matplotlib 
5955, Shiny 
5955, Plotly / Plotly Express 
5956, Plotly / Plotly Express 
5956, Seaborn 
5956, Matplotlib 
5957, Matplotlib 
5959, Matplotlib 
5960, Seaborn 
5960, Matplotlib 
5961, Plotly / Plotly Express 
5961, Seaborn 
5961, Matplotlib 
5961, Bokeh 
5963, Matplotlib 
5963, Ggplot / ggplot2 
5963, Seaborn 
5963, Plotly / Plotly Express 
5967, Matplotlib 
5967,Other
5967, Ggplot / ggplot2 
5967, Plotly / Plotly Express 
5968, Ggplot / ggplot2 
5968, D3 js 
5970, Seaborn 
5970, Ggplot / ggplot2 
5970, Matplotlib 
5970, Shiny 
5971, Seaborn 
5971, Matplotlib 
5971, Plotly / Plotly Express 
5973, Matplotlib 
5973, Ggplot / ggplot2 
5973, Shiny 
5973, Seaborn 
5974, Seaborn 
5974, Matplotlib 
5974, Plotly / Plotly Express 
5976, Matplotlib 
5976, Seaborn 
5979, Plotly / Plotly Express 
5979, Seaborn 
5980, Matplotlib 
5980, Seaborn 
5980, Ggplot / ggplot2 
5986,Other
5987, Matplotlib 
5987, Ggplot / ggplot2 
5987, Geoplotlib 
5990, Altair 
5990, Seaborn 
5990, Bokeh 
5990, Ggplot / ggplot2 
5990, Shiny 
5990, Plotly / Plotly Express 
5990, Matplotlib 
5992, Ggplot / ggplot2 
5992, Matplotlib 
5992, Seaborn 
5992, Plotly / Plotly Express 
5993, Plotly / Plotly Express 
5993, Bokeh 
5993, Seaborn 
5995, Geoplotlib 
5995, Plotly / Plotly Express 
5995, Matplotlib 
5995, Ggplot / ggplot2 
5996, Matplotlib 
5996, Seaborn 
5997, Ggplot / ggplot2 
5997, Matplotlib 
5998, Shiny 
5998, Geoplotlib 
5998, Highcharter 
5998, Bokeh 
5998, Matplotlib 
5998, Plotly / Plotly Express 
5998, Altair 
5998, Pygal 
5998, Dygraphs 
5998, Ggplot / ggplot2 
5998, Seaborn 
5998, Leaflet / Folium 
5998, D3 js 
6000, Matplotlib 
6001, Matplotlib 
6001, Bokeh 
6001, Plotly / Plotly Express 
6003,Other
6003, Bokeh 
6003, Matplotlib 
6003, Seaborn 
6003, Plotly / Plotly Express 
6003, D3 js 
6004,Other
6004, Matplotlib 
6006, Matplotlib 
6007, Seaborn 
6007, Matplotlib 
6009, Matplotlib 
6009, Seaborn 
6011, Matplotlib 
6011, Seaborn 
6013, Seaborn 
6013, Matplotlib 
6013, D3 js 
6013, Plotly / Plotly Express 
6013, Ggplot / ggplot2 
6015, Matplotlib 
6015, Seaborn 
6016, Seaborn 
6016, Matplotlib 
6019, Plotly / Plotly Express 
6019, Ggplot / ggplot2 
6020, Seaborn 
6020, Matplotlib 
6021, Matplotlib 
6021, Seaborn 
6023, Pygal 
6023, Matplotlib 
6024, Matplotlib 
6025, Seaborn 
6025, Plotly / Plotly Express 
6027, Matplotlib 
6029, Matplotlib 
6030, Matplotlib 
6031, Seaborn 
6031, Matplotlib 
6032, Plotly / Plotly Express 
6032, Matplotlib 
6032, Geoplotlib 
6033, Matplotlib 
6033, Seaborn 
6034, Seaborn 
6034, Matplotlib 
6035, Matplotlib 
6036, Seaborn 
6036, Ggplot / ggplot2 
6036, Matplotlib 
6037, Matplotlib 
6038, Matplotlib 
6038, Plotly / Plotly Express 
6038, Seaborn 
6039, Plotly / Plotly Express 
6039, Matplotlib 
6039, Seaborn 
6041, Shiny 
6042, Matplotlib 
6043, Matplotlib 
6043, Seaborn 
6043, Ggplot / ggplot2 
6044, Seaborn 
6044, Matplotlib 
6045, Matplotlib 
6045, Plotly / Plotly Express 
6045, Seaborn 
6047, Matplotlib 
6047,Other
6047, Seaborn 
6047, Plotly / Plotly Express 
6048, Matplotlib 
6048, Plotly / Plotly Express 
6048, Seaborn 
6049, Matplotlib 
6049, Seaborn 
6049, Plotly / Plotly Express 
6050, Ggplot / ggplot2 
6050, Matplotlib 
6051, Matplotlib 
6051, Seaborn 
6051, Shiny 
6051, Geoplotlib 
6052, Matplotlib 
6052, Seaborn 
6053, Geoplotlib 
6055, Pygal 
6057, Matplotlib 
6057, Seaborn 
6057, Ggplot / ggplot2 
6057, Plotly / Plotly Express 
6059, Matplotlib 
6060, Seaborn 
6060, Matplotlib 
6061, Bokeh 
6061, Seaborn 
6061, Geoplotlib 
6061, Dygraphs 
6061, Plotly / Plotly Express 
6061, Ggplot / ggplot2 
6061, Matplotlib 
6062, Pygal 
6062, Matplotlib 
6062, Seaborn 
6062, Bokeh 
6062, Highcharter 
6063, Shiny 
6063, Ggplot / ggplot2 
6063, Seaborn 
6063, Matplotlib 
6064, Matplotlib 
6064, Seaborn 
6065, Matplotlib 
6065, Seaborn 
6067, Geoplotlib 
6067, Seaborn 
6067, Matplotlib 
6069, Matplotlib 
6069, Seaborn 
6070, Seaborn 
6070, Matplotlib 
6070, Plotly / Plotly Express 
6071, Seaborn 
6071, Matplotlib 
6073, Matplotlib 
6073, Seaborn 
6073, Ggplot / ggplot2 
6076, Plotly / Plotly Express 
6076, Seaborn 
6076, Matplotlib 
6079, Seaborn 
6079, Matplotlib 
6079, Plotly / Plotly Express 
6080, Plotly / Plotly Express 
6080, Matplotlib 
6080, Seaborn 
6080, D3 js 
6080, Ggplot / ggplot2 
6080, Geoplotlib 
6081, Seaborn 
6081, Matplotlib 
6082, Matplotlib 
6083, Ggplot / ggplot2 
6083, Matplotlib 
6084, Matplotlib 
6084, Ggplot / ggplot2 
6090, Matplotlib 
6091,Other
6092, Seaborn 
6092, Matplotlib 
6096, Ggplot / ggplot2 
6096, Matplotlib 
6096, Plotly / Plotly Express 
6096, Shiny 
6096,Other
6099, Seaborn 
6099, Matplotlib 
6102, Matplotlib 
6102, Plotly / Plotly Express 
6102, Seaborn 
6103, Matplotlib 
6103, Ggplot / ggplot2 
6104, Ggplot / ggplot2 
6104, Matplotlib 
6104, Plotly / Plotly Express 
6105, Dygraphs 
6105, Pygal 
6105, Ggplot / ggplot2 
6107, Matplotlib 
6108, Seaborn 
6108, Leaflet / Folium 
6108, Matplotlib 
6108, Plotly / Plotly Express 
6108, D3 js 
6110, Seaborn 
6110, Matplotlib 
6113, Ggplot / ggplot2 
6114, Seaborn 
6114, Matplotlib 
6115, Plotly / Plotly Express 
6115, Seaborn 
6115, Matplotlib 
6116, Seaborn 
6116, Matplotlib 
6116, Geoplotlib 
6117, Seaborn 
6117, Matplotlib 
6117, Bokeh 
6118, Seaborn 
6118, Matplotlib 
6118, Plotly / Plotly Express 
6118, Shiny 
6118, D3 js 
6118, Ggplot / ggplot2 
6120, Matplotlib 
6120, Seaborn 
6121, Shiny 
6121, Matplotlib 
6123, Plotly / Plotly Express 
6123, Matplotlib 
6123, Ggplot / ggplot2 
6123, Seaborn 
6124, Seaborn 
6124, Matplotlib 
6124, Plotly / Plotly Express 
6125, Plotly / Plotly Express 
6125, Matplotlib 
6125, Seaborn 
6126, Seaborn 
6126, Matplotlib 
6127,Other
6129, Matplotlib 
6129, Seaborn 
6129, Bokeh 
6129, Plotly / Plotly Express 
6132, Ggplot / ggplot2 
6132, Plotly / Plotly Express 
6132, Altair 
6132, Matplotlib 
6132, Pygal 
6133, Geoplotlib 
6133, Matplotlib 
6133, Plotly / Plotly Express 
6135, Seaborn 
6135, Matplotlib 
6136, Seaborn 
6136, Matplotlib 
6136, Plotly / Plotly Express 
6138, Matplotlib 
6139, Matplotlib 
6140, Seaborn 
6140, Matplotlib 
6141, Matplotlib 
6141, Seaborn 
6143, Matplotlib 
6143, Seaborn 
6143, Plotly / Plotly Express 
6145, Matplotlib 
6146, Matplotlib 
6147, Matplotlib 
6148, Seaborn 
6148, Plotly / Plotly Express 
6151, Bokeh 
6152, Plotly / Plotly Express 
6152, Ggplot / ggplot2 
6152, Matplotlib 
6152, Seaborn 
6152, Shiny 
6153, Ggplot / ggplot2 
6153, Matplotlib 
6155, Matplotlib 
6155, Plotly / Plotly Express 
6157, Ggplot / ggplot2 
6157, Matplotlib 
6157, Geoplotlib 
6160, Matplotlib 
6161, Altair 
6162, Matplotlib 
6162, Seaborn 
6163, Seaborn 
6163, Matplotlib 
6165, Matplotlib 
6165, Plotly / Plotly Express 
6165, Seaborn 
6166, Seaborn 
6166, Plotly / Plotly Express 
6166, Matplotlib 
6167, Matplotlib 
6167, Seaborn 
6167, Plotly / Plotly Express 
6168, Matplotlib 
6168, Seaborn 
6168, Plotly / Plotly Express 
6169, Ggplot / ggplot2 
6171, Ggplot / ggplot2 
6172, Matplotlib 
6172, Seaborn 
6173, Matplotlib 
6173, Seaborn 
6175, Matplotlib 
6175, Seaborn 
6176, Seaborn 
6176, Matplotlib 
6177, Seaborn 
6177, Matplotlib 
6177, Plotly / Plotly Express 
6180, Matplotlib 
6180, Seaborn 
6181, Seaborn 
6181, Matplotlib 
6183, Matplotlib 
6185, Seaborn 
6185, Matplotlib 
6187, Seaborn 
6187, Matplotlib 
6190, Shiny 
6190, Plotly / Plotly Express 
6190, Matplotlib 
6190, Seaborn 
6191, Matplotlib 
6192, Matplotlib 
6193, Altair 
6194, Seaborn 
6194, Ggplot / ggplot2 
6194, Matplotlib 
6196, Matplotlib 
6197, Matplotlib 
6197, Seaborn 
6198, Matplotlib 
6199, Seaborn 
6199, Matplotlib 
6199, Plotly / Plotly Express 
6200, Matplotlib 
6200, Ggplot / ggplot2 
6200, Seaborn 
6201, Seaborn 
6201, Plotly / Plotly Express 
6201, Matplotlib 
6202, Seaborn 
6202, Matplotlib 
6203, Matplotlib 
6203, Seaborn 
6205, Matplotlib 
6206, Matplotlib 
6206, Ggplot / ggplot2 
6206, Seaborn 
6206, Geoplotlib 
6207, Shiny 
6207, Seaborn 
6210, Seaborn 
6210, Plotly / Plotly Express 
6210, Matplotlib 
6211, Matplotlib 
6211, Seaborn 
6212, Matplotlib 
6212, Seaborn 
6213, Matplotlib 
6213, Seaborn 
6214, Leaflet / Folium 
6214, Plotly / Plotly Express 
6214, Shiny 
6214, Ggplot / ggplot2 
6215, Matplotlib 
6215, Seaborn 
6216, Matplotlib 
6216, Ggplot / ggplot2 
6216, Seaborn 
6217, Plotly / Plotly Express 
6217, Ggplot / ggplot2 
6217, Seaborn 
6217, Matplotlib 
6217, Geoplotlib 
6218, Matplotlib 
6218, Seaborn 
6219, Matplotlib 
6219, Ggplot / ggplot2 
6219, Seaborn 
6220, Matplotlib 
6221, Matplotlib 
6221, Plotly / Plotly Express 
6223, Matplotlib 
6223, Seaborn 
6223, Ggplot / ggplot2 
6225, Matplotlib 
6225, Seaborn 
6226, Matplotlib 
6229, Matplotlib 
6229, Seaborn 
6231, Seaborn 
6231, Plotly / Plotly Express 
6232, Matplotlib 
6233, Matplotlib 
6233, Seaborn 
6235, Matplotlib 
6235, Plotly / Plotly Express 
6235, Seaborn 
6236, Seaborn 
6236, Matplotlib 
6237, Seaborn 
6237, Ggplot / ggplot2 
6237, Shiny 
6237, Plotly / Plotly Express 
6237, Matplotlib 
6239, Seaborn 
6239, Matplotlib 
6239, Ggplot / ggplot2 
6241, Matplotlib 
6242, Seaborn 
6242, Matplotlib 
6245, Altair 
6245, Bokeh 
6245, Seaborn 
6246, Seaborn 
6246, Matplotlib 
6248, Matplotlib 
6248, Leaflet / Folium 
6248, D3 js 
6249, Matplotlib 
6250, Matplotlib 
6251,Other
6253, Matplotlib 
6254, Matplotlib 
6254, Ggplot / ggplot2 
6255, Seaborn 
6255, Matplotlib 
6257, Plotly / Plotly Express 
6257, Matplotlib 
6258, Seaborn 
6258, Matplotlib 
6259, Matplotlib 
6259, Seaborn 
6259, Plotly / Plotly Express 
6260, Seaborn 
6260, Matplotlib 
6261, Plotly / Plotly Express 
6261, Matplotlib 
6262, Ggplot / ggplot2 
6263, Seaborn 
6264, Matplotlib 
6264, Seaborn 
6264, Bokeh 
6266, Ggplot / ggplot2 
6266, Shiny 
6267, Ggplot / ggplot2 
6268, Matplotlib 
6268, Seaborn 
6270, Bokeh 
6270, Seaborn 
6270, Matplotlib 
6270, Plotly / Plotly Express 
6271, Matplotlib 
6272, Matplotlib 
6273, Plotly / Plotly Express 
6273, Seaborn 
6273, Matplotlib 
6274, Matplotlib 
6274, Seaborn 
6276, Seaborn 
6276,Other
6276, Matplotlib 
6276, Ggplot / ggplot2 
6277, Seaborn 
6277, Plotly / Plotly Express 
6277, Ggplot / ggplot2 
6277, Matplotlib 
6278, Plotly / Plotly Express 
6278, Ggplot / ggplot2 
6278, Matplotlib 
6278, Seaborn 
6278, Shiny 
6279, Seaborn 
6279, Matplotlib 
6280, Matplotlib 
6283, Seaborn 
6283, Matplotlib 
6284, Ggplot / ggplot2 
6284, Seaborn 
6284, Plotly / Plotly Express 
6284, Matplotlib 
6285, Ggplot / ggplot2 
6285, Geoplotlib 
6285, D3 js 
6287, Matplotlib 
6288, Matplotlib 
6288, Seaborn 
6289, Matplotlib 
6294, Plotly / Plotly Express 
6294, Seaborn 
6294, Matplotlib 
6294, Ggplot / ggplot2 
6295, Plotly / Plotly Express 
6295, Seaborn 
6295, Matplotlib 
6296, Plotly / Plotly Express 
6296, Ggplot / ggplot2 
6296, Seaborn 
6296, Matplotlib 
6297, Bokeh 
6297, Matplotlib 
6297, Seaborn 
6297, Leaflet / Folium 
6297, Ggplot / ggplot2 
6297, Plotly / Plotly Express 
6298, Plotly / Plotly Express 
6298, Seaborn 
6299, Seaborn 
6299, Matplotlib 
6300, Plotly / Plotly Express 
6300, Ggplot / ggplot2 
6300, Matplotlib 
6300, Seaborn 
6300, Dygraphs 
6303, Seaborn 
6303, Plotly / Plotly Express 
6303, Ggplot / ggplot2 
6303, Matplotlib 
6306, Matplotlib 
6306, Seaborn 
6306, Plotly / Plotly Express 
6306, Ggplot / ggplot2 
6307, Matplotlib 
6307, Seaborn 
6309, Matplotlib 
6310, Seaborn 
6310, Matplotlib 
6314, Plotly / Plotly Express 
6314, Shiny 
6314, Seaborn 
6314, Ggplot / ggplot2 
6314, Matplotlib 
6315, Seaborn 
6316, Plotly / Plotly Express 
6316, Leaflet / Folium 
6316, Seaborn 
6316, Geoplotlib 
6317, Matplotlib 
6318, Matplotlib 
6318, Seaborn 
6319,Other
6321, Matplotlib 
6322, Dygraphs 
6322, Matplotlib 
6328, Matplotlib 
6328, Seaborn 
6330, Seaborn 
6330, Matplotlib 
6332, D3 js 
6332, Ggplot / ggplot2 
6332, Matplotlib 
6333, Plotly / Plotly Express 
6333, Seaborn 
6336, Seaborn 
6336, Ggplot / ggplot2 
6338, Matplotlib 
6341, Matplotlib 
6341, Seaborn 
6343, Plotly / Plotly Express 
6343, Ggplot / ggplot2 
6343, Seaborn 
6343, Matplotlib 
6343, Shiny 
6344, Plotly / Plotly Express 
6344, Matplotlib 
6344, Shiny 
6346, Ggplot / ggplot2 
6346, Matplotlib 
6347, Ggplot / ggplot2 
6347, Matplotlib 
6347, Shiny 
6347, Plotly / Plotly Express 
6350, Matplotlib 
6351, Matplotlib 
6352, Seaborn 
6352, Matplotlib 
6352, Ggplot / ggplot2 
6352, Bokeh 
6353, Plotly / Plotly Express 
6353, Seaborn 
6353, Matplotlib 
6354, Seaborn 
6354, Matplotlib 
6355, Seaborn 
6355,Other
6357, Ggplot / ggplot2 
6357, Plotly / Plotly Express 
6357, Matplotlib 
6357, Seaborn 
6357, Geoplotlib 
6360, Matplotlib 
6360, Seaborn 
6361, Plotly / Plotly Express 
6361, Seaborn 
6361, Matplotlib 
6361, Geoplotlib 
6363, Shiny 
6363, Matplotlib 
6363, Seaborn 
6363, Plotly / Plotly Express 
6363, Ggplot / ggplot2 
6364, Matplotlib 
6364, Seaborn 
6366, Seaborn 
6368, Plotly / Plotly Express 
6368, Seaborn 
6368, Matplotlib 
6370, Plotly / Plotly Express 
6370, Ggplot / ggplot2 
6370, Seaborn 
6370, Shiny 
6370, Geoplotlib 
6370, Matplotlib 
6370, Leaflet / Folium 
6372, Matplotlib 
6376, Shiny 
6376, Ggplot / ggplot2 
6378, Ggplot / ggplot2 
6378, Matplotlib 
6382, Ggplot / ggplot2 
6382, Leaflet / Folium 
6382, Seaborn 
6383, Matplotlib 
6383, Seaborn 
6384, Seaborn 
6384, Leaflet / Folium 
6384, Matplotlib 
6385, Seaborn 
6385, Matplotlib 
6388, Matplotlib 
6388, Seaborn 
6391, Matplotlib 
6391, Seaborn 
6392, Plotly / Plotly Express 
6392, Shiny 
6392, Matplotlib 
6392, Seaborn 
6392, Ggplot / ggplot2 
6393, Seaborn 
6393, Matplotlib 
6394, Matplotlib 
6394, Seaborn 
6395, Matplotlib 
6396, Matplotlib 
6396, Ggplot / ggplot2 
6397, Matplotlib 
6397, Seaborn 
6399, Plotly / Plotly Express 
6399, Matplotlib 
6401, Matplotlib 
6402, Matplotlib 
6402, Geoplotlib 
6402, Seaborn 
6404, Matplotlib 
6404, Seaborn 
6404, Plotly / Plotly Express 
6405, Bokeh 
6405, D3 js 
6405, Seaborn 
6405, Dygraphs 
6405, Pygal 
6405, Ggplot / ggplot2 
6405, Geoplotlib 
6405, Matplotlib 
6405, Shiny 
6405, Leaflet / Folium 
6405, Plotly / Plotly Express 
6408, Leaflet / Folium 
6408, Plotly / Plotly Express 
6408, Seaborn 
6408, Matplotlib 
6409, Matplotlib 
6409, Seaborn 
6410, Matplotlib 
6410, Ggplot / ggplot2 
6410, Seaborn 
6411, Matplotlib 
6411, Ggplot / ggplot2 
6412, Plotly / Plotly Express 
6412, Ggplot / ggplot2 
6412, D3 js 
6412, Seaborn 
6413, Matplotlib 
6413, Seaborn 
6413, Geoplotlib 
6414, Matplotlib 
6414, Seaborn 
6415, Matplotlib 
6415, D3 js 
6415, Plotly / Plotly Express 
6418, Matplotlib 
6418, Ggplot / ggplot2 
6418, Seaborn 
6421, Seaborn 
6421, Matplotlib 
6422, Matplotlib 
6422, Seaborn 
6424, Matplotlib 
6425, Matplotlib 
6425, Seaborn 
6426, Seaborn 
6426, Ggplot / ggplot2 
6427, Matplotlib 
6427, Seaborn 
6427, Plotly / Plotly Express 
6429, Ggplot / ggplot2 
6431, Ggplot / ggplot2 
6432, Matplotlib 
6432, Geoplotlib 
6433, Seaborn 
6433, Ggplot / ggplot2 
6433, Matplotlib 
6434, Matplotlib 
6434, Ggplot / ggplot2 
6436, Pygal 
6436, Bokeh 
6436, Plotly / Plotly Express 
6436, Seaborn 
6436, Altair 
6437, Ggplot / ggplot2 
6438, Plotly / Plotly Express 
6438, Seaborn 
6438, Matplotlib 
6444, Seaborn 
6444, Matplotlib 
6445, Seaborn 
6445, Matplotlib 
6446, Seaborn 
6446, Bokeh 
6446, Matplotlib 
6447,Other
6447, Seaborn 
6448, D3 js 
6448, Leaflet / Folium 
6448, Pygal 
6448, Altair 
6449, Matplotlib 
6449, Plotly / Plotly Express 
6450, Seaborn 
6450, Matplotlib 
6451, Altair 
6451, Ggplot / ggplot2 
6451, Leaflet / Folium 
6451, Highcharter 
6451, Bokeh 
6451, Seaborn 
6451, Shiny 
6451, Geoplotlib 
6451, D3 js 
6451, Plotly / Plotly Express 
6451, Matplotlib 
6451, Pygal 
6451, Dygraphs 
6453, Ggplot / ggplot2 
6454, Matplotlib 
6454, Plotly / Plotly Express 
6454, Seaborn 
6455, Matplotlib 
6456, Matplotlib 
6457, Leaflet / Folium 
6457, Geoplotlib 
6457, D3 js 
6457, Matplotlib 
6460, Matplotlib 
6461, Matplotlib 
6461, Geoplotlib 
6462, Matplotlib 
6463, Matplotlib 
6463, Seaborn 
6464, Matplotlib 
6465, Matplotlib 
6465, Plotly / Plotly Express 
6466, Matplotlib 
6467, Matplotlib 
6467, Bokeh 
6467, Seaborn 
6467, Plotly / Plotly Express 
6467, Leaflet / Folium 
6468, Altair 
6468, Pygal 
6468, Leaflet / Folium 
6470, Seaborn 
6470, Matplotlib 
6471, Matplotlib 
6471, Seaborn 
6471, Plotly / Plotly Express 
6471, Shiny 
6472, Matplotlib 
6473, Seaborn 
6473, Matplotlib 
6474, Matplotlib 
6475, Seaborn 
6475, Matplotlib 
6478, Matplotlib 
6478, Seaborn 
6478, Plotly / Plotly Express 
6478, Geoplotlib 
6479, Matplotlib 
6480, Ggplot / ggplot2 
6480, Matplotlib 
6481, Matplotlib 
6483, Plotly / Plotly Express 
6484, Seaborn 
6484, Matplotlib 
6485, Matplotlib 
6485, Seaborn 
6486, Seaborn 
6486, Matplotlib 
6487, Matplotlib 
6487, Seaborn 
6488, Matplotlib 
6490, Plotly / Plotly Express 
6490, Seaborn 
6490, Matplotlib 
6490, Ggplot / ggplot2 
6491, Matplotlib 
6493, Seaborn 
6493, Matplotlib 
6494, Seaborn 
6494, Matplotlib 
6495, Plotly / Plotly Express 
6495, Matplotlib 
6495, Seaborn 
6496, Ggplot / ggplot2 
6496, Shiny 
6496, Matplotlib 
6497, Ggplot / ggplot2 
6497,Other
6497, Plotly / Plotly Express 
6497, Seaborn 
6497, Matplotlib 
6498, Seaborn 
6498, Plotly / Plotly Express 
6499, Matplotlib 
6499, Seaborn 
6503,Other
6505, Seaborn 
6505, Matplotlib 
6505, Plotly / Plotly Express 
6506, Ggplot / ggplot2 
6506, Seaborn 
6506, Shiny 
6506, Matplotlib 
6507, Seaborn 
6507, Matplotlib 
6507, Ggplot / ggplot2 
6510, Matplotlib 
6511, Altair 
6511, Pygal 
6512, Ggplot / ggplot2 
6512, Matplotlib 
6512,Other
6513, Matplotlib 
6513, Seaborn 
6515, Matplotlib 
6516, Matplotlib 
6516, Seaborn 
6517, D3 js 
6517, Seaborn 
6518, Seaborn 
6518, Matplotlib 
6518, Plotly / Plotly Express 
6520, Seaborn 
6520, Matplotlib 
6523, Seaborn 
6523, Matplotlib 
6524, Matplotlib 
6525, Ggplot / ggplot2 
6526, Seaborn 
6526, Ggplot / ggplot2 
6526, Geoplotlib 
6526, Plotly / Plotly Express 
6526, Matplotlib 
6531, Matplotlib 
6531, Seaborn 
6534, Seaborn 
6534, Plotly / Plotly Express 
6537, Matplotlib 
6537, Seaborn 
6538, Seaborn 
6538, Plotly / Plotly Express 
6538, Matplotlib 
6539, Seaborn 
6539, Matplotlib 
6540, Seaborn 
6540, Matplotlib 
6542, Matplotlib 
6542, Seaborn 
6544, Seaborn 
6544, Matplotlib 
6544, Plotly / Plotly Express 
6545,Other
6545, Ggplot / ggplot2 
6545, Plotly / Plotly Express 
6545, Shiny 
6548, Seaborn 
6548, Matplotlib 
6549, Ggplot / ggplot2 
6549, Plotly / Plotly Express 
6549, Seaborn 
6549, Matplotlib 
6550,Other
6550, Matplotlib 
6550, Plotly / Plotly Express 
6550, Seaborn 
6551, Plotly / Plotly Express 
6551, Seaborn 
6551, Matplotlib 
6552, Matplotlib 
6552, Seaborn 
6553, Plotly / Plotly Express 
6553, Seaborn 
6553, Matplotlib 
6554, Matplotlib 
6555, Matplotlib 
6556, Matplotlib 
6556, Seaborn 
6559, Bokeh 
6559, Geoplotlib 
6559, Pygal 
6559, Plotly / Plotly Express 
6559, D3 js 
6559, Shiny 
6559, Dygraphs 
6559, Seaborn 
6559, Highcharter 
6559, Matplotlib 
6559, Altair 
6559, Ggplot / ggplot2 
6559, Leaflet / Folium 
6560, Matplotlib 
6561, Ggplot / ggplot2 
6563, Pygal 
6565, Matplotlib 
6565, Seaborn 
6565, Plotly / Plotly Express 
6566, Matplotlib 
6568, Plotly / Plotly Express 
6568, Seaborn 
6568, Matplotlib 
6569, Ggplot / ggplot2 
6569, Matplotlib 
6570, Matplotlib 
6571,Other
6571, Matplotlib 
6571, Seaborn 
6572, Seaborn 
6572, Ggplot / ggplot2 
6572, Matplotlib 
6572, Plotly / Plotly Express 
6573, Plotly / Plotly Express 
6573, Seaborn 
6573, Matplotlib 
6574, Altair 
6575, Matplotlib 
6575, Seaborn 
6575, Plotly / Plotly Express 
6576, Seaborn 
6576, Matplotlib 
6577, Plotly / Plotly Express 
6577, Seaborn 
6577, Matplotlib 
6578, Ggplot / ggplot2 
6578, Matplotlib 
6578, Shiny 
6579, Matplotlib 
6580, Seaborn 
6580, Matplotlib 
6582, Seaborn 
6582, Matplotlib 
6582, Plotly / Plotly Express 
6583, D3 js 
6583, Seaborn 
6583, Matplotlib 
6587, Ggplot / ggplot2 
6587, Plotly / Plotly Express 
6587, Matplotlib 
6587, Seaborn 
6589, Matplotlib 
6589, Leaflet / Folium 
6589, Ggplot / ggplot2 
6589, Plotly / Plotly Express 
6589, Seaborn 
6592, Matplotlib 
6593, Shiny 
6593, Ggplot / ggplot2 
6596, Seaborn 
6596, Matplotlib 
6596, Plotly / Plotly Express 
6600, Ggplot / ggplot2 
6600, Matplotlib 
6600, Plotly / Plotly Express 
6600, Seaborn 
6601, Ggplot / ggplot2 
6601, Seaborn 
6601, Matplotlib 
6602, Matplotlib 
6602, Plotly / Plotly Express 
6603, Seaborn 
6603, Ggplot / ggplot2 
6603, Matplotlib 
6603,Other
6606, Ggplot / ggplot2 
6606, Seaborn 
6606, Matplotlib 
6606, Pygal 
6607, Matplotlib 
6609, Seaborn 
6609, Matplotlib 
6610, Matplotlib 
6610, Seaborn 
6611, Seaborn 
6612, Plotly / Plotly Express 
6612, Matplotlib 
6612, Seaborn 
6613, Matplotlib 
6615, Matplotlib 
6615, Plotly / Plotly Express 
6615, Seaborn 
6616, Matplotlib 
6617, Plotly / Plotly Express 
6617, Matplotlib 
6617, Ggplot / ggplot2 
6617, Seaborn 
6617, Shiny 
6618, Matplotlib 
6618, Ggplot / ggplot2 
6618, Seaborn 
6619, Leaflet / Folium 
6619, Seaborn 
6619, Altair 
6619, Plotly / Plotly Express 
6621, Matplotlib 
6621, Plotly / Plotly Express 
6622, Matplotlib 
6628, Matplotlib 
6628, Pygal 
6628, Seaborn 
6628, Plotly / Plotly Express 
6629, Matplotlib 
6629, Ggplot / ggplot2 
6629, Seaborn 
6630, Matplotlib 
6630, Plotly / Plotly Express 
6632, Seaborn 
6632, Matplotlib 
6633, Matplotlib 
6633, Seaborn 
6633, Ggplot / ggplot2 
6633, Plotly / Plotly Express 
6634, Ggplot / ggplot2 
6634, Plotly / Plotly Express 
6634, Matplotlib 
6636, Seaborn 
6636, Matplotlib 
6637, Matplotlib 
6637, Seaborn 
6638, Seaborn 
6640, Matplotlib 
6640, Seaborn 
6641, Ggplot / ggplot2 
6641, Matplotlib 
6642, Matplotlib 
6642, Ggplot / ggplot2 
6642, Seaborn 
6643, Seaborn 
6643, Matplotlib 
6643, Plotly / Plotly Express 
6644, D3 js 
6644, Seaborn 
6644, Ggplot / ggplot2 
6644, Matplotlib 
6644, Geoplotlib 
6644, Plotly / Plotly Express 
6645, Seaborn 
6645, Matplotlib 
6645, Plotly / Plotly Express 
6645, Ggplot / ggplot2 
6646, Seaborn 
6646, Ggplot / ggplot2 
6647, Seaborn 
6647, Matplotlib 
6647, Plotly / Plotly Express 
6650, Matplotlib 
6651, Shiny 
6651, Highcharter 
6654, Matplotlib 
6657, Ggplot / ggplot2 
6658, Seaborn 
6658, Matplotlib 
6658, Plotly / Plotly Express 
6660, Matplotlib 
6660, Ggplot / ggplot2 
6660, Seaborn 
6662, Matplotlib 
6663, Matplotlib 
6665, Seaborn 
6665, Matplotlib 
6667,Other
6668, Matplotlib 
6668, Ggplot / ggplot2 
6669, Seaborn 
6669, Matplotlib 
6670, Matplotlib 
6670, Geoplotlib 
6670, Plotly / Plotly Express 
6670, Seaborn 
6671, Plotly / Plotly Express 
6671, Matplotlib 
6671,Other
6673, Matplotlib 
6673, Seaborn 
6674, Matplotlib 
6674, Geoplotlib 
6674, Shiny 
6674, Ggplot / ggplot2 
6675, Plotly / Plotly Express 
6675, Matplotlib 
6675, Seaborn 
6677, Plotly / Plotly Express 
6677, Matplotlib 
6677, Seaborn 
6679, Seaborn 
6679, Matplotlib 
6679, Plotly / Plotly Express 
6681, Seaborn 
6681, Matplotlib 
6682, Ggplot / ggplot2 
6684, Matplotlib 
6684, Seaborn 
6685, Matplotlib 
6685, Leaflet / Folium 
6688, Matplotlib 
6688, Plotly / Plotly Express 
6688, Seaborn 
6689, Seaborn 
6689, Matplotlib 
6691, Matplotlib 
6692, Seaborn 
6692, Shiny 
6692, Matplotlib 
6692, Highcharter 
6692, Plotly / Plotly Express 
6692, Ggplot / ggplot2 
6693, Matplotlib 
6693, Seaborn 
6694, Geoplotlib 
6694, Matplotlib 
6695, Bokeh 
6696,Other
6696, Plotly / Plotly Express 
6697, Matplotlib 
6697, Plotly / Plotly Express 
6699, Seaborn 
6699, Matplotlib 
6700, Matplotlib 
6701, Plotly / Plotly Express 
6701, Ggplot / ggplot2 
6701, Matplotlib 
6701, Seaborn 
6702, Seaborn 
6702, Matplotlib 
6703, Ggplot / ggplot2 
6703, Seaborn 
6703, Plotly / Plotly Express 
6703, Matplotlib 
6704, Matplotlib 
6704, Geoplotlib 
6706, Matplotlib 
6708, Matplotlib 
6708, Seaborn 
6710, Plotly / Plotly Express 
6711, Matplotlib 
6712, Matplotlib 
6712, Seaborn 
6712, Plotly / Plotly Express 
6713, Plotly / Plotly Express 
6713, Ggplot / ggplot2 
6713, Seaborn 
6713, Matplotlib 
6715, Matplotlib 
6716, Plotly / Plotly Express 
6716, Seaborn 
6716, Matplotlib 
6718, Matplotlib 
6718, Seaborn 
6720, Matplotlib 
6720,Other
6721, Ggplot / ggplot2 
6721, Plotly / Plotly Express 
6721, Seaborn 
6721, Matplotlib 
6722, Plotly / Plotly Express 
6722, Seaborn 
6722, Matplotlib 
6725, Seaborn 
6725, Plotly / Plotly Express 
6725, Ggplot / ggplot2 
6725, Matplotlib 
6728, Seaborn 
6728, Plotly / Plotly Express 
6728, Matplotlib 
6730, Matplotlib 
6730, Seaborn 
6730, Plotly / Plotly Express 
6730, Bokeh 
6731, Seaborn 
6731, Matplotlib 
6732, Seaborn 
6732, Matplotlib 
6735, Matplotlib 
6735, Seaborn 
6737, Shiny 
6737, Matplotlib 
6738, Seaborn 
6738, Matplotlib 
6740, Seaborn 
6740, Ggplot / ggplot2 
6740, Plotly / Plotly Express 
6740, Matplotlib 
6741, Seaborn 
6741, Bokeh 
6741, Matplotlib 
6742, Plotly / Plotly Express 
6742, Ggplot / ggplot2 
6742, Matplotlib 
6742, Geoplotlib 
6742, Bokeh 
6742, Pygal 
6742, Altair 
6742, Leaflet / Folium 
6742, Seaborn 
6743, Seaborn 
6743, Matplotlib 
6743, Ggplot / ggplot2 
6744, Matplotlib 
6745, Seaborn 
6746, Matplotlib 
6747, Plotly / Plotly Express 
6747, Shiny 
6747, Seaborn 
6747, Ggplot / ggplot2 
6750, Matplotlib 
6750, Seaborn 
6750, Geoplotlib 
6750, Altair 
6751, Ggplot / ggplot2 
6751, D3 js 
6751, Plotly / Plotly Express 
6751, Seaborn 
6751, Matplotlib 
6752, Matplotlib 
6752, Seaborn 
6755, Geoplotlib 
6756, Matplotlib 
6758, Matplotlib 
6758, Seaborn 
6762, Plotly / Plotly Express 
6762, Ggplot / ggplot2 
6764, Matplotlib 
6765, Seaborn 
6765, Matplotlib 
6769, Matplotlib 
6769, Seaborn 
6770, Seaborn 
6770, Matplotlib 
6771, Matplotlib 
6771, Seaborn 
6772, Matplotlib 
6772, Ggplot / ggplot2 
6772, Seaborn 
6772, Plotly / Plotly Express 
6773, Seaborn 
6773, Matplotlib 
6774, Matplotlib 
6776, Pygal 
6776, Seaborn 
6776, Ggplot / ggplot2 
6776, Matplotlib 
6776, Geoplotlib 
6777, Plotly / Plotly Express 
6777, Seaborn 
6777, Matplotlib 
6778, Matplotlib 
6778, Seaborn 
6779, Matplotlib 
6779, Ggplot / ggplot2 
6780, Matplotlib 
6780, Seaborn 
6781, Seaborn 
6781, D3 js 
6781, Matplotlib 
6784, Geoplotlib 
6784, Plotly / Plotly Express 
6784, Matplotlib 
6784, Seaborn 
6784, Ggplot / ggplot2 
6786, Seaborn 
6786, Matplotlib 
6789, Matplotlib 
6789, Seaborn 
6790, Matplotlib 
6790, Plotly / Plotly Express 
6790, Seaborn 
6791, Plotly / Plotly Express 
6791, Seaborn 
6791, Matplotlib 
6792, D3 js 
6792, Matplotlib 
6792, Seaborn 
6793, Seaborn 
6794, Ggplot / ggplot2 
6794, Shiny 
6794, Matplotlib 
6794, Plotly / Plotly Express 
6794, Seaborn 
6796, Matplotlib 
6796, Seaborn 
6797, Seaborn 
6797,Other
6797, Matplotlib 
6797, Leaflet / Folium 
6797, Plotly / Plotly Express 
6799, Seaborn 
6799, Matplotlib 
6800, Matplotlib 
6800, Seaborn 
6800, Shiny 
6800, Altair 
6800, Leaflet / Folium 
6800, Pygal 
6801, Matplotlib 
6801, Plotly / Plotly Express 
6801, Seaborn 
6803, Seaborn 
6803, Matplotlib 
6803, Plotly / Plotly Express 
6803, Ggplot / ggplot2 
6804, Matplotlib 
6804, Dygraphs 
6805, Matplotlib 
6805, Plotly / Plotly Express 
6806, Bokeh 
6806, Matplotlib 
6809, Seaborn 
6809, Matplotlib 
6809, Ggplot / ggplot2 
6810, Ggplot / ggplot2 
6810, Shiny 
6811, Matplotlib 
6812, Seaborn 
6812, Plotly / Plotly Express 
6812, Matplotlib 
6813, Seaborn 
6813, Matplotlib 
6814, Matplotlib 
6814, Plotly / Plotly Express 
6814, Seaborn 
6815, Matplotlib 
6815, Seaborn 
6817, Matplotlib 
6818, Geoplotlib 
6818, Ggplot / ggplot2 
6818, Matplotlib 
6819, Seaborn 
6819, Matplotlib 
6820, Matplotlib 
6822, Highcharter 
6822, Matplotlib 
6822, Ggplot / ggplot2 
6825, Matplotlib 
6825, Seaborn 
6826, Matplotlib 
6826, Ggplot / ggplot2 
6826, Seaborn 
6827, Geoplotlib 
6828, Ggplot / ggplot2 
6828, Seaborn 
6828, Geoplotlib 
6828, Plotly / Plotly Express 
6828, Matplotlib 
6829, Matplotlib 
6829, Plotly / Plotly Express 
6829, Seaborn 
6830, Matplotlib 
6831, Matplotlib 
6831, Plotly / Plotly Express 
6831, Seaborn 
6832, Seaborn 
6832, Plotly / Plotly Express 
6832, Matplotlib 
6833, Matplotlib 
6833, Seaborn 
6837, Seaborn 
6837, Matplotlib 
6838, Matplotlib 
6840, Highcharter 
6840, Leaflet / Folium 
6840, Shiny 
6840, Plotly / Plotly Express 
6841, Plotly / Plotly Express 
6841, Seaborn 
6841, Matplotlib 
6842, Matplotlib 
6842, Seaborn 
6843, Seaborn 
6843, Matplotlib 
6844, Seaborn 
6844, Ggplot / ggplot2 
6844, Plotly / Plotly Express 
6844, Matplotlib 
6845, Highcharter 
6847, Plotly / Plotly Express 
6848, Ggplot / ggplot2 
6849, Matplotlib 
6849, Ggplot / ggplot2 
6849, Plotly / Plotly Express 
6849, Shiny 
6850, Seaborn 
6850, Matplotlib 
6851, Matplotlib 
6851, Ggplot / ggplot2 
6851, Seaborn 
6853, Matplotlib 
6853, Seaborn 
6854, Matplotlib 
6856, Matplotlib 
6859, Seaborn 
6862, Seaborn 
6862, Matplotlib 
6862, Plotly / Plotly Express 
6863, Seaborn 
6863, Matplotlib 
6865, Matplotlib 
6865, Seaborn 
6868, Seaborn 
6868, Matplotlib 
6871, Dygraphs 
6871, Ggplot / ggplot2 
6871, Leaflet / Folium 
6871, Altair 
6871, Seaborn 
6873, Matplotlib 
6874, Seaborn 
6874, Matplotlib 
6877, Seaborn 
6877, Matplotlib 
6877, Ggplot / ggplot2 
6878, D3 js 
6878, Plotly / Plotly Express 
6878, Seaborn 
6878, Matplotlib 
6879, Seaborn 
6879, Matplotlib 
6880, Matplotlib 
6880, Plotly / Plotly Express 
6881, Matplotlib 
6881, Ggplot / ggplot2 
6881, Seaborn 
6882, Seaborn 
6882, Matplotlib 
6882, Plotly / Plotly Express 
6883, Plotly / Plotly Express 
6883, Seaborn 
6883, Bokeh 
6883, Matplotlib 
6885, Plotly / Plotly Express 
6885, Seaborn 
6885, Ggplot / ggplot2 
6885, Matplotlib 
6886, Seaborn 
6886, Matplotlib 
6887, Bokeh 
6887, Matplotlib 
6889, Ggplot / ggplot2 
6890, Seaborn 
6890, Matplotlib 
6890, Ggplot / ggplot2 
6893, Matplotlib 
6894, Seaborn 
6894, Matplotlib 
6896, Matplotlib 
6896,Other
6897, Seaborn 
6897, Plotly / Plotly Express 
6897, Matplotlib 
6898, Altair 
6898, Plotly / Plotly Express 
6899, Dygraphs 
6900, Matplotlib 
6900, Seaborn 
6901, Seaborn 
6901, Ggplot / ggplot2 
6902, Matplotlib 
6905, Matplotlib 
6905, Seaborn 
6906, Seaborn 
6906, Bokeh 
6906, Plotly / Plotly Express 
6906, Matplotlib 
6907, Seaborn 
6907, Matplotlib 
6907, D3 js 
6908, Plotly / Plotly Express 
6908, Seaborn 
6908, Matplotlib 
6909, Matplotlib 
6909, Seaborn 
6910, Seaborn 
6910, D3 js 
6910, Matplotlib 
6911, Plotly / Plotly Express 
6911, Ggplot / ggplot2 
6911, Matplotlib 
6911, Seaborn 
6912, Plotly / Plotly Express 
6912, Matplotlib 
6912, Seaborn 
6912, Ggplot / ggplot2 
6914, Matplotlib 
6916, Plotly / Plotly Express 
6916, Matplotlib 
6918, Ggplot / ggplot2 
6918, Matplotlib 
6920, Matplotlib 
6920, Seaborn 
6920, Altair 
6922, Matplotlib 
6923, Matplotlib 
6924, Matplotlib 
6924, Seaborn 
6925, D3 js 
6925, Ggplot / ggplot2 
6925, Matplotlib 
6925, Seaborn 
6925, Geoplotlib 
6926, Seaborn 
6926, Matplotlib 
6926, Plotly / Plotly Express 
6927, Seaborn 
6927, Ggplot / ggplot2 
6927, Plotly / Plotly Express 
6930, Plotly / Plotly Express 
6930, Pygal 
6930,Other
6930, Seaborn 
6930, Matplotlib 
6932, Matplotlib 
6932, Seaborn 
6932, Plotly / Plotly Express 
6932, Ggplot / ggplot2 
6934, Seaborn 
6934, Matplotlib 
6934, Leaflet / Folium 
6935, Matplotlib 
6935, Seaborn 
6935, Plotly / Plotly Express 
6937, Matplotlib 
6937, Seaborn 
6938, Seaborn 
6938, Matplotlib 
6942, Matplotlib 
6942, Seaborn 
6942, Ggplot / ggplot2 
6943, Matplotlib 
6943, Seaborn 
6943, Shiny 
6943, Ggplot / ggplot2 
6943, Plotly / Plotly Express 
6944, D3 js 
6944, Pygal 
6944, Highcharter 
6944, Dygraphs 
6945, Matplotlib 
6946, Matplotlib 
6947, Seaborn 
6947, Matplotlib 
6948, Matplotlib 
6948, Seaborn 
6949,Other
6950, Matplotlib 
6951, Seaborn 
6951, Matplotlib 
6951, Plotly / Plotly Express 
6952, Matplotlib 
6952, Plotly / Plotly Express 
6952, Seaborn 
6952, Pygal 
6953, Plotly / Plotly Express 
6953, Matplotlib 
6953, Ggplot / ggplot2 
6953, Geoplotlib 
6955, Matplotlib 
6955, Ggplot / ggplot2 
6956, Plotly / Plotly Express 
6956, Seaborn 
6956, Matplotlib 
6958, Matplotlib 
6958, Plotly / Plotly Express 
6958, Seaborn 
6959, Seaborn 
6959, Matplotlib 
6960, Matplotlib 
6960, Seaborn 
6962, Matplotlib 
6962, Seaborn 
6963, Seaborn 
6963, Plotly / Plotly Express 
6963, Matplotlib 
6965, Seaborn 
6965, Matplotlib 
6966, Matplotlib 
6966, Seaborn 
6967, Matplotlib 
6967, Seaborn 
6967, Ggplot / ggplot2 
6967, Plotly / Plotly Express 
6968, Shiny 
6968, Matplotlib 
6968, Seaborn 
6970, Seaborn 
6970, Matplotlib 
6971, Matplotlib 
6972, Matplotlib 
6972, Seaborn 
6972, Bokeh 
6972, Altair 
6972, Plotly / Plotly Express 
6972, Ggplot / ggplot2 
6973, Matplotlib 
6975, Matplotlib 
6976,Other
6976, Plotly / Plotly Express 
6976, Seaborn 
6976, Matplotlib 
6977, Matplotlib 
6978, Seaborn 
6978, Plotly / Plotly Express 
6978, Matplotlib 
6978, Ggplot / ggplot2 
6978, Geoplotlib 
6981, Seaborn 
6981, Matplotlib 
6981, Plotly / Plotly Express 
6983, Matplotlib 
6985, Seaborn 
6985, Shiny 
6985, Leaflet / Folium 
6985, Matplotlib 
6985, Ggplot / ggplot2 
6985, Plotly / Plotly Express 
6990, Seaborn 
6990, Matplotlib 
6991, Seaborn 
6991, Matplotlib 
6991, Ggplot / ggplot2 
6996,Other
6997, Matplotlib 
6997, Ggplot / ggplot2 
6997, Seaborn 
6998, Plotly / Plotly Express 
6998, Ggplot / ggplot2 
6999, Matplotlib 
6999, Seaborn 
6999, Ggplot / ggplot2 
7000, Matplotlib 
7000, Seaborn 
7003, Matplotlib 
7003, Plotly / Plotly Express 
7003, Ggplot / ggplot2 
7004, Matplotlib 
7006, Plotly / Plotly Express 
7006, Matplotlib 
7006, Seaborn 
7007, Geoplotlib 
7007, Matplotlib 
7009, Seaborn 
7009, Matplotlib 
7010, Matplotlib 
7010, Seaborn 
7010, Bokeh 
7010, Plotly / Plotly Express 
7012, Matplotlib 
7013, Seaborn 
7013, Matplotlib 
7014, Plotly / Plotly Express 
7014, Matplotlib 
7016, Matplotlib 
7016, Ggplot / ggplot2 
7018, Seaborn 
7018, Matplotlib 
7019,Other
7021, Plotly / Plotly Express 
7021, Seaborn 
7021, Matplotlib 
7022, Matplotlib 
7022, Seaborn 
7022, Ggplot / ggplot2 
7022, Plotly / Plotly Express 
7026, Plotly / Plotly Express 
7026, Matplotlib 
7028, Matplotlib 
7028, Seaborn 
7028, Plotly / Plotly Express 
7031, Seaborn 
7031, Plotly / Plotly Express 
7031, Matplotlib 
7032, Matplotlib 
7032, Seaborn 
7034, Matplotlib 
7034, Seaborn 
7034, Ggplot / ggplot2 
7035, Seaborn 
7035, Ggplot / ggplot2 
7035, Matplotlib 
7036, Seaborn 
7036, Matplotlib 
7038, Matplotlib 
7038, Ggplot / ggplot2 
7038, D3 js 
7038, Plotly / Plotly Express 
7038, Seaborn 
7038, Shiny 
7041, Plotly / Plotly Express 
7041, Bokeh 
7041, Altair 
7041, Seaborn 
7041, Matplotlib 
7042, Matplotlib 
7042, Seaborn 
7042, Plotly / Plotly Express 
7043, Ggplot / ggplot2 
7043, Matplotlib 
7044, Matplotlib 
7044, Ggplot / ggplot2 
7045, Seaborn 
7045, Matplotlib 
7046, Ggplot / ggplot2 
7046, Bokeh 
7046, Matplotlib 
7046, Seaborn 
7046, Geoplotlib 
7046, Plotly / Plotly Express 
7049,Other
7051, Matplotlib 
7052, Ggplot / ggplot2 
7052, Matplotlib 
7052, Seaborn 
7052, Leaflet / Folium 
7053, Matplotlib 
7053, Seaborn 
7054, Matplotlib 
7056, Matplotlib 
7056, Seaborn 
7058, Ggplot / ggplot2 
7058, Seaborn 
7059, Seaborn 
7059, Matplotlib 
7061, Ggplot / ggplot2 
7061, Matplotlib 
7061, Plotly / Plotly Express 
7061, Seaborn 
7061, Shiny 
7062, Seaborn 
7062, Matplotlib 
7063, Ggplot / ggplot2 
7064, Matplotlib 
7066, Seaborn 
7066, Matplotlib 
7067, Plotly / Plotly Express 
7067, Seaborn 
7067, Matplotlib 
7068, Seaborn 
7068, Matplotlib 
7069, Matplotlib 
7069, Ggplot / ggplot2 
7071, Matplotlib 
7072, Matplotlib 
7072, Seaborn 
7073, D3 js 
7073, Matplotlib 
7076, Bokeh 
7076, Matplotlib 
7076, Seaborn 
7078, Seaborn 
7078, Matplotlib 
7079, Matplotlib 
7079, Seaborn 
7081, Matplotlib 
7082, Matplotlib 
7085, Seaborn 
7085, Matplotlib 
7086, D3 js 
7086, Highcharter 
7087,Other
7088, Matplotlib 
7089, Matplotlib 
7089, Seaborn 
7090, Matplotlib 
7090, Seaborn 
7091, Seaborn 
7091, Plotly / Plotly Express 
7091, Matplotlib 
7093, Matplotlib 
7093, Seaborn 
7094, Matplotlib 
7097, Matplotlib 
7097, Ggplot / ggplot2 
7097, Seaborn 
7097, Plotly / Plotly Express 
7097, Bokeh 
7101, Ggplot / ggplot2 
7101, Seaborn 
7101, Matplotlib 
7104, Bokeh 
7104, Matplotlib 
7104, Ggplot / ggplot2 
7104, Seaborn 
7105, Matplotlib 
7105, Geoplotlib 
7106, Matplotlib 
7109, Ggplot / ggplot2 
7109, Seaborn 
7109, Leaflet / Folium 
7109, Matplotlib 
7109, Plotly / Plotly Express 
7110, Ggplot / ggplot2 
7110, Matplotlib 
7110, Seaborn 
7111, Plotly / Plotly Express 
7111, Bokeh 
7111, Seaborn 
7111, Matplotlib 
7112, Seaborn 
7112, Matplotlib 
7113, Seaborn 
7113, Matplotlib 
7114, Ggplot / ggplot2 
7114, Seaborn 
7114, Matplotlib 
7115, Matplotlib 
7115, Seaborn 
7118, Matplotlib 
7118, Plotly / Plotly Express 
7119, Plotly / Plotly Express 
7119, Seaborn 
7119, Bokeh 
7119, Matplotlib 
7120, Matplotlib 
7120, Seaborn 
7121, Seaborn 
7121, Matplotlib 
7123, Matplotlib 
7123, Seaborn 
7123, Ggplot / ggplot2 
7123, Plotly / Plotly Express 
7124, Plotly / Plotly Express 
7124, Matplotlib 
7124, Ggplot / ggplot2 
7125, Seaborn 
7125, Matplotlib 
7126, Seaborn 
7126, Matplotlib 
7126, Plotly / Plotly Express 
7127, Plotly / Plotly Express 
7127, Matplotlib 
7127, Seaborn 
7129, Geoplotlib 
7129, Ggplot / ggplot2 
7129, Seaborn 
7130, Seaborn 
7130, Matplotlib 
7131, Plotly / Plotly Express 
7131, Matplotlib 
7132, Seaborn 
7132, Ggplot / ggplot2 
7133, Seaborn 
7133, Matplotlib 
7134, Matplotlib 
7134, Seaborn 
7136, Seaborn 
7136, Matplotlib 
7139, Plotly / Plotly Express 
7139, Matplotlib 
7139, Seaborn 
7140, Matplotlib 
7140, Seaborn 
7141, Geoplotlib 
7141, Seaborn 
7141, Matplotlib 
7141, Plotly / Plotly Express 
7142, Matplotlib 
7142, Seaborn 
7142, Ggplot / ggplot2 
7144, Seaborn 
7144, Matplotlib 
7145, Matplotlib 
7149, Seaborn 
7149, Matplotlib 
7150, Bokeh 
7150, Seaborn 
7150, Matplotlib 
7151, Matplotlib 
7151, Seaborn 
7152, Plotly / Plotly Express 
7152, Matplotlib 
7152, Seaborn 
7153, Matplotlib 
7153, Altair 
7153, Seaborn 
7153,Other
7154, Plotly / Plotly Express 
7154, Seaborn 
7154, Matplotlib 
7157, Seaborn 
7157, Plotly / Plotly Express 
7157, Matplotlib 
7158, Seaborn 
7158, Matplotlib 
7159, Seaborn 
7159, Matplotlib 
7160, Matplotlib 
7160, Seaborn 
7160,Other
7160, Altair 
7163, Matplotlib 
7166, Ggplot / ggplot2 
7168, Shiny 
7168, Ggplot / ggplot2 
7168, D3 js 
7168, Matplotlib 
7168, Seaborn 
7168, Plotly / Plotly Express 
7169, Matplotlib 
7169, Seaborn 
7170, Plotly / Plotly Express 
7170, Seaborn 
7171, Ggplot / ggplot2 
7171, Plotly / Plotly Express 
7171, Seaborn 
7171, Matplotlib 
7172, Ggplot / ggplot2 
7172, Seaborn 
7172, Matplotlib 
7173, Matplotlib 
7173, Seaborn 
7174, Ggplot / ggplot2 
7175, Ggplot / ggplot2 
7175, Seaborn 
7175, Matplotlib 
7176, Plotly / Plotly Express 
7176, Leaflet / Folium 
7176, Ggplot / ggplot2 
7176, Seaborn 
7176, Matplotlib 
7177, Plotly / Plotly Express 
7177, Matplotlib 
7177, Seaborn 
7178,Other
7179, Matplotlib 
7180, Matplotlib 
7181, Ggplot / ggplot2 
7181, Bokeh 
7181, Altair 
7184, Plotly / Plotly Express 
7184, Ggplot / ggplot2 
7184, Matplotlib 
7184, Seaborn 
7185, Shiny 
7185, Matplotlib 
7185, Ggplot / ggplot2 
7185, Plotly / Plotly Express 
7186, Seaborn 
7186, Matplotlib 
7189, Matplotlib 
7189, Seaborn 
7193, Matplotlib 
7193, Altair 
7193, Seaborn 
7193, Leaflet / Folium 
7193, Bokeh 
7193, Plotly / Plotly Express 
7193, Geoplotlib 
7195, Seaborn 
7195, Matplotlib 
7197, Matplotlib 
7197, D3 js 
7198, Matplotlib 
7198, Bokeh 
7198, Plotly / Plotly Express 
7198, Seaborn 
7199, Matplotlib 
7199, Seaborn 
7199, Shiny 
7199, Ggplot / ggplot2 
7200, Matplotlib 
7200, Seaborn 
7200, Pygal 
7201, Seaborn 
7201, Matplotlib 
7202, Matplotlib 
7203, Matplotlib 
7204, Seaborn 
7204, Plotly / Plotly Express 
7204, Matplotlib 
7207, Seaborn 
7207, Matplotlib 
7208, Seaborn 
7208, Ggplot / ggplot2 
7208, Matplotlib 
7210, Seaborn 
7211, Matplotlib 
7211, Seaborn 
7211, Shiny 
7211, Plotly / Plotly Express 
7211, Altair 
7212, Seaborn 
7212, Matplotlib 
7212, Ggplot / ggplot2 
7213,Other
7214, Matplotlib 
7214, Seaborn 
7215, Seaborn 
7215, Matplotlib 
7216, Seaborn 
7216, Matplotlib 
7217, Ggplot / ggplot2 
7218, Matplotlib 
7218, Plotly / Plotly Express 
7218, Seaborn 
7218, Ggplot / ggplot2 
7219, Matplotlib 
7221, Ggplot / ggplot2 
7221, Matplotlib 
7221, Seaborn 
7223, Matplotlib 
7223, Seaborn 
7224, D3 js 
7224, Matplotlib 
7226, Seaborn 
7227, Seaborn 
7227, Plotly / Plotly Express 
7227, Matplotlib 
7228, Shiny 
7228, Ggplot / ggplot2 
7230, Matplotlib 
7231, Geoplotlib 
7231, Seaborn 
7232, D3 js 
7235, Pygal 
7241, Matplotlib 
7241, Seaborn 
7242, Plotly / Plotly Express 
7242, Bokeh 
7242, Ggplot / ggplot2 
7242, Matplotlib 
7242, Seaborn 
7249, Matplotlib 
7250, Matplotlib 
7250, Shiny 
7250, Seaborn 
7252, Ggplot / ggplot2 
7252, Matplotlib 
7254, Leaflet / Folium 
7254, Matplotlib 
7254, Shiny 
7254, Dygraphs 
7254, Plotly / Plotly Express 
7254, Ggplot / ggplot2 
7257, Matplotlib 
7257, Plotly / Plotly Express 
7257, Ggplot / ggplot2 
7259, Matplotlib 
7259, Seaborn 
7259, Ggplot / ggplot2 
7262, Matplotlib 
7264, Seaborn 
7264, Plotly / Plotly Express 
7264, Matplotlib 
7266, Altair 
7266, Matplotlib 
7266, Bokeh 
7266, Seaborn 
7267, Matplotlib 
7267, Seaborn 
7268, Altair 
7268, Matplotlib 
7268, Seaborn 
7268, Plotly / Plotly Express 
7268, Bokeh 
7271, Seaborn 
7271, Matplotlib 
7274, Seaborn 
7274, Matplotlib 
7275, Matplotlib 
7275, Plotly / Plotly Express 
7275, Seaborn 
7277, Seaborn 
7277, Matplotlib 
7280, Seaborn 
7281, Matplotlib 
7281, Seaborn 
7282, Seaborn 
7282, Matplotlib 
7283,Other
7284, Plotly / Plotly Express 
7284, Seaborn 
7284, Matplotlib 
7285, Matplotlib 
7286, Matplotlib 
7287, Seaborn 
7287, Ggplot / ggplot2 
7288, Bokeh 
7288, Matplotlib 
7289, Matplotlib 
7293, Geoplotlib 
7294, Seaborn 
7294, Ggplot / ggplot2 
7295, Ggplot / ggplot2 
7297, Plotly / Plotly Express 
7297, Matplotlib 
7297, Seaborn 
7297, Leaflet / Folium 
7299, D3 js 
7299, Plotly / Plotly Express 
7299, Seaborn 
7299, Matplotlib 
7304, Matplotlib 
7304, Seaborn 
7305, Matplotlib 
7307, Plotly / Plotly Express 
7308, Seaborn 
7308, Plotly / Plotly Express 
7308, Matplotlib 
7309, Matplotlib 
7311, Matplotlib 
7311, Seaborn 
7312, Seaborn 
7312, Matplotlib 
7313, Seaborn 
7313, Matplotlib 
7313, Ggplot / ggplot2 
7314, Matplotlib 
7314, Seaborn 
7315, Seaborn 
7315, Matplotlib 
7317, Plotly / Plotly Express 
7317, Matplotlib 
7320, Shiny 
7320, Geoplotlib 
7320, Matplotlib 
7321, Seaborn 
7321, Matplotlib 
7323,Other
7324, Matplotlib 
7325, Matplotlib 
7326, Matplotlib 
7327, Matplotlib 
7327, Ggplot / ggplot2 
7327, Plotly / Plotly Express 
7327, Seaborn 
7328, Leaflet / Folium 
7328, Bokeh 
7328, Plotly / Plotly Express 
7328, Ggplot / ggplot2 
7328, Matplotlib 
7328, Seaborn 
7329, Matplotlib 
7330, Matplotlib 
7330, Seaborn 
7331, Matplotlib 
7332, Ggplot / ggplot2 
7334, Seaborn 
7334, Matplotlib 
7336, Matplotlib 
7336, Plotly / Plotly Express 
7336, Seaborn 
7337, Matplotlib 
7338, Matplotlib 
7339,Other
7340, Matplotlib 
7340, Seaborn 
7343, Ggplot / ggplot2 
7345, Matplotlib 
7345, Seaborn 
7347, Matplotlib 
7348, Seaborn 
7348, Matplotlib 
7349, Matplotlib 
7349, Seaborn 
7349, Plotly / Plotly Express 
7349, Ggplot / ggplot2 
7350, Matplotlib 
7350, Seaborn 
7351, Matplotlib 
7351, Plotly / Plotly Express 
7353, Matplotlib 
7353, Altair 
7355, Plotly / Plotly Express 
7355, Matplotlib 
7355, Seaborn 
7355, Geoplotlib 
7357, Matplotlib 
7357, Plotly / Plotly Express 
7357, Seaborn 
7359, Matplotlib 
7359, Seaborn 
7362, Seaborn 
7362, Matplotlib 
7362, Plotly / Plotly Express 
7363, Ggplot / ggplot2 
7363, Matplotlib 
7363, Seaborn 
7363, Plotly / Plotly Express 
7366, Matplotlib 
7366, Seaborn 
7369, Matplotlib 
7369, Seaborn 
7372, Matplotlib 
7373,Other
7375, Matplotlib 
7375, Plotly / Plotly Express 
7375, Seaborn 
7376, Matplotlib 
7376, Seaborn 
7379, Seaborn 
7379, Matplotlib 
7380, Plotly / Plotly Express 
7380,Other
7380, Seaborn 
7380, Matplotlib 
7381, Seaborn 
7381, Plotly / Plotly Express 
7381, Ggplot / ggplot2 
7381, Matplotlib 
7384, Matplotlib 
7384, Seaborn 
7384, Plotly / Plotly Express 
7385, Matplotlib 
7385, Seaborn 
7386, Seaborn 
7386, Matplotlib 
7389, Ggplot / ggplot2 
7390, Matplotlib 
7391, Matplotlib 
7391, Seaborn 
7392, Matplotlib 
7393, Highcharter 
7393, Plotly / Plotly Express 
7393, Ggplot / ggplot2 
7393, Shiny 
7393, Seaborn 
7393, Matplotlib 
7393, D3 js 
7393, Dygraphs 
7395, Pygal 
7395, Seaborn 
7395, Ggplot / ggplot2 
7395, Dygraphs 
7395, Matplotlib 
7396, Seaborn 
7396, Matplotlib 
7396, Bokeh 
7398, Seaborn 
7398, Matplotlib 
7398, Plotly / Plotly Express 
7399, Matplotlib 
7401, Matplotlib 
7401, Seaborn 
7401, Plotly / Plotly Express 
7404, Matplotlib 
7404, Plotly / Plotly Express 
7404, Seaborn 
7405, Matplotlib 
7405, Seaborn 
7405, Ggplot / ggplot2 
7408, Ggplot / ggplot2 
7408, Seaborn 
7408, Matplotlib 
7410, Matplotlib 
7412, Matplotlib 
7412, Bokeh 
7412, Plotly / Plotly Express 
7413, Matplotlib 
7413, Seaborn 
7413, Plotly / Plotly Express 
7415,Other
7416, Seaborn 
7416, Shiny 
7416, Matplotlib 
7416, Plotly / Plotly Express 
7417, Pygal 
7417, Matplotlib 
7418, Seaborn 
7418, Matplotlib 
7418, Ggplot / ggplot2 
7418, Geoplotlib 
7419, Matplotlib 
7419, D3 js 
7419, Plotly / Plotly Express 
7421, Seaborn 
7421, Geoplotlib 
7421, Matplotlib 
7422, Seaborn 
7422, Ggplot / ggplot2 
7422, Matplotlib 
7423, Matplotlib 
7423, Plotly / Plotly Express 
7423, Seaborn 
7424, Seaborn 
7424, Matplotlib 
7426, Ggplot / ggplot2 
7427, Matplotlib 
7428, Ggplot / ggplot2 
7428, Seaborn 
7428, Matplotlib 
7429,Other
7431, Seaborn 
7431, Matplotlib 
7431, Plotly / Plotly Express 
7432, Seaborn 
7432, Matplotlib 
7433, Shiny 
7433, Matplotlib 
7433, Ggplot / ggplot2 
7433, Plotly / Plotly Express 
7433, Seaborn 
7434, Seaborn 
7434, Matplotlib 
7435, Matplotlib 
7435, Seaborn 
7435, Plotly / Plotly Express 
7436, D3 js 
7436, Matplotlib 
7437, Leaflet / Folium 
7437, Seaborn 
7437, Matplotlib 
7437, Plotly / Plotly Express 
7438, Matplotlib 
7438, Ggplot / ggplot2 
7438, Seaborn 
7439, Seaborn 
7439, Matplotlib 
7440, Plotly / Plotly Express 
7440, Matplotlib 
7440, Seaborn 
7441, Seaborn 
7441, Matplotlib 
7442, Plotly / Plotly Express 
7442, Matplotlib 
7442, Seaborn 
7443, Matplotlib 
7443, Seaborn 
7444, Seaborn 
7444, Matplotlib 
7444, Plotly / Plotly Express 
7445, Matplotlib 
7445, Seaborn 
7447, Seaborn 
7447, Matplotlib 
7448, Ggplot / ggplot2 
7448, Plotly / Plotly Express 
7448, Matplotlib 
7448, Seaborn 
7449, Matplotlib 
7449, Seaborn 
7453, Seaborn 
7453, Matplotlib 
7455, Matplotlib 
7455, Seaborn 
7457, Plotly / Plotly Express 
7457, Matplotlib 
7457, Seaborn 
7460, Matplotlib 
7462, Ggplot / ggplot2 
7465, Matplotlib 
7465, Bokeh 
7465, Plotly / Plotly Express 
7465, Ggplot / ggplot2 
7465, Seaborn 
7466, Plotly / Plotly Express 
7466, Seaborn 
7466, Matplotlib 
7467, Matplotlib 
7467, Seaborn 
7469, Matplotlib 
7469, Ggplot / ggplot2 
7469, Bokeh 
7469, Plotly / Plotly Express 
7469, Seaborn 
7470, Seaborn 
7470, Matplotlib 
7470, Ggplot / ggplot2 
7471, Matplotlib 
7471, Seaborn 
7472,Other
7473, Seaborn 
7473, Matplotlib 
7474, Plotly / Plotly Express 
7474, Seaborn 
7474, Matplotlib 
7475, Matplotlib 
7475, Seaborn 
7478, Matplotlib 
7478, Seaborn 
7479, Seaborn 
7479, Matplotlib 
7480, Matplotlib 
7480, Seaborn 
7481, Ggplot / ggplot2 
7481, Matplotlib 
7482, Matplotlib 
7482, Ggplot / ggplot2 
7482, Seaborn 
7484, Matplotlib 
7488, Ggplot / ggplot2 
7488, Plotly / Plotly Express 
7488, Matplotlib 
7488, Seaborn 
7492, Highcharter 
7492, Plotly / Plotly Express 
7492, Seaborn 
7492, Ggplot / ggplot2 
7492, D3 js 
7493, Matplotlib 
7493,Other
7494, Seaborn 
7494, Matplotlib 
7495, Matplotlib 
7496, Matplotlib 
7497, Shiny 
7497, Ggplot / ggplot2 
7497, Plotly / Plotly Express 
7498, Geoplotlib 
7498, Seaborn 
7498, Plotly / Plotly Express 
7498, Matplotlib 
7499, Matplotlib 
7499, Seaborn 
7500, Matplotlib 
7501, Seaborn 
7501, Shiny 
7501, Ggplot / ggplot2 
7503, Matplotlib 
7504, Matplotlib 
7504, Plotly / Plotly Express 
7504, Seaborn 
7505, Seaborn 
7505, Ggplot / ggplot2 
7505, Matplotlib 
7506, Matplotlib 
7506, Seaborn 
7506, Ggplot / ggplot2 
7507, Seaborn 
7507, Matplotlib 
7507, Ggplot / ggplot2 
7507, Shiny 
7508, Matplotlib 
7512, Matplotlib 
7512, Seaborn 
7513, Ggplot / ggplot2 
7513, Matplotlib 
7513, Seaborn 
7514, Plotly / Plotly Express 
7514, Matplotlib 
7514, Seaborn 
7515, Bokeh 
7515, Plotly / Plotly Express 
7515, Seaborn 
7516,Other
7516, Plotly / Plotly Express 
7516, Matplotlib 
7516, Seaborn 
7517, Seaborn 
7517, Matplotlib 
7518, D3 js 
7518, Altair 
7518, Bokeh 
7520, Matplotlib 
7521, Seaborn 
7521, Matplotlib 
7521, Geoplotlib 
7521, Ggplot / ggplot2 
7522, Seaborn 
7522, Matplotlib 
7525, Matplotlib 
7526, Matplotlib 
7526, Seaborn 
7527, Matplotlib 
7527, Seaborn 
7528, Seaborn 
7528, Plotly / Plotly Express 
7528, Matplotlib 
7528, Pygal 
7529, Matplotlib 
7530, Seaborn 
7530, Matplotlib 
7531, Matplotlib 
7531, Seaborn 
7533, Plotly / Plotly Express 
7533, Seaborn 
7534, Seaborn 
7534, Matplotlib 
7538, Ggplot / ggplot2 
7538, Matplotlib 
7538, Plotly / Plotly Express 
7539, Matplotlib 
7540, Matplotlib 
7540, Seaborn 
7540, Plotly / Plotly Express 
7543, Ggplot / ggplot2 
7543, Plotly / Plotly Express 
7543, Matplotlib 
7543, Seaborn 
7545, Plotly / Plotly Express 
7545, Shiny 
7545, Seaborn 
7545, Ggplot / ggplot2 
7545, Leaflet / Folium 
7546, Plotly / Plotly Express 
7546, Ggplot / ggplot2 
7546, Matplotlib 
7548, Seaborn 
7548, Matplotlib 
7548, D3 js 
7548, Plotly / Plotly Express 
7549, Seaborn 
7549, Matplotlib 
7552, Matplotlib 
7552, Seaborn 
7554, Ggplot / ggplot2 
7558, Plotly / Plotly Express 
7558, Seaborn 
7558, Ggplot / ggplot2 
7558, Altair 
7558, Matplotlib 
7558, Bokeh 
7558, Geoplotlib 
7559, Matplotlib 
7561, Ggplot / ggplot2 
7562, Matplotlib 
7563, Matplotlib 
7567, Seaborn 
7567, Matplotlib 
7568, Matplotlib 
7568, Seaborn 
7569, Shiny 
7569, Ggplot / ggplot2 
7569, Plotly / Plotly Express 
7570, Matplotlib 
7571, Ggplot / ggplot2 
7571, Seaborn 
7571, Matplotlib 
7572, Matplotlib 
7574, Matplotlib 
7575, Seaborn 
7575, Matplotlib 
7575, Plotly / Plotly Express 
7578, Seaborn 
7578, Ggplot / ggplot2 
7578, Plotly / Plotly Express 
7578, Matplotlib 
7579, Matplotlib 
7579, Seaborn 
7580, Matplotlib 
7581, Seaborn 
7581, Matplotlib 
7581, Plotly / Plotly Express 
7583, Matplotlib 
7583, Seaborn 
7584, Matplotlib 
7584, Plotly / Plotly Express 
7584, Seaborn 
7585, Seaborn 
7585, Matplotlib 
7586, Plotly / Plotly Express 
7586, Bokeh 
7588, Matplotlib 
7589, Matplotlib 
7589, Seaborn 
7590, Matplotlib 
7590, Seaborn 
7590, Ggplot / ggplot2 
7590, Plotly / Plotly Express 
7592, Seaborn 
7592, Matplotlib 
7593, Matplotlib 
7593, Seaborn 
7594, Matplotlib 
7594, D3 js 
7596, Matplotlib 
7598, Matplotlib 
7599, Bokeh 
7599, Matplotlib 
7599, Seaborn 
7600, D3 js 
7600, Matplotlib 
7603, D3 js 
7603, Bokeh 
7604, Seaborn 
7604, Matplotlib 
7605, Matplotlib 
7607, Dygraphs 
7607, Matplotlib 
7607, Plotly / Plotly Express 
7608, Matplotlib 
7610, Matplotlib 
7610, Plotly / Plotly Express 
7610, Seaborn 
7611, D3 js 
7611, Plotly / Plotly Express 
7611, Ggplot / ggplot2 
7611, Shiny 
7613, Matplotlib 
7613, Seaborn 
7613, Plotly / Plotly Express 
7614, Matplotlib 
7614, Seaborn 
7616,Other
7618, Plotly / Plotly Express 
7618, Matplotlib 
7618, Seaborn 
7619, Matplotlib 
7619, Plotly / Plotly Express 
7620, Matplotlib 
7620, Plotly / Plotly Express 
7622, Matplotlib 
7622, Plotly / Plotly Express 
7624, Plotly / Plotly Express 
7624, Seaborn 
7624, Matplotlib 
7624, Ggplot / ggplot2 
7626, Seaborn 
7626, Matplotlib 
7627, Matplotlib 
7627, Seaborn 
7629, Seaborn 
7629, Bokeh 
7629, Matplotlib 
7630, Matplotlib 
7630, Seaborn 
7631, Seaborn 
7631, Matplotlib 
7634, Matplotlib 
7638,Other
7640, Plotly / Plotly Express 
7641, Matplotlib 
7643, Matplotlib 
7643, Seaborn 
7644, Seaborn 
7644, Matplotlib 
7646, Matplotlib 
7649, Plotly / Plotly Express 
7649, Seaborn 
7652, Matplotlib 
7653, Seaborn 
7653, Geoplotlib 
7653, Ggplot / ggplot2 
7653, Matplotlib 
7654, Matplotlib 
7655, Plotly / Plotly Express 
7655, Seaborn 
7655, Matplotlib 
7657, Matplotlib 
7657, Seaborn 
7658, Seaborn 
7658, Plotly / Plotly Express 
7659, Seaborn 
7659, Matplotlib 
7659, Plotly / Plotly Express 
7660, D3 js 
7662, Matplotlib 
7663, Matplotlib 
7663, Seaborn 
7664, Plotly / Plotly Express 
7664, Ggplot / ggplot2 
7665, Seaborn 
7665, Matplotlib 
7666, Matplotlib 
7667, Shiny 
7667, Ggplot / ggplot2 
7667, Plotly / Plotly Express 
7668, Matplotlib 
7669, Pygal 
7669, Dygraphs 
7669, Matplotlib 
7670, Matplotlib 
7671, Matplotlib 
7671, Seaborn 
7674, Matplotlib 
7675, Matplotlib 
7675, Seaborn 
7676, Leaflet / Folium 
7676, Seaborn 
7676, Matplotlib 
7678, Matplotlib 
7679, Leaflet / Folium 
7679, Matplotlib 
7680, Matplotlib 
7681, Ggplot / ggplot2 
7681, Matplotlib 
7681, Seaborn 
7681, Plotly / Plotly Express 
7681, Leaflet / Folium 
7682, Matplotlib 
7682, Seaborn 
7685, Seaborn 
7685, Matplotlib 
7686, Ggplot / ggplot2 
7687, Altair 
7688, Matplotlib 
7688, Seaborn 
7690, Matplotlib 
7690, Seaborn 
7690, Ggplot / ggplot2 
7690, Plotly / Plotly Express 
7691, Seaborn 
7692, Matplotlib 
7692, Seaborn 
7693, Seaborn 
7693, Matplotlib 
7693, Plotly / Plotly Express 
7694, Matplotlib 
7694, Seaborn 
7695, Matplotlib 
7696,Other
7696, Plotly / Plotly Express 
7696, Seaborn 
7696, Ggplot / ggplot2 
7696, Matplotlib 
7698, Matplotlib 
7698, Plotly / Plotly Express 
7698, Seaborn 
7699, Plotly / Plotly Express 
7699, Matplotlib 
7700, Plotly / Plotly Express 
7700, Matplotlib 
7700, Seaborn 
7701, Matplotlib 
7701, Seaborn 
7702, Seaborn 
7702, Matplotlib 
7703, Seaborn 
7703, Matplotlib 
7703, Plotly / Plotly Express 
7707, Matplotlib 
7709, Plotly / Plotly Express 
7709, Ggplot / ggplot2 
7710, Plotly / Plotly Express 
7711, Seaborn 
7711, Matplotlib 
7712, Matplotlib 
7712, Seaborn 
7713, Matplotlib 
7715, Matplotlib 
7716, Matplotlib 
7717, Matplotlib 
7717, Ggplot / ggplot2 
7717, Plotly / Plotly Express 
7717, Seaborn 
7719, Ggplot / ggplot2 
7719, Matplotlib 
7719, Seaborn 
7720, Seaborn 
7720, Matplotlib 
7722, Seaborn 
7722, Matplotlib 
7724, Matplotlib 
7724, Seaborn 
7725, Ggplot / ggplot2 
7725, Plotly / Plotly Express 
7725, Seaborn 
7725, Matplotlib 
7726, Pygal 
7728, Matplotlib 
7728, Bokeh 
7728, Seaborn 
7730, Seaborn 
7732, Matplotlib 
7732, Seaborn 
7733, Matplotlib 
7733, Seaborn 
7734, Ggplot / ggplot2 
7734, Shiny 
7736, Matplotlib 
7736, Seaborn 
7737, Seaborn 
7737, Shiny 
7737, Matplotlib 
7737, Ggplot / ggplot2 
7738, Matplotlib 
7738, Seaborn 
7738, Plotly / Plotly Express 
7740, Seaborn 
7740, Ggplot / ggplot2 
7740, D3 js 
7740, Plotly / Plotly Express 
7740, Matplotlib 
7741, Plotly / Plotly Express 
7741, Seaborn 
7741, Matplotlib 
7743, Plotly / Plotly Express 
7743, Ggplot / ggplot2 
7743, Seaborn 
7743, Matplotlib 
7745, Matplotlib 
7746, Ggplot / ggplot2 
7746, Seaborn 
7746, Matplotlib 
7749, Seaborn 
7749, Matplotlib 
7749, Plotly / Plotly Express 
7750, Seaborn 
7750, Leaflet / Folium 
7750, Plotly / Plotly Express 
7750, Matplotlib 
7751, Matplotlib 
7751, Seaborn 
7752, Matplotlib 
7752, Plotly / Plotly Express 
7752, Seaborn 
7753, Seaborn 
7753, Matplotlib 
7753, Plotly / Plotly Express 
7755, Matplotlib 
7756, Matplotlib 
7756, Plotly / Plotly Express 
7756, Seaborn 
7758, Matplotlib 
7760, Matplotlib 
7761, Matplotlib 
7763, Seaborn 
7763, Matplotlib 
7765, Matplotlib 
7765, Seaborn 
7768, Leaflet / Folium 
7768, Geoplotlib 
7768, Plotly / Plotly Express 
7768, Matplotlib 
7768, Seaborn 
7770, Ggplot / ggplot2 
7770, Plotly / Plotly Express 
7771, Plotly / Plotly Express 
7771, Matplotlib 
7773, Leaflet / Folium 
7773, Matplotlib 
7773, Plotly / Plotly Express 
7773, Seaborn 
7774, Matplotlib 
7775, Seaborn 
7775, Matplotlib 
7776,Other
7777, Matplotlib 
7777, Seaborn 
7777, Ggplot / ggplot2 
7778, Plotly / Plotly Express 
7778, Seaborn 
7778, Matplotlib 
7779, Matplotlib 
7780,Other
7783, Highcharter 
7784, Matplotlib 
7785, Matplotlib 
7787, Geoplotlib 
7787, Matplotlib 
7787, Ggplot / ggplot2 
7788, Ggplot / ggplot2 
7788, Seaborn 
7788, Matplotlib 
7790, Seaborn 
7790, Matplotlib 
7791,Other
7791, Ggplot / ggplot2 
7791, Shiny 
7791, Seaborn 
7791, Matplotlib 
7792, Seaborn 
7792, Matplotlib 
7792, Bokeh 
7792, Plotly / Plotly Express 
7794, Seaborn 
7794, Matplotlib 
7796, Seaborn 
7796, Matplotlib 
7798, Seaborn 
7798, Matplotlib 
7800, Seaborn 
7800, Plotly / Plotly Express 
7800, Matplotlib 
7803,Other
7804, Matplotlib 
7805, Leaflet / Folium 
7805, Shiny 
7805, Ggplot / ggplot2 
7808, Ggplot / ggplot2 
7808, Matplotlib 
7808, Seaborn 
7808, Plotly / Plotly Express 
7809, Plotly / Plotly Express 
7809, Matplotlib 
7810, Matplotlib 
7811, Matplotlib 
7811, Seaborn 
7812, Seaborn 
7812, Matplotlib 
7813, Plotly / Plotly Express 
7813, Seaborn 
7813, Matplotlib 
7813, Geoplotlib 
7814, Ggplot / ggplot2 
7814,Other
7815, Matplotlib 
7816, Ggplot / ggplot2 
7819, Matplotlib 
7819, Ggplot / ggplot2 
7819, Seaborn 
7820, Matplotlib 
7820, Plotly / Plotly Express 
7820, Seaborn 
7821, Seaborn 
7821, Plotly / Plotly Express 
7821, Matplotlib 
7821, Bokeh 
7822, Matplotlib 
7822, Seaborn 
7823, Matplotlib 
7824, Matplotlib 
7825, Geoplotlib 
7825, Ggplot / ggplot2 
7825, Matplotlib 
7825, Seaborn 
7825, Shiny 
7825, Leaflet / Folium 
7825, Plotly / Plotly Express 
7827, Plotly / Plotly Express 
7827, Matplotlib 
7827, Seaborn 
7827, Leaflet / Folium 
7828, Matplotlib 
7828, Plotly / Plotly Express 
7828, Seaborn 
7829, Seaborn 
7829, Matplotlib 
7830, Seaborn 
7830, Plotly / Plotly Express 
7830, Altair 
7830, Matplotlib 
7831, Matplotlib 
7831, Seaborn 
7832, Seaborn 
7832, Matplotlib 
7833, Matplotlib 
7833, Seaborn 
7834, Seaborn 
7834, Matplotlib 
7835, Plotly / Plotly Express 
7836, Matplotlib 
7836, Seaborn 
7839, Ggplot / ggplot2 
7839, Seaborn 
7839, Matplotlib 
7840, Matplotlib 
7841, Seaborn 
7841, Matplotlib 
7842, Seaborn 
7842, Plotly / Plotly Express 
7842, Matplotlib 
7842, Ggplot / ggplot2 
7842, Geoplotlib 
7844, Seaborn 
7844, Matplotlib 
7845, Plotly / Plotly Express 
7845, Seaborn 
7845, Matplotlib 
7846, Matplotlib 
7848, Matplotlib 
7848, Seaborn 
7849,Other
7849, Matplotlib 
7849, Seaborn 
7850, Seaborn 
7850, D3 js 
7850, Leaflet / Folium 
7850, Plotly / Plotly Express 
7850, Matplotlib 
7850, Ggplot / ggplot2 
7852, Seaborn 
7852, Matplotlib 
7853, Seaborn 
7853, Plotly / Plotly Express 
7853, Matplotlib 
7853, D3 js 
7856,Other
7856, Plotly / Plotly Express 
7856, Seaborn 
7856, Ggplot / ggplot2 
7856, Matplotlib 
7857, Matplotlib 
7857, Ggplot / ggplot2 
7857, Seaborn 
7857, Plotly / Plotly Express 
7858, D3 js 
7858, Altair 
7859, Seaborn 
7859, Matplotlib 
7860, Seaborn 
7860, Matplotlib 
7861, Matplotlib 
7862, Matplotlib 
7862, Plotly / Plotly Express 
7862, Seaborn 
7862, Bokeh 
7862, Ggplot / ggplot2 
7865, Plotly / Plotly Express 
7865, Seaborn 
7867, Matplotlib 
7867, Plotly / Plotly Express 
7867, Seaborn 
7869, Seaborn 
7870, Seaborn 
7870, Matplotlib 
7872, Ggplot / ggplot2 
7872, Seaborn 
7872, Matplotlib 
7872, Plotly / Plotly Express 
7874, Matplotlib 
7876, Seaborn 
7876, Matplotlib 
7876, Ggplot / ggplot2 
7877, Seaborn 
7877, Matplotlib 
7878, Matplotlib 
7879, Matplotlib 
7879, Seaborn 
7881, Plotly / Plotly Express 
7881, Matplotlib 
7881, Geoplotlib 
7881, Seaborn 
7883, Seaborn 
7883, Matplotlib 
7885, Bokeh 
7885, Seaborn 
7885, Geoplotlib 
7885, Leaflet / Folium 
7885, Matplotlib 
7885, Ggplot / ggplot2 
7886, Plotly / Plotly Express 
7886, Seaborn 
7886, Matplotlib 
7890, Seaborn 
7890, Matplotlib 
7891, Geoplotlib 
7891, Matplotlib 
7891, Ggplot / ggplot2 
7891, Bokeh 
7891, Altair 
7891, Seaborn 
7893,Other
7894, Seaborn 
7894, Matplotlib 
7895, Matplotlib 
7895, Seaborn 
7897, Matplotlib 
7898, Geoplotlib 
7898, Seaborn 
7898, Matplotlib 
7899, Matplotlib 
7899, Plotly / Plotly Express 
7903, Matplotlib 
7904, Matplotlib 
7905,Other
7906, Bokeh 
7906, Pygal 
7906, Matplotlib 
7906, Seaborn 
7906, Ggplot / ggplot2 
7906, Plotly / Plotly Express 
7906, D3 js 
7907, Seaborn 
7907, Matplotlib 
7908, Ggplot / ggplot2 
7909, Plotly / Plotly Express 
7909, Seaborn 
7909, Ggplot / ggplot2 
7909, Matplotlib 
7910, Matplotlib 
7910, Ggplot / ggplot2 
7911, Seaborn 
7912, Plotly / Plotly Express 
7912, Seaborn 
7912, Matplotlib 
7913, Leaflet / Folium 
7913, Geoplotlib 
7913, Plotly / Plotly Express 
7913, Seaborn 
7913, Ggplot / ggplot2 
7913, Matplotlib 
7914, Seaborn 
7914, Matplotlib 
7914, Plotly / Plotly Express 
7914,Other
7915, Plotly / Plotly Express 
7915, Matplotlib 
7915, Seaborn 
7916, Seaborn 
7916, Matplotlib 
7917, Matplotlib 
7917, Seaborn 
7917, Plotly / Plotly Express 
7918,Other
7919, Seaborn 
7919, Matplotlib 
7920, Matplotlib 
7921, Ggplot / ggplot2 
7921, Shiny 
7922, Matplotlib 
7922, Seaborn 
7924, Matplotlib 
7925, Matplotlib 
7925, Seaborn 
7926,Other
7927, Matplotlib 
7927, Seaborn 
7928, D3 js 
7929, Matplotlib 
7930, Ggplot / ggplot2 
7931, Matplotlib 
7933, Matplotlib 
7935, Plotly / Plotly Express 
7935, Highcharter 
7935, Matplotlib 
7935, Seaborn 
7937, Matplotlib 
7938, Seaborn 
7938, Matplotlib 
7940, Seaborn 
7940, Matplotlib 
7940, Ggplot / ggplot2 
7940, Geoplotlib 
7941, Seaborn 
7941, Matplotlib 
7941, Plotly / Plotly Express 
7943,Other
7944, Seaborn 
7944, Plotly / Plotly Express 
7944, Matplotlib 
7944, Bokeh 
7945, Matplotlib 
7945, Seaborn 
7945, Plotly / Plotly Express 
7947, Matplotlib 
7948, Seaborn 
7948, Matplotlib 
7949, Matplotlib 
7949, Seaborn 
7950, Seaborn 
7950, Matplotlib 
7952, Shiny 
7952, Seaborn 
7952, Ggplot / ggplot2 
7953, Matplotlib 
7953, Seaborn 
7956, Seaborn 
7956, Matplotlib 
7958, Matplotlib 
7958, Seaborn 
7961, Matplotlib 
7961, Ggplot / ggplot2 
7961, Seaborn 
7963, Seaborn 
7963, Shiny 
7963, Plotly / Plotly Express 
7963, Ggplot / ggplot2 
7963, Bokeh 
7963, Matplotlib 
7964, Matplotlib 
7970, Plotly / Plotly Express 
7970, Matplotlib 
7970, Seaborn 
7972, Pygal 
7973, Matplotlib 
7973, Seaborn 
7974, Matplotlib 
7974, Ggplot / ggplot2 
7974, Pygal 
7975, Bokeh 
7975, Matplotlib 
7975, Seaborn 
7976, Matplotlib 
7977, Ggplot / ggplot2 
7977, Matplotlib 
7977, Seaborn 
7977, Shiny 
7977, Plotly / Plotly Express 
7979, Seaborn 
7979, Matplotlib 
7980, Matplotlib 
7980, D3 js 
7982, Seaborn 
7982, Plotly / Plotly Express 
7983, Matplotlib 
7985, Seaborn 
7985, Matplotlib 
7986, Seaborn 
7986, Plotly / Plotly Express 
7986, Matplotlib 
7987, Matplotlib 
7987, Seaborn 
7989, Plotly / Plotly Express 
7989, Matplotlib 
7990, Matplotlib 
7990, Seaborn 
7991, Matplotlib 
7991, Plotly / Plotly Express 
7991, Seaborn 
7994, Seaborn 
7996, Ggplot / ggplot2 
7996, Matplotlib 
7998, Matplotlib 
7998, Pygal 
8001, Seaborn 
8001, Matplotlib 
8002, Matplotlib 
8003, Matplotlib 
8003, Plotly / Plotly Express 
8003, Seaborn 
8003, Ggplot / ggplot2 
8004, Ggplot / ggplot2 
8004, Seaborn 
8004, Plotly / Plotly Express 
8004, Matplotlib 
8004,Other
8006, Matplotlib 
8006, Geoplotlib 
8007, Seaborn 
8007, Matplotlib 
8009,Other
8009, Matplotlib 
8009, Seaborn 
8011, Seaborn 
8011, Matplotlib 
8012, Matplotlib 
8012, Ggplot / ggplot2 
8013, Matplotlib 
8015, Matplotlib 
8016, Matplotlib 
8016, Seaborn 
8016, Plotly / Plotly Express 
8017, Plotly / Plotly Express 
8017, Matplotlib 
8017, Seaborn 
8018, Matplotlib 
8019, Seaborn 
8019, Matplotlib 
8020, Matplotlib 
8020, Ggplot / ggplot2 
8022, Matplotlib 
8024, Matplotlib 
8025, Seaborn 
8025, Matplotlib 
8027, Matplotlib 
8027, Seaborn 
8028, Bokeh 
8028, Matplotlib 
8028, Plotly / Plotly Express 
8028, Seaborn 
8029, Matplotlib 
8029, Seaborn 
8029, Leaflet / Folium 
8029, Plotly / Plotly Express 
8030, Plotly / Plotly Express 
8030, Matplotlib 
8032, Plotly / Plotly Express 
8032, Seaborn 
8032, Matplotlib 
8034, Seaborn 
8034, Ggplot / ggplot2 
8034, Matplotlib 
8034, Plotly / Plotly Express 
8034, Geoplotlib 
8034, Pygal 
8034, Dygraphs 
8035, Matplotlib 
8035, Shiny 
8036, Ggplot / ggplot2 
8036, Matplotlib 
8036, Seaborn 
8036, Bokeh 
8036, D3 js 
8036, Plotly / Plotly Express 
8038, Matplotlib 
8038, Ggplot / ggplot2 
8038, Seaborn 
8039, Seaborn 
8039, Matplotlib 
8040, Seaborn 
8040, Ggplot / ggplot2 
8040, Matplotlib 
8041, Matplotlib 
8043, Shiny 
8043, Matplotlib 
8043, Seaborn 
8043, Plotly / Plotly Express 
8043, Ggplot / ggplot2 
8048, Seaborn 
8048, Plotly / Plotly Express 
8048, Matplotlib 
8049, Matplotlib 
8050, Geoplotlib 
8050, Matplotlib 
8050, Seaborn 
8051,Other
8052, Matplotlib 
8053, Matplotlib 
8053, Ggplot / ggplot2 
8054, Matplotlib 
8054, Seaborn 
8056, Dygraphs 
8056, Plotly / Plotly Express 
8056, Matplotlib 
8057, Matplotlib 
8057, Seaborn 
8059, Matplotlib 
8059, Ggplot / ggplot2 
8059, Seaborn 
8060, Matplotlib 
8060, Seaborn 
8061, Leaflet / Folium 
8061, Matplotlib 
8061, Bokeh 
8062, Seaborn 
8062, Matplotlib 
8063, Matplotlib 
8063, Seaborn 
8064, Matplotlib 
8065, Ggplot / ggplot2 
8065, Matplotlib 
8065, Seaborn 
8065, Geoplotlib 
8066, Seaborn 
8066, Matplotlib 
8067, Matplotlib 
8068, Matplotlib 
8068, Plotly / Plotly Express 
8068, Seaborn 
8068, D3 js 
8069, Seaborn 
8069, Matplotlib 
8069, Plotly / Plotly Express 
8070, Geoplotlib 
8070, Ggplot / ggplot2 
8070, Matplotlib 
8070, Seaborn 
8071, Seaborn 
8071, Matplotlib 
8071, Plotly / Plotly Express 
8078, Ggplot / ggplot2 
8078, Plotly / Plotly Express 
8079, Matplotlib 
8079, Seaborn 
8080, Ggplot / ggplot2 
8080, Matplotlib 
8080, Seaborn 
8081, Plotly / Plotly Express 
8081, Ggplot / ggplot2 
8081, Geoplotlib 
8081, Matplotlib 
8082, Bokeh 
8084, Seaborn 
8085, Matplotlib 
8085, Seaborn 
8085, Plotly / Plotly Express 
8085, Bokeh 
8087, Matplotlib 
8087, Seaborn 
8087, Plotly / Plotly Express 
8088, Matplotlib 
8088, Plotly / Plotly Express 
8088, Ggplot / ggplot2 
8089, Matplotlib 
8090, Matplotlib 
8090, Plotly / Plotly Express 
8090, Seaborn 
8091, Seaborn 
8091, Matplotlib 
8092, Ggplot / ggplot2 
8092, Shiny 
8092, Bokeh 
8092, Matplotlib 
8092, Seaborn 
8092, Plotly / Plotly Express 
8093, Matplotlib 
8094, Matplotlib 
8094, Shiny 
8094, Ggplot / ggplot2 
8096, Matplotlib 
8097, Matplotlib 
8100, Matplotlib 
8100, Seaborn 
8101, Seaborn 
8101, Matplotlib 
8104, Seaborn 
8104, Matplotlib 
8106, Matplotlib 
8106, Seaborn 
8106, Plotly / Plotly Express 
8106, Shiny 
8107, Seaborn 
8107, Matplotlib 
8108, Matplotlib 
8108, Seaborn 
8109, Plotly / Plotly Express 
8109, Seaborn 
8109, Matplotlib 
8110, Ggplot / ggplot2 
8113, Matplotlib 
8113, Seaborn 
8114,Other
8116, Plotly / Plotly Express 
8116, Seaborn 
8116, Matplotlib 
8117, Seaborn 
8117, Matplotlib 
8117, Plotly / Plotly Express 
8118, Seaborn 
8118, Matplotlib 
8119, Matplotlib 
8119, Seaborn 
8120, Matplotlib 
8121, Plotly / Plotly Express 
8121, Matplotlib 
8121, Seaborn 
8122, Pygal 
8122, Dygraphs 
8122, Ggplot / ggplot2 
8122, Matplotlib 
8124, Seaborn 
8124, Matplotlib 
8125, Geoplotlib 
8125, Seaborn 
8125, Matplotlib 
8125, Ggplot / ggplot2 
8126, Matplotlib 
8126, Plotly / Plotly Express 
8126, Seaborn 
8127, Ggplot / ggplot2 
8127, Matplotlib 
8127, Shiny 
8127, Plotly / Plotly Express 
8127, Seaborn 
8129, Matplotlib 
8129, Seaborn 
8129, Plotly / Plotly Express 
8130, Plotly / Plotly Express 
8130, Seaborn 
8130, Matplotlib 
8131, Matplotlib 
8133, Seaborn 
8133, Matplotlib 
8136, Matplotlib 
8137, Plotly / Plotly Express 
8137, Seaborn 
8137, Matplotlib 
8140, Seaborn 
8140, Plotly / Plotly Express 
8140, Bokeh 
8140, Matplotlib 
8141, Leaflet / Folium 
8141, Geoplotlib 
8141, Dygraphs 
8141, Matplotlib 
8141, Pygal 
8142, Matplotlib 
8142, Seaborn 
8143, Matplotlib 
8144, Geoplotlib 
8147, Matplotlib 
8147, Seaborn 
8148, Matplotlib 
8148, Seaborn 
8150, Matplotlib 
8150, Seaborn 
8150, Plotly / Plotly Express 
8152, Matplotlib 
8152, Seaborn 
8154, Leaflet / Folium 
8154, Plotly / Plotly Express 
8154, Matplotlib 
8155, Ggplot / ggplot2 
8156, Matplotlib 
8156, Seaborn 
8157, Matplotlib 
8157, Ggplot / ggplot2 
8157, Shiny 
8159, Seaborn 
8159, Matplotlib 
8159, Plotly / Plotly Express 
8161, Matplotlib 
8163, Matplotlib 
8164, Ggplot / ggplot2 
8164, Matplotlib 
8164, Plotly / Plotly Express 
8164, Seaborn 
8164, Geoplotlib 
8164, Shiny 
8165, Matplotlib 
8166, Matplotlib 
8166, Plotly / Plotly Express 
8166, Seaborn 
8168, Seaborn 
8168, Matplotlib 
8168, Ggplot / ggplot2 
8169, Seaborn 
8169, Matplotlib 
8170, Seaborn 
8170, Matplotlib 
8171, Plotly / Plotly Express 
8171, Seaborn 
8171, Matplotlib 
8172, Matplotlib 
8172, Seaborn 
8173, Geoplotlib 
8173, Matplotlib 
8173, Plotly / Plotly Express 
8177,Other
8177, Matplotlib 
8177, Seaborn 
8181, Seaborn 
8181, Matplotlib 
8181, Plotly / Plotly Express 
8183, Matplotlib 
8184, Seaborn 
8184, Matplotlib 
8185, Matplotlib 
8186, Seaborn 
8186, Matplotlib 
8186, Ggplot / ggplot2 
8187, Seaborn 
8187, Matplotlib 
8188, Ggplot / ggplot2 
8188, Matplotlib 
8188, Seaborn 
8191, Matplotlib 
8191, Plotly / Plotly Express 
8191, Seaborn 
8192, Seaborn 
8192, Plotly / Plotly Express 
8192, Matplotlib 
8193, Plotly / Plotly Express 
8193, Matplotlib 
8193, Seaborn 
8193, Ggplot / ggplot2 
8194, Matplotlib 
8194, Seaborn 
8195, Plotly / Plotly Express 
8195, Seaborn 
8195, Matplotlib 
8196,Other
8196, Matplotlib 
8196, Seaborn 
8197, Geoplotlib 
8197, Dygraphs 
8197, Ggplot / ggplot2 
8197, Plotly / Plotly Express 
8197, Pygal 
8197, Seaborn 
8197, Matplotlib 
8197, Highcharter 
8199, Plotly / Plotly Express 
8199, Matplotlib 
8199, Altair 
8200, Matplotlib 
8200, Seaborn 
8201, Matplotlib 
8203, Plotly / Plotly Express 
8203, Matplotlib 
8203, Seaborn 
8204, Seaborn 
8204, Matplotlib 
8204, Plotly / Plotly Express 
8204, Ggplot / ggplot2 
8204, Shiny 
8205, Matplotlib 
8207, Seaborn 
8207, Matplotlib 
8208, Ggplot / ggplot2 
8208, Plotly / Plotly Express 
8208, Seaborn 
8208, Matplotlib 
8209, Altair 
8209, Matplotlib 
8209, Seaborn 
8210, Seaborn 
8210, Bokeh 
8210, Geoplotlib 
8210, Shiny 
8210, Matplotlib 
8211, Matplotlib 
8211, Seaborn 
8211, Plotly / Plotly Express 
8212, Geoplotlib 
8212, Bokeh 
8212, Matplotlib 
8212, Seaborn 
8212, Ggplot / ggplot2 
8212, Plotly / Plotly Express 
8213, Seaborn 
8213, Matplotlib 
8214, Matplotlib 
8214, Seaborn 
8217, Seaborn 
8217, Shiny 
8217, Geoplotlib 
8217, Ggplot / ggplot2 
8218, Seaborn 
8218, Matplotlib 
8219, Ggplot / ggplot2 
8219, Matplotlib 
8219, Seaborn 
8219, Plotly / Plotly Express 
8220, Matplotlib 
8220, Seaborn 
8221, Matplotlib 
8222, Matplotlib 
8222, Seaborn 
8222, Geoplotlib 
8222, Ggplot / ggplot2 
8222, Plotly / Plotly Express 
8223, Plotly / Plotly Express 
8223, Ggplot / ggplot2 
8224, Seaborn 
8224, Matplotlib 
8227, Geoplotlib 
8227, Matplotlib 
8227, Seaborn 
8227, Ggplot / ggplot2 
8228, Matplotlib 
8228, Plotly / Plotly Express 
8228, Seaborn 
8229, Pygal 
8230, Seaborn 
8230, Pygal 
8230, Geoplotlib 
8230, Dygraphs 
8230, Matplotlib 
8231, Seaborn 
8231, Matplotlib 
8232, Ggplot / ggplot2 
8234, Leaflet / Folium 
8234, D3 js 
8234, Matplotlib 
8234, Seaborn 
8234, Bokeh 
8235, Matplotlib 
8237, Seaborn 
8237, Matplotlib 
8238, Matplotlib 
8238, Seaborn 
8239, Matplotlib 
8239, Seaborn 
8239, Ggplot / ggplot2 
8240, Seaborn 
8240, Matplotlib 
8240, Plotly / Plotly Express 
8242, Bokeh 
8242, Seaborn 
8242, Geoplotlib 
8242, Ggplot / ggplot2 
8242, Matplotlib 
8242, Plotly / Plotly Express 
8243, Matplotlib 
8244, Matplotlib 
8245, Seaborn 
8245, D3 js 
8245, Matplotlib 
8247, Matplotlib 
8247, Seaborn 
8248, Matplotlib 
8248, Seaborn 
8250, Seaborn 
8250, Matplotlib 
8253, Matplotlib 
8257, Seaborn 
8257, Matplotlib 
8257, Plotly / Plotly Express 
8258, Matplotlib 
8258, Seaborn 
8259, Ggplot / ggplot2 
8259, Matplotlib 
8259, Seaborn 
8259, Plotly / Plotly Express 
8259, Geoplotlib 
8260, Seaborn 
8260, Shiny 
8260, Bokeh 
8260, Matplotlib 
8260, Ggplot / ggplot2 
8262, Matplotlib 
8262, Ggplot / ggplot2 
8263, Matplotlib 
8263, Seaborn 
8263, Plotly / Plotly Express 
8264, Matplotlib 
8265, Seaborn 
8265, Matplotlib 
8266, Matplotlib 
8267, Plotly / Plotly Express 
8267, Seaborn 
8267, Ggplot / ggplot2 
8267, Matplotlib 
8268, Matplotlib 
8268, Ggplot / ggplot2 
8268, Plotly / Plotly Express 
8268, Shiny 
8270,Other
8275, Matplotlib 
8275, Seaborn 
8276, Seaborn 
8276, Matplotlib 
8278, Seaborn 
8278, Matplotlib 
8280, Matplotlib 
8282, Ggplot / ggplot2 
8282, Matplotlib 
8282, Plotly / Plotly Express 
8282, Shiny 
8285, Matplotlib 
8285, Seaborn 
8286, Ggplot / ggplot2 
8286, Plotly / Plotly Express 
8286, Matplotlib 
8286, Seaborn 
8286, Shiny 
8286, Bokeh 
8287, Seaborn 
8287, Matplotlib 
8287, Ggplot / ggplot2 
8289, Seaborn 
8289, Matplotlib 
8291, Seaborn 
8291, Matplotlib 
8292, Matplotlib 
8294, Ggplot / ggplot2 
8294, Shiny 
8298, Shiny 
8298, Bokeh 
8298, Matplotlib 
8298, Ggplot / ggplot2 
8298, D3 js 
8298, Plotly / Plotly Express 
8298, Seaborn 
8301, Plotly / Plotly Express 
8301, Matplotlib 
8301, Seaborn 
8301, Shiny 
8303, Matplotlib 
8303, Seaborn 
8305, Seaborn 
8305, D3 js 
8305, Matplotlib 
8306, Matplotlib 
8306, Seaborn 
8307, Seaborn 
8307, Matplotlib 
8307, Geoplotlib 
8307, Pygal 
8307, Plotly / Plotly Express 
8307, Leaflet / Folium 
8307, D3 js 
8307, Altair 
8307, Shiny 
8307, Ggplot / ggplot2 
8312,Other
8313, Seaborn 
8313, Matplotlib 
8313, Ggplot / ggplot2 
8317, Dygraphs 
8317, Pygal 
8318, Plotly / Plotly Express 
8319, Plotly / Plotly Express 
8319, Seaborn 
8319, Matplotlib 
8320, Bokeh 
8321, Plotly / Plotly Express 
8321, Seaborn 
8321, Matplotlib 
8323, Seaborn 
8324, Ggplot / ggplot2 
8326, Matplotlib 
8326, Seaborn 
8327,Other
8327, Matplotlib 
8327, Seaborn 
8328, Seaborn 
8328, Matplotlib 
8330, Plotly / Plotly Express 
8330, Matplotlib 
8332, Matplotlib 
8332, Plotly / Plotly Express 
8332, Seaborn 
8335, Seaborn 
8335, Matplotlib 
8336, Shiny 
8336, Ggplot / ggplot2 
8340, Seaborn 
8340, Matplotlib 
8342, Matplotlib 
8344, Matplotlib 
8344, Seaborn 
8345, Matplotlib 
8346, Ggplot / ggplot2 
8349, Seaborn 
8349, Matplotlib 
8351, Seaborn 
8351, Matplotlib 
8351, Ggplot / ggplot2 
8352, Seaborn 
8352, Matplotlib 
8352, Plotly / Plotly Express 
8354, Shiny 
8354, Ggplot / ggplot2 
8354, Plotly / Plotly Express 
8354, Matplotlib 
8355, Seaborn 
8355, Matplotlib 
8355, D3 js 
8357, Matplotlib 
8360, Seaborn 
8360, Matplotlib 
8361, Plotly / Plotly Express 
8361, Ggplot / ggplot2 
8361, Matplotlib 
8362, Seaborn 
8362, Matplotlib 
8363, Leaflet / Folium 
8363, Seaborn 
8363, Plotly / Plotly Express 
8363, Matplotlib 
8364, Ggplot / ggplot2 
8364, Plotly / Plotly Express 
8364, Matplotlib 
8364, Seaborn 
8365, Plotly / Plotly Express 
8365, Ggplot / ggplot2 
8365, Seaborn 
8365, Matplotlib 
8367, Leaflet / Folium 
8368, Matplotlib 
8368, D3 js 
8368, Ggplot / ggplot2 
8368, Plotly / Plotly Express 
8369, Shiny 
8369, Matplotlib 
8369, Ggplot / ggplot2 
8369, Leaflet / Folium 
8369, D3 js 
8370, Plotly / Plotly Express 
8370, Geoplotlib 
8370, Ggplot / ggplot2 
8370, Matplotlib 
8371, Plotly / Plotly Express 
8371, Ggplot / ggplot2 
8371, Seaborn 
8371, Matplotlib 
8374, Seaborn 
8376, Seaborn 
8376, Plotly / Plotly Express 
8377, Bokeh 
8377, Seaborn 
8377, Matplotlib 
8377, Plotly / Plotly Express 
8378, Matplotlib 
8378, Seaborn 
8381, Matplotlib 
8383, Matplotlib 
8383, Seaborn 
8384, Seaborn 
8384, Matplotlib 
8385, Matplotlib 
8385, Seaborn 
8385, Ggplot / ggplot2 
8389, Matplotlib 
8389, Seaborn 
8390, Matplotlib 
8390, Geoplotlib 
8390, Seaborn 
8391, Ggplot / ggplot2 
8391, Plotly / Plotly Express 
8391, Seaborn 
8391, Matplotlib 
8393, Matplotlib 
8394, Seaborn 
8394, Matplotlib 
8396, Matplotlib 
8398, Ggplot / ggplot2 
8400, Matplotlib 
8402, Matplotlib 
8402, Seaborn 
8403, Seaborn 
8403, Matplotlib 
8404, Ggplot / ggplot2 
8404, Matplotlib 
8404, Seaborn 
8405, Matplotlib 
8405, D3 js 
8405, Seaborn 
8407, Shiny 
8407, Ggplot / ggplot2 
8407, Plotly / Plotly Express 
8408, Ggplot / ggplot2 
8408, Seaborn 
8408, Matplotlib 
8409, Matplotlib 
8409, Seaborn 
8410, Seaborn 
8410, Matplotlib 
8411, Matplotlib 
8411, Seaborn 
8412, Matplotlib 
8413, Matplotlib 
8413, Ggplot / ggplot2 
8415, Matplotlib 
8416, Matplotlib 
8416, Seaborn 
8417, Matplotlib 
8417, Bokeh 
8417, Leaflet / Folium 
8417, Seaborn 
8417, D3 js 
8419, D3 js 
8419, Seaborn 
8419, Matplotlib 
8422, D3 js 
8422, Matplotlib 
8423,Other
8424,Other
8424, Matplotlib 
8424, Ggplot / ggplot2 
8425, Leaflet / Folium 
8425, D3 js 
8425, Seaborn 
8425, Matplotlib 
8425, Altair 
8426, Matplotlib 
8426, Seaborn 
8427, Matplotlib 
8429, Seaborn 
8429, Matplotlib 
8430, Seaborn 
8430, Plotly / Plotly Express 
8430, Matplotlib 
8430,Other
8431, Matplotlib 
8431, Ggplot / ggplot2 
8431, Seaborn 
8431, Plotly / Plotly Express 
8431, Shiny 
8431, Leaflet / Folium 
8432, Matplotlib 
8434, Matplotlib 
8434, Plotly / Plotly Express 
8434, Seaborn 
8435, Matplotlib 
8435, Geoplotlib 
8435, Ggplot / ggplot2 
8435, Seaborn 
8436, Ggplot / ggplot2 
8436, Seaborn 
8436, Matplotlib 
8436, Geoplotlib 
8438, Ggplot / ggplot2 
8438, Matplotlib 
8438, Seaborn 
8439, Matplotlib 
8439, Plotly / Plotly Express 
8439, Seaborn 
8440, Seaborn 
8443, D3 js 
8445, Shiny 
8445, Matplotlib 
8445, Ggplot / ggplot2 
8446, Matplotlib 
8448, Seaborn 
8448, Matplotlib 
8449, Matplotlib 
8449, Ggplot / ggplot2 
8449, Bokeh 
8449, Seaborn 
8449, Plotly / Plotly Express 
8451, Seaborn 
8451, Matplotlib 
8451, Geoplotlib 
8451, Ggplot / ggplot2 
8451, Dygraphs 
8451, Highcharter 
8451, Plotly / Plotly Express 
8454,Other
8456, Highcharter 
8457, Matplotlib 
8457, Seaborn 
8459, Matplotlib 
8459, Ggplot / ggplot2 
8459, Seaborn 
8463, Seaborn 
8463, Matplotlib 
8464, Plotly / Plotly Express 
8464, Matplotlib 
8468, Seaborn 
8468, Matplotlib 
8469, Matplotlib 
8469, Seaborn 
8470, Matplotlib 
8470, Plotly / Plotly Express 
8470, Geoplotlib 
8470, Seaborn 
8471, Matplotlib 
8471, Seaborn 
8472, Matplotlib 
8472, Ggplot / ggplot2 
8473, Seaborn 
8473, Matplotlib 
8474, Plotly / Plotly Express 
8474, Seaborn 
8474, Matplotlib 
8476, Matplotlib 
8476, Ggplot / ggplot2 
8476, Plotly / Plotly Express 
8476, Leaflet / Folium 
8476, Seaborn 
8477, Ggplot / ggplot2 
8477, Matplotlib 
8477, Seaborn 
8477, Bokeh 
8478, Seaborn 
8478, Matplotlib 
8480, Matplotlib 
8480, Seaborn 
8481, Matplotlib 
8482,Other
8483, Seaborn 
8483, Matplotlib 
8484, Seaborn 
8484, Plotly / Plotly Express 
8484, Matplotlib 
8485, Matplotlib 
8485, Seaborn 
8486, Seaborn 
8486, Matplotlib 
8488,Other
8489, Ggplot / ggplot2 
8489, Seaborn 
8489, Plotly / Plotly Express 
8489, Matplotlib 
8492, Shiny 
8492, Matplotlib 
8492, Seaborn 
8492, Geoplotlib 
8492, Ggplot / ggplot2 
8495, Seaborn 
8495, Matplotlib 
8499, Seaborn 
8499, D3 js 
8499, Ggplot / ggplot2 
8499, Shiny 
8501, Plotly / Plotly Express 
8501, Leaflet / Folium 
8501, Matplotlib 
8501, Ggplot / ggplot2 
8501, Shiny 
8501, Seaborn 
8502, Seaborn 
8502, Matplotlib 
8502, Ggplot / ggplot2 
8506, Seaborn 
8506, Bokeh 
8506, Ggplot / ggplot2 
8506, Matplotlib 
8507, Matplotlib 
8507, Plotly / Plotly Express 
8507, Bokeh 
8507, Leaflet / Folium 
8507, Seaborn 
8507, Shiny 
8508, Matplotlib 
8511, Matplotlib 
8512, Matplotlib 
8512, Ggplot / ggplot2 
8512, Seaborn 
8513, Seaborn 
8513, Matplotlib 
8514, Ggplot / ggplot2 
8514, Matplotlib 
8514, Plotly / Plotly Express 
8514, Seaborn 
8515, Matplotlib 
8515, Seaborn 
8516, Matplotlib 
8517, Bokeh 
8517, Ggplot / ggplot2 
8517, Geoplotlib 
8518, Seaborn 
8518, Matplotlib 
8519, Seaborn 
8519, Matplotlib 
8519, Geoplotlib 
8519, Ggplot / ggplot2 
8520, Seaborn 
8520, Ggplot / ggplot2 
8520, Shiny 
8520, Plotly / Plotly Express 
8520, Matplotlib 
8521, Plotly / Plotly Express 
8523, Matplotlib 
8524, Matplotlib 
8525, Ggplot / ggplot2 
8525, Seaborn 
8525, Matplotlib 
8526, Plotly / Plotly Express 
8526,Other
8526, Ggplot / ggplot2 
8526, Seaborn 
8526, Matplotlib 
8528, Seaborn 
8528, Matplotlib 
8529, Seaborn 
8529, Matplotlib 
8529, Geoplotlib 
8530, Matplotlib 
8531, Seaborn 
8531, Plotly / Plotly Express 
8531, Matplotlib 
8531, Ggplot / ggplot2 
8533, Matplotlib 
8533, Seaborn 
8535, Seaborn 
8535, Matplotlib 
8535, Plotly / Plotly Express 
8536, Ggplot / ggplot2 
8538, Matplotlib 
8538, Seaborn 
8542, Seaborn 
8542,Other
8542, Matplotlib 
8543, Bokeh 
8543, Matplotlib 
8543, Seaborn 
8543, Shiny 
8543, Leaflet / Folium 
8543, Highcharter 
8543, Plotly / Plotly Express 
8543, D3 js 
8543, Dygraphs 
8543, Ggplot / ggplot2 
8544, Seaborn 
8544, Matplotlib 
8544, Pygal 
8545, Matplotlib 
8547, Bokeh 
8547, Matplotlib 
8547, Plotly / Plotly Express 
8547, Seaborn 
8548, Matplotlib 
8550, Plotly / Plotly Express 
8550, Matplotlib 
8550, Seaborn 
8555, Leaflet / Folium 
8555, Matplotlib 
8555, Seaborn 
8556, Matplotlib 
8556, Seaborn 
8559, Matplotlib 
8559, Shiny 
8559, Seaborn 
8561, Plotly / Plotly Express 
8563, Seaborn 
8563, Matplotlib 
8564, Ggplot / ggplot2 
8565,Other
8566, Seaborn 
8566, Matplotlib 
8567, Seaborn 
8567, Matplotlib 
8568, Matplotlib 
8568, Seaborn 
8569, Matplotlib 
8569, Shiny 
8569, Pygal 
8569, Dygraphs 
8569, Bokeh 
8569, Highcharter 
8569, Ggplot / ggplot2 
8569, Plotly / Plotly Express 
8569, Geoplotlib 
8569, Seaborn 
8570, Seaborn 
8570, Matplotlib 
8572, Matplotlib 
8572, Seaborn 
8573, Matplotlib 
8573, Seaborn 
8574, Matplotlib 
8574, Seaborn 
8576, Seaborn 
8576, Matplotlib 
8579,Other
8580,Other
8580, Seaborn 
8580, Matplotlib 
8581,Other
8581, Seaborn 
8581, Matplotlib 
8581, Bokeh 
8583, Seaborn 
8583, Matplotlib 
8584, Matplotlib 
8584, Seaborn 
8586, Seaborn 
8586, Matplotlib 
8587, Matplotlib 
8587, Plotly / Plotly Express 
8589, Seaborn 
8589, Matplotlib 
8591, Matplotlib 
8591, Seaborn 
8592, Matplotlib 
8592, Plotly / Plotly Express 
8592, Ggplot / ggplot2 
8592, Seaborn 
8592,Other
8595, Matplotlib 
8596, Matplotlib 
8596, Seaborn 
8597, Matplotlib 
8597, Seaborn 
8598, Seaborn 
8598, Matplotlib 
8599,Other
8600, Matplotlib 
8600, Seaborn 
8601, Matplotlib 
8601, Ggplot / ggplot2 
8602, Seaborn 
8602, Matplotlib 
8603, Ggplot / ggplot2 
8603, Seaborn 
8603, Matplotlib 
8604, Geoplotlib 
8604, Plotly / Plotly Express 
8604, Matplotlib 
8604, Seaborn 
8606, Seaborn 
8606, Matplotlib 
8607, Matplotlib 
8607, Seaborn 
8608, Seaborn 
8609, Matplotlib 
8610, Seaborn 
8610, Matplotlib 
8611, Matplotlib 
8613, Matplotlib 
8613, Plotly / Plotly Express 
8615, Matplotlib 
8615, Seaborn 
8618, Matplotlib 
8619, Matplotlib 
8620, Seaborn 
8620, Matplotlib 
8621, Matplotlib 
8621, Seaborn 
8621, Ggplot / ggplot2 
8621, D3 js 
8622, Ggplot / ggplot2 
8622, Matplotlib 
8623, Ggplot / ggplot2 
8624, Plotly / Plotly Express 
8624, Matplotlib 
8624, Seaborn 
8625, Matplotlib 
8625, Seaborn 
8626, Plotly / Plotly Express 
8626, Matplotlib 
8626, Seaborn 
8627, Plotly / Plotly Express 
8627, Seaborn 
8627, Matplotlib 
8628, Matplotlib 
8629, Ggplot / ggplot2 
8629, Matplotlib 
8630, Matplotlib 
8633, Matplotlib 
8634, Seaborn 
8634, Matplotlib 
8634, Plotly / Plotly Express 
8635, Seaborn 
8635, Matplotlib 
8637, Matplotlib 
8637, Seaborn 
8638, Seaborn 
8638, Ggplot / ggplot2 
8638, Geoplotlib 
8638, Matplotlib 
8640, Geoplotlib 
8640, Seaborn 
8640, Matplotlib 
8643, Seaborn 
8643, Plotly / Plotly Express 
8643, Matplotlib 
8645, Plotly / Plotly Express 
8645, Matplotlib 
8645, Ggplot / ggplot2 
8645, Seaborn 
8648, Seaborn 
8648, Matplotlib 
8649, Matplotlib 
8649, Seaborn 
8650, Matplotlib 
8650,Other
8650, Seaborn 
8651, Seaborn 
8651, Matplotlib 
8652, Ggplot / ggplot2 
8652, Seaborn 
8652, Matplotlib 
8653, Matplotlib 
8654,Other
8654, Matplotlib 
8654, Seaborn 
8655, Ggplot / ggplot2 
8655, Seaborn 
8655, Matplotlib 
8656, Shiny 
8656, Ggplot / ggplot2 
8656, Seaborn 
8656, Matplotlib 
8656, Plotly / Plotly Express 
8657, Seaborn 
8657, Matplotlib 
8657, Bokeh 
8658, Matplotlib 
8658, Seaborn 
8659, Plotly / Plotly Express 
8660, Plotly / Plotly Express 
8660, Seaborn 
8660, Matplotlib 
8662, Plotly / Plotly Express 
8662, Matplotlib 
8662, Seaborn 
8663, Seaborn 
8663, Matplotlib 
8663, Plotly / Plotly Express 
8663, Geoplotlib 
8663, Ggplot / ggplot2 
8664, Matplotlib 
8664, Seaborn 
8664, Ggplot / ggplot2 
8666, Seaborn 
8666, Matplotlib 
8670, Matplotlib 
8671, Matplotlib 
8671, Seaborn 
8672, Matplotlib 
8672, Seaborn 
8672, Plotly / Plotly Express 
8673, Seaborn 
8673, Matplotlib 
8674, Altair 
8674, Geoplotlib 
8674, D3 js 
8674, Ggplot / ggplot2 
8674, Plotly / Plotly Express 
8674, Matplotlib 
8676, D3 js 
8676, Ggplot / ggplot2 
8676, Plotly / Plotly Express 
8676, Leaflet / Folium 
8676, Seaborn 
8676, Matplotlib 
8676, Shiny 
8677, Shiny 
8677, Ggplot / ggplot2 
8678, Leaflet / Folium 
8678, Ggplot / ggplot2 
8678, Plotly / Plotly Express 
8678, Matplotlib 
8678, Geoplotlib 
8678, Seaborn 
8679, Matplotlib 
8679, Plotly / Plotly Express 
8679, Seaborn 
8680, Matplotlib 
8680, Plotly / Plotly Express 
8680, Seaborn 
8682, Matplotlib 
8682, Seaborn 
8682, Plotly / Plotly Express 
8683, Matplotlib 
8683, Seaborn 
8685, Seaborn 
8685, Matplotlib 
8687, Matplotlib 
8687, Plotly / Plotly Express 
8688, Matplotlib 
8689, Ggplot / ggplot2 
8689, Seaborn 
8689, Plotly / Plotly Express 
8691, Leaflet / Folium 
8692, Seaborn 
8692, Matplotlib 
8693, Geoplotlib 
8694, Matplotlib 
8694, Seaborn 
8695, Seaborn 
8695, Matplotlib 
8697, Matplotlib 
8698, Matplotlib 
8698, Seaborn 
8700, Plotly / Plotly Express 
8700, Matplotlib 
8703, Plotly / Plotly Express 
8703, Matplotlib 
8703, Seaborn 
8704, Geoplotlib 
8704, Bokeh 
8704, Plotly / Plotly Express 
8704, Seaborn 
8704, Matplotlib 
8705,Other
8706, Ggplot / ggplot2 
8706, Plotly / Plotly Express 
8706, Shiny 
8706, Matplotlib 
8706, Seaborn 
8707, Matplotlib 
8707, Seaborn 
8709, Matplotlib 
8709, Seaborn 
8710, Matplotlib 
8710, Seaborn 
8711, Ggplot / ggplot2 
8711, Seaborn 
8711, Matplotlib 
8711, Altair 
8711, Plotly / Plotly Express 
8713, Ggplot / ggplot2 
8718, Matplotlib 
8718, Seaborn 
8718, Plotly / Plotly Express 
8720, Matplotlib 
8720, Seaborn 
8720, Plotly / Plotly Express 
8721, Seaborn 
8721, Ggplot / ggplot2 
8721, Matplotlib 
8722, Matplotlib 
8722, Seaborn 
8723, Ggplot / ggplot2 
8725, Ggplot / ggplot2 
8725, Seaborn 
8725, Matplotlib 
8726, Matplotlib 
8726, Seaborn 
8727, Matplotlib 
8728, Ggplot / ggplot2 
8728, Shiny 
8728, Seaborn 
8729, Matplotlib 
8729, Seaborn 
8730, Matplotlib 
8730, Seaborn 
8732, Ggplot / ggplot2 
8732, Matplotlib 
8733, Matplotlib 
8734, Ggplot / ggplot2 
8735, Seaborn 
8735, Matplotlib 
8736, Seaborn 
8736, Matplotlib 
8738, Matplotlib 
8738, Plotly / Plotly Express 
8739, Matplotlib 
8739, Plotly / Plotly Express 
8739, Seaborn 
8740, Matplotlib 
8740, Seaborn 
8743, Matplotlib 
8744, Matplotlib 
8744, Seaborn 
8745, Matplotlib 
8745, Ggplot / ggplot2 
8746, Matplotlib 
8746, Seaborn 
8747, Seaborn 
8747, Matplotlib 
8750, Matplotlib 
8750, Seaborn 
8751, Seaborn 
8751, Matplotlib 
8753, Plotly / Plotly Express 
8754, Seaborn 
8754, Matplotlib 
8756, Seaborn 
8757, Matplotlib 
8758, Plotly / Plotly Express 
8758, Matplotlib 
8759, Geoplotlib 
8759, Matplotlib 
8760, Seaborn 
8761, Plotly / Plotly Express 
8761, Matplotlib 
8761, Seaborn 
8762, Matplotlib 
8763, Matplotlib 
8763, Seaborn 
8763,Other
8765, Matplotlib 
8765, Seaborn 
8768, Matplotlib 
8769,Other
8770, Plotly / Plotly Express 
8770, Shiny 
8770, Ggplot / ggplot2 
8770, Matplotlib 
8772, Seaborn 
8775, Shiny 
8775, Ggplot / ggplot2 
8775, Plotly / Plotly Express 
8775, Matplotlib 
8775, Seaborn 
8778, Seaborn 
8778, Geoplotlib 
8778, Matplotlib 
8784, Ggplot / ggplot2 
8784, Plotly / Plotly Express 
8784, Altair 
8784, Bokeh 
8784, Seaborn 
8784, Matplotlib 
8785,Other
8786, Plotly / Plotly Express 
8786, Matplotlib 
8786, Seaborn 
8787, Geoplotlib 
8787, Plotly / Plotly Express 
8787, Ggplot / ggplot2 
8787, Dygraphs 
8787, Shiny 
8787, Seaborn 
8787, Pygal 
8787, Leaflet / Folium 
8787, Matplotlib 
8787, Bokeh 
8788, Matplotlib 
8788, Plotly / Plotly Express 
8788, Seaborn 
8790, Ggplot / ggplot2 
8793, Matplotlib 
8795, Seaborn 
8795, Matplotlib 
8796, Ggplot / ggplot2 
8796, Shiny 
8797, Seaborn 
8797, Matplotlib 
8797, Plotly / Plotly Express 
8799, Seaborn 
8799, Plotly / Plotly Express 
8799, Matplotlib 
8800, Matplotlib 
8801, Seaborn 
8801, Matplotlib 
8802, Matplotlib 
8802, Plotly / Plotly Express 
8803, D3 js 
8804, Matplotlib 
8804, Ggplot / ggplot2 
8806, Matplotlib 
8807, Seaborn 
8807, Plotly / Plotly Express 
8807, Matplotlib 
8809, Matplotlib 
8809, Plotly / Plotly Express 
8810, Matplotlib 
8810, Seaborn 
8812, Matplotlib 
8813,Other
8815, Plotly / Plotly Express 
8815, Geoplotlib 
8815, Seaborn 
8815, Matplotlib 
8818, Matplotlib 
8818, Ggplot / ggplot2 
8818, Shiny 
8819, Seaborn 
8819, Matplotlib 
8820, Seaborn 
8820, Plotly / Plotly Express 
8820,Other
8822, Seaborn 
8822, Matplotlib 
8823, Ggplot / ggplot2 
8823, Seaborn 
8823, Matplotlib 
8825, Matplotlib 
8825, Seaborn 
8825, Plotly / Plotly Express 
8827, Matplotlib 
8827, Pygal 
8827, Dygraphs 
8827, Geoplotlib 
8828, Plotly / Plotly Express 
8828, Matplotlib 
8829, Ggplot / ggplot2 
8831, Plotly / Plotly Express 
8831, Seaborn 
8831, Matplotlib 
8835, Matplotlib 
8835, Seaborn 
8836, Ggplot / ggplot2 
8836, Matplotlib 
8838, Plotly / Plotly Express 
8838, Geoplotlib 
8838, Seaborn 
8838, Ggplot / ggplot2 
8838, Matplotlib 
8838, Bokeh 
8839, Bokeh 
8839, Pygal 
8839, Matplotlib 
8840, Bokeh 
8840, Matplotlib 
8840, Seaborn 
8841, Seaborn 
8841, Ggplot / ggplot2 
8841, Matplotlib 
8842, Matplotlib 
8842, Seaborn 
8845, Ggplot / ggplot2 
8845, Matplotlib 
8845, Leaflet / Folium 
8845, Plotly / Plotly Express 
8845, Geoplotlib 
8848, Plotly / Plotly Express 
8848, Seaborn 
8848, Matplotlib 
8849, Plotly / Plotly Express 
8849, Matplotlib 
8849, Seaborn 
8850, Geoplotlib 
8850, Seaborn 
8850, Plotly / Plotly Express 
8850, Bokeh 
8850, Matplotlib 
8851, Matplotlib 
8851, Ggplot / ggplot2 
8852, Matplotlib 
8853, Ggplot / ggplot2 
8853, Shiny 
8853, Seaborn 
8853, Bokeh 
8854, Matplotlib 
8854, Ggplot / ggplot2 
8854, Seaborn 
8855, Ggplot / ggplot2 
8857, Seaborn 
8857, Matplotlib 
8859,Other
8859, Seaborn 
8859, Matplotlib 
8860, D3 js 
8861, Plotly / Plotly Express 
8861, Pygal 
8861, Altair 
8861, Ggplot / ggplot2 
8862, Matplotlib 
8862, Seaborn 
8863, Shiny 
8863, Matplotlib 
8863, Bokeh 
8863, Ggplot / ggplot2 
8864, Matplotlib 
8864, Ggplot / ggplot2 
8864, Plotly / Plotly Express 
8864, Seaborn 
8865, Seaborn 
8865, Matplotlib 
8867, Plotly / Plotly Express 
8867, Matplotlib 
8867, Seaborn 
8867, Ggplot / ggplot2 
8868, Ggplot / ggplot2 
8870, Matplotlib 
8870, Ggplot / ggplot2 
8870, Seaborn 
8870, Plotly / Plotly Express 
8873, Matplotlib 
8873, Seaborn 
8875, Matplotlib 
8875, Ggplot / ggplot2 
8875, Bokeh 
8875, Plotly / Plotly Express 
8875, Seaborn 
8876, Matplotlib 
8877, Matplotlib 
8878, Matplotlib 
8878, Geoplotlib 
8878, Plotly / Plotly Express 
8878, Ggplot / ggplot2 
8878, Seaborn 
8878, Bokeh 
8878, Shiny 
8880, Plotly / Plotly Express 
8880, Seaborn 
8880, Matplotlib 
8882, Shiny 
8882, Matplotlib 
8882, Ggplot / ggplot2 
8882, Plotly / Plotly Express 
8883, Ggplot / ggplot2 
8883, Seaborn 
8883, Plotly / Plotly Express 
8883, D3 js 
8883, Leaflet / Folium 
8883, Shiny 
8883, Matplotlib 
8884, Pygal 
8885, Matplotlib 
8885, Plotly / Plotly Express 
8885, Seaborn 
8887, Matplotlib 
8888, Seaborn 
8888, Matplotlib 
8888, Plotly / Plotly Express 
8889, Seaborn 
8889, Matplotlib 
8889, Ggplot / ggplot2 
8890, Plotly / Plotly Express 
8890, Seaborn 
8890, Matplotlib 
8892, Plotly / Plotly Express 
8892, Matplotlib 
8894, Seaborn 
8894, Matplotlib 
8895, Matplotlib 
8897, Geoplotlib 
8897, Ggplot / ggplot2 
8897, Matplotlib 
8898, Matplotlib 
8898, Seaborn 
8899, Matplotlib 
8899, Seaborn 
8899, Bokeh 
8899, Geoplotlib 
8899, Plotly / Plotly Express 
8900, Altair 
8900, Matplotlib 
8900, Seaborn 
8900, Plotly / Plotly Express 
8901, Matplotlib 
8901, Geoplotlib 
8901, Plotly / Plotly Express 
8901, Ggplot / ggplot2 
8901, Seaborn 
8903, Matplotlib 
8905, Ggplot / ggplot2 
8905, D3 js 
8906, Matplotlib 
8907, Matplotlib 
8911, Seaborn 
8911, Matplotlib 
8913, Matplotlib 
8913, Seaborn 
8914, Matplotlib 
8915, Ggplot / ggplot2 
8915, Plotly / Plotly Express 
8915, Matplotlib 
8915, Seaborn 
8915, Shiny 
8916, Seaborn 
8916, Matplotlib 
8918, Matplotlib 
8918, Seaborn 
8919, Plotly / Plotly Express 
8919, Seaborn 
8919, Matplotlib 
8920, Ggplot / ggplot2 
8921, Matplotlib 
8921, Ggplot / ggplot2 
8921, Seaborn 
8923, Ggplot / ggplot2 
8923, Geoplotlib 
8923, Seaborn 
8923, Matplotlib 
8925, Matplotlib 
8926, Seaborn 
8926, Ggplot / ggplot2 
8926, Shiny 
8926, Matplotlib 
8929, Seaborn 
8929, Matplotlib 
8930, Matplotlib 
8930, Ggplot / ggplot2 
8930, Plotly / Plotly Express 
8930, Seaborn 
8931, Seaborn 
8931, Matplotlib 
8931, Ggplot / ggplot2 
8931, Geoplotlib 
8934, Plotly / Plotly Express 
8934, Seaborn 
8934, Leaflet / Folium 
8935, Matplotlib 
8936, Matplotlib 
8937, Seaborn 
8937, Matplotlib 
8938, Ggplot / ggplot2 
8939, Ggplot / ggplot2 
8939, Bokeh 
8939, Seaborn 
8939, Plotly / Plotly Express 
8939, Matplotlib 
8941, Ggplot / ggplot2 
8942, Matplotlib 
8942, Seaborn 
8944, Matplotlib 
8944, Ggplot / ggplot2 
8944, Shiny 
8944, Seaborn 
8944, Geoplotlib 
8944, D3 js 
8944, Plotly / Plotly Express 
8945, Matplotlib 
8946,Other
8947, Seaborn 
8947, Plotly / Plotly Express 
8947, Matplotlib 
8948, Plotly / Plotly Express 
8948, Matplotlib 
8948, Seaborn 
8949, Plotly / Plotly Express 
8949, Leaflet / Folium 
8949, Ggplot / ggplot2 
8949, Shiny 
8950, Matplotlib 
8950, Seaborn 
8951, Matplotlib 
8952, Matplotlib 
8954, Seaborn 
8954, Matplotlib 
8955, Matplotlib 
8955, Seaborn 
8958, Matplotlib 
8958, Plotly / Plotly Express 
8960, Seaborn 
8961, Seaborn 
8961, Shiny 
8961, Pygal 
8961, Matplotlib 
8962, Matplotlib 
8963, Matplotlib 
8963, Seaborn 
8963, Plotly / Plotly Express 
8964, Geoplotlib 
8964, Matplotlib 
8964, Seaborn 
8964, Plotly / Plotly Express 
8965, Matplotlib 
8971, Bokeh 
8971, Pygal 
8971, Ggplot / ggplot2 
8972, Seaborn 
8972, Ggplot / ggplot2 
8972, Matplotlib 
8973, Plotly / Plotly Express 
8973, Matplotlib 
8973, Seaborn 
8975, Seaborn 
8975, Plotly / Plotly Express 
8975, Matplotlib 
8977, Matplotlib 
8977, Shiny 
8977, Ggplot / ggplot2 
8978, Matplotlib 
8982, Ggplot / ggplot2 
8982, Plotly / Plotly Express 
8982, Bokeh 
8982, Matplotlib 
8982, Seaborn 
8983, Matplotlib 
8983, Seaborn 
8984, Matplotlib 
8984,Other
8987, Seaborn 
8987, Plotly / Plotly Express 
8987, Ggplot / ggplot2 
8987, Matplotlib 
8988, Matplotlib 
8989, Seaborn 
8990, Matplotlib 
8990, Seaborn 
8992, Plotly / Plotly Express 
8992, Seaborn 
8992, Matplotlib 
8994, Matplotlib 
8994, Ggplot / ggplot2 
8994, Plotly / Plotly Express 
8994, Seaborn 
8995, Matplotlib 
8997, Matplotlib 
8997,Other
8998, Highcharter 
8998, Shiny 
8998, Matplotlib 
8998, Ggplot / ggplot2 
8999, Matplotlib 
8999, Plotly / Plotly Express 
9000, Seaborn 
9000, Matplotlib 
9001, Seaborn 
9001, Plotly / Plotly Express 
9001, Matplotlib 
9005, Ggplot / ggplot2 
9007, Ggplot / ggplot2 
9007, Matplotlib 
9007, Plotly / Plotly Express 
9007, Seaborn 
9009, Matplotlib 
9010, Matplotlib 
9010, Seaborn 
9010, Plotly / Plotly Express 
9014, Seaborn 
9014, Matplotlib 
9016, Bokeh 
9016, Plotly / Plotly Express 
9016, Leaflet / Folium 
9016, Ggplot / ggplot2 
9016, Matplotlib 
9016, Seaborn 
9017, Matplotlib 
9017, Seaborn 
9017, Plotly / Plotly Express 
9017, Ggplot / ggplot2 
9021, Seaborn 
9021, Matplotlib 
9022, Ggplot / ggplot2 
9022, Matplotlib 
9022, Seaborn 
9022,Other
9023, Matplotlib 
9023, Seaborn 
9025, Ggplot / ggplot2 
9025, Seaborn 
9025, Bokeh 
9025, Altair 
9025, Plotly / Plotly Express 
9025, Matplotlib 
9027, Seaborn 
9027, Matplotlib 
9027, Ggplot / ggplot2 
9028, Matplotlib 
9028, Seaborn 
9029, Bokeh 
9029, Plotly / Plotly Express 
9029, Matplotlib 
9029, Seaborn 
9030, Matplotlib 
9030, Seaborn 
9031, Matplotlib 
9031, Seaborn 
9033,Other
9035, Plotly / Plotly Express 
9035, Matplotlib 
9035, Seaborn 
9037, Plotly / Plotly Express 
9038, Plotly / Plotly Express 
9038, Matplotlib 
9039, Matplotlib 
9039, Seaborn 
9040, Seaborn 
9040, Matplotlib 
9041, Matplotlib 
9041, Seaborn 
9042, Plotly / Plotly Express 
9042, Seaborn 
9042, Matplotlib 
9043, Matplotlib 
9043, Seaborn 
9044, Seaborn 
9044, Matplotlib 
9045, Matplotlib 
9045, Seaborn 
9046, Seaborn 
9046, Matplotlib 
9046, Geoplotlib 
9046, Ggplot / ggplot2 
9049, Matplotlib 
9049, Seaborn 
9050, Geoplotlib 
9050, Seaborn 
9050, Matplotlib 
9053, Matplotlib 
9053, Seaborn 
9055, Seaborn 
9055, Matplotlib 
9056, Altair 
9056, Matplotlib 
9056, Seaborn 
9056, Plotly / Plotly Express 
9056, Ggplot / ggplot2 
9057, Matplotlib 
9057, Seaborn 
9057, Geoplotlib 
9058, Seaborn 
9058, Matplotlib 
9059, Matplotlib 
9059, Seaborn 
9059, Plotly / Plotly Express 
9060, Matplotlib 
9060, Plotly / Plotly Express 
9060, Seaborn 
9061, Matplotlib 
9061, Seaborn 
9062, Seaborn 
9062, Matplotlib 
9064, Matplotlib 
9065, Matplotlib 
9065, Bokeh 
9065, Plotly / Plotly Express 
9065, Seaborn 
9065, Ggplot / ggplot2 
9066, Plotly / Plotly Express 
9066, Ggplot / ggplot2 
9066, Matplotlib 
9066, Seaborn 
9067, Matplotlib 
9069, Matplotlib 
9069, Seaborn 
9070, Matplotlib 
9070, Seaborn 
9071,Other
9072, Seaborn 
9072, Matplotlib 
9073, Ggplot / ggplot2 
9073, D3 js 
9073, Plotly / Plotly Express 
9074,Other
9075, Matplotlib 
9075, Plotly / Plotly Express 
9075, Seaborn 
9076, Matplotlib 
9077, Seaborn 
9077, Matplotlib 
9078, Matplotlib 
9079, Shiny 
9079, Matplotlib 
9079, Geoplotlib 
9079, Seaborn 
9079, Bokeh 
9079, Plotly / Plotly Express 
9079, Ggplot / ggplot2 
9080, Plotly / Plotly Express 
9080, Matplotlib 
9080, Seaborn 
9081, Matplotlib 
9083, Plotly / Plotly Express 
9083, Seaborn 
9084, Seaborn 
9084, Matplotlib 
9085, Shiny 
9085,Other
9086, Seaborn 
9086, Matplotlib 
9087,Other
9087, Seaborn 
9087, Matplotlib 
9087, Ggplot / ggplot2 
9089, Matplotlib 
9090, Plotly / Plotly Express 
9090, Matplotlib 
9090, D3 js 
9090, Geoplotlib 
9090, Seaborn 
9093, Matplotlib 
9093, Seaborn 
9093, Leaflet / Folium 
9096, Ggplot / ggplot2 
9096, Seaborn 
9096, Matplotlib 
9096, Plotly / Plotly Express 
9097, Matplotlib 
9097, Seaborn 
9098, Plotly / Plotly Express 
9098, Seaborn 
9098, Matplotlib 
9100, Shiny 
9100, Ggplot / ggplot2 
9101, Seaborn 
9101, Matplotlib 
9102, Matplotlib 
9102, Seaborn 
9103, Seaborn 
9103, Matplotlib 
9104, Seaborn 
9104, Matplotlib 
9106, Matplotlib 
9108, D3 js 
9108, Seaborn 
9108, Ggplot / ggplot2 
9110, Ggplot / ggplot2 
9110, Seaborn 
9110, Matplotlib 
9110, Plotly / Plotly Express 
9111, Seaborn 
9111, Matplotlib 
9112, Matplotlib 
9113, Seaborn 
9113, Matplotlib 
9114, Seaborn 
9114, Matplotlib 
9115, Matplotlib 
9115, Seaborn 
9115, Bokeh 
9115, Plotly / Plotly Express 
9119, Ggplot / ggplot2 
9121, Matplotlib 
9122, Ggplot / ggplot2 
9122, Seaborn 
9124, Seaborn 
9124, Matplotlib 
9125, Matplotlib 
9125,Other
9127, Matplotlib 
9127, Seaborn 
9129, Seaborn 
9129, Matplotlib 
9130, Matplotlib 
9130, Seaborn 
9131, Seaborn 
9131, Matplotlib 
9132, Seaborn 
9133, Matplotlib 
9133, Seaborn 
9133, Plotly / Plotly Express 
9135, Ggplot / ggplot2 
9136, Seaborn 
9136, Plotly / Plotly Express 
9136, Matplotlib 
9136, Ggplot / ggplot2 
9139, Plotly / Plotly Express 
9139, Ggplot / ggplot2 
9139, Matplotlib 
9139, Seaborn 
9140, Seaborn 
9140, Geoplotlib 
9140, Matplotlib 
9142, Seaborn 
9142, Matplotlib 
9143, Plotly / Plotly Express 
9143, Seaborn 
9143, Matplotlib 
9144, Plotly / Plotly Express 
9144, Geoplotlib 
9144, Seaborn 
9144, Shiny 
9144, Ggplot / ggplot2 
9144, Matplotlib 
9145, Matplotlib 
9145, Seaborn 
9146, Matplotlib 
9146, Seaborn 
9148, Plotly / Plotly Express 
9148, Matplotlib 
9148, Seaborn 
9150, Matplotlib 
9150, Seaborn 
9151, Seaborn 
9151, Matplotlib 
9151, Ggplot / ggplot2 
9151, Shiny 
9152, Matplotlib 
9152, Shiny 
9152, Ggplot / ggplot2 
9152, Seaborn 
9152, Plotly / Plotly Express 
9154, Matplotlib 
9154, Seaborn 
9156, Seaborn 
9156, Matplotlib 
9157, Matplotlib 
9157, Seaborn 
9158, Seaborn 
9158, Matplotlib 
9159, Plotly / Plotly Express 
9159, Ggplot / ggplot2 
9159, Matplotlib 
9159, Seaborn 
9160, Seaborn 
9160, Matplotlib 
9161, Shiny 
9161, Ggplot / ggplot2 
9161, Geoplotlib 
9161, Highcharter 
9161, Altair 
9161, Bokeh 
9161, Seaborn 
9161, Leaflet / Folium 
9161, Plotly / Plotly Express 
9161, Matplotlib 
9161, Pygal 
9161, Dygraphs 
9161, D3 js 
9162, Seaborn 
9162, Plotly / Plotly Express 
9162, Matplotlib 
9163, Seaborn 
9163, Matplotlib 
9164, Matplotlib 
9165, Plotly / Plotly Express 
9165, Ggplot / ggplot2 
9165, Seaborn 
9165, Matplotlib 
9166, Plotly / Plotly Express 
9166, Seaborn 
9166, D3 js 
9166, Matplotlib 
9168,Other
9169, Matplotlib 
9171, Bokeh 
9172, Matplotlib 
9172, Seaborn 
9173, Matplotlib 
9176, Plotly / Plotly Express 
9176, D3 js 
9177, Seaborn 
9177, Matplotlib 
9178, Ggplot / ggplot2 
9178, Matplotlib 
9178, Plotly / Plotly Express 
9178, Seaborn 
9179, Seaborn 
9179, Matplotlib 
9180, Plotly / Plotly Express 
9180, Ggplot / ggplot2 
9180, Matplotlib 
9180, Shiny 
9181, Ggplot / ggplot2 
9181, Shiny 
9181, Matplotlib 
9181, Plotly / Plotly Express 
9181, Seaborn 
9182, Seaborn 
9182, Shiny 
9182, Matplotlib 
9182, D3 js 
9182, Ggplot / ggplot2 
9183, Seaborn 
9184, Matplotlib 
9184, Plotly / Plotly Express 
9184, Seaborn 
9184, Bokeh 
9184, Ggplot / ggplot2 
9185, Seaborn 
9185, Matplotlib 
9187, Matplotlib 
9188, Matplotlib 
9188, Seaborn 
9189, Matplotlib 
9189, Ggplot / ggplot2 
9189, Seaborn 
9189, Plotly / Plotly Express 
9190, Plotly / Plotly Express 
9190, Matplotlib 
9190, Seaborn 
9191, Seaborn 
9191, Matplotlib 
9192, Matplotlib 
9192, Seaborn 
9192, Plotly / Plotly Express 
9193, Matplotlib 
9193, Plotly / Plotly Express 
9193, Seaborn 
9195, Plotly / Plotly Express 
9195, Ggplot / ggplot2 
9196, Seaborn 
9196, Plotly / Plotly Express 
9196, Matplotlib 
9197, Plotly / Plotly Express 
9197, Shiny 
9197, Ggplot / ggplot2 
9198, Matplotlib 
9198, Seaborn 
9199, Matplotlib 
9200, Ggplot / ggplot2 
9200, Matplotlib 
9200, Seaborn 
9201, Matplotlib 
9201, Seaborn 
9203, Matplotlib 
9203, Seaborn 
9204, Matplotlib 
9204, Seaborn 
9205, Ggplot / ggplot2 
9205, Seaborn 
9205, Plotly / Plotly Express 
9205, Matplotlib 
9206, Matplotlib 
9206, Geoplotlib 
9206, Ggplot / ggplot2 
9206, Pygal 
9208, Seaborn 
9209, Seaborn 
9209, Matplotlib 
9210, Matplotlib 
9214, Matplotlib 
9214, Seaborn 
9215, Matplotlib 
9217, Matplotlib 
9217, Plotly / Plotly Express 
9217, Seaborn 
9219, Seaborn 
9219, Matplotlib 
9219, Plotly / Plotly Express 
9220, Plotly / Plotly Express 
9220, Seaborn 
9220, Matplotlib 
9221, Seaborn 
9221, Matplotlib 
9222, Matplotlib 
9222, Seaborn 
9223, Seaborn 
9223, Plotly / Plotly Express 
9223, Matplotlib 
9223, Ggplot / ggplot2 
9224, Plotly / Plotly Express 
9224, Matplotlib 
9226, Seaborn 
9226, Plotly / Plotly Express 
9227, Pygal 
9227, D3 js 
9227, Matplotlib 
9229, Seaborn 
9229, Plotly / Plotly Express 
9229, Matplotlib 
9231, Ggplot / ggplot2 
9231, Matplotlib 
9232, Matplotlib 
9233, Matplotlib 
9234, Matplotlib 
9234, Ggplot / ggplot2 
9235, Plotly / Plotly Express 
9235, Seaborn 
9235, Matplotlib 
9237, Bokeh 
9237, Geoplotlib 
9237, Plotly / Plotly Express 
9237, Seaborn 
9238, Matplotlib 
9238, Plotly / Plotly Express 
9239, Matplotlib 
9241, Ggplot / ggplot2 
9241, Matplotlib 
9241, D3 js 
9242, Matplotlib 
9242, Seaborn 
9242, Plotly / Plotly Express 
9243, Seaborn 
9243, Matplotlib 
9246, Plotly / Plotly Express 
9246, Geoplotlib 
9246, Seaborn 
9247, Matplotlib 
9249, Matplotlib 
9249, Seaborn 
9250, Ggplot / ggplot2 
9251, Pygal 
9251, Dygraphs 
9251, Highcharter 
9251, Plotly / Plotly Express 
9251, Matplotlib 
9252, Matplotlib 
9252, Plotly / Plotly Express 
9252, Seaborn 
9253, Matplotlib 
9254, Geoplotlib 
9254, Seaborn 
9254, Matplotlib 
9255, Plotly / Plotly Express 
9260, Matplotlib 
9260, Plotly / Plotly Express 
9260, Shiny 
9260, Ggplot / ggplot2 
9260, Seaborn 
9261, Matplotlib 
9261, Seaborn 
9265, Seaborn 
9265, Ggplot / ggplot2 
9265, Matplotlib 
9265, Plotly / Plotly Express 
9266, Matplotlib 
9266, Seaborn 
9267, Seaborn 
9267, Matplotlib 
9268, Seaborn 
9268, Matplotlib 
9269, Plotly / Plotly Express 
9269, Seaborn 
9269, Matplotlib 
9272, Seaborn 
9272, Geoplotlib 
9272, Matplotlib 
9272, Leaflet / Folium 
9272, D3 js 
9272, Plotly / Plotly Express 
9274, Matplotlib 
9274, Seaborn 
9275, Seaborn 
9275, Plotly / Plotly Express 
9275, Dygraphs 
9275, Matplotlib 
9276, Matplotlib 
9276, Seaborn 
9277, Leaflet / Folium 
9277, Seaborn 
9277, Plotly / Plotly Express 
9277, Matplotlib 
9280, Matplotlib 
9280, Seaborn 
9280, Ggplot / ggplot2 
9283, Matplotlib 
9283, Seaborn 
9285, Matplotlib 
9286, Pygal 
9286, D3 js 
9286, Matplotlib 
9287, Matplotlib 
9287, Seaborn 
9288, Seaborn 
9288, Matplotlib 
9290, Matplotlib 
9290, Seaborn 
9290, Plotly / Plotly Express 
9291, Ggplot / ggplot2 
9292, Matplotlib 
9292, Ggplot / ggplot2 
9293, Seaborn 
9293, Matplotlib 
9296, Seaborn 
9296, D3 js 
9296, Ggplot / ggplot2 
9296, Shiny 
9297, Matplotlib 
9297, Plotly / Plotly Express 
9298, Altair 
9298, Plotly / Plotly Express 
9300, Leaflet / Folium 
9300, Altair 
9300, Plotly / Plotly Express 
9300, Matplotlib 
9302, Seaborn 
9302, Matplotlib 
9303, Matplotlib 
9303, Seaborn 
9304, Matplotlib 
9304, Ggplot / ggplot2 
9304, Shiny 
9305, Matplotlib 
9305, Seaborn 
9305, Geoplotlib 
9305, Ggplot / ggplot2 
9305, Plotly / Plotly Express 
9307, Geoplotlib 
9307, Plotly / Plotly Express 
9307, Seaborn 
9307, Matplotlib 
9308, Seaborn 
9308, Matplotlib 
9308, Plotly / Plotly Express 
9309, Seaborn 
9309, Matplotlib 
9310, Matplotlib 
9310, Seaborn 
9312, Matplotlib 
9314, Bokeh 
9314, Plotly / Plotly Express 
9314, Matplotlib 
9314, Seaborn 
9316, Matplotlib 
9317, Leaflet / Folium 
9317, Plotly / Plotly Express 
9317, Seaborn 
9320, Matplotlib 
9321, Matplotlib 
9322, Plotly / Plotly Express 
9322, Seaborn 
9322, Matplotlib 
9323, Seaborn 
9323, Matplotlib 
9325, Ggplot / ggplot2 
9325, Seaborn 
9326, Matplotlib 
9326, Seaborn 
9327, Matplotlib 
9327, Geoplotlib 
9328, Matplotlib 
9328, Seaborn 
9328, Plotly / Plotly Express 
9328, Ggplot / ggplot2 
9329, Seaborn 
9329,Other
9329, Bokeh 
9329, Plotly / Plotly Express 
9329, Matplotlib 
9330, Matplotlib 
9330, Seaborn 
9331, Seaborn 
9331, Matplotlib 
9332, Matplotlib 
9333, Matplotlib 
9334, Plotly / Plotly Express 
9334, Matplotlib 
9334, Seaborn 
9336, Plotly / Plotly Express 
9336, Seaborn 
9336, Matplotlib 
9336, Geoplotlib 
9336, Ggplot / ggplot2 
9337, Matplotlib 
9338,Other
9340, Matplotlib 
9340, Seaborn 
9340, Ggplot / ggplot2 
9341, Ggplot / ggplot2 
9341, Matplotlib 
9341, Seaborn 
9342, Seaborn 
9342, Matplotlib 
9344, Seaborn 
9344, Matplotlib 
9344, Plotly / Plotly Express 
9346, Ggplot / ggplot2 
9348, Plotly / Plotly Express 
9348, Seaborn 
9348, Matplotlib 
9349, Ggplot / ggplot2 
9349, Seaborn 
9349, Matplotlib 
9349, Plotly / Plotly Express 
9350, Seaborn 
9350, Matplotlib 
9350, Pygal 
9351, Ggplot / ggplot2 
9352, Matplotlib 
9352, Plotly / Plotly Express 
9355, Altair 
9355, Ggplot / ggplot2 
9355, D3 js 
9357, Matplotlib 
9358, Plotly / Plotly Express 
9358, Ggplot / ggplot2 
9359, Matplotlib 
9359, Seaborn 
9359, Leaflet / Folium 
9359, Plotly / Plotly Express 
9360, Matplotlib 
9362, Matplotlib 
9362, Seaborn 
9363, Seaborn 
9363, Matplotlib 
9364, Matplotlib 
9365, Seaborn 
9365, Matplotlib 
9366, Matplotlib 
9366, Plotly / Plotly Express 
9366, Seaborn 
9367, Matplotlib 
9368, Matplotlib 
9368, Seaborn 
9369, Matplotlib 
9370, Matplotlib 
9370, Plotly / Plotly Express 
9370, Seaborn 
9371, Matplotlib 
9372, Plotly / Plotly Express 
9372, Matplotlib 
9372, Seaborn 
9373, Matplotlib 
9374, Matplotlib 
9374, Seaborn 
9374, Plotly / Plotly Express 
9374, Bokeh 
9376, Matplotlib 
9377, Seaborn 
9377, Matplotlib 
9379, Matplotlib 
9379, Seaborn 
9381, Matplotlib 
9381, Seaborn 
9382, Ggplot / ggplot2 
9382, Matplotlib 
9383, Seaborn 
9384, Geoplotlib 
9384,Other
9384, Seaborn 
9384, Matplotlib 
9384, Ggplot / ggplot2 
9384, Plotly / Plotly Express 
9384, D3 js 
9384, Shiny 
9385, Matplotlib 
9385, Ggplot / ggplot2 
9386, Matplotlib 
9387, Ggplot / ggplot2 
9391, Matplotlib 
9391, Seaborn 
9392, Matplotlib 
9392, Plotly / Plotly Express 
9392, Seaborn 
9393, Matplotlib 
9393, Plotly / Plotly Express 
9393, Seaborn 
9395, Seaborn 
9395, Matplotlib 
9397, Matplotlib 
9397, Seaborn 
9399, Matplotlib 
9401, Ggplot / ggplot2 
9401, Shiny 
9402, Matplotlib 
9403, Matplotlib 
9403, Seaborn 
9404, Plotly / Plotly Express 
9407, Matplotlib 
9407, Seaborn 
9408, Seaborn 
9408, Matplotlib 
9408, Plotly / Plotly Express 
9410, Shiny 
9413, Matplotlib 
9413, Seaborn 
9414, Seaborn 
9414, Plotly / Plotly Express 
9414, Matplotlib 
9415, Matplotlib 
9416, Seaborn 
9416, Plotly / Plotly Express 
9416, Matplotlib 
9417,Other
9419, Matplotlib 
9419, Seaborn 
9419, Ggplot / ggplot2 
9419, Geoplotlib 
9419, Plotly / Plotly Express 
9420, Seaborn 
9420, Matplotlib 
9421, Matplotlib 
9421, Plotly / Plotly Express 
9422, Matplotlib 
9422,Other
9426, Plotly / Plotly Express 
9426, Matplotlib 
9426, Geoplotlib 
9426, Seaborn 
9427, Seaborn 
9428,Other
9429, Seaborn 
9429, Plotly / Plotly Express 
9429, Ggplot / ggplot2 
9429, Matplotlib 
9429, Shiny 
9430, Ggplot / ggplot2 
9431, Seaborn 
9431, Plotly / Plotly Express 
9431, Matplotlib 
9433, Seaborn 
9433, Plotly / Plotly Express 
9433, Matplotlib 
9434, Seaborn 
9434, Matplotlib 
9436, Matplotlib 
9436, Seaborn 
9437, Seaborn 
9437, Matplotlib 
9438, Seaborn 
9438, Plotly / Plotly Express 
9438, D3 js 
9438, Highcharter 
9438, Shiny 
9438, Ggplot / ggplot2 
9438, Leaflet / Folium 
9438, Matplotlib 
9440, Seaborn 
9440, Matplotlib 
9441, Seaborn 
9441, Matplotlib 
9442, Matplotlib 
9443, Seaborn 
9443, Matplotlib 
9445, Matplotlib 
9445, Seaborn 
9447, Plotly / Plotly Express 
9447, Seaborn 
9447, Matplotlib 
9447, Ggplot / ggplot2 
9448, Matplotlib 
9448, Seaborn 
9448, Plotly / Plotly Express 
9449, Seaborn 
9449, Plotly / Plotly Express 
9449, Matplotlib 
9450, Seaborn 
9450, Plotly / Plotly Express 
9450, Shiny 
9450, Matplotlib 
9450, Bokeh 
9450, Ggplot / ggplot2 
9451, Matplotlib 
9451, Plotly / Plotly Express 
9451, Seaborn 
9452,Other
9455, Matplotlib 
9455, Plotly / Plotly Express 
9455, Shiny 
9456, Plotly / Plotly Express 
9456, Seaborn 
9456, Matplotlib 
9456, Shiny 
9456, Ggplot / ggplot2 
9457, Plotly / Plotly Express 
9457, Ggplot / ggplot2 
9457, Bokeh 
9457, Matplotlib 
9457, Seaborn 
9458, Seaborn 
9458, Matplotlib 
9459, Matplotlib 
9460, Matplotlib 
9460, Seaborn 
9461, Matplotlib 
9461, Geoplotlib 
9461, Seaborn 
9463, Seaborn 
9463, Plotly / Plotly Express 
9463, Matplotlib 
9465, Seaborn 
9465, Matplotlib 
9466, Matplotlib 
9466, Ggplot / ggplot2 
9466, Plotly / Plotly Express 
9466, Seaborn 
9467, Plotly / Plotly Express 
9467, Matplotlib 
9468, Matplotlib 
9468, Plotly / Plotly Express 
9468, Seaborn 
9470, Matplotlib 
9470, Seaborn 
9471, Matplotlib 
9472, Seaborn 
9472, Matplotlib 
9474, Matplotlib 
9474, Seaborn 
9474, D3 js 
9475, Matplotlib 
9477, Shiny 
9477, Plotly / Plotly Express 
9477, Ggplot / ggplot2 
9479, Ggplot / ggplot2 
9479, Dygraphs 
9479, Matplotlib 
9482, Matplotlib 
9482, Seaborn 
9485, Matplotlib 
9485, Seaborn 
9485, Plotly / Plotly Express 
9486, Shiny 
9486, Seaborn 
9486, Ggplot / ggplot2 
9486, Matplotlib 
9487, Seaborn 
9487,Other
9487, Matplotlib 
9489, Matplotlib 
9489, Seaborn 
9490, Matplotlib 
9491, Plotly / Plotly Express 
9491, Matplotlib 
9491, Seaborn 
9492, Plotly / Plotly Express 
9492, Matplotlib 
9494, Matplotlib 
9494, Seaborn 
9495, Ggplot / ggplot2 
9498, Matplotlib 
9498, Plotly / Plotly Express 
9498, Seaborn 
9500, Matplotlib 
9500, Seaborn 
9501, Matplotlib 
9501, Plotly / Plotly Express 
9501, Ggplot / ggplot2 
9501,Other
9502, Seaborn 
9502, Matplotlib 
9504, Ggplot / ggplot2 
9505, Seaborn 
9505, Matplotlib 
9505, Plotly / Plotly Express 
9508, Seaborn 
9509, Ggplot / ggplot2 
9509, Matplotlib 
9510, Seaborn 
9510, Matplotlib 
9510, Plotly / Plotly Express 
9512, Matplotlib 
9512, Plotly / Plotly Express 
9512, D3 js 
9512, Seaborn 
9512, Ggplot / ggplot2 
9513, Ggplot / ggplot2 
9513, Seaborn 
9513, D3 js 
9513, Plotly / Plotly Express 
9513, Shiny 
9513, Matplotlib 
9514, Seaborn 
9514, Matplotlib 
9515, Ggplot / ggplot2 
9515, Seaborn 
9515, Matplotlib 
9515, Highcharter 
9517, Seaborn 
9517, Plotly / Plotly Express 
9517, Matplotlib 
9519, Seaborn 
9519, Matplotlib 
9521, Plotly / Plotly Express 
9521, Seaborn 
9521, Matplotlib 
9522, Matplotlib 
9523, Matplotlib 
9524, Matplotlib 
9524, Seaborn 
9525, D3 js 
9525, Bokeh 
9525, Matplotlib 
9525, Plotly / Plotly Express 
9525, Seaborn 
9525, Highcharter 
9526, Seaborn 
9526, Matplotlib 
9526, Plotly / Plotly Express 
9527, Seaborn 
9527, Matplotlib 
9527, Plotly / Plotly Express 
9528, Matplotlib 
9528, Plotly / Plotly Express 
9528, Seaborn 
9528, Ggplot / ggplot2 
9529, Ggplot / ggplot2 
9529, Seaborn 
9529, Matplotlib 
9530, Matplotlib 
9531, Seaborn 
9531, Plotly / Plotly Express 
9531, Matplotlib 
9532, Ggplot / ggplot2 
9532, Seaborn 
9532, Plotly / Plotly Express 
9532, Geoplotlib 
9532, Matplotlib 
9533, Plotly / Plotly Express 
9533, Matplotlib 
9533, Ggplot / ggplot2 
9533, Seaborn 
9534, Pygal 
9535, Seaborn 
9535, Matplotlib 
9535, Ggplot / ggplot2 
9538, Seaborn 
9538, Matplotlib 
9542, Geoplotlib 
9542, Matplotlib 
9542, Seaborn 
9543, Seaborn 
9543, Matplotlib 
9544, Matplotlib 
9544, Bokeh 
9544, Plotly / Plotly Express 
9544, Seaborn 
9545, Matplotlib 
9546, Shiny 
9547, Seaborn 
9547, Geoplotlib 
9547, Matplotlib 
9548, Ggplot / ggplot2 
9548, Matplotlib 
9549, Geoplotlib 
9549, Matplotlib 
9549, Seaborn 
9550, Seaborn 
9550, Matplotlib 
9551, Matplotlib 
9552,Other
9552, Seaborn 
9552, Matplotlib 
9552, Ggplot / ggplot2 
9553, Seaborn 
9553, Matplotlib 
9555, Matplotlib 
9558, Seaborn 
9558, Matplotlib 
9561, Seaborn 
9561, Plotly / Plotly Express 
9561, Matplotlib 
9562, Matplotlib 
9562, Seaborn 
9562, Plotly / Plotly Express 
9563, Seaborn 
9563, Matplotlib 
9564, Matplotlib 
9564, Ggplot / ggplot2 
9564, Seaborn 
9565, Matplotlib 
9568, Matplotlib 
9569, Plotly / Plotly Express 
9569, Seaborn 
9569, Matplotlib 
9569, Ggplot / ggplot2 
9571, Matplotlib 
9571, Plotly / Plotly Express 
9571, Seaborn 
9571, Bokeh 
9572, Seaborn 
9572, Matplotlib 
9573, Seaborn 
9573, Matplotlib 
9574,Other
9574, Seaborn 
9574, Matplotlib 
9575, Seaborn 
9575, Plotly / Plotly Express 
9576, Ggplot / ggplot2 
9577, Seaborn 
9577, Matplotlib 
9581, Shiny 
9581, Ggplot / ggplot2 
9581, D3 js 
9581, Matplotlib 
9582, Matplotlib 
9582, Seaborn 
9582, Plotly / Plotly Express 
9583, Matplotlib 
9586, Matplotlib 
9586, Seaborn 
9592, Seaborn 
9592, Matplotlib 
9592, Ggplot / ggplot2 
9593, D3 js 
9593, Matplotlib 
9593, Seaborn 
9594, Seaborn 
9594, Plotly / Plotly Express 
9594, Matplotlib 
9595, Matplotlib 
9595, Bokeh 
9595, Seaborn 
9595, Geoplotlib 
9596, Ggplot / ggplot2 
9597, Matplotlib 
9597, Seaborn 
9598, Plotly / Plotly Express 
9598, Seaborn 
9598, Matplotlib 
9598, Ggplot / ggplot2 
9599, Matplotlib 
9599, Plotly / Plotly Express 
9599, Seaborn 
9600, Seaborn 
9600, Plotly / Plotly Express 
9600, Matplotlib 
9602, Seaborn 
9602, Matplotlib 
9602, Ggplot / ggplot2 
9603, Matplotlib 
9604, Matplotlib 
9604, Bokeh 
9605, Geoplotlib 
9605, Matplotlib 
9606, Ggplot / ggplot2 
9606, Geoplotlib 
9607, Seaborn 
9607, Plotly / Plotly Express 
9607, Matplotlib 
9608, Matplotlib 
9608, Plotly / Plotly Express 
9608, Seaborn 
9608, Geoplotlib 
9608, Ggplot / ggplot2 
9609, Seaborn 
9609, Matplotlib 
9610, Highcharter 
9610, Dygraphs 
9610, Ggplot / ggplot2 
9610, Geoplotlib 
9610, Matplotlib 
9610, Pygal 
9614, Matplotlib 
9615, Seaborn 
9615, Matplotlib 
9616, Matplotlib 
9616, Seaborn 
9618, Matplotlib 
9619, Matplotlib 
9620, Geoplotlib 
9620, Plotly / Plotly Express 
9620, Ggplot / ggplot2 
9620, Matplotlib 
9621, Matplotlib 
9621, Plotly / Plotly Express 
9621, Seaborn 
9622,Other
9623, Seaborn 
9623, Matplotlib 
9623,Other
9623, Ggplot / ggplot2 
9623, Plotly / Plotly Express 
9625, Matplotlib 
9625, Seaborn 
9625, Plotly / Plotly Express 
9626, Seaborn 
9626, Matplotlib 
9627, Matplotlib 
9629, Matplotlib 
9629, Seaborn 
9630, Seaborn 
9630, Matplotlib 
9631, Plotly / Plotly Express 
9631, Seaborn 
9631, Matplotlib 
9632, Seaborn 
9632, Matplotlib 
9632, Ggplot / ggplot2 
9633, Plotly / Plotly Express 
9633, Matplotlib 
9633, Seaborn 
9633, Ggplot / ggplot2 
9634, Matplotlib 
9634, Seaborn 
9634, Altair 
9635, Bokeh 
9635, Matplotlib 
9637, Shiny 
9637, Geoplotlib 
9637, Ggplot / ggplot2 
9637, Matplotlib 
9640, Matplotlib 
9640, Plotly / Plotly Express 
9640, Seaborn 
9643, Plotly / Plotly Express 
9643, D3 js 
9643, Ggplot / ggplot2 
9645, Seaborn 
9645, Matplotlib 
9645, Ggplot / ggplot2 
9646, Matplotlib 
9646, Seaborn 
9648, Ggplot / ggplot2 
9650, Seaborn 
9650, Matplotlib 
9651, Bokeh 
9651, Matplotlib 
9651, Seaborn 
9651, Plotly / Plotly Express 
9652, Matplotlib 
9652, Seaborn 
9653, Matplotlib 
9653, Seaborn 
9654, Ggplot / ggplot2 
9655, Ggplot / ggplot2 
9657, Seaborn 
9657, Highcharter 
9657, Dygraphs 
9657, Plotly / Plotly Express 
9658, Matplotlib 
9659, Leaflet / Folium 
9659, Seaborn 
9659, Matplotlib 
9659, Plotly / Plotly Express 
9659, Ggplot / ggplot2 
9659, Shiny 
9659, Bokeh 
9661, Matplotlib 
9663, Geoplotlib 
9663, Shiny 
9663, Seaborn 
9663, Matplotlib 
9663, Ggplot / ggplot2 
9664, Matplotlib 
9664, Plotly / Plotly Express 
9664, Seaborn 
9665, Plotly / Plotly Express 
9666, Matplotlib 
9667, Seaborn 
9667, Matplotlib 
9668, Plotly / Plotly Express 
9668, Seaborn 
9668, Matplotlib 
9670, Matplotlib 
9670, Seaborn 
9670, Ggplot / ggplot2 
9671, Matplotlib 
9671, Seaborn 
9672, Matplotlib 
9672, Seaborn 
9672, Plotly / Plotly Express 
9675, Seaborn 
9675, Plotly / Plotly Express 
9676, Seaborn 
9676, Ggplot / ggplot2 
9676, Matplotlib 
9676, Leaflet / Folium 
9677, Matplotlib 
9677, Plotly / Plotly Express 
9677, Leaflet / Folium 
9678, Seaborn 
9678, Plotly / Plotly Express 
9678, Matplotlib 
9679, Matplotlib 
9679, Seaborn 
9680, Ggplot / ggplot2 
9681, Plotly / Plotly Express 
9681, Seaborn 
9681, Matplotlib 
9683, Plotly / Plotly Express 
9683, Shiny 
9683, Matplotlib 
9683, Ggplot / ggplot2 
9684, Matplotlib 
9684, Seaborn 
9685, Matplotlib 
9686, Matplotlib 
9686, Plotly / Plotly Express 
9686, Seaborn 
9686, Ggplot / ggplot2 
9687, Matplotlib 
9687, Seaborn 
9689, Seaborn 
9689, Matplotlib 
9690, Matplotlib 
9690, Ggplot / ggplot2 
9691, Highcharter 
9691, Shiny 
9691, Matplotlib 
9691, Plotly / Plotly Express 
9691, Ggplot / ggplot2 
9691, Seaborn 
9693, Ggplot / ggplot2 
9693, Matplotlib 
9693, Seaborn 
9694, Matplotlib 
9694, Seaborn 
9698, Geoplotlib 
9698, Matplotlib 
9699,Other
9700, Seaborn 
9701, Leaflet / Folium 
9701, Ggplot / ggplot2 
9701, Plotly / Plotly Express 
9701, Shiny 
9702, Matplotlib 
9702, Seaborn 
9703, Altair 
9704, Seaborn 
9706, Matplotlib 
9707, Seaborn 
9709,Other
9709, Matplotlib 
9710, Matplotlib 
9712, Plotly / Plotly Express 
9712, Seaborn 
9712, Matplotlib 
9714, Ggplot / ggplot2 
9714, Seaborn 
9714, Matplotlib 
9715, Altair 
9715, Matplotlib 
9716, Matplotlib 
9721, Seaborn 
9721, Matplotlib 
9723, D3 js 
9723, Plotly / Plotly Express 
9723, Matplotlib 
9723, Seaborn 
9724, Seaborn 
9724, Matplotlib 
9725, Matplotlib 
9725, Seaborn 
9725, Ggplot / ggplot2 
9726, Seaborn 
9726, D3 js 
9726, Plotly / Plotly Express 
9727, Seaborn 
9727, Matplotlib 
9728, Dygraphs 
9730, Seaborn 
9730, Plotly / Plotly Express 
9730, Matplotlib 
9731, Matplotlib 
9731, Dygraphs 
9731, Seaborn 
9731, Geoplotlib 
9732, Matplotlib 
9732, Geoplotlib 
9734, Leaflet / Folium 
9734, Bokeh 
9734, D3 js 
9735, Matplotlib 
9735, Ggplot / ggplot2 
9737, Matplotlib 
9738, Plotly / Plotly Express 
9738, Matplotlib 
9738, Seaborn 
9739, Seaborn 
9739, Plotly / Plotly Express 
9739, Matplotlib 
9739, Shiny 
9740, Matplotlib 
9742, Matplotlib 
9742, Plotly / Plotly Express 
9743, Altair 
9744, Seaborn 
9744, Matplotlib 
9747, Geoplotlib 
9747, Pygal 
9747, Matplotlib 
9748, Matplotlib 
9749, Matplotlib 
9749, Seaborn 
9750, Ggplot / ggplot2 
9750, Matplotlib 
9750, Geoplotlib 
9750, Plotly / Plotly Express 
9750, Seaborn 
9751, Plotly / Plotly Express 
9751, Shiny 
9751, D3 js 
9751, Seaborn 
9751, Bokeh 
9751, Matplotlib 
9751, Ggplot / ggplot2 
9752, Matplotlib 
9752, Seaborn 
9753, Seaborn 
9753, Ggplot / ggplot2 
9753, Matplotlib 
9755, Ggplot / ggplot2 
9755, Shiny 
9755, Matplotlib 
9755, Seaborn 
9755, Bokeh 
9756, Matplotlib 
9756, Seaborn 
9760, Matplotlib 
9760, Geoplotlib 
9760, Seaborn 
9762, Matplotlib 
9763, Plotly / Plotly Express 
9763, Matplotlib 
9763, Seaborn 
9765, Plotly / Plotly Express 
9765, Matplotlib 
9765, Bokeh 
9765, Seaborn 
9766, Matplotlib 
9767, Plotly / Plotly Express 
9767, Matplotlib 
9767, Seaborn 
9768, Matplotlib 
9769, Matplotlib 
9769, Seaborn 
9769, Dygraphs 
9769, Plotly / Plotly Express 
9771, Plotly / Plotly Express 
9771, Shiny 
9773, Bokeh 
9773, Matplotlib 
9773, Seaborn 
9773, Plotly / Plotly Express 
9778, Geoplotlib 
9778, Matplotlib 
9778,Other
9781, Matplotlib 
9781, Seaborn 
9784, Altair 
9784, Matplotlib 
9784, Geoplotlib 
9784, Plotly / Plotly Express 
9784, Seaborn 
9785, Ggplot / ggplot2 
9787, Matplotlib 
9787, Seaborn 
9789, Shiny 
9789, D3 js 
9790,Other
9790, Seaborn 
9790, Matplotlib 
9791,Other
9792, Matplotlib 
9792, Seaborn 
9793, Plotly / Plotly Express 
9793, Matplotlib 
9793, Seaborn 
9794, D3 js 
9794, Matplotlib 
9794, Plotly / Plotly Express 
9794, Seaborn 
9794, Ggplot / ggplot2 
9795, Matplotlib 
9795, Seaborn 
9795, Ggplot / ggplot2 
9796, Matplotlib 
9801, Seaborn 
9801, Matplotlib 
9802, Seaborn 
9803, Matplotlib 
9803, Plotly / Plotly Express 
9803, Seaborn 
9805, Seaborn 
9805, Matplotlib 
9806, Matplotlib 
9806, Plotly / Plotly Express 
9806, Seaborn 
9807, Matplotlib 
9807, Seaborn 
9808, Matplotlib 
9808, Ggplot / ggplot2 
9809, Geoplotlib 
9809, Matplotlib 
9811, Altair 
9812, D3 js 
9812, Plotly / Plotly Express 
9812, Matplotlib 
9813, Matplotlib 
9813, Seaborn 
9813, Plotly / Plotly Express 
9814, Matplotlib 
9814, Seaborn 
9815, Plotly / Plotly Express 
9815, Dygraphs 
9815, Ggplot / ggplot2 
9816, D3 js 
9816, Ggplot / ggplot2 
9816, Matplotlib 
9816, Seaborn 
9818, Matplotlib 
9821, Matplotlib 
9821, Bokeh 
9821, Plotly / Plotly Express 
9824, Matplotlib 
9825, Matplotlib 
9826, Seaborn 
9826, Matplotlib 
9828, Matplotlib 
9829, Seaborn 
9830, Matplotlib 
9830, Seaborn 
9831, Matplotlib 
9831, Seaborn 
9833, Matplotlib 
9834, Highcharter 
9834,Other
9834, Plotly / Plotly Express 
9834, Ggplot / ggplot2 
9834, Shiny 
9837, Highcharter 
9837, Leaflet / Folium 
9838, Plotly / Plotly Express 
9840, Matplotlib 
9841, Matplotlib 
9842,Other
9845, Seaborn 
9845, Ggplot / ggplot2 
9845, Matplotlib 
9846, Matplotlib 
9847, Matplotlib 
9847, D3 js 
9848, Matplotlib 
9849, Ggplot / ggplot2 
9849, Matplotlib 
9849, Seaborn 
9851, Matplotlib 
9851, Seaborn 
9852, Seaborn 
9852, Ggplot / ggplot2 
9852, Matplotlib 
9853, D3 js 
9853, Matplotlib 
9853, Seaborn 
9855, Seaborn 
9855, Matplotlib 
9856, Plotly / Plotly Express 
9856, Seaborn 
9856, Matplotlib 
9858, Matplotlib 
9858, Seaborn 
9859, Matplotlib 
9860, Seaborn 
9860, Matplotlib 
9861, Matplotlib 
9862, Plotly / Plotly Express 
9862, Seaborn 
9862, Matplotlib 
9862, Bokeh 
9863, Matplotlib 
9863, Seaborn 
9864, Ggplot / ggplot2 
9864, Seaborn 
9864, Plotly / Plotly Express 
9864, Matplotlib 
9865, Seaborn 
9865, Matplotlib 
9865, Plotly / Plotly Express 
9869, Seaborn 
9869, Ggplot / ggplot2 
9869, Matplotlib 
9871, Matplotlib 
9871, Pygal 
9871, Ggplot / ggplot2 
9873, Seaborn 
9873, Matplotlib 
9873, Leaflet / Folium 
9874, Plotly / Plotly Express 
9874, Seaborn 
9875, Matplotlib 
9875, Seaborn 
9875, Leaflet / Folium 
9875, Plotly / Plotly Express 
9875, D3 js 
9877, Matplotlib 
9882, Matplotlib 
9882, Bokeh 
9883, Matplotlib 
9883, Seaborn 
9887, Seaborn 
9887, Matplotlib 
9892, Matplotlib 
9892, Seaborn 
9892, Plotly / Plotly Express 
9893, Plotly / Plotly Express 
9893, Seaborn 
9893, Matplotlib 
9895, Shiny 
9895, Plotly / Plotly Express 
9895, Ggplot / ggplot2 
9896, Matplotlib 
9896, Ggplot / ggplot2 
9897, Seaborn 
9897, Matplotlib 
9898, Ggplot / ggplot2 
9899, Shiny 
9899, Seaborn 
9899, Matplotlib 
9899, Plotly / Plotly Express 
9899, Ggplot / ggplot2 
9901, Matplotlib 
9901, Plotly / Plotly Express 
9901, Seaborn 
9902, Seaborn 
9902, Matplotlib 
9903, Matplotlib 
9904, Matplotlib 
9905, Matplotlib 
9905, Plotly / Plotly Express 
9905, Seaborn 
9906, D3 js 
9907, Seaborn 
9907, Matplotlib 
9909, Shiny 
9909, Plotly / Plotly Express 
9909, Matplotlib 
9909, Seaborn 
9909, Ggplot / ggplot2 
9910, Seaborn 
9910, Matplotlib 
9911, Ggplot / ggplot2 
9912, Plotly / Plotly Express 
9912, Matplotlib 
9912, Seaborn 
9913, Seaborn 
9913, Matplotlib 
9913, Plotly / Plotly Express 
9914, Seaborn 
9914, Matplotlib 
9915, Shiny 
9915, Ggplot / ggplot2 
9917, Seaborn 
9917, Matplotlib 
9919, Matplotlib 
9919, Ggplot / ggplot2 
9919, Plotly / Plotly Express 
9919, Shiny 
9920, Seaborn 
9920, Matplotlib 
9921, Shiny 
9922, Matplotlib 
9922, Plotly / Plotly Express 
9922, Seaborn 
9923, Seaborn 
9923, Matplotlib 
9924, Bokeh 
9924, Seaborn 
9924, Ggplot / ggplot2 
9924, Matplotlib 
9924, Plotly / Plotly Express 
9926, Matplotlib 
9927, Matplotlib 
9927, Geoplotlib 
9929, Seaborn 
9929, Matplotlib 
9929, Plotly / Plotly Express 
9930, Plotly / Plotly Express 
9930, Matplotlib 
9930, Seaborn 
9932, Plotly / Plotly Express 
9932, Shiny 
9932, Seaborn 
9932, Matplotlib 
9932, Ggplot / ggplot2 
9933, Matplotlib 
9935, Matplotlib 
9936, Matplotlib 
9937, Plotly / Plotly Express 
9937, Seaborn 
9937, Matplotlib 
9938, D3 js 
9938, Matplotlib 
9939, Matplotlib 
9940, Plotly / Plotly Express 
9940, Matplotlib 
9940, Highcharter 
9940, Shiny 
9940, Ggplot / ggplot2 
9940, D3 js 
9941, Matplotlib 
9941, Seaborn 
9942, Matplotlib 
9943, Seaborn 
9943, Matplotlib 
9944, Shiny 
9944, Pygal 
9944, Ggplot / ggplot2 
9944, D3 js 
9944, Plotly / Plotly Express 
9944, Matplotlib 
9945, Ggplot / ggplot2 
9945, Plotly / Plotly Express 
9945, Seaborn 
9945, Matplotlib 
9946, Matplotlib 
9946, Seaborn 
9946, Plotly / Plotly Express 
9947, Ggplot / ggplot2 
9947, Matplotlib 
9948, D3 js 
9948, Seaborn 
9948, Matplotlib 
9948, Plotly / Plotly Express 
9949, Plotly / Plotly Express 
9949, Matplotlib 
9949, Ggplot / ggplot2 
9949, Seaborn 
9952, Matplotlib 
9954, Seaborn 
9954, Matplotlib 
9954, Plotly / Plotly Express 
9956, Ggplot / ggplot2 
9956, Seaborn 
9956, Plotly / Plotly Express 
9957, Plotly / Plotly Express 
9957, Seaborn 
9957, Matplotlib 
9958, Matplotlib 
9958, Ggplot / ggplot2 
9958, Seaborn 
9960, Ggplot / ggplot2 
9960, Matplotlib 
9960, Seaborn 
9961, Seaborn 
9961, Ggplot / ggplot2 
9961, Plotly / Plotly Express 
9961, Matplotlib 
9963, Matplotlib 
9964, Matplotlib 
9964, Seaborn 
9965, Seaborn 
9965, Matplotlib 
9966, Matplotlib 
9966, Seaborn 
9967, Matplotlib 
9967, Plotly / Plotly Express 
9968, Seaborn 
9968, Matplotlib 
9969, Ggplot / ggplot2 
9974, Geoplotlib 
9974, Matplotlib 
9974, Seaborn 
9976, Matplotlib 
9977, Seaborn 
9977, Matplotlib 
9977, Geoplotlib 
9977, Ggplot / ggplot2 
9978, Matplotlib 
9979, Matplotlib 
9981, Matplotlib 
9981, Ggplot / ggplot2 
9981, Shiny 
9981, Plotly / Plotly Express 
9984, Seaborn 
9984, Matplotlib 
9985, Seaborn 
9985, Matplotlib 
9987, Matplotlib 
9987, Seaborn 
9988, Geoplotlib 
9988, Seaborn 
9988, Plotly / Plotly Express 
9988, Pygal 
9988, Ggplot / ggplot2 
9988, Matplotlib 
9989, Ggplot / ggplot2 
9989, Matplotlib 
9992, Seaborn 
9992, Matplotlib 
9993, Matplotlib 
9994, Shiny 
9994, Ggplot / ggplot2 
9994, Plotly / Plotly Express 
9995, Plotly / Plotly Express 
9995, Seaborn 
9995, D3 js 
9995, Matplotlib 
9996, D3 js 
9999, Seaborn 
9999, Matplotlib 
10001, D3 js 
10001, Matplotlib 
10001, Plotly / Plotly Express 
10002, Matplotlib 
10002, Geoplotlib 
10005, Matplotlib 
10008, Plotly / Plotly Express 
10008, Ggplot / ggplot2 
10008, Matplotlib 
10008, Bokeh 
10009, Seaborn 
10009, Plotly / Plotly Express 
10009, Matplotlib 
10013, Matplotlib 
10013, Plotly / Plotly Express 
10016, Seaborn 
10016, Plotly / Plotly Express 
10016, Matplotlib 
10017, Seaborn 
10017, Matplotlib 
10017, Ggplot / ggplot2 
10021, Matplotlib 
10021, Seaborn 
10022, Plotly / Plotly Express 
10022, Matplotlib 
10022, Seaborn 
10022, Ggplot / ggplot2 
10023, Matplotlib 
10024, Matplotlib 
10024, Seaborn 
10025, Seaborn 
10025, Bokeh 
10025, Shiny 
10025, D3 js 
10025, Plotly / Plotly Express 
10025, Matplotlib 
10025, Ggplot / ggplot2 
10028, Matplotlib 
10029, Matplotlib 
10030,Other
10031, Matplotlib 
10033, Seaborn 
10033, Matplotlib 
10033, Ggplot / ggplot2 
10034, Seaborn 
10034, Matplotlib 
10034, Plotly / Plotly Express 
10036, Plotly / Plotly Express 
10036, Seaborn 
10036, Leaflet / Folium 
10036, Matplotlib 
10038, Seaborn 
10038, Matplotlib 
10039, Seaborn 
10039, Matplotlib 
10041, Seaborn 
10041, Matplotlib 
10041, Ggplot / ggplot2 
10044, Ggplot / ggplot2 
10044, Seaborn 
10044, Matplotlib 
10046, Seaborn 
10046, Matplotlib 
10048, Matplotlib 
10050, Matplotlib 
10050, Ggplot / ggplot2 
10052, Seaborn 
10052, Plotly / Plotly Express 
10052, Matplotlib 
10052, Ggplot / ggplot2 
10052, D3 js 
10053, Matplotlib 
10054, Matplotlib 
10056, Matplotlib 
10056, Plotly / Plotly Express 
10056, Seaborn 
10058, Seaborn 
10058, Ggplot / ggplot2 
10058, Matplotlib 
10058, Plotly / Plotly Express 
10059, Matplotlib 
10060, Ggplot / ggplot2 
10060, Seaborn 
10060, Matplotlib 
10060, Plotly / Plotly Express 
10061, Plotly / Plotly Express 
10061, Altair 
10062, Matplotlib 
10062, D3 js 
10063, Ggplot / ggplot2 
10064, Matplotlib 
10065, Matplotlib 
10070, Seaborn 
10070, Matplotlib 
10071, Matplotlib 
10071, Seaborn 
10071, Plotly / Plotly Express 
10071, Ggplot / ggplot2 
10071, Geoplotlib 
10072, Matplotlib 
10073,Other
10073, Seaborn 
10073, Matplotlib 
10074, Ggplot / ggplot2 
10074, Matplotlib 
10076, Matplotlib 
10076, Seaborn 
10077, Seaborn 
10077, Matplotlib 
10078, Matplotlib 
10078, Seaborn 
10079, Matplotlib 
10081, Matplotlib 
10082, Seaborn 
10082, Shiny 
10082, D3 js 
10082, Leaflet / Folium 
10082, Matplotlib 
10082, Plotly / Plotly Express 
10082, Ggplot / ggplot2 
10082, Geoplotlib 
10083,Other
10083, Matplotlib 
10086, Seaborn 
10086, Matplotlib 
10088, Matplotlib 
10091, Matplotlib 
10092, Plotly / Plotly Express 
10092, Shiny 
10092, Matplotlib 
10092, Seaborn 
10092, Ggplot / ggplot2 
10095, Seaborn 
10095, Matplotlib 
10098, Seaborn 
10098, Matplotlib 
10098, Ggplot / ggplot2 
10099, Matplotlib 
10100, Matplotlib 
10100, Ggplot / ggplot2 
10104, D3 js 
10106, Seaborn 
10106, Matplotlib 
10106, Ggplot / ggplot2 
10107, Matplotlib 
10107, Seaborn 
10108, Plotly / Plotly Express 
10108, Matplotlib 
10108, Seaborn 
10109, Seaborn 
10109, Matplotlib 
10110, Matplotlib 
10110, Plotly / Plotly Express 
10111, Seaborn 
10111, Matplotlib 
10112, Matplotlib 
10112, Seaborn 
10112, Shiny 
10112, Plotly / Plotly Express 
10114, Seaborn 
10114, Matplotlib 
10114, Plotly / Plotly Express 
10115, Pygal 
10115, Shiny 
10115, Altair 
10116, D3 js 
10116, Seaborn 
10116, Matplotlib 
10118, Matplotlib 
10118, Shiny 
10119, Matplotlib 
10119, Seaborn 
10119, Plotly / Plotly Express 
10121, Pygal 
10121, Matplotlib 
10121, Ggplot / ggplot2 
10122, Seaborn 
10122, Matplotlib 
10123, Matplotlib 
10123, Seaborn 
10125, Matplotlib 
10125, Ggplot / ggplot2 
10125, Shiny 
10125, Plotly / Plotly Express 
10126, Plotly / Plotly Express 
10126, Matplotlib 
10126,Other
10126, Seaborn 
10127, Plotly / Plotly Express 
10127, Seaborn 
10127, Matplotlib 
10128, Plotly / Plotly Express 
10128, Ggplot / ggplot2 
10128, Geoplotlib 
10128, Seaborn 
10128, Matplotlib 
10130, Matplotlib 
10130, Seaborn 
10132, Matplotlib 
10134, Matplotlib 
10135, Seaborn 
10135, Matplotlib 
10137, Seaborn 
10137, Ggplot / ggplot2 
10138, Matplotlib 
10140, Matplotlib 
10142, Ggplot / ggplot2 
10144, Seaborn 
10145, Bokeh 
10145, Matplotlib 
10145,Other
10145, Geoplotlib 
10145, Seaborn 
10145, Plotly / Plotly Express 
10150, Plotly / Plotly Express 
10150, Matplotlib 
10150, Seaborn 
10150, Ggplot / ggplot2 
10151, Ggplot / ggplot2 
10152, Matplotlib 
10152, Seaborn 
10152, Ggplot / ggplot2 
10153, Ggplot / ggplot2 
10154, D3 js 
10154, Shiny 
10155, Matplotlib 
10155, Shiny 
10155, Seaborn 
10155, Bokeh 
10155, Dygraphs 
10156, Matplotlib 
10156, Seaborn 
10156, Plotly / Plotly Express 
10156, Ggplot / ggplot2 
10157, Altair 
10157, Plotly / Plotly Express 
10157, Bokeh 
10157, Matplotlib 
10159, D3 js 
10159, Pygal 
10159, Geoplotlib 
10159, Plotly / Plotly Express 
10159, Matplotlib 
10159, Ggplot / ggplot2 
10160, Matplotlib 
10162,Other
10163, Matplotlib 
10163, Seaborn 
10164, Seaborn 
10164, Ggplot / ggplot2 
10164, Geoplotlib 
10164, Plotly / Plotly Express 
10164, Matplotlib 
10165, Ggplot / ggplot2 
10167, Matplotlib 
10171, Matplotlib 
10172, Seaborn 
10172, Matplotlib 
10173, Matplotlib 
10173, Seaborn 
10174, Matplotlib 
10175, Ggplot / ggplot2 
10175, Matplotlib 
10175, Seaborn 
10177, Matplotlib 
10177, Seaborn 
10179, Matplotlib 
10179, Seaborn 
10181, Seaborn 
10181, Matplotlib 
10182, Plotly / Plotly Express 
10182, Matplotlib 
10183, Matplotlib 
10183, Seaborn 
10184, Matplotlib 
10184, Seaborn 
10184, Geoplotlib 
10185, Matplotlib 
10186, Matplotlib 
10186, Leaflet / Folium 
10186, Plotly / Plotly Express 
10186, Seaborn 
10187, Matplotlib 
10187, Seaborn 
10189,Other
10190, Seaborn 
10190, Ggplot / ggplot2 
10190, Matplotlib 
10191, Matplotlib 
10192, Ggplot / ggplot2 
10193, Plotly / Plotly Express 
10193, Seaborn 
10193, Matplotlib 
10194, Ggplot / ggplot2 
10194, Matplotlib 
10194, Seaborn 
10195, Matplotlib 
10195, Seaborn 
10196, Seaborn 
10196, Plotly / Plotly Express 
10197, Matplotlib 
10197, Seaborn 
10197, Plotly / Plotly Express 
10199, Shiny 
10199, Leaflet / Folium 
10199, Ggplot / ggplot2 
10200, Matplotlib 
10204, Seaborn 
10204, Matplotlib 
10205, Matplotlib 
10207, Plotly / Plotly Express 
10207, Matplotlib 
10207, Leaflet / Folium 
10207, Seaborn 
10209, Matplotlib 
10209, D3 js 
10210, Matplotlib 
10210, Plotly / Plotly Express 
10210, Seaborn 
10211, Seaborn 
10211, Matplotlib 
10212, Ggplot / ggplot2 
10215, Plotly / Plotly Express 
10216, Geoplotlib 
10216, Matplotlib 
10217, Plotly / Plotly Express 
10217, Seaborn 
10217, Matplotlib 
10218, Ggplot / ggplot2 
10218, Matplotlib 
10218, Seaborn 
10218, Geoplotlib 
10219, Matplotlib 
10220, Matplotlib 
10220, Seaborn 
10220, Plotly / Plotly Express 
10221, Matplotlib 
10223, Plotly / Plotly Express 
10226, Matplotlib 
10226, Plotly / Plotly Express 
10226, Seaborn 
10226, Ggplot / ggplot2 
10227, Matplotlib 
10229, Seaborn 
10229, Matplotlib 
10230, Seaborn 
10230, Matplotlib 
10232, Seaborn 
10232, Matplotlib 
10233, Matplotlib 
10233, Seaborn 
10233, Ggplot / ggplot2 
10234, Ggplot / ggplot2 
10235, Seaborn 
10235, Matplotlib 
10235, Plotly / Plotly Express 
10237, Plotly / Plotly Express 
10237, Matplotlib 
10237, Seaborn 
10238, Matplotlib 
10238, Seaborn 
10239, Seaborn 
10239, Matplotlib 
10239, Ggplot / ggplot2 
10240, Seaborn 
10240, Plotly / Plotly Express 
10240, Matplotlib 
10240, Ggplot / ggplot2 
10242, Matplotlib 
10242, Seaborn 
10243, Seaborn 
10243, Plotly / Plotly Express 
10243, Matplotlib 
10244, Seaborn 
10244, Matplotlib 
10245,Other
10245, Matplotlib 
10246, Matplotlib 
10247, Matplotlib 
10247, Leaflet / Folium 
10247, Seaborn 
10248, Seaborn 
10248, Matplotlib 
10251, Matplotlib 
10251, Seaborn 
10252,Other
10252, Ggplot / ggplot2 
10253, Matplotlib 
10254, Seaborn 
10254, Ggplot / ggplot2 
10254, Matplotlib 
10255, Matplotlib 
10255, Seaborn 
10256, Seaborn 
10256, Plotly / Plotly Express 
10256, Matplotlib 
10258, Seaborn 
10258, Matplotlib 
10259, Matplotlib 
10261, Matplotlib 
10261, Ggplot / ggplot2 
10261, Seaborn 
10261, Plotly / Plotly Express 
10262, Ggplot / ggplot2 
10262, Seaborn 
10262, Shiny 
10262, Plotly / Plotly Express 
10262, Matplotlib 
10264, Ggplot / ggplot2 
10264, Seaborn 
10264, Plotly / Plotly Express 
10264, Matplotlib 
10265, Matplotlib 
10265, Seaborn 
10268,Other
10269, Plotly / Plotly Express 
10269, Seaborn 
10269, Pygal 
10269, Matplotlib 
10270, Matplotlib 
10270, Seaborn 
10271, Matplotlib 
10271, Plotly / Plotly Express 
10271, Seaborn 
10272, Geoplotlib 
10272, Seaborn 
10272, Ggplot / ggplot2 
10272, Plotly / Plotly Express 
10272, Matplotlib 
10273, Shiny 
10273, Ggplot / ggplot2 
10274,Other
10275, Seaborn 
10275, Matplotlib 
10276, Matplotlib 
10276, Seaborn 
10279, Matplotlib 
10279, Seaborn 
10280, Seaborn 
10280, Matplotlib 
10280, D3 js 
10281, Seaborn 
10281, Matplotlib 
10282, Ggplot / ggplot2 
10286, Matplotlib 
10286, Geoplotlib 
10286, Plotly / Plotly Express 
10286, Seaborn 
10287, Matplotlib 
10287, D3 js 
10287, Seaborn 
10288, Ggplot / ggplot2 
10288, Shiny 
10291, Seaborn 
10291, Matplotlib 
10292, Shiny 
10292, D3 js 
10292, Plotly / Plotly Express 
10292, Ggplot / ggplot2 
10293, Altair 
10293, D3 js 
10295, Plotly / Plotly Express 
10295, Seaborn 
10295, Matplotlib 
10296, Matplotlib 
10297, Seaborn 
10297, Ggplot / ggplot2 
10297, Matplotlib 
10298, Plotly / Plotly Express 
10298, Matplotlib 
10298, Seaborn 
10299, Matplotlib 
10300, Seaborn 
10300, Plotly / Plotly Express 
10300, Matplotlib 
10301, Matplotlib 
10301, Seaborn 
10303, Seaborn 
10303, Matplotlib 
10303, Geoplotlib 
10304, Shiny 
10305, Matplotlib 
10307, Plotly / Plotly Express 
10309, Seaborn 
10309, Ggplot / ggplot2 
10309, Matplotlib 
10309, Plotly / Plotly Express 
10310, Seaborn 
10310, Matplotlib 
10311, Ggplot / ggplot2 
10311, Matplotlib 
10311, Plotly / Plotly Express 
10311, Seaborn 
10312, Matplotlib 
10313, Matplotlib 
10313, Seaborn 
10314, Ggplot / ggplot2 
10314, D3 js 
10314, Plotly / Plotly Express 
10315, Matplotlib 
10317, Matplotlib 
10317, Seaborn 
10319, Ggplot / ggplot2 
10320, Ggplot / ggplot2 
10320, Seaborn 
10320, Matplotlib 
10321, Ggplot / ggplot2 
10322, Seaborn 
10322, Plotly / Plotly Express 
10322, Matplotlib 
10322, Ggplot / ggplot2 
10323, Matplotlib 
10324, Seaborn 
10324, Matplotlib 
10325, Ggplot / ggplot2 
10325, Pygal 
10325, Geoplotlib 
10325, Seaborn 
10325, Matplotlib 
10325, Plotly / Plotly Express 
10326, Ggplot / ggplot2 
10326, Seaborn 
10326, Matplotlib 
10328, Matplotlib 
10328, Seaborn 
10328, Plotly / Plotly Express 
10329,Other
10330, Matplotlib 
10330, Seaborn 
10331, Seaborn 
10331, Matplotlib 
10331, Plotly / Plotly Express 
10337, Matplotlib 
10337, Seaborn 
10337, Plotly / Plotly Express 
10338, Seaborn 
10338, Matplotlib 
10338, D3 js 
10339, Ggplot / ggplot2 
10339, Shiny 
10339, Plotly / Plotly Express 
10340, D3 js 
10340, Matplotlib 
10340, Seaborn 
10341, Plotly / Plotly Express 
10341, Seaborn 
10341, Matplotlib 
10342, Matplotlib 
10342, Seaborn 
10344, Seaborn 
10344, Matplotlib 
10346, Matplotlib 
10346, Seaborn 
10349, Seaborn 
10349, Matplotlib 
10351, Ggplot / ggplot2 
10351, Seaborn 
10351, Matplotlib 
10351, Plotly / Plotly Express 
10352, Matplotlib 
10353, Matplotlib 
10354, Seaborn 
10354, Matplotlib 
10356, Matplotlib 
10356, Seaborn 
10356, Plotly / Plotly Express 
10356, Bokeh 
10358, Ggplot / ggplot2 
10358, Seaborn 
10358, Matplotlib 
10359, Matplotlib 
10359, Seaborn 
10359, Ggplot / ggplot2 
10360, Matplotlib 
10360, Seaborn 
10362, Seaborn 
10362, Ggplot / ggplot2 
10362, Bokeh 
10362, Matplotlib 
10362, Plotly / Plotly Express 
10363, Matplotlib 
10363, Seaborn 
10365, Matplotlib 
10366, Matplotlib 
10366, Seaborn 
10367, Matplotlib 
10367, Seaborn 
10367, Plotly / Plotly Express 
10370, Matplotlib 
10370, Seaborn 
10371, Seaborn 
10371, Ggplot / ggplot2 
10372, Plotly / Plotly Express 
10372, Matplotlib 
10372, Ggplot / ggplot2 
10373, Plotly / Plotly Express 
10373, Seaborn 
10373, Matplotlib 
10374, Seaborn 
10374, Matplotlib 
10375, Matplotlib 
10375, Plotly / Plotly Express 
10375, Seaborn 
10376, Matplotlib 
10378, Seaborn 
10378, Matplotlib 
10378, Plotly / Plotly Express 
10382, Matplotlib 
10383, Seaborn 
10383, Matplotlib 
10384, Geoplotlib 
10384, Shiny 
10384, Ggplot / ggplot2 
10384, Leaflet / Folium 
10384, Seaborn 
10384, Matplotlib 
10385, Seaborn 
10385, Plotly / Plotly Express 
10385, Matplotlib 
10386, Seaborn 
10386, Matplotlib 
10387, Matplotlib 
10387, Seaborn 
10387, D3 js 
10387, Plotly / Plotly Express 
10388, Matplotlib 
10389, Shiny 
10390, Matplotlib 
10390, Seaborn 
10391, Matplotlib 
10392, Geoplotlib 
10392, Pygal 
10392, Plotly / Plotly Express 
10393, Seaborn 
10393, Matplotlib 
10394, Plotly / Plotly Express 
10394, Seaborn 
10394, Matplotlib 
10395, Matplotlib 
10395, Seaborn 
10396, Seaborn 
10396, Matplotlib 
10398, Matplotlib 
10398, Plotly / Plotly Express 
10398, Seaborn 
10399, Bokeh 
10399, Matplotlib 
10399, Seaborn 
10402, Leaflet / Folium 
10402, Ggplot / ggplot2 
10402, Shiny 
10402, Plotly / Plotly Express 
10403, Ggplot / ggplot2 
10403, Plotly / Plotly Express 
10403, Matplotlib 
10403, Seaborn 
10404, Matplotlib 
10404, Seaborn 
10405, Matplotlib 
10405, Ggplot / ggplot2 
10406, Plotly / Plotly Express 
10406, Seaborn 
10406, Matplotlib 
10407, Matplotlib 
10407, Plotly / Plotly Express 
10407, Seaborn 
10407, Bokeh 
10407, Ggplot / ggplot2 
10409, Plotly / Plotly Express 
10409, Seaborn 
10409, Geoplotlib 
10409, Ggplot / ggplot2 
10409, Matplotlib 
10411, Seaborn 
10411, Ggplot / ggplot2 
10411, Matplotlib 
10411, Plotly / Plotly Express 
10412, Matplotlib 
10412, Plotly / Plotly Express 
10415, Ggplot / ggplot2 
10415, Matplotlib 
10415, Seaborn 
10415, Shiny 
10417, Matplotlib 
10418, Seaborn 
10418, Matplotlib 
10422, Seaborn 
10422, Matplotlib 
10423, Matplotlib 
10423, Seaborn 
10423, Pygal 
10425, Leaflet / Folium 
10425, Seaborn 
10425, Matplotlib 
10425, Geoplotlib 
10426, Matplotlib 
10426, Seaborn 
10428, Matplotlib 
10428, Seaborn 
10429, Matplotlib 
10429, Ggplot / ggplot2 
10429, Plotly / Plotly Express 
10429, Seaborn 
10430, Pygal 
10430, Plotly / Plotly Express 
10430, Ggplot / ggplot2 
10431, Matplotlib 
10432, Matplotlib 
10432, Seaborn 
10433, Seaborn 
10433, Plotly / Plotly Express 
10433, Matplotlib 
10435, Shiny 
10435, Matplotlib 
10435, Plotly / Plotly Express 
10435, Seaborn 
10435, Ggplot / ggplot2 
10436, Bokeh 
10436, D3 js 
10436, Matplotlib 
10437, Matplotlib 
10437, D3 js 
10438, Seaborn 
10438, Matplotlib 
10439, Matplotlib 
10439, Seaborn 
10440, Seaborn 
10440, Matplotlib 
10441, D3 js 
10443, Seaborn 
10443, Matplotlib 
10444, Seaborn 
10445, Ggplot / ggplot2 
10447, Seaborn 
10448, Seaborn 
10448, Matplotlib 
10449, Matplotlib 
10450, Seaborn 
10450, Matplotlib 
10451, Bokeh 
10451, Seaborn 
10451, Matplotlib 
10451, Plotly / Plotly Express 
10452,Other
10454, Plotly / Plotly Express 
10454, Seaborn 
10454, Matplotlib 
10456, Matplotlib 
10457, Plotly / Plotly Express 
10457, Seaborn 
10457, Matplotlib 
10459, Seaborn 
10459, Matplotlib 
10459, Plotly / Plotly Express 
10461, Seaborn 
10462, Matplotlib 
10462, Seaborn 
10463, Plotly / Plotly Express 
10463, Matplotlib 
10463, Seaborn 
10465, Matplotlib 
10467, Seaborn 
10467, Matplotlib 
10469, Matplotlib 
10470, Seaborn 
10470, Ggplot / ggplot2 
10470, Matplotlib 
10472, Seaborn 
10472, Matplotlib 
10473, Matplotlib 
10473, Seaborn 
10475, Seaborn 
10475, Matplotlib 
10478, D3 js 
10478, Ggplot / ggplot2 
10479, Ggplot / ggplot2 
10479, Plotly / Plotly Express 
10479, Shiny 
10480, Matplotlib 
10482, Matplotlib 
10482, Ggplot / ggplot2 
10482, Plotly / Plotly Express 
10483, Matplotlib 
10483, Seaborn 
10485, Matplotlib 
10485, Seaborn 
10486, Matplotlib 
10487, Seaborn 
10487, Matplotlib 
10488, Matplotlib 
10488, Seaborn 
10489, Seaborn 
10489, Matplotlib 
10493, Matplotlib 
10493, Seaborn 
10495, Ggplot / ggplot2 
10495, Matplotlib 
10495, Plotly / Plotly Express 
10496, Matplotlib 
10496, Ggplot / ggplot2 
10497, Matplotlib 
10497, Seaborn 
10498, Matplotlib 
10498, Seaborn 
10498, Ggplot / ggplot2 
10499, Seaborn 
10499, Matplotlib 
10500, Plotly / Plotly Express 
10500, Seaborn 
10500, Matplotlib 
10500,Other
10501, Matplotlib 
10503, Matplotlib 
10506, Seaborn 
10506, Matplotlib 
10506, Plotly / Plotly Express 
10507, Ggplot / ggplot2 
10507, Matplotlib 
10507, Seaborn 
10508, Matplotlib 
10508, Seaborn 
10509, Seaborn 
10509, Matplotlib 
10511, Matplotlib 
10513, Matplotlib 
10514, Plotly / Plotly Express 
10514, Matplotlib 
10514, Seaborn 
10515, Ggplot / ggplot2 
10515, Matplotlib 
10515, Seaborn 
10517, Altair 
10519, Plotly / Plotly Express 
10519, Seaborn 
10520, Seaborn 
10520, Matplotlib 
10520, Plotly / Plotly Express 
10520, Ggplot / ggplot2 
10521, Seaborn 
10521, Matplotlib 
10523, Matplotlib 
10523, Seaborn 
10525, Geoplotlib 
10525, Seaborn 
10526, Matplotlib 
10526,Other
10529, Seaborn 
10529, Matplotlib 
10530, Seaborn 
10530, Ggplot / ggplot2 
10530, Shiny 
10530, Plotly / Plotly Express 
10530, Matplotlib 
10531, Ggplot / ggplot2 
10531, Plotly / Plotly Express 
10531, Seaborn 
10533, Matplotlib 
10533, Seaborn 
10535, Seaborn 
10535, Plotly / Plotly Express 
10535, Matplotlib 
10535, Altair 
10536, Matplotlib 
10536, Seaborn 
10537, Seaborn 
10537, Matplotlib 
10537, Plotly / Plotly Express 
10539, Pygal 
10540, Ggplot / ggplot2 
10542, Geoplotlib 
10542, Matplotlib 
10542, Plotly / Plotly Express 
10542, Seaborn 
10542, Bokeh 
10542, Ggplot / ggplot2 
10544, Geoplotlib 
10544, Plotly / Plotly Express 
10544, Matplotlib 
10546, Matplotlib 
10546,Other
10549, Seaborn 
10549, Matplotlib 
10550, Ggplot / ggplot2 
10550, Matplotlib 
10550, Seaborn 
10554, Seaborn 
10554, Matplotlib 
10556, Plotly / Plotly Express 
10556, Seaborn 
10556, Matplotlib 
10558, Ggplot / ggplot2 
10559, Seaborn 
10559, Matplotlib 
10560, Pygal 
10560, Bokeh 
10561, Seaborn 
10561, Matplotlib 
10562, Seaborn 
10562, Ggplot / ggplot2 
10565, Matplotlib 
10565, Seaborn 
10566, Seaborn 
10567, Seaborn 
10567, Matplotlib 
10567, Plotly / Plotly Express 
10570, Ggplot / ggplot2 
10570, Seaborn 
10570, Shiny 
10571, Seaborn 
10571, Geoplotlib 
10571, Matplotlib 
10572, Seaborn 
10572, Matplotlib 
10573, Plotly / Plotly Express 
10573, Seaborn 
10573, Matplotlib 
10574, Matplotlib 
10575, Seaborn 
10576, Seaborn 
10576, Matplotlib 
10577, Matplotlib 
10577, Geoplotlib 
10577, Seaborn 
10579, Ggplot / ggplot2 
10580, Seaborn 
10580, Matplotlib 
10582, Ggplot / ggplot2 
10582, Plotly / Plotly Express 
10582, Matplotlib 
10582, Seaborn 
10583, Seaborn 
10583, Matplotlib 
10585, Geoplotlib 
10586, Seaborn 
10586, Matplotlib 
10586, Plotly / Plotly Express 
10587,Other
10589, Plotly / Plotly Express 
10589, Seaborn 
10589, Leaflet / Folium 
10589, Matplotlib 
10589, Bokeh 
10590, Seaborn 
10590, Matplotlib 
10591, Matplotlib 
10592, Seaborn 
10592, Matplotlib 
10594, Ggplot / ggplot2 
10594, Shiny 
10594, Leaflet / Folium 
10595, Geoplotlib 
10595, Seaborn 
10595, Ggplot / ggplot2 
10595, Plotly / Plotly Express 
10595, Matplotlib 
10596, Matplotlib 
10596, Seaborn 
10596, Plotly / Plotly Express 
10598, Matplotlib 
10599, Plotly / Plotly Express 
10599, Matplotlib 
10600, Matplotlib 
10600, Seaborn 
10601, Seaborn 
10601, Matplotlib 
10602, Matplotlib 
10602, Seaborn 
10602, Plotly / Plotly Express 
10603, Plotly / Plotly Express 
10603, Seaborn 
10603, Matplotlib 
10604, Shiny 
10604, Ggplot / ggplot2 
10605, Seaborn 
10605, D3 js 
10605, Matplotlib 
10605, Plotly / Plotly Express 
10606, Matplotlib 
10607, Matplotlib 
10608, Plotly / Plotly Express 
10608, Matplotlib 
10608, Seaborn 
10609, Matplotlib 
10609, Leaflet / Folium 
10613, Seaborn 
10613, Plotly / Plotly Express 
10614, Matplotlib 
10614, Ggplot / ggplot2 
10616, Seaborn 
10616, Matplotlib 
10616, Plotly / Plotly Express 
10617, Seaborn 
10617, Matplotlib 
10618, Ggplot / ggplot2 
10619, D3 js 
10619, Matplotlib 
10619, Seaborn 
10620, Matplotlib 
10622, Matplotlib 
10622, Seaborn 
10624, Ggplot / ggplot2 
10624, Shiny 
10627, Geoplotlib 
10627, Seaborn 
10627, Matplotlib 
10628, Matplotlib 
10628,Other
10632, Matplotlib 
10634, Seaborn 
10634, Ggplot / ggplot2 
10634,Other
10634, Matplotlib 
10637, Matplotlib 
10638,Other
10640, Matplotlib 
10640, Geoplotlib 
10641, Matplotlib 
10641, Seaborn 
10642, Matplotlib 
10643, Pygal 
10643, Matplotlib 
10643, Seaborn 
10644, Matplotlib 
10646, Seaborn 
10646, Matplotlib 
10649, Matplotlib 
10651, Seaborn 
10651, Matplotlib 
10652, Altair 
10653, Ggplot / ggplot2 
10653, Seaborn 
10653, Matplotlib 
10654, Matplotlib 
10655, Matplotlib 
10655, Seaborn 
10656, Seaborn 
10656, Plotly / Plotly Express 
10656, Matplotlib 
10657, Seaborn 
10657, Matplotlib 
10658, Ggplot / ggplot2 
10659,Other
10660, Ggplot / ggplot2 
10660, Matplotlib 
10660, Seaborn 
10660, Plotly / Plotly Express 
10662, Ggplot / ggplot2 
10663, Ggplot / ggplot2 
10663, Plotly / Plotly Express 
10663, Seaborn 
10663, Matplotlib 
10665, Seaborn 
10665, Plotly / Plotly Express 
10665, Matplotlib 
10666, Seaborn 
10666, Matplotlib 
10666, Plotly / Plotly Express 
10668, Plotly / Plotly Express 
10668, Seaborn 
10668, Matplotlib 
10669, Seaborn 
10669, Bokeh 
10669, Matplotlib 
10669, Pygal 
10669, Geoplotlib 
10669, Plotly / Plotly Express 
10671, Plotly / Plotly Express 
10671, Geoplotlib 
10671, Matplotlib 
10671, Ggplot / ggplot2 
10672, Plotly / Plotly Express 
10672, Geoplotlib 
10672, Leaflet / Folium 
10672, Matplotlib 
10672, Altair 
10673, Seaborn 
10673, Matplotlib 
10674, Plotly / Plotly Express 
10674, Matplotlib 
10674, Seaborn 
10674, Ggplot / ggplot2 
10675, Plotly / Plotly Express 
10675, Matplotlib 
10675, Geoplotlib 
10676, Bokeh 
10679, Seaborn 
10679, Matplotlib 
10679, Plotly / Plotly Express 
10680, Seaborn 
10680, Matplotlib 
10681, Matplotlib 
10682, Shiny 
10682, Plotly / Plotly Express 
10682, Matplotlib 
10682, Seaborn 
10682, Ggplot / ggplot2 
10684,Other
10685, Seaborn 
10685, Matplotlib 
10686, Matplotlib 
10686, Seaborn 
10687, Matplotlib 
10688, Plotly / Plotly Express 
10688, Matplotlib 
10688, Seaborn 
10689, Leaflet / Folium 
10689, Plotly / Plotly Express 
10690, Matplotlib 
10691, Matplotlib 
10691, Seaborn 
10692, Matplotlib 
10693, Matplotlib 
10693, Seaborn 
10694, Ggplot / ggplot2 
10694, Leaflet / Folium 
10694, Shiny 
10698, Dygraphs 
10698, Pygal 
10702, Seaborn 
10702, Matplotlib 
10703, Matplotlib 
10703, Seaborn 
10706, Matplotlib 
10707, Seaborn 
10707, Matplotlib 
10708, Matplotlib 
10708, Seaborn 
10708, Altair 
10710, Seaborn 
10710, Matplotlib 
10711, Matplotlib 
10712,Other
10713, Seaborn 
10713, Matplotlib 
10714, Matplotlib 
10714, Seaborn 
10714, Plotly / Plotly Express 
10715, Seaborn 
10715, Matplotlib 
10716, Matplotlib 
10716, Ggplot / ggplot2 
10718, Matplotlib 
10718, Seaborn 
10719, Seaborn 
10719, Matplotlib 
10720, Matplotlib 
10721, Seaborn 
10721, Matplotlib 
10721, Bokeh 
10721, Plotly / Plotly Express 
10721, Altair 
10721, Geoplotlib 
10723, Matplotlib 
10723, Altair 
10723,Other
10723, Seaborn 
10724, Seaborn 
10724, Matplotlib 
10725, Matplotlib 
10725, Seaborn 
10725, Plotly / Plotly Express 
10725, Ggplot / ggplot2 
10726, Matplotlib 
10726, Seaborn 
10727, Matplotlib 
10728, Ggplot / ggplot2 
10728, Seaborn 
10729, Geoplotlib 
10729, Seaborn 
10730, Ggplot / ggplot2 
10730, Matplotlib 
10731, Shiny 
10731, Highcharter 
10731, Leaflet / Folium 
10732, Seaborn 
10732, Matplotlib 
10733, Matplotlib 
10733, Seaborn 
10733, Ggplot / ggplot2 
10734, Seaborn 
10735, Matplotlib 
10735, Ggplot / ggplot2 
10735, Seaborn 
10736, Matplotlib 
10737, Plotly / Plotly Express 
10737, Seaborn 
10737, Matplotlib 
10738, Plotly / Plotly Express 
10738, Matplotlib 
10738,Other
10739, Matplotlib 
10744, Matplotlib 
10744, Plotly / Plotly Express 
10744, Seaborn 
10746, Matplotlib 
10746, Seaborn 
10746, Leaflet / Folium 
10747, Plotly / Plotly Express 
10747, Geoplotlib 
10747, Seaborn 
10747, Ggplot / ggplot2 
10747, Matplotlib 
10748, Seaborn 
10748, Matplotlib 
10750, Matplotlib 
10750, Plotly / Plotly Express 
10750, Seaborn 
10751, Matplotlib 
10752, Matplotlib 
10752, Plotly / Plotly Express 
10752, Seaborn 
10753, Matplotlib 
10753, Bokeh 
10753, Plotly / Plotly Express 
10753, Seaborn 
10754, Seaborn 
10754, Plotly / Plotly Express 
10754, Leaflet / Folium 
10754, Matplotlib 
10757, Seaborn 
10757, Matplotlib 
10757, Plotly / Plotly Express 
10762, Seaborn 
10762, Matplotlib 
10763, Geoplotlib 
10763, Matplotlib 
10764, Matplotlib 
10764, Seaborn 
10765, Matplotlib 
10766, Ggplot / ggplot2 
10766, Matplotlib 
10766, Plotly / Plotly Express 
10766, Geoplotlib 
10766, Shiny 
10767, Matplotlib 
10767, Ggplot / ggplot2 
10770, Matplotlib 
10770, Seaborn 
10772, Matplotlib 
10772, Seaborn 
10773, Ggplot / ggplot2 
10773, Geoplotlib 
10773, Matplotlib 
10773, Dygraphs 
10773, Seaborn 
10773, Plotly / Plotly Express 
10775, Bokeh 
10775, Matplotlib 
10776, Shiny 
10776, Plotly / Plotly Express 
10776, Leaflet / Folium 
10776, Ggplot / ggplot2 
10777, Plotly / Plotly Express 
10777, Seaborn 
10777, Matplotlib 
10778, Matplotlib 
10778, Seaborn 
10778, Ggplot / ggplot2 
10779, Plotly / Plotly Express 
10779, Ggplot / ggplot2 
10779, Seaborn 
10779, Matplotlib 
10780, Matplotlib 
10781, Ggplot / ggplot2 
10783, Seaborn 
10783, Matplotlib 
10783, Plotly / Plotly Express 
10785, Matplotlib 
10785, Seaborn 
10788, Seaborn 
10788, Matplotlib 
10789, Bokeh 
10789, Matplotlib 
10790, Seaborn 
10790, Matplotlib 
10790, Plotly / Plotly Express 
10791, Plotly / Plotly Express 
10792, Plotly / Plotly Express 
10792, Ggplot / ggplot2 
10792, Shiny 
10794, Seaborn 
10794, Matplotlib 
10796, Ggplot / ggplot2 
10796, Seaborn 
10796, Matplotlib 
10796, Plotly / Plotly Express 
10797, Seaborn 
10797, Matplotlib 
10800, Matplotlib 
10800, Plotly / Plotly Express 
10800, Ggplot / ggplot2 
10800, Seaborn 
10800, Shiny 
10804, Matplotlib 
10804, Seaborn 
10806, Matplotlib 
10808, Matplotlib 
10810, Seaborn 
10810, Matplotlib 
10811, Matplotlib 
10814, Seaborn 
10815, Plotly / Plotly Express 
10815, Geoplotlib 
10815, Matplotlib 
10815, Seaborn 
10815, Ggplot / ggplot2 
10816, Seaborn 
10816, Plotly / Plotly Express 
10816, Matplotlib 
10818, Matplotlib 
10818, Seaborn 
10819, D3 js 
10820, Matplotlib 
10821, Matplotlib 
10821, Seaborn 
10822, Plotly / Plotly Express 
10822, Seaborn 
10822, Shiny 
10822, Ggplot / ggplot2 
10822, Matplotlib 
10823, Matplotlib 
10823, Seaborn 
10823, Ggplot / ggplot2 
10824, Plotly / Plotly Express 
10824, Seaborn 
10824, Matplotlib 
10825, Seaborn 
10825, Ggplot / ggplot2 
10825, Matplotlib 
10826, Seaborn 
10826, Shiny 
10826, Ggplot / ggplot2 
10826, Matplotlib 
10826, Plotly / Plotly Express 
10827, Bokeh 
10827, Seaborn 
10827, Matplotlib 
10827, Ggplot / ggplot2 
10827, Leaflet / Folium 
10828, Ggplot / ggplot2 
10828, Shiny 
10829, Plotly / Plotly Express 
10829, Matplotlib 
10834, Dygraphs 
10834, Plotly / Plotly Express 
10834, Matplotlib 
10834, Leaflet / Folium 
10835, Matplotlib 
10835, Ggplot / ggplot2 
10835, Seaborn 
10837, Matplotlib 
10839,Other
10840, Matplotlib 
10840, Seaborn 
10841,Other
10842, Matplotlib 
10845, Matplotlib 
10846, Seaborn 
10846, Matplotlib 
10847, Matplotlib 
10847, Seaborn 
10849, Ggplot / ggplot2 
10850, Seaborn 
10850, Matplotlib 
10851, Matplotlib 
10851, Seaborn 
10852, Matplotlib 
10853, Shiny 
10853, Ggplot / ggplot2 
10854, Matplotlib 
10854, Seaborn 
10854, Ggplot / ggplot2 
10855, Matplotlib 
10855, Seaborn 
10856, Ggplot / ggplot2 
10856, Matplotlib 
10856, Plotly / Plotly Express 
10856, Seaborn 
10857, Seaborn 
10857, Matplotlib 
10858, Bokeh 
10858, Matplotlib 
10860, Matplotlib 
10860, Seaborn 
10861, Plotly / Plotly Express 
10861, Ggplot / ggplot2 
10861, Matplotlib 
10865, Matplotlib 
10865, Bokeh 
10865, Plotly / Plotly Express 
10865, Seaborn 
10866, Seaborn 
10866, Matplotlib 
10866,Other
10867, Seaborn 
10867, Matplotlib 
10868, Matplotlib 
10869, Seaborn 
10869, Matplotlib 
10869, Plotly / Plotly Express 
10870, Matplotlib 
10870, Seaborn 
10871, Matplotlib 
10873, Ggplot / ggplot2 
10873, Matplotlib 
10873, Plotly / Plotly Express 
10873, Seaborn 
10874, Plotly / Plotly Express 
10874, Matplotlib 
10874, Seaborn 
10874, Leaflet / Folium 
10876, Seaborn 
10876, Altair 
10876, Shiny 
10877, Matplotlib 
10877, Seaborn 
10877, Plotly / Plotly Express 
10878, Matplotlib 
10878, Seaborn 
10879, Plotly / Plotly Express 
10879, Matplotlib 
10879, Seaborn 
10880, Ggplot / ggplot2 
10880, Matplotlib 
10881, Matplotlib 
10881, Seaborn 
10882, Leaflet / Folium 
10882, Seaborn 
10882, Ggplot / ggplot2 
10882, Matplotlib 
10882, Bokeh 
10882, Plotly / Plotly Express 
10883, Matplotlib 
10883, Seaborn 
10886, Matplotlib 
10886, Seaborn 
10887, Seaborn 
10888, Matplotlib 
10889, Seaborn 
10889, Matplotlib 
10891, Matplotlib 
10892, Plotly / Plotly Express 
10892, Seaborn 
10892, Geoplotlib 
10892, Matplotlib 
10893, Plotly / Plotly Express 
10893, Matplotlib 
10893, Ggplot / ggplot2 
10893, Shiny 
10894, Seaborn 
10894, Matplotlib 
10895, Seaborn 
10895, Matplotlib 
10897, Ggplot / ggplot2 
10899, Matplotlib 
10899, Shiny 
10899, Bokeh 
10899, Ggplot / ggplot2 
10899, Seaborn 
10900, Seaborn 
10900, Matplotlib 
10900, Ggplot / ggplot2 
10901, Matplotlib 
10903, Matplotlib 
10903, Seaborn 
10904, Matplotlib 
10904, Seaborn 
10905, Matplotlib 
10906, Pygal 
10906, Geoplotlib 
10906, Seaborn 
10906, Leaflet / Folium 
10906, Dygraphs 
10906, Bokeh 
10906, Matplotlib 
10906, Plotly / Plotly Express 
10906, Altair 
10906, D3 js 
10906, Ggplot / ggplot2 
10906, Shiny 
10908, Seaborn 
10908, Matplotlib 
10909, Matplotlib 
10909, Plotly / Plotly Express 
10909, Seaborn 
10910, Matplotlib 
10910, Geoplotlib 
10910, Seaborn 
10911, Matplotlib 
10912, Matplotlib 
10912, Seaborn 
10916, Seaborn 
10916, Matplotlib 
10916, Plotly / Plotly Express 
10917, Matplotlib 
10918, Matplotlib 
10918, Seaborn 
10920, Seaborn 
10920, Matplotlib 
10921, Matplotlib 
10921, Plotly / Plotly Express 
10921, Ggplot / ggplot2 
10922, Seaborn 
10922, Matplotlib 
10924, Matplotlib 
10925, Plotly / Plotly Express 
10925, Matplotlib 
10925, Seaborn 
10926, Matplotlib 
10926, Plotly / Plotly Express 
10926, Seaborn 
10929, Seaborn 
10929, Matplotlib 
10930, Matplotlib 
10934, Ggplot / ggplot2 
10934, Plotly / Plotly Express 
10934, Seaborn 
10934, Matplotlib 
10936, Matplotlib 
10940, Ggplot / ggplot2 
10942, Seaborn 
10942, Ggplot / ggplot2 
10942, Plotly / Plotly Express 
10942, Matplotlib 
10943, Seaborn 
10943, Plotly / Plotly Express 
10943, Matplotlib 
10943, Ggplot / ggplot2 
10943, Shiny 
10944, Matplotlib 
10944, Ggplot / ggplot2 
10945, Seaborn 
10946, Matplotlib 
10947, Plotly / Plotly Express 
10947, Matplotlib 
10948, Plotly / Plotly Express 
10948, Seaborn 
10948, Matplotlib 
10949, Matplotlib 
10949, Ggplot / ggplot2 
10950, Shiny 
10950, Ggplot / ggplot2 
10950, Matplotlib 
10950, Seaborn 
10951, Ggplot / ggplot2 
10953, Plotly / Plotly Express 
10953, Seaborn 
10953, Shiny 
10953, Matplotlib 
10953, Ggplot / ggplot2 
10954, Matplotlib 
10957, Matplotlib 
10958, Plotly / Plotly Express 
10958, Matplotlib 
10958, Seaborn 
10959, Ggplot / ggplot2 
10959, Seaborn 
10959, Matplotlib 
10960, Matplotlib 
10960, Seaborn 
10961, Matplotlib 
10962, Seaborn 
10962, Ggplot / ggplot2 
10962, Matplotlib 
10962, Plotly / Plotly Express 
10963, Seaborn 
10963, Matplotlib 
10966, Matplotlib 
10966, Seaborn 
10966, Bokeh 
10966, Plotly / Plotly Express 
10967, Ggplot / ggplot2 
10967, Plotly / Plotly Express 
10967, Leaflet / Folium 
10968, Seaborn 
10968, Matplotlib 
10970, Pygal 
10970, Ggplot / ggplot2 
10970, Geoplotlib 
10971, Matplotlib 
10972, Matplotlib 
10972, Plotly / Plotly Express 
10974, Matplotlib 
10974, Seaborn 
10977, Highcharter 
10977, Altair 
10977, Bokeh 
10978, Matplotlib 
10978, Seaborn 
10980, Matplotlib 
10980, Plotly / Plotly Express 
10981, Ggplot / ggplot2 
10981, Matplotlib 
10981, Plotly / Plotly Express 
10981, Seaborn 
10982, Matplotlib 
10983, Ggplot / ggplot2 
10983, Matplotlib 
10983, Seaborn 
10984, Seaborn 
10984, Matplotlib 
10984, Plotly / Plotly Express 
10986, Matplotlib 
10987, Matplotlib 
10988, Leaflet / Folium 
10989, Matplotlib 
10989, Seaborn 
10989, Geoplotlib 
10992, Matplotlib 
10993, Ggplot / ggplot2 
10993, Matplotlib 
10993, Plotly / Plotly Express 
10994, Seaborn 
10994, Plotly / Plotly Express 
10998, Matplotlib 
11004, Seaborn 
11004,Other
11004, Matplotlib 
11004, Plotly / Plotly Express 
11009, Plotly / Plotly Express 
11009, Pygal 
11009, Seaborn 
11009, Matplotlib 
11010, Seaborn 
11010, Matplotlib 
11010, Ggplot / ggplot2 
11011, Seaborn 
11011, Matplotlib 
11012, Shiny 
11012, Plotly / Plotly Express 
11012, Ggplot / ggplot2 
11012, Seaborn 
11012, Pygal 
11013, Seaborn 
11013, Geoplotlib 
11013, Ggplot / ggplot2 
11014, Seaborn 
11014, Matplotlib 
11015, Matplotlib 
11016, Ggplot / ggplot2 
11016, Shiny 
11016, Seaborn 
11017, Plotly / Plotly Express 
11017, Matplotlib 
11017, Seaborn 
11019, Matplotlib 
11019, Seaborn 
11020, Seaborn 
11020, Matplotlib 
11020, Bokeh 
11021, Matplotlib 
11021, Seaborn 
11022, Dygraphs 
11022, Matplotlib 
11022, Seaborn 
11023, Matplotlib 
11024, Matplotlib 
11024, Seaborn 
11024, Geoplotlib 
11025, Plotly / Plotly Express 
11026, Seaborn 
11026, Matplotlib 
11027, Matplotlib 
11027, Seaborn 
11028, Plotly / Plotly Express 
11028, Matplotlib 
11028, Seaborn 
11029, Matplotlib 
11029,Other
11030, Seaborn 
11030, Plotly / Plotly Express 
11030, Matplotlib 
11033, Seaborn 
11034, Matplotlib 
11034, Plotly / Plotly Express 
11034, Bokeh 
11034, Geoplotlib 
11035, Matplotlib 
11035, Ggplot / ggplot2 
11035, Seaborn 
11037, Seaborn 
11037, Matplotlib 
11038, Matplotlib 
11038, Seaborn 
11038, Ggplot / ggplot2 
11038, Plotly / Plotly Express 
11041, Seaborn 
11041, Matplotlib 
11041, Plotly / Plotly Express 
11042, Matplotlib 
11042, Seaborn 
11043, Matplotlib 
11044, Plotly / Plotly Express 
11044, Matplotlib 
11044, Seaborn 
11045, Pygal 
11046, Matplotlib 
11046, Plotly / Plotly Express 
11046, Seaborn 
11047, Matplotlib 
11047, Seaborn 
11048, Ggplot / ggplot2 
11048, Matplotlib 
11048, Shiny 
11048, Plotly / Plotly Express 
11050, Leaflet / Folium 
11050, Shiny 
11050, Ggplot / ggplot2 
11050, Seaborn 
11050, Matplotlib 
11050, Plotly / Plotly Express 
11053, Matplotlib 
11054, Matplotlib 
11056, Matplotlib 
11056, Seaborn 
11060, Matplotlib 
11064, Matplotlib 
11064, Seaborn 
11066, Seaborn 
11066, Matplotlib 
11068, Matplotlib 
11068, Seaborn 
11069, Seaborn 
11069, Matplotlib 
11071, Matplotlib 
11071, Seaborn 
11073, Matplotlib 
11073, Seaborn 
11074, Seaborn 
11075, Ggplot / ggplot2 
11076, Seaborn 
11076, Matplotlib 
11078, Matplotlib 
11078, Seaborn 
11079, Matplotlib 
11079, Seaborn 
11079, Bokeh 
11080, Seaborn 
11080, Matplotlib 
11081, Ggplot / ggplot2 
11081, Seaborn 
11081, Matplotlib 
11082, Seaborn 
11082, Matplotlib 
11083, Matplotlib 
11083, Plotly / Plotly Express 
11083, Seaborn 
11084, Ggplot / ggplot2 
11084, Shiny 
11085, Matplotlib 
11085, Ggplot / ggplot2 
11085, Seaborn 
11086, Ggplot / ggplot2 
11086, Matplotlib 
11086, Seaborn 
11087, Seaborn 
11087, Ggplot / ggplot2 
11087, Shiny 
11087, Matplotlib 
11087, Plotly / Plotly Express 
11088, Matplotlib 
11088, Seaborn 
11089, Matplotlib 
11090, Matplotlib 
11090, Plotly / Plotly Express 
11090, Seaborn 
11091, Plotly / Plotly Express 
11091, Leaflet / Folium 
11091,Other
11091, Matplotlib 
11091, Seaborn 
11092, Highcharter 
11093, Seaborn 
11093, Pygal 
11093, Matplotlib 
11095, Matplotlib 
11098, Matplotlib 
11099, Matplotlib 
11099, Ggplot / ggplot2 
11099, Seaborn 
11100, Matplotlib 
11100, Seaborn 
11100, Plotly / Plotly Express 
11101, Seaborn 
11101, Matplotlib 
11102, Matplotlib 
11104, Seaborn 
11104, Matplotlib 
11105, Matplotlib 
11105, Plotly / Plotly Express 
11105, Seaborn 
11106, Matplotlib 
11106, Seaborn 
11107, Leaflet / Folium 
11107, Matplotlib 
11107, Shiny 
11108, Seaborn 
11108, Matplotlib 
11111, Matplotlib 
11113, Matplotlib 
11114, Matplotlib 
11114, Shiny 
11114, Ggplot / ggplot2 
11114, Plotly / Plotly Express 
11114, Seaborn 
11115, Seaborn 
11115, Matplotlib 
11116, Matplotlib 
11117, Seaborn 
11117, Matplotlib 
11118, Shiny 
11118, Leaflet / Folium 
11118, Ggplot / ggplot2 
11118, Plotly / Plotly Express 
11119, Seaborn 
11119, Matplotlib 
11120, Seaborn 
11120, Matplotlib 
11121, Matplotlib 
11122, Matplotlib 
11123, Matplotlib 
11123, Seaborn 
11124, Matplotlib 
11125, Matplotlib 
11125, Seaborn 
11125, Ggplot / ggplot2 
11125, Plotly / Plotly Express 
11126, Seaborn 
11126, Matplotlib 
11127, Matplotlib 
11128, Matplotlib 
11128, Seaborn 
11129, Plotly / Plotly Express 
11129, Matplotlib 
11129, Seaborn 
11132, Ggplot / ggplot2 
11132, Shiny 
11132, Matplotlib 
11132, Seaborn 
11132, Bokeh 
11132, Plotly / Plotly Express 
11132, Geoplotlib 
11132, D3 js 
11133, Seaborn 
11133, Matplotlib 
11136, Matplotlib 
11136, Seaborn 
11137, Dygraphs 
11137, Pygal 
11137, Highcharter 
11137, D3 js 
11138, Matplotlib 
11138, Seaborn 
11139, Seaborn 
11139, Plotly / Plotly Express 
11139, Matplotlib 
11139, Dygraphs 
11140, Matplotlib 
11141, Seaborn 
11141, Matplotlib 
11144, Geoplotlib 
11144, Seaborn 
11144, Bokeh 
11147, Matplotlib 
11147, Plotly / Plotly Express 
11149, Seaborn 
11149, Matplotlib 
11150, Matplotlib 
11152, Matplotlib 
11153, Seaborn 
11154, Ggplot / ggplot2 
11154, Seaborn 
11154, Matplotlib 
11154, Plotly / Plotly Express 
11155, Matplotlib 
11155, Seaborn 
11156, Matplotlib 
11156, Plotly / Plotly Express 
11156, Seaborn 
11157, Seaborn 
11157, Matplotlib 
11158, Plotly / Plotly Express 
11158, Matplotlib 
11158, Seaborn 
11159, Seaborn 
11159, Matplotlib 
11162, D3 js 
11162, Plotly / Plotly Express 
11162, Bokeh 
11162,Other
11162, Seaborn 
11162, Matplotlib 
11163, Pygal 
11165, Seaborn 
11165, Bokeh 
11165, Matplotlib 
11166, Matplotlib 
11167, Leaflet / Folium 
11167, Matplotlib 
11167, Shiny 
11168, Matplotlib 
11168, Seaborn 
11168, Plotly / Plotly Express 
11169, Matplotlib 
11170, Altair 
11171, Matplotlib 
11172, Seaborn 
11172, Matplotlib 
11174, Matplotlib 
11176, Seaborn 
11176, Plotly / Plotly Express 
11176, Matplotlib 
11177, Matplotlib 
11177, Ggplot / ggplot2 
11178, Ggplot / ggplot2 
11178, Seaborn 
11178, Plotly / Plotly Express 
11179, Seaborn 
11179, Matplotlib 
11180, Matplotlib 
11180, Seaborn 
11182, Ggplot / ggplot2 
11183, Ggplot / ggplot2 
11183, Plotly / Plotly Express 
11187, Matplotlib 
11187, Seaborn 
11188, Matplotlib 
11189, Seaborn 
11189, Matplotlib 
11190, Matplotlib 
11192, Matplotlib 
11194, Matplotlib 
11194, Seaborn 
11195, Leaflet / Folium 
11195, Matplotlib 
11195, Plotly / Plotly Express 
11195, Seaborn 
11198, Plotly / Plotly Express 
11198, Matplotlib 
11198, Seaborn 
11199, Seaborn 
11199, Plotly / Plotly Express 
11199, Matplotlib 
11199, Ggplot / ggplot2 
11199, Shiny 
11200, Matplotlib 
11200, Geoplotlib 
11201, D3 js 
11201, Matplotlib 
11202, Seaborn 
11202, Matplotlib 
11204,Other
11204, Matplotlib 
11204, Seaborn 
11209, Seaborn 
11209, Matplotlib 
11209, Highcharter 
11210, Leaflet / Folium 
11210, Dygraphs 
11210, Altair 
11210, Shiny 
11210, Highcharter 
11210, Ggplot / ggplot2 
11210, Seaborn 
11210, Pygal 
11211, Seaborn 
11211, Matplotlib 
11211, Geoplotlib 
11211, Ggplot / ggplot2 
11212, Matplotlib 
11213, Seaborn 
11213, D3 js 
11213, Matplotlib 
11214, Geoplotlib 
11214, Matplotlib 
11214, Seaborn 
11214, Bokeh 
11215, Seaborn 
11215, Matplotlib 
11216, Seaborn 
11217, Ggplot / ggplot2 
11217, Matplotlib 
11217, Seaborn 
11217, Plotly / Plotly Express 
11218, Matplotlib 
11218, Seaborn 
11220, Matplotlib 
11220, Leaflet / Folium 
11220, Seaborn 
11220, D3 js 
11222, Matplotlib 
11223, Matplotlib 
11223, Ggplot / ggplot2 
11223, Seaborn 
11224, Geoplotlib 
11224, D3 js 
11224, Ggplot / ggplot2 
11224, Matplotlib 
11225, Seaborn 
11225, Matplotlib 
11226, Plotly / Plotly Express 
11226, Shiny 
11226, Matplotlib 
11226, Ggplot / ggplot2 
11227, Matplotlib 
11229, Matplotlib 
11231, Seaborn 
11231, Ggplot / ggplot2 
11231, Matplotlib 
11231, Geoplotlib 
11231, Shiny 
11232, Seaborn 
11232, Matplotlib 
11233, Ggplot / ggplot2 
11233, Shiny 
11233, Seaborn 
11233, Matplotlib 
11233, Bokeh 
11234, Matplotlib 
11234, Geoplotlib 
11235, Ggplot / ggplot2 
11235, Seaborn 
11235, Matplotlib 
11235, Plotly / Plotly Express 
11237, Geoplotlib 
11237, Ggplot / ggplot2 
11237, Matplotlib 
11237, Seaborn 
11238, Matplotlib 
11238, Seaborn 
11239, Matplotlib 
11241, Ggplot / ggplot2 
11244, Matplotlib 
11244, Seaborn 
11245, Ggplot / ggplot2 
11246, Plotly / Plotly Express 
11247, Ggplot / ggplot2 
11249, Matplotlib 
11250, Seaborn 
11250, Matplotlib 
11252, Seaborn 
11252, Matplotlib 
11253, Matplotlib 
11253, Seaborn 
11255, Ggplot / ggplot2 
11255, Leaflet / Folium 
11256, Ggplot / ggplot2 
11257, Seaborn 
11257, Matplotlib 
11260, Ggplot / ggplot2 
11262, Seaborn 
11262, Matplotlib 
11263, Seaborn 
11263, Matplotlib 
11267, Matplotlib 
11267, Seaborn 
11267, Plotly / Plotly Express 
11270, Matplotlib 
11270, Plotly / Plotly Express 
11270, Seaborn 
11272, Seaborn 
11272, Plotly / Plotly Express 
11272, Geoplotlib 
11272, Matplotlib 
11273, Matplotlib 
11274, Matplotlib 
11275, Shiny 
11276, Matplotlib 
11276, Seaborn 
11278,Other
11280, Matplotlib 
11280, Dygraphs 
11280, Ggplot / ggplot2 
11280, Geoplotlib 
11280, Seaborn 
11280, Plotly / Plotly Express 
11280, Highcharter 
11281, Seaborn 
11281, Matplotlib 
11282, Matplotlib 
11282, Seaborn 
11283, Seaborn 
11283, Matplotlib 
11285, Seaborn 
11285, D3 js 
11286, Matplotlib 
11288, Seaborn 
11288, Geoplotlib 
11288, Plotly / Plotly Express 
11293, Seaborn 
11293, Matplotlib 
11296, Matplotlib 
11296, Seaborn 
11297, Plotly / Plotly Express 
11297, Matplotlib 
11297, Bokeh 
11297, Seaborn 
11298, Altair 
11298, Ggplot / ggplot2 
11298, Matplotlib 
11298, D3 js 
11298, Seaborn 
11299, Matplotlib 
11299, Seaborn 
11300, Bokeh 
11300, Seaborn 
11300, Leaflet / Folium 
11300, Matplotlib 
11301, Seaborn 
11301, Matplotlib 
11302, Plotly / Plotly Express 
11302, Seaborn 
11302, Matplotlib 
11303, Matplotlib 
11303, Seaborn 
11306, Matplotlib 
11306, Plotly / Plotly Express 
11306, Seaborn 
11307,Other
11307, Matplotlib 
11307, Plotly / Plotly Express 
11307, Seaborn 
11307, Geoplotlib 
11309, Seaborn 
11309, Matplotlib 
11310, Seaborn 
11311, Ggplot / ggplot2 
11311, Plotly / Plotly Express 
11311, Seaborn 
11311, Matplotlib 
11311, Leaflet / Folium 
11311, Shiny 
11312, Matplotlib 
11312, Pygal 
11312, Ggplot / ggplot2 
11312, Seaborn 
11312, Plotly / Plotly Express 
11313, Matplotlib 
11316, Plotly / Plotly Express 
11317, Ggplot / ggplot2 
11317, Shiny 
11321, Matplotlib 
11323, Matplotlib 
11323, Seaborn 
11324, Matplotlib 
11324, Seaborn 
11326, Matplotlib 
11326, Seaborn 
11327, Matplotlib 
11327, Ggplot / ggplot2 
11327, Plotly / Plotly Express 
11327, Geoplotlib 
11327, Seaborn 
11329, Ggplot / ggplot2 
11329, Matplotlib 
11330, Matplotlib 
11330, Seaborn 
11333, Plotly / Plotly Express 
11333, Matplotlib 
11333, Seaborn 
11333, Ggplot / ggplot2 
11334, Plotly / Plotly Express 
11334, Matplotlib 
11334, Seaborn 
11335, Matplotlib 
11337, Matplotlib 
11337, Plotly / Plotly Express 
11339, Shiny 
11339, Plotly / Plotly Express 
11339, Seaborn 
11339, Ggplot / ggplot2 
11340, Seaborn 
11340, Matplotlib 
11341, Matplotlib 
11341, Seaborn 
11342, Seaborn 
11342, Matplotlib 
11343, Seaborn 
11343, Matplotlib 
11344, Geoplotlib 
11344, Seaborn 
11344, Matplotlib 
11345, Matplotlib 
11345, Geoplotlib 
11345, Seaborn 
11345, Plotly / Plotly Express 
11345, Bokeh 
11346, Altair 
11346, Geoplotlib 
11346, D3 js 
11346, Ggplot / ggplot2 
11346, Plotly / Plotly Express 
11346, Seaborn 
11346, Matplotlib 
11348, Seaborn 
11348, Plotly / Plotly Express 
11348, Ggplot / ggplot2 
11348, Matplotlib 
11351, Matplotlib 
11351, Ggplot / ggplot2 
11351, Shiny 
11351, Geoplotlib 
11352,Other
11354, Seaborn 
11354, Matplotlib 
11354, Ggplot / ggplot2 
11355, Plotly / Plotly Express 
11355, Seaborn 
11355, Geoplotlib 
11355, Matplotlib 
11355, Ggplot / ggplot2 
11358, Matplotlib 
11358, Seaborn 
11358, Plotly / Plotly Express 
11359, Matplotlib 
11359, Seaborn 
11361, Matplotlib 
11361, Shiny 
11361, Seaborn 
11361,Other
11361, Plotly / Plotly Express 
11363, Seaborn 
11363, Matplotlib 
11366, Matplotlib 
11368, Matplotlib 
11368, Seaborn 
11369, Ggplot / ggplot2 
11369, Matplotlib 
11373, Ggplot / ggplot2 
11373, Plotly / Plotly Express 
11373, Leaflet / Folium 
11373, Dygraphs 
11374, Seaborn 
11374, Matplotlib 
11375, Seaborn 
11377, Plotly / Plotly Express 
11377, Matplotlib 
11377, Ggplot / ggplot2 
11378, Matplotlib 
11382, Matplotlib 
11382, Plotly / Plotly Express 
11382, Seaborn 
11383, Matplotlib 
11383, Ggplot / ggplot2 
11385, Seaborn 
11385, Ggplot / ggplot2 
11385, Plotly / Plotly Express 
11385, Matplotlib 
11386, Matplotlib 
11386, Seaborn 
11387, Seaborn 
11387, Matplotlib 
11389, Plotly / Plotly Express 
11390, Seaborn 
11390, Matplotlib 
11391, Seaborn 
11391, Matplotlib 
11393, Ggplot / ggplot2 
11393, Seaborn 
11393, Matplotlib 
11394, Matplotlib 
11394, Plotly / Plotly Express 
11397, Seaborn 
11397, Matplotlib 
11398, Matplotlib 
11399, Matplotlib 
11400, Seaborn 
11400, Matplotlib 
11402, Matplotlib 
11404, Ggplot / ggplot2 
11404, Geoplotlib 
11404, Matplotlib 
11405, Matplotlib 
11409, D3 js 
11409, Geoplotlib 
11409, Matplotlib 
11410, Seaborn 
11410, Ggplot / ggplot2 
11410, Geoplotlib 
11410, Plotly / Plotly Express 
11411, Matplotlib 
11412, Ggplot / ggplot2 
11412, Shiny 
11413, Matplotlib 
11413, Ggplot / ggplot2 
11415, Matplotlib 
11416, Matplotlib 
11416, Leaflet / Folium 
11416, Highcharter 
11416, D3 js 
11416, Seaborn 
11416, Plotly / Plotly Express 
11418, Matplotlib 
11418, Seaborn 
11419, Matplotlib 
11419, D3 js 
11419, Seaborn 
11419, Bokeh 
11419, Plotly / Plotly Express 
11419, Ggplot / ggplot2 
11419, Altair 
11420, Plotly / Plotly Express 
11420, Matplotlib 
11421, Ggplot / ggplot2 
11422, Seaborn 
11422, Matplotlib 
11424, Matplotlib 
11424, Plotly / Plotly Express 
11424, Seaborn 
11424, Bokeh 
11425, Matplotlib 
11425, Seaborn 
11425, Leaflet / Folium 
11432, Seaborn 
11432, Matplotlib 
11433, Seaborn 
11433, Matplotlib 
11433, Ggplot / ggplot2 
11436, Seaborn 
11436, Matplotlib 
11436, Ggplot / ggplot2 
11439, Geoplotlib 
11439, Matplotlib 
11440, Matplotlib 
11440, Seaborn 
11441, Geoplotlib 
11441, Seaborn 
11441, Matplotlib 
11442, Plotly / Plotly Express 
11442, Matplotlib 
11442, Ggplot / ggplot2 
11442, Seaborn 
11443, Matplotlib 
11443, Seaborn 
11444, Matplotlib 
11444, Seaborn 
11445, Matplotlib 
11447, Seaborn 
11447, Matplotlib 
11448, Matplotlib 
11449, Matplotlib 
11450, Seaborn 
11450, Matplotlib 
11450, Plotly / Plotly Express 
11451, Ggplot / ggplot2 
11451, Matplotlib 
11451, Seaborn 
11451, Plotly / Plotly Express 
11452, Seaborn 
11453, Plotly / Plotly Express 
11453, Matplotlib 
11453, Ggplot / ggplot2 
11453, Seaborn 
11453, Bokeh 
11454, Seaborn 
11454,Other
11454, Matplotlib 
11455, Seaborn 
11455, Matplotlib 
11457, Seaborn 
11457, Geoplotlib 
11457, Matplotlib 
11457, Ggplot / ggplot2 
11459, Matplotlib 
11460, Plotly / Plotly Express 
11460, Seaborn 
11460, Matplotlib 
11461, Matplotlib 
11461, Seaborn 
11462, Ggplot / ggplot2 
11463,Other
11463, Matplotlib 
11463, Seaborn 
11463, Plotly / Plotly Express 
11464, Seaborn 
11464, Matplotlib 
11465, Matplotlib 
11466, Seaborn 
11466, Matplotlib 
11467, Plotly / Plotly Express 
11467, Ggplot / ggplot2 
11467, Matplotlib 
11467, Seaborn 
11469, Matplotlib 
11471, Matplotlib 
11473, D3 js 
11473, Matplotlib 
11473, Seaborn 
11476, Seaborn 
11476, Matplotlib 
11477, Matplotlib 
11477, Seaborn 
11479, Seaborn 
11479, Matplotlib 
11480, Shiny 
11480, Ggplot / ggplot2 
11480, Matplotlib 
11481,Other
11483, Plotly / Plotly Express 
11483, Seaborn 
11483, Bokeh 
11483, Matplotlib 
11484, Matplotlib 
11484, Seaborn 
11484, Ggplot / ggplot2 
11484, Geoplotlib 
11484, Plotly / Plotly Express 
11484, Pygal 
11486, Seaborn 
11486, Matplotlib 
11488, Matplotlib 
11488, Seaborn 
11489, Matplotlib 
11489, Ggplot / ggplot2 
11489, Shiny 
11489, Seaborn 
11492, Ggplot / ggplot2 
11492, Matplotlib 
11493, Ggplot / ggplot2 
11493, Shiny 
11494, Plotly / Plotly Express 
11494, Matplotlib 
11494, Seaborn 
11495, Ggplot / ggplot2 
11496, Seaborn 
11496, Matplotlib 
11496, Plotly / Plotly Express 
11496, Geoplotlib 
11497, Ggplot / ggplot2 
11497, Matplotlib 
11498, Matplotlib 
11498, Seaborn 
11499, Seaborn 
11499, Matplotlib 
11501, Matplotlib 
11501, Seaborn 
11504, Plotly / Plotly Express 
11505, Plotly / Plotly Express 
11505, Matplotlib 
11505, Seaborn 
11506, D3 js 
11506, Leaflet / Folium 
11506, Matplotlib 
11507, Pygal 
11509, Geoplotlib 
11517, Matplotlib 
11517, Ggplot / ggplot2 
11519, Matplotlib 
11520, Seaborn 
11520, Matplotlib 
11521, Seaborn 
11521, Matplotlib 
11521, Ggplot / ggplot2 
11522, Seaborn 
11522, Matplotlib 
11522, Plotly / Plotly Express 
11523, Matplotlib 
11523, Seaborn 
11524, Matplotlib 
11526, Matplotlib 
11527, Matplotlib 
11527, Seaborn 
11527, Plotly / Plotly Express 
11528, Matplotlib 
11531, Ggplot / ggplot2 
11531, Matplotlib 
11531, Seaborn 
11532, Ggplot / ggplot2 
11532, Seaborn 
11532, Bokeh 
11532, Matplotlib 
11533, Matplotlib 
11533, Seaborn 
11534, Ggplot / ggplot2 
11534, Matplotlib 
11534, Seaborn 
11534, Plotly / Plotly Express 
11537, Matplotlib 
11537, Plotly / Plotly Express 
11537, Ggplot / ggplot2 
11537, Geoplotlib 
11537, Seaborn 
11538, Matplotlib 
11538, Seaborn 
11539, Matplotlib 
11541, Matplotlib 
11542, Matplotlib 
11542, Plotly / Plotly Express 
11544, Matplotlib 
11544, Seaborn 
11544, Geoplotlib 
11544, Plotly / Plotly Express 
11544, Ggplot / ggplot2 
11545, D3 js 
11545, Matplotlib 
11546, Seaborn 
11546, Matplotlib 
11547, Matplotlib 
11548, Matplotlib 
11548, Geoplotlib 
11548, Ggplot / ggplot2 
11548, Plotly / Plotly Express 
11549, Seaborn 
11549, Matplotlib 
11551, Ggplot / ggplot2 
11551, D3 js 
11551, Matplotlib 
11551, Bokeh 
11551, Plotly / Plotly Express 
11552, D3 js 
11552, Geoplotlib 
11552, Plotly / Plotly Express 
11552, Ggplot / ggplot2 
11552, Matplotlib 
11552, Shiny 
11552, Seaborn 
11552, Highcharter 
11554, Seaborn 
11554, Matplotlib 
11554, Plotly / Plotly Express 
11555, Matplotlib 
11556, Matplotlib 
11556, Seaborn 
11558, Matplotlib 
11559, Seaborn 
11559, Matplotlib 
11560, Matplotlib 
11560, Seaborn 
11561, Seaborn 
11561, Matplotlib 
11562, Matplotlib 
11562, Seaborn 
11562, Plotly / Plotly Express 
11563, Seaborn 
11563, Plotly / Plotly Express 
11563, Matplotlib 
11566, Ggplot / ggplot2 
11567, Matplotlib 
11568, Seaborn 
11568, Matplotlib 
11569, Seaborn 
11569, Matplotlib 
11569, Plotly / Plotly Express 
11571, Seaborn 
11571, Ggplot / ggplot2 
11571, Matplotlib 
11572, Bokeh 
11572, Ggplot / ggplot2 
11572, Matplotlib 
11573, Plotly / Plotly Express 
11573, Seaborn 
11575, Matplotlib 
11578, Seaborn 
11578, Matplotlib 
11579, Altair 
11579, Plotly / Plotly Express 
11579, Ggplot / ggplot2 
11579, Seaborn 
11579, Matplotlib 
11583, Seaborn 
11583, Matplotlib 
11584, Matplotlib 
11584, Seaborn 
11585, Seaborn 
11585, Matplotlib 
11586, Matplotlib 
11586, Ggplot / ggplot2 
11586, Shiny 
11587, Seaborn 
11587, Matplotlib 
11587, Ggplot / ggplot2 
11588, Matplotlib 
11589, Bokeh 
11589, Ggplot / ggplot2 
11589, Leaflet / Folium 
11589, Shiny 
11591,Other
11592, Plotly / Plotly Express 
11592, Seaborn 
11592, Matplotlib 
11593, Seaborn 
11593, Ggplot / ggplot2 
11593, Matplotlib 
11593, Plotly / Plotly Express 
11594, Seaborn 
11594, Matplotlib 
11595, Matplotlib 
11598, Matplotlib 
11601, Bokeh 
11601, Matplotlib 
11601, Seaborn 
11601, Plotly / Plotly Express 
11602, Matplotlib 
11603, Seaborn 
11603, Matplotlib 
11604, Matplotlib 
11604, Seaborn 
11605, Matplotlib 
11605, Leaflet / Folium 
11605, Seaborn 
11605, Plotly / Plotly Express 
11607, Matplotlib 
11607, Seaborn 
11608, Matplotlib 
11610, Ggplot / ggplot2 
11610, Matplotlib 
11613, Plotly / Plotly Express 
11613, Seaborn 
11615, Pygal 
11615, Seaborn 
11615, Matplotlib 
11616, Matplotlib 
11616, Seaborn 
11617, Plotly / Plotly Express 
11617, Ggplot / ggplot2 
11619, Matplotlib 
11620,Other
11621, Matplotlib 
11621, Plotly / Plotly Express 
11621, Seaborn 
11623, Seaborn 
11623, Matplotlib 
11624, Seaborn 
11625, Matplotlib 
11625, Seaborn 
11625, Geoplotlib 
11626, Matplotlib 
11628, Seaborn 
11628, Matplotlib 
11628, Plotly / Plotly Express 
11629, Pygal 
11629, Ggplot / ggplot2 
11629, Altair 
11629, Seaborn 
11629, Matplotlib 
11631, Matplotlib 
11631, Seaborn 
11631, Plotly / Plotly Express 
11632, Seaborn 
11632, Plotly / Plotly Express 
11632, Matplotlib 
11633, Ggplot / ggplot2 
11635, Seaborn 
11635, Matplotlib 
11635, Plotly / Plotly Express 
11635, Bokeh 
11635, Ggplot / ggplot2 
11636, Seaborn 
11636, Matplotlib 
11637, Matplotlib 
11637, Seaborn 
11637, Geoplotlib 
11637, Plotly / Plotly Express 
11642, Matplotlib 
11643, Matplotlib 
11643, Geoplotlib 
11644, Seaborn 
11644, Matplotlib 
11644, Ggplot / ggplot2 
11644, Shiny 
11644, Plotly / Plotly Express 
11645, Ggplot / ggplot2 
11645, Matplotlib 
11646, Matplotlib 
11646, Plotly / Plotly Express 
11646, Altair 
11646, Seaborn 
11646, Bokeh 
11649, Seaborn 
11649, Matplotlib 
11650, Seaborn 
11650, Geoplotlib 
11650, Matplotlib 
11650, Ggplot / ggplot2 
11651, Matplotlib 
11651, Seaborn 
11652, Seaborn 
11652, Matplotlib 
11653, Shiny 
11653, Ggplot / ggplot2 
11653, Plotly / Plotly Express 
11655, Matplotlib 
11659, Matplotlib 
11659, Ggplot / ggplot2 
11660, Plotly / Plotly Express 
11660, Seaborn 
11660, Matplotlib 
11660, Ggplot / ggplot2 
11661, Geoplotlib 
11661, Matplotlib 
11662, Matplotlib 
11662, Seaborn 
11662, Ggplot / ggplot2 
11662, Plotly / Plotly Express 
11663, Ggplot / ggplot2 
11665, Matplotlib 
11666, Matplotlib 
11667, Seaborn 
11667, Matplotlib 
11670, Matplotlib 
11670, Seaborn 
11672, Matplotlib 
11673, Ggplot / ggplot2 
11673, Matplotlib 
11673, Seaborn 
11674, Matplotlib 
11675, Seaborn 
11675, Matplotlib 
11676, Matplotlib 
11677, Matplotlib 
11677, Plotly / Plotly Express 
11678, Matplotlib 
11678, Ggplot / ggplot2 
11679, Plotly / Plotly Express 
11679, Matplotlib 
11679, Pygal 
11679, Ggplot / ggplot2 
11681, Seaborn 
11681, Matplotlib 
11682, Seaborn 
11683, Matplotlib 
11683, Seaborn 
11683, Ggplot / ggplot2 
11684, Seaborn 
11684, Matplotlib 
11685, Ggplot / ggplot2 
11685, Matplotlib 
11685, Pygal 
11686, Shiny 
11686, Matplotlib 
11686, Seaborn 
11686, Pygal 
11686, Dygraphs 
11686, Leaflet / Folium 
11686, Plotly / Plotly Express 
11690, Plotly / Plotly Express 
11690, Bokeh 
11690, Seaborn 
11690, Matplotlib 
11691, Seaborn 
11691, Matplotlib 
11694, Plotly / Plotly Express 
11694, Seaborn 
11694, Matplotlib 
11696, Matplotlib 
11700, Seaborn 
11700, Matplotlib 
11703, Ggplot / ggplot2 
11704, Plotly / Plotly Express 
11704, Matplotlib 
11706, Seaborn 
11710, Shiny 
11710, Ggplot / ggplot2 
11710, Seaborn 
11710, Matplotlib 
11710, Plotly / Plotly Express 
11712, Geoplotlib 
11712,Other
11712, Matplotlib 
11712, Seaborn 
11713, Seaborn 
11713, Matplotlib 
11713, Ggplot / ggplot2 
11714, Seaborn 
11714, Matplotlib 
11714, Plotly / Plotly Express 
11715, Matplotlib 
11715, Plotly / Plotly Express 
11718, Seaborn 
11718, Matplotlib 
11719, Seaborn 
11719, Matplotlib 
11720, Seaborn 
11720, Matplotlib 
11721, D3 js 
11725, Ggplot / ggplot2 
11725, Plotly / Plotly Express 
11729, Matplotlib 
11729, Seaborn 
11731, Matplotlib 
11731, Seaborn 
11732, Matplotlib 
11732, Seaborn 
11733, Seaborn 
11733, Matplotlib 
11733, Geoplotlib 
11733, Ggplot / ggplot2 
11733, Dygraphs 
11736, Matplotlib 
11736, Seaborn 
11736, Bokeh 
11736, Plotly / Plotly Express 
11737, Ggplot / ggplot2 
11737, Seaborn 
11738, Seaborn 
11738, Bokeh 
11738, Ggplot / ggplot2 
11738, Matplotlib 
11738, Geoplotlib 
11740, Plotly / Plotly Express 
11740, Seaborn 
11740, Matplotlib 
11741, Ggplot / ggplot2 
11741, Geoplotlib 
11741, Matplotlib 
11742, Seaborn 
11742, Matplotlib 
11743, Plotly / Plotly Express 
11743, Matplotlib 
11744, Matplotlib 
11744, Seaborn 
11745, Seaborn 
11745, Matplotlib 
11746, Matplotlib 
11747, Matplotlib 
11747, Seaborn 
11747, Plotly / Plotly Express 
11750, Plotly / Plotly Express 
11750, Matplotlib 
11750, Seaborn 
11751, Matplotlib 
11751, Seaborn 
11752, Matplotlib 
11752, Seaborn 
11753,Other
11754, Seaborn 
11754, Matplotlib 
11755, Matplotlib 
11756, Plotly / Plotly Express 
11756, Seaborn 
11756, Matplotlib 
11757, Matplotlib 
11758, Matplotlib 
11758, Seaborn 
11759, Matplotlib 
11759, Seaborn 
11760, Seaborn 
11760, Matplotlib 
11763, Plotly / Plotly Express 
11764, Bokeh 
11764, Matplotlib 
11764, Seaborn 
11764, Plotly / Plotly Express 
11765, Matplotlib 
11765, Seaborn 
11766, Matplotlib 
11768, Matplotlib 
11768, Plotly / Plotly Express 
11769, Matplotlib 
11769, Seaborn 
11770, Seaborn 
11770, Shiny 
11770, Matplotlib 
11770, Ggplot / ggplot2 
11771, Matplotlib 
11772, Pygal 
11773, Plotly / Plotly Express 
11773, Matplotlib 
11773, Seaborn 
11774, Seaborn 
11774, Matplotlib 
11775, Seaborn 
11775, Matplotlib 
11775,Other
11775, Plotly / Plotly Express 
11776, Matplotlib 
11776,Other
11776, Ggplot / ggplot2 
11776, Seaborn 
11776, Shiny 
11777, Seaborn 
11777, Matplotlib 
11777, Plotly / Plotly Express 
11777, Ggplot / ggplot2 
11778, Seaborn 
11778, Matplotlib 
11780, Plotly / Plotly Express 
11780, Ggplot / ggplot2 
11780, Matplotlib 
11780, Seaborn 
11781, Seaborn 
11781, D3 js 
11781, Plotly / Plotly Express 
11781, Matplotlib 
11784, Matplotlib 
11784, Seaborn 
11785, Matplotlib 
11785, Seaborn 
11785, Ggplot / ggplot2 
11786, Matplotlib 
11786, Plotly / Plotly Express 
11786, Seaborn 
11787, Matplotlib 
11787, Seaborn 
11787, D3 js 
11788, Seaborn 
11788, Matplotlib 
11788, Plotly / Plotly Express 
11790, Plotly / Plotly Express 
11790, Ggplot / ggplot2 
11790, Matplotlib 
11790, Seaborn 
11794, Matplotlib 
11794, Seaborn 
11795, Ggplot / ggplot2 
11797, Matplotlib 
11797, Seaborn 
11798, Matplotlib 
11798, Seaborn 
11799, Matplotlib 
11799, Bokeh 
11799, Leaflet / Folium 
11799, Seaborn 
11799, Geoplotlib 
11799, Plotly / Plotly Express 
11800, Plotly / Plotly Express 
11800, Matplotlib 
11800, Seaborn 
11801, Matplotlib 
11801, Ggplot / ggplot2 
11801, Seaborn 
11802, Shiny 
11802, Leaflet / Folium 
11802, Plotly / Plotly Express 
11802, Seaborn 
11803, Matplotlib 
11805, Plotly / Plotly Express 
11805, Matplotlib 
11805, Seaborn 
11805, Ggplot / ggplot2 
11805, Leaflet / Folium 
11810, Matplotlib 
11810, Seaborn 
11813, Plotly / Plotly Express 
11813, Matplotlib 
11813, Seaborn 
11813, Altair 
11814, Matplotlib 
11814, Plotly / Plotly Express 
11814, Seaborn 
11814, Ggplot / ggplot2 
11815, Seaborn 
11815, Ggplot / ggplot2 
11815, Matplotlib 
11815, Plotly / Plotly Express 
11817, Matplotlib 
11817, Seaborn 
11817, Plotly / Plotly Express 
11818, Seaborn 
11818, Matplotlib 
11818, Ggplot / ggplot2 
11819, Plotly / Plotly Express 
11819, Seaborn 
11819, Matplotlib 
11820, Ggplot / ggplot2 
11820, Seaborn 
11820, Matplotlib 
11821, Matplotlib 
11821, Geoplotlib 
11823, Matplotlib 
11823, Seaborn 
11825, D3 js 
11826,Other
11826, Seaborn 
11826, Plotly / Plotly Express 
11827, Seaborn 
11827, Matplotlib 
11828, Seaborn 
11829, Matplotlib 
11830, Seaborn 
11830, Matplotlib 
11833, Matplotlib 
11834, Matplotlib 
11835, Matplotlib 
11835, Seaborn 
11837, Matplotlib 
11838, Seaborn 
11838, Bokeh 
11838, Matplotlib 
11839, Plotly / Plotly Express 
11839, Matplotlib 
11839, Seaborn 
11842, Ggplot / ggplot2 
11843, Matplotlib 
11843, Seaborn 
11844, Matplotlib 
11845, Matplotlib 
11846, Matplotlib 
11847, Matplotlib 
11848, Matplotlib 
11848, Ggplot / ggplot2 
11850, Matplotlib 
11850, Seaborn 
11851, Seaborn 
11851, Matplotlib 
11853, Matplotlib 
11853, Seaborn 
11855, Matplotlib 
11856, Seaborn 
11856, Matplotlib 
11857, Geoplotlib 
11857, Ggplot / ggplot2 
11857, Seaborn 
11857, Matplotlib 
11859, Matplotlib 
11859, Seaborn 
11860, Seaborn 
11860, Matplotlib 
11860, Ggplot / ggplot2 
11861, Matplotlib 
11863, Shiny 
11863, Plotly / Plotly Express 
11863, Geoplotlib 
11863, Ggplot / ggplot2 
11863, Seaborn 
11863, Matplotlib 
11864, Matplotlib 
11864, Seaborn 
11865, Seaborn 
11865, Matplotlib 
11865, Plotly / Plotly Express 
11866, Matplotlib 
11868, Matplotlib 
11868, Plotly / Plotly Express 
11868, Seaborn 
11870, Ggplot / ggplot2 
11870, Plotly / Plotly Express 
11870, D3 js 
11870, Seaborn 
11870, Geoplotlib 
11870,Other
11870, Matplotlib 
11870, Bokeh 
11870, Shiny 
11871, Ggplot / ggplot2 
11874, Seaborn 
11874, Plotly / Plotly Express 
11874, Matplotlib 
11875, Seaborn 
11875, Plotly / Plotly Express 
11875, Matplotlib 
11876, Seaborn 
11876, Matplotlib 
11877, Plotly / Plotly Express 
11877, Seaborn 
11877, Matplotlib 
11878, Highcharter 
11879,Other
11880, Matplotlib 
11880, Ggplot / ggplot2 
11881, Geoplotlib 
11881, Matplotlib 
11882, Plotly / Plotly Express 
11882, Seaborn 
11885, Matplotlib 
11886,Other
11887, Matplotlib 
11887, Seaborn 
11888, Seaborn 
11890, Seaborn 
11890, Matplotlib 
11890, Ggplot / ggplot2 
11892, Seaborn 
11892, Plotly / Plotly Express 
11893, Matplotlib 
11893, Seaborn 
11895, Seaborn 
11895, Matplotlib 
11896, Seaborn 
11896, Matplotlib 
11897, Matplotlib 
11897, Seaborn 
11898, Seaborn 
11898, Matplotlib 
11899, Matplotlib 
11900, Ggplot / ggplot2 
11900, Geoplotlib 
11902, Plotly / Plotly Express 
11902, Matplotlib 
11902, Bokeh 
11902, Seaborn 
11902, Leaflet / Folium 
11903, Plotly / Plotly Express 
11903, Seaborn 
11903, Matplotlib 
11905, Highcharter 
11905, Ggplot / ggplot2 
11905, Plotly / Plotly Express 
11908, Matplotlib 
11908, Ggplot / ggplot2 
11908, Shiny 
11909, Geoplotlib 
11909, Matplotlib 
11909, Leaflet / Folium 
11909, Seaborn 
11910, Matplotlib 
11911, Matplotlib 
11911, Seaborn 
11911, Plotly / Plotly Express 
11912, Ggplot / ggplot2 
11912, Plotly / Plotly Express 
11912, Matplotlib 
11912, Seaborn 
11918, Matplotlib 
11918, Ggplot / ggplot2 
11918, Seaborn 
11919, Seaborn 
11919, Plotly / Plotly Express 
11919, Matplotlib 
11920, Seaborn 
11920, Plotly / Plotly Express 
11920, Matplotlib 
11923, Seaborn 
11923, Matplotlib 
11924, Matplotlib 
11924, D3 js 
11924, Seaborn 
11924, Geoplotlib 
11925, Seaborn 
11925, Matplotlib 
11925, Plotly / Plotly Express 
11927, Seaborn 
11927, Matplotlib 
11928, Matplotlib 
11928, Seaborn 
11929, Matplotlib 
11929, Seaborn 
11930, Matplotlib 
11932, Matplotlib 
11934, Ggplot / ggplot2 
11934, Highcharter 
11934, Shiny 
11934, D3 js 
11935, Plotly / Plotly Express 
11935, Matplotlib 
11935, Seaborn 
11936, Matplotlib 
11937, Ggplot / ggplot2 
11937, Plotly / Plotly Express 
11937, Seaborn 
11937, Matplotlib 
11939, Matplotlib 
11940, Seaborn 
11940, Matplotlib 
11941, Ggplot / ggplot2 
11941, Matplotlib 
11942, Matplotlib 
11942, Seaborn 
11942, Plotly / Plotly Express 
11942, D3 js 
11943, Matplotlib 
11944, Seaborn 
11944, Ggplot / ggplot2 
11944, Geoplotlib 
11944, Matplotlib 
11945, Matplotlib 
11947, Seaborn 
11947, Ggplot / ggplot2 
11947, Matplotlib 
11948, Seaborn 
11950, Seaborn 
11950, Matplotlib 
11951, Ggplot / ggplot2 
11951, Matplotlib 
11952, Matplotlib 
11952, Plotly / Plotly Express 
11952, Bokeh 
11952, Altair 
11952, Seaborn 
11953, Matplotlib 
11953, Seaborn 
11954, D3 js 
11954, Plotly / Plotly Express 
11954, Matplotlib 
11957, Matplotlib 
11957, Seaborn 
11957, Plotly / Plotly Express 
11958, Seaborn 
11958, Matplotlib 
11959, Plotly / Plotly Express 
11959, Matplotlib 
11959, Seaborn 
11960, Seaborn 
11960, Matplotlib 
11963, Seaborn 
11963, Matplotlib 
11965, Matplotlib 
11965, Seaborn 
11966, Seaborn 
11966, Geoplotlib 
11966, Matplotlib 
11967, Matplotlib 
11968, Plotly / Plotly Express 
11968, Seaborn 
11968, Ggplot / ggplot2 
11968, Altair 
11968, Matplotlib 
11968, Shiny 
11969, Seaborn 
11969, Plotly / Plotly Express 
11969, Matplotlib 
11970, Seaborn 
11970, Ggplot / ggplot2 
11970, Matplotlib 
11973, Matplotlib 
11974, Matplotlib 
11974, Seaborn 
11974, Ggplot / ggplot2 
11974, Plotly / Plotly Express 
11975, Ggplot / ggplot2 
11975, Matplotlib 
11975, Plotly / Plotly Express 
11978, D3 js 
11979, Matplotlib 
11979, Seaborn 
11980, Seaborn 
11980, Ggplot / ggplot2 
11980, Matplotlib 
11981, Matplotlib 
11981, Seaborn 
11981, Ggplot / ggplot2 
11982, Seaborn 
11982, Matplotlib 
11983, Seaborn 
11983, Matplotlib 
11985, Matplotlib 
11985, Plotly / Plotly Express 
11985, Pygal 
11985, Leaflet / Folium 
11986,Other
11988, Seaborn 
11988, Matplotlib 
11989, Ggplot / ggplot2 
11989, D3 js 
11989, Shiny 
11989, Plotly / Plotly Express 
11989, Matplotlib 
11991, Matplotlib 
11991, Seaborn 
11994, Seaborn 
11994, Matplotlib 
11995, Matplotlib 
11995, Seaborn 
11996, Matplotlib 
11996, Seaborn 
11997, Seaborn 
11997, Matplotlib 
11997, Plotly / Plotly Express 
11997, Ggplot / ggplot2 
11998, D3 js 
11999, Matplotlib 
11999, Plotly / Plotly Express 
11999, Seaborn 
12001, Bokeh 
12001, Pygal 
12001, Matplotlib 
12001,Other
12001, Shiny 
12002, Seaborn 
12002, Plotly / Plotly Express 
12002, Matplotlib 
12003, Matplotlib 
12003, Seaborn 
12004, Ggplot / ggplot2 
12004, Matplotlib 
12006, Seaborn 
12006, Matplotlib 
12006, Plotly / Plotly Express 
12007, Ggplot / ggplot2 
12008, Leaflet / Folium 
12008, Ggplot / ggplot2 
12008, Altair 
12011,Other
12012, Matplotlib 
12012, Plotly / Plotly Express 
12012, Seaborn 
12013, Seaborn 
12013, Matplotlib 
12014, Seaborn 
12014, Ggplot / ggplot2 
12014, Matplotlib 
12014, Plotly / Plotly Express 
12016, Matplotlib 
12016, Seaborn 
12017, Matplotlib 
12017, Ggplot / ggplot2 
12017, Seaborn 
12019, Matplotlib 
12019, D3 js 
12020, Matplotlib 
12021, Matplotlib 
12022, Seaborn 
12022, Matplotlib 
12023, Shiny 
12023, Plotly / Plotly Express 
12023, Ggplot / ggplot2 
12023, Bokeh 
12023, Seaborn 
12024, Plotly / Plotly Express 
12024, Seaborn 
12024, Geoplotlib 
12024, Matplotlib 
12025,Other
12026, Plotly / Plotly Express 
12026, Matplotlib 
12026, Seaborn 
12028, Seaborn 
12028, Matplotlib 
12030, Matplotlib 
12031, Ggplot / ggplot2 
12031, Matplotlib 
12032, Seaborn 
12032, Matplotlib 
12032, Plotly / Plotly Express 
12033, Shiny 
12033, Highcharter 
12033, Pygal 
12033, Bokeh 
12035, Matplotlib 
12035, Seaborn 
12036, Plotly / Plotly Express 
12036, Matplotlib 
12037, Ggplot / ggplot2 
12038,Other
12038, Plotly / Plotly Express 
12039,Other
12039, Ggplot / ggplot2 
12041, Matplotlib 
12041, Seaborn 
12041, Plotly / Plotly Express 
12042, Matplotlib 
12042, Ggplot / ggplot2 
12043, Seaborn 
12043, Matplotlib 
12043, Ggplot / ggplot2 
12044, Plotly / Plotly Express 
12044, Seaborn 
12044, Matplotlib 
12046, Matplotlib 
12046, Plotly / Plotly Express 
12046, Seaborn 
12048, Ggplot / ggplot2 
12049, Matplotlib 
12050, Seaborn 
12050, Matplotlib 
12051, Seaborn 
12053, Plotly / Plotly Express 
12053, Seaborn 
12053, Matplotlib 
12054, Matplotlib 
12054, Ggplot / ggplot2 
12055, Seaborn 
12055, Matplotlib 
12055, Plotly / Plotly Express 
12056, Plotly / Plotly Express 
12056, Matplotlib 
12056, Seaborn 
12057, Seaborn 
12057, Matplotlib 
12057, Plotly / Plotly Express 
12059, Shiny 
12059, Highcharter 
12059, Plotly / Plotly Express 
12059, Ggplot / ggplot2 
12060, Matplotlib 
12060, Seaborn 
12061, Matplotlib 
12061, Plotly / Plotly Express 
12061, Geoplotlib 
12061, Ggplot / ggplot2 
12062, Seaborn 
12062, Matplotlib 
12063, Matplotlib 
12064, Matplotlib 
12064, Seaborn 
12066, Ggplot / ggplot2 
12068, Seaborn 
12068, Matplotlib 
12070, Matplotlib 
12070, Seaborn 
12070, Ggplot / ggplot2 
12071, Matplotlib 
12071, Seaborn 
12072, Shiny 
12072, Seaborn 
12072, Matplotlib 
12072, Ggplot / ggplot2 
12072, Plotly / Plotly Express 
12073, Shiny 
12074, Matplotlib 
12074, Plotly / Plotly Express 
12074, Geoplotlib 
12075, Ggplot / ggplot2 
12075, Matplotlib 
12081, Seaborn 
12081, Matplotlib 
12082, Matplotlib 
12082, Seaborn 
12083, Seaborn 
12083, Matplotlib 
12085, Matplotlib 
12085, Seaborn 
12085, Plotly / Plotly Express 
12086, Plotly / Plotly Express 
12087, Leaflet / Folium 
12087, Bokeh 
12087, Seaborn 
12087, Plotly / Plotly Express 
12087, Matplotlib 
12088, Matplotlib 
12089, Matplotlib 
12092, Matplotlib 
12092, Seaborn 
12092, Plotly / Plotly Express 
12094, Matplotlib 
12097, Ggplot / ggplot2 
12100, Matplotlib 
12102, Matplotlib 
12104, Matplotlib 
12104, Seaborn 
12105, Ggplot / ggplot2 
12107, Plotly / Plotly Express 
12107, Highcharter 
12109, Seaborn 
12109, Bokeh 
12109, Ggplot / ggplot2 
12109, Plotly / Plotly Express 
12109, Matplotlib 
12110, Matplotlib 
12110, Seaborn 
12112, Ggplot / ggplot2 
12114, Seaborn 
12114, Ggplot / ggplot2 
12115, Seaborn 
12115, Geoplotlib 
12116, Plotly / Plotly Express 
12116, Seaborn 
12116, Matplotlib 
12117,Other
12117, Matplotlib 
12117, Seaborn 
12120, Matplotlib 
12122, Seaborn 
12122, Matplotlib 
12123, Seaborn 
12125, Seaborn 
12125, Matplotlib 
12125, Plotly / Plotly Express 
12126, Dygraphs 
12126, Matplotlib 
12126, Geoplotlib 
12126, Ggplot / ggplot2 
12126, Leaflet / Folium 
12127, Ggplot / ggplot2 
12127, Seaborn 
12127, Matplotlib 
12127, Plotly / Plotly Express 
12128,Other
12129, Matplotlib 
12130, Matplotlib 
12130, Seaborn 
12133, Plotly / Plotly Express 
12133, Shiny 
12133, Matplotlib 
12133,Other
12134, Matplotlib 
12135, Matplotlib 
12138, Seaborn 
12138, Matplotlib 
12139, Altair 
12140, Matplotlib 
12142, Matplotlib 
12142, Seaborn 
12144, Plotly / Plotly Express 
12144, Matplotlib 
12146, Plotly / Plotly Express 
12146, Seaborn 
12147, Ggplot / ggplot2 
12147, Matplotlib 
12149, Shiny 
12149, Plotly / Plotly Express 
12149, Matplotlib 
12149, Ggplot / ggplot2 
12149, Seaborn 
12152, Seaborn 
12152, Plotly / Plotly Express 
12153, Seaborn 
12153, Matplotlib 
12154, Matplotlib 
12154, Seaborn 
12154, Plotly / Plotly Express 
12156, Matplotlib 
12157, Altair 
12157, Seaborn 
12160,Other
12161, Matplotlib 
12164, Matplotlib 
12165, Ggplot / ggplot2 
12166, Seaborn 
12166, Matplotlib 
12167, Matplotlib 
12169, Seaborn 
12169, Matplotlib 
12172, Plotly / Plotly Express 
12172, Ggplot / ggplot2 
12172, Leaflet / Folium 
12172, Highcharter 
12172, Shiny 
12172, Seaborn 
12172, Matplotlib 
12174, Shiny 
12174, Ggplot / ggplot2 
12174, Geoplotlib 
12175, Seaborn 
12175, Ggplot / ggplot2 
12176, Seaborn 
12176, Matplotlib 
12177, Shiny 
12179, Matplotlib 
12179, Geoplotlib 
12179, Seaborn 
12179, Ggplot / ggplot2 
12180, Matplotlib 
12180, Plotly / Plotly Express 
12180, Seaborn 
12181, Seaborn 
12181,Other
12181, Matplotlib 
12181, D3 js 
12182, Seaborn 
12182, Plotly / Plotly Express 
12182, Matplotlib 
12186, Matplotlib 
12186, Seaborn 
12188, Plotly / Plotly Express 
12188, Matplotlib 
12189, Matplotlib 
12191, Matplotlib 
12191, Seaborn 
12191, Ggplot / ggplot2 
12191, Plotly / Plotly Express 
12192, Plotly / Plotly Express 
12192, Matplotlib 
12192, Seaborn 
12192,Other
12193, Matplotlib 
12193, Bokeh 
12194, Ggplot / ggplot2 
12194, Plotly / Plotly Express 
12194, Shiny 
12198, Plotly / Plotly Express 
12198, Ggplot / ggplot2 
12198, Matplotlib 
12198, Seaborn 
12200, Ggplot / ggplot2 
12200, Matplotlib 
12201, Matplotlib 
12201, Seaborn 
12202, Ggplot / ggplot2 
12203, Matplotlib 
12205, Matplotlib 
12205, Seaborn 
12209, Matplotlib 
12210, Seaborn 
12210, Matplotlib 
12211, Ggplot / ggplot2 
12211, Geoplotlib 
12211, Seaborn 
12211, Plotly / Plotly Express 
12211, Matplotlib 
12212,Other
12213, Plotly / Plotly Express 
12213, Bokeh 
12213, Seaborn 
12213, Matplotlib 
12213, Leaflet / Folium 
12215, Matplotlib 
12215, Seaborn 
12217, Matplotlib 
12218, Ggplot / ggplot2 
12219, Seaborn 
12219, Plotly / Plotly Express 
12219, Matplotlib 
12220, Seaborn 
12220, Matplotlib 
12220, Plotly / Plotly Express 
12222, Matplotlib 
12223, Matplotlib 
12223, Seaborn 
12223, Ggplot / ggplot2 
12224, Matplotlib 
12225, Matplotlib 
12225, Shiny 
12225, Seaborn 
12225, Plotly / Plotly Express 
12225, Ggplot / ggplot2 
12226, Matplotlib 
12227, Seaborn 
12227, Plotly / Plotly Express 
12227, Matplotlib 
12227, Geoplotlib 
12228, Seaborn 
12228, Plotly / Plotly Express 
12228, Matplotlib 
12229, Matplotlib 
12230, Plotly / Plotly Express 
12230, Seaborn 
12230, Ggplot / ggplot2 
12230, Shiny 
12230, Matplotlib 
12230, Leaflet / Folium 
12231, Seaborn 
12231, Matplotlib 
12232, Ggplot / ggplot2 
12233, Seaborn 
12233, Matplotlib 
12235, Seaborn 
12235, Matplotlib 
12236, Matplotlib 
12236, Seaborn 
12236, Plotly / Plotly Express 
12238, Seaborn 
12238, Matplotlib 
12239, Matplotlib 
12239, Seaborn 
12239, Plotly / Plotly Express 
12239, Altair 
12240, Matplotlib 
12241, Seaborn 
12241, Matplotlib 
12242, Ggplot / ggplot2 
12242, Matplotlib 
12242, Seaborn 
12243, Matplotlib 
12243, Seaborn 
12244, Matplotlib 
12246, Matplotlib 
12247, Matplotlib 
12250, Matplotlib 
12250, Plotly / Plotly Express 
12250, D3 js 
12250, Ggplot / ggplot2 
12251, Seaborn 
12251, Matplotlib 
12254, Matplotlib 
12254, Ggplot / ggplot2 
12255, Seaborn 
12255, Plotly / Plotly Express 
12255, Matplotlib 
12256, Seaborn 
12256, Matplotlib 
12256, Ggplot / ggplot2 
12256, Plotly / Plotly Express 
12258, Bokeh 
12258, Plotly / Plotly Express 
12258, Matplotlib 
12258, Seaborn 
12258, Ggplot / ggplot2 
12258, Geoplotlib 
12260, Matplotlib 
12261, Seaborn 
12261, Matplotlib 
12261, Plotly / Plotly Express 
12262, Seaborn 
12262, Matplotlib 
12264, Plotly / Plotly Express 
12265, Seaborn 
12265, Matplotlib 
12266, Matplotlib 
12266, Seaborn 
12267, Seaborn 
12267, Matplotlib 
12267, Plotly / Plotly Express 
12268, Seaborn 
12268, Matplotlib 
12269, Seaborn 
12269, Matplotlib 
12269, Plotly / Plotly Express 
12270, Matplotlib 
12270, Seaborn 
12273, Matplotlib 
12273, Seaborn 
12273, Ggplot / ggplot2 
12273, Geoplotlib 
12274, Matplotlib 
12275, Seaborn 
12275, Matplotlib 
12276, Matplotlib 
12276, Seaborn 
12276, Ggplot / ggplot2 
12278, Seaborn 
12278, Plotly / Plotly Express 
12278, Matplotlib 
12279, Matplotlib 
12279, Seaborn 
12280, Seaborn 
12280, Matplotlib 
12285, Matplotlib 
12286, Seaborn 
12286, Matplotlib 
12287, Matplotlib 
12288, Matplotlib 
12288, Seaborn 
12289, Ggplot / ggplot2 
12289, Matplotlib 
12289, Seaborn 
12289, Plotly / Plotly Express 
12290, Matplotlib 
12290, Seaborn 
12291, Ggplot / ggplot2 
12292, Matplotlib 
12295, Ggplot / ggplot2 
12295, Plotly / Plotly Express 
12296, Pygal 
12297, Ggplot / ggplot2 
12297, Seaborn 
12297, Matplotlib 
12298, Matplotlib 
12299, Matplotlib 
12300, Altair 
12300, Leaflet / Folium 
12300, Plotly / Plotly Express 
12301, D3 js 
12301, Plotly / Plotly Express 
12301, Seaborn 
12301, Matplotlib 
12306, Matplotlib 
12306, Ggplot / ggplot2 
12307, Matplotlib 
12307, Seaborn 
12308, Bokeh 
12308, Seaborn 
12308, Plotly / Plotly Express 
12309, Matplotlib 
12309, Ggplot / ggplot2 
12311, Seaborn 
12311, Plotly / Plotly Express 
12311, Bokeh 
12311, Matplotlib 
12312, Matplotlib 
12312, Seaborn 
12312, Ggplot / ggplot2 
12314, Ggplot / ggplot2 
12316, Seaborn 
12316, Matplotlib 
12316, Geoplotlib 
12317, Matplotlib 
12317, Seaborn 
12318, Matplotlib 
12318, Seaborn 
12320, Shiny 
12320, Plotly / Plotly Express 
12320, Seaborn 
12320, Matplotlib 
12322, Matplotlib 
12322, Seaborn 
12322, Plotly / Plotly Express 
12324, D3 js 
12325, Ggplot / ggplot2 
12325, Matplotlib 
12326, Matplotlib 
12329, Ggplot / ggplot2 
12329, Plotly / Plotly Express 
12330, Matplotlib 
12330, Seaborn 
12332,Other
12334, Matplotlib 
12334, Plotly / Plotly Express 
12335, Seaborn 
12335, Plotly / Plotly Express 
12335, Matplotlib 
12336, Matplotlib 
12337, Matplotlib 
12337, Seaborn 
12339, Seaborn 
12339, Matplotlib 
12340, Matplotlib 
12340, Seaborn 
12340, Plotly / Plotly Express 
12341, Matplotlib 
12341, Seaborn 
12341, Plotly / Plotly Express 
12343, Matplotlib 
12346, Matplotlib 
12346, Seaborn 
12350, Seaborn 
12350,Other
12352, Seaborn 
12352, Matplotlib 
12352, Plotly / Plotly Express 
12355, Seaborn 
12355, Dygraphs 
12356, Matplotlib 
12356, Seaborn 
12357, Matplotlib 
12357, Ggplot / ggplot2 
12357, Plotly / Plotly Express 
12357, Seaborn 
12358, Seaborn 
12358, Matplotlib 
12358, Leaflet / Folium 
12358, Plotly / Plotly Express 
12359, Seaborn 
12359, Matplotlib 
12361, Plotly / Plotly Express 
12361, Seaborn 
12361, Matplotlib 
12361, Shiny 
12361, Ggplot / ggplot2 
12363, Matplotlib 
12364, Seaborn 
12364, Matplotlib 
12365, Seaborn 
12365, Matplotlib 
12366, Seaborn 
12366, Matplotlib 
12366, Plotly / Plotly Express 
12367, Matplotlib 
12367, Geoplotlib 
12367, Seaborn 
12368, Matplotlib 
12368, Seaborn 
12368, Ggplot / ggplot2 
12369, Plotly / Plotly Express 
12369, Ggplot / ggplot2 
12369, Shiny 
12369, Seaborn 
12369, Dygraphs 
12369, Matplotlib 
12371, Matplotlib 
12371, Plotly / Plotly Express 
12371, Seaborn 
12372, Seaborn 
12372, Matplotlib 
12375, Matplotlib 
12375, Seaborn 
12377, Matplotlib 
12377, Leaflet / Folium 
12377, Pygal 
12377, Geoplotlib 
12377, Altair 
12377, Seaborn 
12378, Matplotlib 
12379, Matplotlib 
12379, Seaborn 
12381, Seaborn 
12381, Matplotlib 
12382, Seaborn 
12382, Matplotlib 
12382, Plotly / Plotly Express 
12383, Ggplot / ggplot2 
12383, Leaflet / Folium 
12383, Plotly / Plotly Express 
12383, Seaborn 
12383, Matplotlib 
12384, Seaborn 
12384, Matplotlib 
12390, Matplotlib 
12390, Geoplotlib 
12391, Matplotlib 
12392, Seaborn 
12392, Matplotlib 
12392, Plotly / Plotly Express 
12394,Other
12395, Plotly / Plotly Express 
12395, Seaborn 
12395, Matplotlib 
12395, Ggplot / ggplot2 
12397, Seaborn 
12397, Matplotlib 
12398, Matplotlib 
12398, Plotly / Plotly Express 
12398, Seaborn 
12398, Ggplot / ggplot2 
12398, Shiny 
12399, Matplotlib 
12400,Other
12401, Seaborn 
12401, Matplotlib 
12403,Other
12403, Bokeh 
12403, Plotly / Plotly Express 
12403, Matplotlib 
12404, Seaborn 
12404, Plotly / Plotly Express 
12404, Matplotlib 
12406, Ggplot / ggplot2 
12406, Leaflet / Folium 
12406, Matplotlib 
12406, Plotly / Plotly Express 
12406, Seaborn 
12407, Matplotlib 
12407, Seaborn 
12411, Plotly / Plotly Express 
12411, Shiny 
12411, Ggplot / ggplot2 
12413, Matplotlib 
12413, Plotly / Plotly Express 
12413, Seaborn 
12414, Matplotlib 
12414, Plotly / Plotly Express 
12414, Seaborn 
12414, D3 js 
12415, Seaborn 
12415, Matplotlib 
12417, Matplotlib 
12418, Plotly / Plotly Express 
12418, Seaborn 
12418, Matplotlib 
12419, Seaborn 
12419, Matplotlib 
12423, Seaborn 
12423, Matplotlib 
12425, Matplotlib 
12426, Matplotlib 
12427, Seaborn 
12427, Shiny 
12427, Ggplot / ggplot2 
12427, Plotly / Plotly Express 
12427, Matplotlib 
12428, Matplotlib 
12428, Seaborn 
12429, Geoplotlib 
12429, Seaborn 
12429, Plotly / Plotly Express 
12429, Matplotlib 
12430, Matplotlib 
12430, Plotly / Plotly Express 
12430, Seaborn 
12432, Seaborn 
12432, Matplotlib 
12433, Matplotlib 
12433, Seaborn 
12434, Matplotlib 
12434, Seaborn 
12435, Matplotlib 
12435, Geoplotlib 
12435, Seaborn 
12438, Ggplot / ggplot2 
12438, Plotly / Plotly Express 
12438, Geoplotlib 
12438, Seaborn 
12441, Matplotlib 
12441, Seaborn 
12441, Plotly / Plotly Express 
12442, Ggplot / ggplot2 
12442, Matplotlib 
12444, Ggplot / ggplot2 
12445, Plotly / Plotly Express 
12445, Matplotlib 
12445, Seaborn 
12448, Seaborn 
12448, Matplotlib 
12449, Seaborn 
12449, Matplotlib 
12451, Matplotlib 
12451, Seaborn 
12453, Seaborn 
12453, Matplotlib 
12454, Matplotlib 
12454, Seaborn 
12455, Seaborn 
12455, Matplotlib 
12456, Ggplot / ggplot2 
12456, Matplotlib 
12456, Seaborn 
12457, Seaborn 
12457, Matplotlib 
12458, Plotly / Plotly Express 
12458, Seaborn 
12458,Other
12458, Bokeh 
12458, Matplotlib 
12460, Seaborn 
12460, Matplotlib 
12461, Matplotlib 
12461, Seaborn 
12461, Plotly / Plotly Express 
12462, Ggplot / ggplot2 
12462, Plotly / Plotly Express 
12462, Matplotlib 
12462, Seaborn 
12463, Dygraphs 
12463, Leaflet / Folium 
12463, Matplotlib 
12463, Geoplotlib 
12465, Matplotlib 
12465, Seaborn 
12465, Plotly / Plotly Express 
12467, Matplotlib 
12467, Seaborn 
12469, Seaborn 
12469, Matplotlib 
12471, Matplotlib 
12471, Seaborn 
12472, Seaborn 
12472, Matplotlib 
12473, Matplotlib 
12474, Seaborn 
12474, Matplotlib 
12475, Matplotlib 
12476, Geoplotlib 
12477, Matplotlib 
12477, Seaborn 
12480, Seaborn 
12480, Bokeh 
12480, Matplotlib 
12480, Plotly / Plotly Express 
12481, Matplotlib 
12483, Matplotlib 
12483, Seaborn 
12483,Other
12484, Seaborn 
12484, Matplotlib 
12484, Geoplotlib 
12487, Seaborn 
12487, Ggplot / ggplot2 
12487, Shiny 
12488, Ggplot / ggplot2 
12488, Seaborn 
12488, Matplotlib 
12489, Matplotlib 
12490, Seaborn 
12490, Matplotlib 
12492, Matplotlib 
12493, Ggplot / ggplot2 
12493, Matplotlib 
12493, Seaborn 
12494, Leaflet / Folium 
12495, Matplotlib 
12495, Seaborn 
12496, Seaborn 
12496, Bokeh 
12496, Matplotlib 
12497, Ggplot / ggplot2 
12497, Geoplotlib 
12500, Seaborn 
12500, Matplotlib 
12502, Matplotlib 
12502, Seaborn 
12503, Seaborn 
12504, Matplotlib 
12507, Plotly / Plotly Express 
12507, Seaborn 
12507, Matplotlib 
12508, Plotly / Plotly Express 
12508, Seaborn 
12508, Matplotlib 
12509, D3 js 
12509, Matplotlib 
12511, Matplotlib 
12511, Ggplot / ggplot2 
12511, Geoplotlib 
12511, Plotly / Plotly Express 
12511, Bokeh 
12511, Highcharter 
12512, Plotly / Plotly Express 
12512, Seaborn 
12512, Matplotlib 
12515, Matplotlib 
12515, Seaborn 
12515, Plotly / Plotly Express 
12516, Plotly / Plotly Express 
12516, Matplotlib 
12516, Seaborn 
12517, Matplotlib 
12518, Matplotlib 
12519, Ggplot / ggplot2 
12519, Matplotlib 
12519, Plotly / Plotly Express 
12519, Seaborn 
12519, Bokeh 
12521, D3 js 
12521, Ggplot / ggplot2 
12524, Seaborn 
12524, Matplotlib 
12525, Seaborn 
12525, Plotly / Plotly Express 
12525, Matplotlib 
12529, Seaborn 
12529, Matplotlib 
12531, Matplotlib 
12531, Seaborn 
12532, Ggplot / ggplot2 
12533, Seaborn 
12533, Matplotlib 
12534, Plotly / Plotly Express 
12534, Matplotlib 
12534, Seaborn 
12535, Ggplot / ggplot2 
12535, Seaborn 
12535, Matplotlib 
12537, Matplotlib 
12537, Seaborn 
12537, Plotly / Plotly Express 
12537, Ggplot / ggplot2 
12539, Plotly / Plotly Express 
12539, Seaborn 
12539, Matplotlib 
12541, Plotly / Plotly Express 
12541, Matplotlib 
12541, Seaborn 
12542, Ggplot / ggplot2 
12542, Seaborn 
12542, Matplotlib 
12544, Matplotlib 
12546, Seaborn 
12546, Matplotlib 
12548, Matplotlib 
12548, Seaborn 
12550, Ggplot / ggplot2 
12550, Shiny 
12550, Geoplotlib 
12551,Other
12551, Matplotlib 
12551, Plotly / Plotly Express 
12552, Matplotlib 
12552, Seaborn 
12553, D3 js 
12553, Shiny 
12553, Ggplot / ggplot2 
12553, Seaborn 
12553, Plotly / Plotly Express 
12553, Matplotlib 
12554, Matplotlib 
12557, Seaborn 
12557,Other
12557, Matplotlib 
12558, Matplotlib 
12558, Seaborn 
12559, Seaborn 
12559, Ggplot / ggplot2 
12559, Matplotlib 
12560, Plotly / Plotly Express 
12560, Matplotlib 
12560, Seaborn 
12561, Pygal 
12561, Leaflet / Folium 
12561, Plotly / Plotly Express 
12561, Ggplot / ggplot2 
12561, Altair 
12561, Geoplotlib 
12561, Bokeh 
12561, Dygraphs 
12562, Ggplot / ggplot2 
12563, Plotly / Plotly Express 
12563, D3 js 
12563, Matplotlib 
12564, Plotly / Plotly Express 
12564,Other
12564, Matplotlib 
12564, Seaborn 
12565, Matplotlib 
12568, Matplotlib 
12571, Matplotlib 
12572, Ggplot / ggplot2 
12572, Matplotlib 
12573, Seaborn 
12575, Ggplot / ggplot2 
12578, Matplotlib 
12579, Matplotlib 
12579, Seaborn 
12580, Matplotlib 
12580, Seaborn 
12581, Matplotlib 
12581,Other
12584, Seaborn 
12584, Matplotlib 
12587, Seaborn 
12587, Matplotlib 
12587, Plotly / Plotly Express 
12588, D3 js 
12588, Matplotlib 
12588, Plotly / Plotly Express 
12588, Ggplot / ggplot2 
12589, Seaborn 
12589, Geoplotlib 
12589, Matplotlib 
12591, Shiny 
12594, Ggplot / ggplot2 
12594, Shiny 
12595, Matplotlib 
12595, Plotly / Plotly Express 
12596, Matplotlib 
12596, Seaborn 
12596, Geoplotlib 
12597, Matplotlib 
12597, Seaborn 
12599, D3 js 
12599, Matplotlib 
12599, Shiny 
12599, Ggplot / ggplot2 
12599, Leaflet / Folium 
12600, Matplotlib 
12600,Other
12602, Matplotlib 
12602, Plotly / Plotly Express 
12602, Seaborn 
12603, Ggplot / ggplot2 
12604, Seaborn 
12604, Plotly / Plotly Express 
12604, Bokeh 
12604, Matplotlib 
12605, Geoplotlib 
12605, Ggplot / ggplot2 
12605, Matplotlib 
12605, Seaborn 
12606, Plotly / Plotly Express 
12606, Ggplot / ggplot2 
12606, Matplotlib 
12606, Seaborn 
12611, Matplotlib 
12611, Seaborn 
12612, Plotly / Plotly Express 
12613,Other
12614, Seaborn 
12614, Matplotlib 
12615, Matplotlib 
12615, Seaborn 
12615, Bokeh 
12616, Matplotlib 
12617, Matplotlib 
12618, Seaborn 
12618, Plotly / Plotly Express 
12618, Matplotlib 
12623, Seaborn 
12626, Matplotlib 
12627, Seaborn 
12627, Matplotlib 
12628, Ggplot / ggplot2 
12628, Dygraphs 
12628, Pygal 
12628, Matplotlib 
12628, Geoplotlib 
12629, Matplotlib 
12629, Seaborn 
12629, D3 js 
12630, Matplotlib 
12630, Plotly / Plotly Express 
12630, Seaborn 
12633, Matplotlib 
12634, Matplotlib 
12637, Ggplot / ggplot2 
12637, Shiny 
12638, Matplotlib 
12639, D3 js 
12639, Matplotlib 
12640, Matplotlib 
12641, Ggplot / ggplot2 
12641, Geoplotlib 
12641, Matplotlib 
12644, Seaborn 
12644, Matplotlib 
12645, Ggplot / ggplot2 
12645, Matplotlib 
12645, Plotly / Plotly Express 
12645, Shiny 
12645, Seaborn 
12646, D3 js 
12646, Seaborn 
12646, Matplotlib 
12649, Plotly / Plotly Express 
12649, Matplotlib 
12649, D3 js 
12649, Bokeh 
12649, Seaborn 
12650, Seaborn 
12650, Geoplotlib 
12650, Matplotlib 
12654, Matplotlib 
12655, Seaborn 
12655, Plotly / Plotly Express 
12655, Matplotlib 
12656, Ggplot / ggplot2 
12656, Plotly / Plotly Express 
12657, Matplotlib 
12657, Plotly / Plotly Express 
12657, Seaborn 
12658, Matplotlib 
12659, Seaborn 
12659, Matplotlib 
12659, Plotly / Plotly Express 
12660, Plotly / Plotly Express 
12660, Matplotlib 
12660, Ggplot / ggplot2 
12661, Pygal 
12661, Matplotlib 
12663, Plotly / Plotly Express 
12663, Matplotlib 
12665, D3 js 
12665, Matplotlib 
12667, Matplotlib 
12667, Seaborn 
12667, Plotly / Plotly Express 
12669, Seaborn 
12669, Ggplot / ggplot2 
12669, Matplotlib 
12670, Shiny 
12670, Ggplot / ggplot2 
12672, Seaborn 
12672, Matplotlib 
12673, Matplotlib 
12674, Matplotlib 
12674, Seaborn 
12675, Matplotlib 
12676, Matplotlib 
12676, Ggplot / ggplot2 
12676, Pygal 
12676, Plotly / Plotly Express 
12676, D3 js 
12677, Matplotlib 
12677, Seaborn 
12677, Ggplot / ggplot2 
12678, Matplotlib 
12678, Ggplot / ggplot2 
12678, Plotly / Plotly Express 
12678, Seaborn 
12679, Matplotlib 
12679, Seaborn 
12680, Ggplot / ggplot2 
12680, Matplotlib 
12680, Plotly / Plotly Express 
12680, Seaborn 
12680, Shiny 
12680, Geoplotlib 
12681, Ggplot / ggplot2 
12681, Plotly / Plotly Express 
12682, Seaborn 
12682, Dygraphs 
12682, Matplotlib 
12682, Leaflet / Folium 
12682, Ggplot / ggplot2 
12682, Plotly / Plotly Express 
12682, Shiny 
12683, Plotly / Plotly Express 
12683, Matplotlib 
12683, Seaborn 
12684, Seaborn 
12684, Matplotlib 
12684, D3 js 
12685, Seaborn 
12685, Matplotlib 
12686, Geoplotlib 
12686, Matplotlib 
12686, Pygal 
12686, Ggplot / ggplot2 
12686, Dygraphs 
12687, Geoplotlib 
12687, Plotly / Plotly Express 
12687, Ggplot / ggplot2 
12687, Matplotlib 
12689, Seaborn 
12689, Matplotlib 
12691, Matplotlib 
12692,Other
12692, Seaborn 
12692, Matplotlib 
12693, Matplotlib 
12693, Seaborn 
12696, Seaborn 
12696, Plotly / Plotly Express 
12696, Ggplot / ggplot2 
12696, Matplotlib 
12701, Ggplot / ggplot2 
12701, Matplotlib 
12701, Shiny 
12701, Seaborn 
12702, Bokeh 
12702, Matplotlib 
12703, Matplotlib 
12703, Seaborn 
12704, Ggplot / ggplot2 
12704, Matplotlib 
12705, Matplotlib 
12706, Matplotlib 
12706, Seaborn 
12707, Altair 
12707, Seaborn 
12707,Other
12707, Matplotlib 
12710, Seaborn 
12710, Matplotlib 
12711, Ggplot / ggplot2 
12712, Ggplot / ggplot2 
12714, Matplotlib 
12714, Plotly / Plotly Express 
12714, Seaborn 
12715, Seaborn 
12715, Matplotlib 
12717, Matplotlib 
12717, Seaborn 
12718, Matplotlib 
12718, Plotly / Plotly Express 
12718, Seaborn 
12719, Matplotlib 
12720, Seaborn 
12720, Matplotlib 
12721, Seaborn 
12721, Matplotlib 
12721, Plotly / Plotly Express 
12723, Ggplot / ggplot2 
12723, Seaborn 
12723, Plotly / Plotly Express 
12723, Matplotlib 
12724, Matplotlib 
12724, Ggplot / ggplot2 
12725, Seaborn 
12725, Plotly / Plotly Express 
12725, Matplotlib 
12726, Ggplot / ggplot2 
12726, Plotly / Plotly Express 
12726, Matplotlib 
12726, Highcharter 
12727, Matplotlib 
12727, D3 js 
12728, Matplotlib 
12728, Seaborn 
12729, Plotly / Plotly Express 
12729, Geoplotlib 
12729, D3 js 
12730, Seaborn 
12730, Matplotlib 
12731, Matplotlib 
12731, Seaborn 
12732, Ggplot / ggplot2 
12733, Matplotlib 
12734, Matplotlib 
12734, Seaborn 
12736, Matplotlib 
12736, Seaborn 
12736, Ggplot / ggplot2 
12738, Dygraphs 
12738, Matplotlib 
12738, Geoplotlib 
12738, Ggplot / ggplot2 
12739, Seaborn 
12740, Seaborn 
12740, Matplotlib 
12740, Geoplotlib 
12741, Plotly / Plotly Express 
12742, Seaborn 
12742, Matplotlib 
12742, Plotly / Plotly Express 
12743, Matplotlib 
12745, Matplotlib 
12747, Plotly / Plotly Express 
12747, Matplotlib 
12747, Seaborn 
12749, Matplotlib 
12749, Plotly / Plotly Express 
12749, Ggplot / ggplot2 
12751, Matplotlib 
12751, D3 js 
12752, Matplotlib 
12752, Ggplot / ggplot2 
12752, Seaborn 
12752, Plotly / Plotly Express 
12754, Matplotlib 
12757, Seaborn 
12757, Plotly / Plotly Express 
12757, Matplotlib 
12759, Matplotlib 
12760, Seaborn 
12760, Matplotlib 
12764, Matplotlib 
12764, Seaborn 
12764, Plotly / Plotly Express 
12765, Ggplot / ggplot2 
12765, Matplotlib 
12765, Seaborn 
12766, Matplotlib 
12766, Plotly / Plotly Express 
12766, Seaborn 
12768, Matplotlib 
12768, Leaflet / Folium 
12769, Matplotlib 
12769, Seaborn 
12771, Matplotlib 
12771, Ggplot / ggplot2 
12771, Seaborn 
12771, Plotly / Plotly Express 
12772, Seaborn 
12772, Ggplot / ggplot2 
12772, Matplotlib 
12772, Plotly / Plotly Express 
12773, Seaborn 
12773, Ggplot / ggplot2 
12774, Matplotlib 
12775, Plotly / Plotly Express 
12775, Seaborn 
12775, Matplotlib 
12778, Matplotlib 
12778, Ggplot / ggplot2 
12778, Highcharter 
12778, Geoplotlib 
12779, Seaborn 
12779, Matplotlib 
12779, Plotly / Plotly Express 
12780, Matplotlib 
12780, Plotly / Plotly Express 
12780, Seaborn 
12781, Plotly / Plotly Express 
12781, Matplotlib 
12781, Seaborn 
12783, Ggplot / ggplot2 
12783,Other
12783, Seaborn 
12783, Geoplotlib 
12783, Matplotlib 
12785, Plotly / Plotly Express 
12785, Seaborn 
12785, Matplotlib 
12786, Shiny 
12786, Ggplot / ggplot2 
12786, Seaborn 
12786, Matplotlib 
12787, Pygal 
12787, Geoplotlib 
12787, Seaborn 
12787, Matplotlib 
12787, Plotly / Plotly Express 
12787, Shiny 
12791, Matplotlib 
12792, Matplotlib 
12792, Seaborn 
12794, Matplotlib 
12794, Seaborn 
12795, Plotly / Plotly Express 
12796, Matplotlib 
12798, Seaborn 
12798, Ggplot / ggplot2 
12798, Matplotlib 
12800, Seaborn 
12800, Ggplot / ggplot2 
12801, Matplotlib 
12801, Seaborn 
12802, Ggplot / ggplot2 
12804, Seaborn 
12804, Matplotlib 
12805, Matplotlib 
12807, Plotly / Plotly Express 
12808, Matplotlib 
12808, Plotly / Plotly Express 
12811, Seaborn 
12811, Matplotlib 
12812, Seaborn 
12812, Matplotlib 
12813, D3 js 
12814, Matplotlib 
12814, Seaborn 
12814, Plotly / Plotly Express 
12815, Matplotlib 
12815, Seaborn 
12816, Matplotlib 
12817, Plotly / Plotly Express 
12817, Seaborn 
12819, Ggplot / ggplot2 
12819, Leaflet / Folium 
12819, Altair 
12819, Seaborn 
12819, Matplotlib 
12820, Ggplot / ggplot2 
12823, Matplotlib 
12823, Seaborn 
12824, Seaborn 
12825, Ggplot / ggplot2 
12826, Matplotlib 
12827, Matplotlib 
12828, Bokeh 
12828, Matplotlib 
12828, Seaborn 
12828, Dygraphs 
12828, Geoplotlib 
12828, Ggplot / ggplot2 
12828, Plotly / Plotly Express 
12828, D3 js 
12829, Seaborn 
12829, Matplotlib 
12830, Ggplot / ggplot2 
12830, Seaborn 
12830, Shiny 
12830, Matplotlib 
12830, Plotly / Plotly Express 
12831, Matplotlib 
12831, Seaborn 
12831, Ggplot / ggplot2 
12831, Geoplotlib 
12831, Plotly / Plotly Express 
12832, Matplotlib 
12832, Plotly / Plotly Express 
12832, Geoplotlib 
12834, Matplotlib 
12834, Seaborn 
12834, Plotly / Plotly Express 
12836, Plotly / Plotly Express 
12836, Matplotlib 
12836, Seaborn 
12838, D3 js 
12838, Plotly / Plotly Express 
12838, Matplotlib 
12839, Matplotlib 
12840, Matplotlib 
12840, Seaborn 
12841, Plotly / Plotly Express 
12841, Matplotlib 
12843, Seaborn 
12843, Matplotlib 
12844, Seaborn 
12844, Matplotlib 
12845, Seaborn 
12845, Plotly / Plotly Express 
12845, Matplotlib 
12845, Shiny 
12845, Ggplot / ggplot2 
12847, Ggplot / ggplot2 
12847, Seaborn 
12847, Matplotlib 
12850, Seaborn 
12850, Matplotlib 
12853, Seaborn 
12854, Geoplotlib 
12854, Matplotlib 
12854, Seaborn 
12855, Seaborn 
12855, Matplotlib 
12855, Plotly / Plotly Express 
12856, Shiny 
12856, Ggplot / ggplot2 
12857, Seaborn 
12857, Matplotlib 
12859,Other
12860, Matplotlib 
12860, Seaborn 
12861, Geoplotlib 
12861, Plotly / Plotly Express 
12861, Matplotlib 
12861, Seaborn 
12861, Ggplot / ggplot2 
12862, Ggplot / ggplot2 
12862, Seaborn 
12862, Matplotlib 
12863, Matplotlib 
12864, Seaborn 
12864, Matplotlib 
12864, Plotly / Plotly Express 
12864, Bokeh 
12865, Plotly / Plotly Express 
12865, Seaborn 
12866, Ggplot / ggplot2 
12866, Plotly / Plotly Express 
12867, Matplotlib 
12867, Ggplot / ggplot2 
12867, Seaborn 
12870, Seaborn 
12870, Matplotlib 
12871, Matplotlib 
12873, Seaborn 
12873, Plotly / Plotly Express 
12873, Bokeh 
12873, Matplotlib 
12874,Other
12875, Ggplot / ggplot2 
12876, Matplotlib 
12878, Matplotlib 
12879, Matplotlib 
12880, Geoplotlib 
12880, Matplotlib 
12880, Seaborn 
12881, Matplotlib 
12881, Ggplot / ggplot2 
12881, Altair 
12881, Plotly / Plotly Express 
12881, Seaborn 
12882, Plotly / Plotly Express 
12882, Seaborn 
12882, Matplotlib 
12883, Matplotlib 
12883, Seaborn 
12884, Matplotlib 
12884, Seaborn 
12884, Plotly / Plotly Express 
12885, Plotly / Plotly Express 
12885, Matplotlib 
12885, Ggplot / ggplot2 
12885, Seaborn 
12887, Ggplot / ggplot2 
12889, Seaborn 
12889, Matplotlib 
12891, D3 js 
12891, Matplotlib 
12891, Plotly / Plotly Express 
12891, Leaflet / Folium 
12891, Seaborn 
12894, Seaborn 
12894, Ggplot / ggplot2 
12894, Matplotlib 
12894, Plotly / Plotly Express 
12895, Seaborn 
12895, Matplotlib 
12896, Ggplot / ggplot2 
12896, Matplotlib 
12896, D3 js 
12897, Plotly / Plotly Express 
12897, Seaborn 
12897, Ggplot / ggplot2 
12898, Matplotlib 
12898, Plotly / Plotly Express 
12898, Seaborn 
12901, Matplotlib 
12901, Seaborn 
12902, Matplotlib 
12903, Matplotlib 
12904, Matplotlib 
12904, Seaborn 
12905, Seaborn 
12905, Matplotlib 
12906, Matplotlib 
12907, Matplotlib 
12907, D3 js 
12907, Plotly / Plotly Express 
12907, Seaborn 
12908, D3 js 
12909, Matplotlib 
12909, Seaborn 
12911, Matplotlib 
12911, Seaborn 
12913, Plotly / Plotly Express 
12913, D3 js 
12915, Seaborn 
12915, Matplotlib 
12916, Altair 
12917, Plotly / Plotly Express 
12917, Matplotlib 
12918, Matplotlib 
12918, Geoplotlib 
12918, Seaborn 
12918, Ggplot / ggplot2 
12920, Matplotlib 
12920, Ggplot / ggplot2 
12920, Seaborn 
12924, Seaborn 
12925, Matplotlib 
12925, Plotly / Plotly Express 
12925, Seaborn 
12926, Plotly / Plotly Express 
12926, Seaborn 
12926, Matplotlib 
12928, Plotly / Plotly Express 
12928, Seaborn 
12928, Matplotlib 
12928, Ggplot / ggplot2 
12928, Shiny 
12928, Geoplotlib 
12929, Seaborn 
12929, Plotly / Plotly Express 
12929, Matplotlib 
12930, Ggplot / ggplot2 
12930, Leaflet / Folium 
12930, Matplotlib 
12930, Seaborn 
12933, Plotly / Plotly Express 
12933, D3 js 
12934, Highcharter 
12934, D3 js 
12934, Matplotlib 
12935, Matplotlib 
12935, Seaborn 
12943, Seaborn 
12943, Matplotlib 
12943, Ggplot / ggplot2 
12943, Plotly / Plotly Express 
12944, Matplotlib 
12944, Seaborn 
12945, Matplotlib 
12948, Seaborn 
12948, Matplotlib 
12951, Matplotlib 
12951, Seaborn 
12952, Seaborn 
12952, Matplotlib 
12953, Seaborn 
12953, Matplotlib 
12953, Plotly / Plotly Express 
12954, Geoplotlib 
12954, Plotly / Plotly Express 
12954, Matplotlib 
12954, Seaborn 
12955, Ggplot / ggplot2 
12955, Matplotlib 
12955, Seaborn 
12955, Plotly / Plotly Express 
12957, Matplotlib 
12957, Bokeh 
12957, Geoplotlib 
12957, Plotly / Plotly Express 
12957, Seaborn 
12959, Matplotlib 
12960, Ggplot / ggplot2 
12963, Plotly / Plotly Express 
12963, Shiny 
12963, Matplotlib 
12964, Matplotlib 
12965, Seaborn 
12965, Plotly / Plotly Express 
12965, Matplotlib 
12966, Matplotlib 
12966, Seaborn 
12967, Matplotlib 
12967, Seaborn 
12967, Plotly / Plotly Express 
12970, Ggplot / ggplot2 
12970, Matplotlib 
12970, Seaborn 
12972, Matplotlib 
12972, Seaborn 
12972, Plotly / Plotly Express 
12973,Other
12974, Ggplot / ggplot2 
12974, Matplotlib 
12975, Ggplot / ggplot2 
12975, Matplotlib 
12977, Ggplot / ggplot2 
12978, D3 js 
12978, Matplotlib 
12978, Plotly / Plotly Express 
12978, Seaborn 
12980, Matplotlib 
12983, Ggplot / ggplot2 
12983, Seaborn 
12983, Matplotlib 
12986, Plotly / Plotly Express 
12986, Matplotlib 
12987, Matplotlib 
12987, Ggplot / ggplot2 
12987, Seaborn 
12988, Leaflet / Folium 
12988, D3 js 
12988, Ggplot / ggplot2 
12988, Seaborn 
12988, Plotly / Plotly Express 
12988, Shiny 
12988, Matplotlib 
12989, Matplotlib 
12989, Ggplot / ggplot2 
12989, Seaborn 
12990, Matplotlib 
12991, Plotly / Plotly Express 
12991, Matplotlib 
12991, Seaborn 
12992, Seaborn 
12992, Matplotlib 
12992, Plotly / Plotly Express 
12993, Seaborn 
12993, Matplotlib 
12994, Geoplotlib 
12994, Ggplot / ggplot2 
12994, Matplotlib 
12995, Seaborn 
12995, Matplotlib 
12996, Matplotlib 
12996, Ggplot / ggplot2 
12996, Bokeh 
12996, Geoplotlib 
12996, Seaborn 
12997, Seaborn 
12997, Matplotlib 
13000, Shiny 
13000, Ggplot / ggplot2 
13000, Matplotlib 
13000, Seaborn 
13001, Seaborn 
13001, Dygraphs 
13001, Matplotlib 
13002, Matplotlib 
13002, Seaborn 
13003, Ggplot / ggplot2 
13004, Matplotlib 
13005, Ggplot / ggplot2 
13006, Seaborn 
13006, Geoplotlib 
13006, Matplotlib 
13009, Plotly / Plotly Express 
13009, Ggplot / ggplot2 
13009, Matplotlib 
13009, Seaborn 
13010, Matplotlib 
13010, Seaborn 
13011, Seaborn 
13011, Matplotlib 
13012, D3 js 
13014, Seaborn 
13014,Other
13014, Matplotlib 
13014, Plotly / Plotly Express 
13016, Matplotlib 
13016, Seaborn 
13017,Other
13019, Matplotlib 
13019, Plotly / Plotly Express 
13020, D3 js 
13020, Matplotlib 
13020, Seaborn 
13020, Plotly / Plotly Express 
13021, Matplotlib 
13022, Seaborn 
13022, Matplotlib 
13022, Plotly / Plotly Express 
13022, Ggplot / ggplot2 
13023, Ggplot / ggplot2 
13023, Plotly / Plotly Express 
13023, Highcharter 
13023, Shiny 
13025, Matplotlib 
13026, Leaflet / Folium 
13026, Seaborn 
13026, Matplotlib 
13027, Seaborn 
13028, Ggplot / ggplot2 
13028, Seaborn 
13028, Plotly / Plotly Express 
13028, Matplotlib 
13029, Seaborn 
13029, Ggplot / ggplot2 
13029, Matplotlib 
13030, Ggplot / ggplot2 
13030, Shiny 
13032, Seaborn 
13032, Matplotlib 
13033, Plotly / Plotly Express 
13033, Seaborn 
13033, Matplotlib 
13034, Seaborn 
13038, Matplotlib 
13038, Seaborn 
13039, Matplotlib 
13039, Seaborn 
13040, Ggplot / ggplot2 
13040, Highcharter 
13041, Ggplot / ggplot2 
13041, Seaborn 
13041, Matplotlib 
13043, Plotly / Plotly Express 
13043, Seaborn 
13043, Matplotlib 
13043, Ggplot / ggplot2 
13045, Matplotlib 
13045, Seaborn 
13046, Seaborn 
13046, Ggplot / ggplot2 
13046, Matplotlib 
13048, Ggplot / ggplot2 
13048, Matplotlib 
13049, Seaborn 
13049, Matplotlib 
13049, Plotly / Plotly Express 
13050, Matplotlib 
13050, Seaborn 
13051, Matplotlib 
13051, Seaborn 
13052, Matplotlib 
13053, Matplotlib 
13054, Leaflet / Folium 
13054, Matplotlib 
13054, Geoplotlib 
13054, D3 js 
13055, Seaborn 
13055, Matplotlib 
13055, Altair 
13058, Matplotlib 
13058, Seaborn 
13059, Matplotlib 
13059, Seaborn 
13061, Seaborn 
13061, Matplotlib 
13062, Plotly / Plotly Express 
13062, Seaborn 
13062, Matplotlib 
13063, Ggplot / ggplot2 
13063, Seaborn 
13063, Matplotlib 
13064,Other
13065, Seaborn 
13065, Matplotlib 
13065, Plotly / Plotly Express 
13066, Seaborn 
13066, Matplotlib 
13066, Plotly / Plotly Express 
13068, Shiny 
13069, Matplotlib 
13071, Seaborn 
13071, Matplotlib 
13072, Seaborn 
13072, Ggplot / ggplot2 
13072, Matplotlib 
13075, Matplotlib 
13075, Seaborn 
13075, Plotly / Plotly Express 
13076, Matplotlib 
13076, Ggplot / ggplot2 
13077, Matplotlib 
13077, Seaborn 
13078, Matplotlib 
13079, Matplotlib 
13079, Plotly / Plotly Express 
13079, Seaborn 
13080, D3 js 
13080, Plotly / Plotly Express 
13080, Seaborn 
13080, Geoplotlib 
13080, Shiny 
13080, Matplotlib 
13080, Ggplot / ggplot2 
13081, Ggplot / ggplot2 
13081, Seaborn 
13081, Shiny 
13082, Pygal 
13082, Matplotlib 
13083, Matplotlib 
13083, Seaborn 
13083, Plotly / Plotly Express 
13084, Seaborn 
13084, Matplotlib 
13085, Ggplot / ggplot2 
13085, Seaborn 
13085, Matplotlib 
13086,Other
13086, Seaborn 
13087, Seaborn 
13087, Matplotlib 
13088, Ggplot / ggplot2 
13089, Seaborn 
13089, Matplotlib 
13090, Seaborn 
13090, Matplotlib 
13090, Ggplot / ggplot2 
13090, Plotly / Plotly Express 
13091,Other
13092, Matplotlib 
13092, Plotly / Plotly Express 
13092, Seaborn 
13094, Matplotlib 
13094, Plotly / Plotly Express 
13094, Ggplot / ggplot2 
13095, Seaborn 
13095, Plotly / Plotly Express 
13095, Matplotlib 
13096, Seaborn 
13096, Matplotlib 
13097, Matplotlib 
13097, Seaborn 
13099,Other
13099, Seaborn 
13099, Matplotlib 
13101, Ggplot / ggplot2 
13102, Plotly / Plotly Express 
13102, Ggplot / ggplot2 
13102, Matplotlib 
13102, Seaborn 
13105, Seaborn 
13105,Other
13105, Matplotlib 
13106, Seaborn 
13106, Matplotlib 
13106, Plotly / Plotly Express 
13107, Matplotlib 
13107, Leaflet / Folium 
13107, Geoplotlib 
13107, Seaborn 
13110, Seaborn 
13110, Matplotlib 
13112, Shiny 
13113, Seaborn 
13113, Matplotlib 
13119, Seaborn 
13119, Ggplot / ggplot2 
13119, Matplotlib 
13121, Matplotlib 
13123, Ggplot / ggplot2 
13125,Other
13125, Matplotlib 
13126, Bokeh 
13126, Plotly / Plotly Express 
13126, Ggplot / ggplot2 
13126, Seaborn 
13126, Matplotlib 
13129, Matplotlib 
13129, Seaborn 
13132, Seaborn 
13132, Matplotlib 
13132, Plotly / Plotly Express 
13134, Plotly / Plotly Express 
13134, Matplotlib 
13135, Matplotlib 
13136, Matplotlib 
13138, Ggplot / ggplot2 
13138, Matplotlib 
13138, Geoplotlib 
13138, Seaborn 
13138, Plotly / Plotly Express 
13138, Shiny 
13139, Matplotlib 
13139, Seaborn 
13141, Shiny 
13141, Ggplot / ggplot2 
13142, Matplotlib 
13143, Shiny 
13143, Ggplot / ggplot2 
13143, Matplotlib 
13143, Plotly / Plotly Express 
13143, Seaborn 
13144, Seaborn 
13144, Ggplot / ggplot2 
13144, Matplotlib 
13144, Plotly / Plotly Express 
13146, Ggplot / ggplot2 
13146, Seaborn 
13146, Plotly / Plotly Express 
13146, Matplotlib 
13147, Plotly / Plotly Express 
13147, Shiny 
13147, D3 js 
13147, Ggplot / ggplot2 
13147, Seaborn 
13148, Matplotlib 
13148, Seaborn 
13149, Matplotlib 
13149, Seaborn 
13150, Plotly / Plotly Express 
13150, Matplotlib 
13150, Shiny 
13150, Ggplot / ggplot2 
13150, Seaborn 
13154, Matplotlib 
13154, Seaborn 
13155, Seaborn 
13155, Matplotlib 
13158, Matplotlib 
13159,Other
13161, Ggplot / ggplot2 
13161, Bokeh 
13161, Leaflet / Folium 
13161, Highcharter 
13161, Seaborn 
13161, Plotly / Plotly Express 
13161, Dygraphs 
13161, Altair 
13161, D3 js 
13161, Geoplotlib 
13161, Matplotlib 
13161, Pygal 
13162, Seaborn 
13162, Matplotlib 
13163, Seaborn 
13164, Seaborn 
13164, Matplotlib 
13165, Matplotlib 
13165, Geoplotlib 
13165, Seaborn 
13165, Plotly / Plotly Express 
13166, Seaborn 
13166, Matplotlib 
13167, Matplotlib 
13169,Other
13171, Seaborn 
13171, Pygal 
13173, Matplotlib 
13173, Seaborn 
13174, Matplotlib 
13174, Seaborn 
13175, Plotly / Plotly Express 
13175, Matplotlib 
13175, Seaborn 
13175, Highcharter 
13175, Bokeh 
13177, Seaborn 
13177, Matplotlib 
13178, Matplotlib 
13178, Seaborn 
13181, Plotly / Plotly Express 
13181, Matplotlib 
13181, Ggplot / ggplot2 
13181, Seaborn 
13182, Seaborn 
13182, Bokeh 
13182, Matplotlib 
13183, Matplotlib 
13183, Seaborn 
13184, Ggplot / ggplot2 
13184, Matplotlib 
13184, Seaborn 
13188, Seaborn 
13188, Matplotlib 
13189, Matplotlib 
13192, Seaborn 
13192, Matplotlib 
13194, Ggplot / ggplot2 
13196, Leaflet / Folium 
13196, Altair 
13196, D3 js 
13196, Geoplotlib 
13196, Shiny 
13196, Matplotlib 
13196, Seaborn 
13196, Ggplot / ggplot2 
13196, Plotly / Plotly Express 
13196, Bokeh 
13197, Matplotlib 
13197, Seaborn 
13198, D3 js 
13198,Other
13199, Highcharter 
13200, Matplotlib 
13200, Seaborn 
13202, Seaborn 
13202, Matplotlib 
13203,Other
13204, Altair 
13204, Seaborn 
13204, Matplotlib 
13209, Plotly / Plotly Express 
13209, Seaborn 
13209, Dygraphs 
13209, Matplotlib 
13210, Matplotlib 
13211, Matplotlib 
13212,Other
13213, Seaborn 
13213, Matplotlib 
13213, Plotly / Plotly Express 
13214, Matplotlib 
13214, Ggplot / ggplot2 
13214, Seaborn 
13216, Matplotlib 
13216, Plotly / Plotly Express 
13216, Seaborn 
13221, Matplotlib 
13221, Pygal 
13221, Dygraphs 
13223, Matplotlib 
13224, Matplotlib 
13225, Shiny 
13225, Ggplot / ggplot2 
13229,Other
13231, Matplotlib 
13231, Geoplotlib 
13231, Plotly / Plotly Express 
13233, Seaborn 
13233, Shiny 
13233, Ggplot / ggplot2 
13233, Matplotlib 
13236, Geoplotlib 
13236, Ggplot / ggplot2 
13236, Matplotlib 
13237, Seaborn 
13237, Matplotlib 
13237, Plotly / Plotly Express 
13239, Plotly / Plotly Express 
13239, Ggplot / ggplot2 
13239, Seaborn 
13239, Bokeh 
13239, Matplotlib 
13240, Plotly / Plotly Express 
13240, Matplotlib 
13240, Seaborn 
13241, Matplotlib 
13242, Matplotlib 
13243, Plotly / Plotly Express 
13243, Matplotlib 
13243, Ggplot / ggplot2 
13244, Seaborn 
13245, Seaborn 
13245, Plotly / Plotly Express 
13245, Matplotlib 
13246, Seaborn 
13246, Matplotlib 
13247, Plotly / Plotly Express 
13248, Seaborn 
13248, Matplotlib 
13248, Ggplot / ggplot2 
13249, Matplotlib 
13249, Plotly / Plotly Express 
13251, Matplotlib 
13252, Seaborn 
13252, Matplotlib 
13253, Geoplotlib 
13253, Shiny 
13253, Matplotlib 
13253,Other
13253, Ggplot / ggplot2 
13253, Plotly / Plotly Express 
13253, Seaborn 
13254, Geoplotlib 
13254, Matplotlib 
13254, Seaborn 
13255, Plotly / Plotly Express 
13255, Matplotlib 
13255, Seaborn 
13256, Geoplotlib 
13256, Matplotlib 
13257, Plotly / Plotly Express 
13257, Ggplot / ggplot2 
13257, Shiny 
13257, D3 js 
13257, Leaflet / Folium 
13257, Geoplotlib 
13257, Bokeh 
13257, Seaborn 
13257, Matplotlib 
13258, Seaborn 
13258, Matplotlib 
13259, Matplotlib 
13259, Seaborn 
13260, Matplotlib 
13260, Plotly / Plotly Express 
13260, Ggplot / ggplot2 
13260, Seaborn 
13261, Seaborn 
13261, Matplotlib 
13263, Matplotlib 
13264, Seaborn 
13264, Matplotlib 
13265, Seaborn 
13265, Matplotlib 
13266, Geoplotlib 
13266, Plotly / Plotly Express 
13266, Seaborn 
13266, Matplotlib 
13267, Matplotlib 
13267, Seaborn 
13270, Matplotlib 
13270, Plotly / Plotly Express 
13270, Seaborn 
13271, Seaborn 
13271, Matplotlib 
13272, Seaborn 
13272, Matplotlib 
13272, Plotly / Plotly Express 
13273, Bokeh 
13273, Matplotlib 
13273, Seaborn 
13274, Matplotlib 
13275,Other
13276, Pygal 
13276, Matplotlib 
13276, Seaborn 
13276, Plotly / Plotly Express 
13279, Matplotlib 
13280, Matplotlib 
13281, Seaborn 
13281, Matplotlib 
13282, Seaborn 
13282, Matplotlib 
13284, Seaborn 
13284, Matplotlib 
13285, Matplotlib 
13285, Plotly / Plotly Express 
13286, Seaborn 
13286, Matplotlib 
13290, Seaborn 
13290, Matplotlib 
13291, Matplotlib 
13293, Plotly / Plotly Express 
13293, Matplotlib 
13293, Ggplot / ggplot2 
13293, Seaborn 
13294, Plotly / Plotly Express 
13294, Matplotlib 
13294, Seaborn 
13295, Matplotlib 
13295, Ggplot / ggplot2 
13295, Seaborn 
13296, Seaborn 
13296, Ggplot / ggplot2 
13296, Matplotlib 
13296, Shiny 
13297, Plotly / Plotly Express 
13297, Ggplot / ggplot2 
13297, Altair 
13297, Seaborn 
13299, Seaborn 
13299, Matplotlib 
13299, Geoplotlib 
13300, Matplotlib 
13300, Plotly / Plotly Express 
13300, Seaborn 
13301, Geoplotlib 
13301, D3 js 
13301, Altair 
13301, Seaborn 
13301, Bokeh 
13301, Leaflet / Folium 
13301, Plotly / Plotly Express 
13301, Shiny 
13301, Matplotlib 
13301, Ggplot / ggplot2 
13301, Pygal 
13301, Highcharter 
13301, Dygraphs 
13302, Matplotlib 
13304, Seaborn 
13304, Matplotlib 
13305, Matplotlib 
13305, Seaborn 
13306, Seaborn 
13306, Matplotlib 
13307, Seaborn 
13307, Matplotlib 
13309, Matplotlib 
13310, Seaborn 
13310, Matplotlib 
13312, Leaflet / Folium 
13312, Shiny 
13312, Geoplotlib 
13312, Altair 
13312, Seaborn 
13312, Plotly / Plotly Express 
13312, Matplotlib 
13314, Seaborn 
13314, Ggplot / ggplot2 
13314, Plotly / Plotly Express 
13314, Matplotlib 
13315, Matplotlib 
13315, Plotly / Plotly Express 
13315, Seaborn 
13316, Seaborn 
13316, Matplotlib 
13317, Matplotlib 
13317, Seaborn 
13317, Geoplotlib 
13317, Plotly / Plotly Express 
13318, Matplotlib 
13320, Seaborn 
13320, Matplotlib 
13321, Bokeh 
13321, Plotly / Plotly Express 
13321, Matplotlib 
13321, Ggplot / ggplot2 
13322, Seaborn 
13323, Seaborn 
13323, Matplotlib 
13324, Matplotlib 
13324, Seaborn 
13324, Plotly / Plotly Express 
13325, Seaborn 
13325, Matplotlib 
13327, Matplotlib 
13327, Seaborn 
13327, Plotly / Plotly Express 
13328, Matplotlib 
13329, Seaborn 
13329, Matplotlib 
13330, Matplotlib 
13330, Ggplot / ggplot2 
13330, D3 js 
13331, Seaborn 
13331, Matplotlib 
13334, Matplotlib 
13334, Seaborn 
13338, Matplotlib 
13339, Matplotlib 
13339, Seaborn 
13341, Seaborn 
13341, Matplotlib 
13341, Ggplot / ggplot2 
13343, Matplotlib 
13344, Ggplot / ggplot2 
13344, Matplotlib 
13344, Seaborn 
13345,Other
13346, Seaborn 
13346, Matplotlib 
13346, Plotly / Plotly Express 
13347, Seaborn 
13347, Matplotlib 
13347, Leaflet / Folium 
13349, Seaborn 
13349, Matplotlib 
13349, Plotly / Plotly Express 
13350, Matplotlib 
13350, Ggplot / ggplot2 
13353, Ggplot / ggplot2 
13353, Plotly / Plotly Express 
13353, Shiny 
13358, Matplotlib 
13359, Ggplot / ggplot2 
13359, Matplotlib 
13359, Seaborn 
13360, Matplotlib 
13360, Seaborn 
13361, Seaborn 
13361, Matplotlib 
13362, Matplotlib 
13362, Ggplot / ggplot2 
13363, Plotly / Plotly Express 
13363, Matplotlib 
13364, Matplotlib 
13364, Seaborn 
13365, Seaborn 
13365, Matplotlib 
13365, Ggplot / ggplot2 
13366, Matplotlib 
13366, Seaborn 
13367, Matplotlib 
13368, Seaborn 
13368, Matplotlib 
13369, Seaborn 
13369, Ggplot / ggplot2 
13369, Matplotlib 
13370, Matplotlib 
13371, D3 js 
13372, Seaborn 
13372, Matplotlib 
13373, Matplotlib 
13373, Seaborn 
13374, Geoplotlib 
13374, Seaborn 
13374, Ggplot / ggplot2 
13374, Dygraphs 
13374, Plotly / Plotly Express 
13374, Matplotlib 
13375, Plotly / Plotly Express 
13375, Ggplot / ggplot2 
13375, Matplotlib 
13376, Plotly / Plotly Express 
13376, Matplotlib 
13378, Matplotlib 
13379, Seaborn 
13379, Matplotlib 
13381, D3 js 
13381, Matplotlib 
13381, Seaborn 
13382, Matplotlib 
13383, Bokeh 
13383, Plotly / Plotly Express 
13383, Geoplotlib 
13384, Matplotlib 
13385, Matplotlib 
13386,Other
13388, Seaborn 
13388, Matplotlib 
13389, Ggplot / ggplot2 
13390, Plotly / Plotly Express 
13390, Seaborn 
13390, Matplotlib 
13394, Leaflet / Folium 
13394, Ggplot / ggplot2 
13395, Matplotlib 
13395, Ggplot / ggplot2 
13396, Matplotlib 
13399, Ggplot / ggplot2 
13401, Plotly / Plotly Express 
13401, Matplotlib 
13401, Seaborn 
13402, Seaborn 
13402, Matplotlib 
13403, Ggplot / ggplot2 
13404, Matplotlib 
13405, Seaborn 
13405, Plotly / Plotly Express 
13407, Pygal 
13407, Matplotlib 
13407, Ggplot / ggplot2 
13407, Highcharter 
13407, Seaborn 
13407, D3 js 
13408, Matplotlib 
13408, Seaborn 
13409, Seaborn 
13409, Matplotlib 
13412, Geoplotlib 
13412, Seaborn 
13412, Matplotlib 
13412, Plotly / Plotly Express 
13413, Matplotlib 
13415, Seaborn 
13415, Matplotlib 
13416, Matplotlib 
13417, Matplotlib 
13417, Plotly / Plotly Express 
13417, Ggplot / ggplot2 
13417, Seaborn 
13418, Seaborn 
13418, Shiny 
13418, Geoplotlib 
13418, Plotly / Plotly Express 
13418, Ggplot / ggplot2 
13418, Matplotlib 
13418, Bokeh 
13419, Matplotlib 
13420, Matplotlib 
13422, Matplotlib 
13422, Seaborn 
13422, D3 js 
13422, Plotly / Plotly Express 
13425, Matplotlib 
13425, Seaborn 
13426, Seaborn 
13426, Matplotlib 
13427, Ggplot / ggplot2 
13428, Leaflet / Folium 
13428, Seaborn 
13428, Plotly / Plotly Express 
13428, Matplotlib 
13429, Seaborn 
13429, Matplotlib 
13430, Plotly / Plotly Express 
13430, Matplotlib 
13430, Seaborn 
13431, Seaborn 
13431, Matplotlib 
13433, Shiny 
13434, Matplotlib 
13434, Seaborn 
13435, Ggplot / ggplot2 
13437, Matplotlib 
13437,Other
13437, Seaborn 
13438, Seaborn 
13438, Plotly / Plotly Express 
13438, Matplotlib 
13439, Matplotlib 
13439, Plotly / Plotly Express 
13439, Seaborn 
13441, Seaborn 
13443, Plotly / Plotly Express 
13443, Seaborn 
13443, Bokeh 
13443, Matplotlib 
13444, Matplotlib 
13444, Seaborn 
13445, Seaborn 
13445, Matplotlib 
13446, Shiny 
13446, Ggplot / ggplot2 
13447, Matplotlib 
13449, Seaborn 
13449, Plotly / Plotly Express 
13449, Matplotlib 
13452, Seaborn 
13452, Matplotlib 
13456, Matplotlib 
13456, Leaflet / Folium 
13456, Plotly / Plotly Express 
13457, Matplotlib 
13457, Seaborn 
13457, Plotly / Plotly Express 
13458, Matplotlib 
13458, Seaborn 
13458, Plotly / Plotly Express 
13460, Matplotlib 
13461, Matplotlib 
13461, Seaborn 
13462, Matplotlib 
13462, Seaborn 
13463, Matplotlib 
13465, Matplotlib 
13470, Matplotlib 
13470, Seaborn 
13471, Matplotlib 
13474, Matplotlib 
13474, Plotly / Plotly Express 
13476, Bokeh 
13476, Ggplot / ggplot2 
13476, Altair 
13476, Matplotlib 
13476, Seaborn 
13477, Matplotlib 
13477, Seaborn 
13478, Matplotlib 
13479, Pygal 
13481, Matplotlib 
13481, Plotly / Plotly Express 
13481, Pygal 
13481, Seaborn 
13482, Ggplot / ggplot2 
13483, Ggplot / ggplot2 
13485, Matplotlib 
13487, Seaborn 
13487, Matplotlib 
13488, Matplotlib 
13488, Plotly / Plotly Express 
13488, Seaborn 
13489, Matplotlib 
13489, Plotly / Plotly Express 
13489, Seaborn 
13491, Ggplot / ggplot2 
13493, Matplotlib 
13493, D3 js 
13494, Matplotlib 
13495, Seaborn 
13495, Matplotlib 
13497,Other
13498, Matplotlib 
13498, Ggplot / ggplot2 
13498, Plotly / Plotly Express 
13498, Seaborn 
13499, Matplotlib 
13500, Matplotlib 
13500, Ggplot / ggplot2 
13500, Seaborn 
13501, Seaborn 
13501, Matplotlib 
13503, Matplotlib 
13503, Seaborn 
13505, Matplotlib 
13505, D3 js 
13505, Bokeh 
13505, Shiny 
13505, Geoplotlib 
13505, Ggplot / ggplot2 
13505, Seaborn 
13505, Plotly / Plotly Express 
13509, Matplotlib 
13509, Seaborn 
13511, Plotly / Plotly Express 
13511, Matplotlib 
13511, Seaborn 
13513, Matplotlib 
13515, Seaborn 
13515, Matplotlib 
13516, Ggplot / ggplot2 
13516, Seaborn 
13517, Matplotlib 
13517, Ggplot / ggplot2 
13517, Seaborn 
13517, Plotly / Plotly Express 
13518, Seaborn 
13518, Matplotlib 
13522, Altair 
13522, Plotly / Plotly Express 
13524, Matplotlib 
13525, Seaborn 
13525, Matplotlib 
13526, Matplotlib 
13526, Shiny 
13526, Seaborn 
13526, Plotly / Plotly Express 
13526, Ggplot / ggplot2 
13527, Matplotlib 
13527, Seaborn 
13529, Shiny 
13529, Matplotlib 
13530, Seaborn 
13530, Matplotlib 
13531, Matplotlib 
13531, Seaborn 
13532, Matplotlib 
13533, Matplotlib 
13533, Seaborn 
13534, Ggplot / ggplot2 
13534, Seaborn 
13534, Matplotlib 
13535, Matplotlib 
13535, Seaborn 
13537, Seaborn 
13537, Matplotlib 
13539, Seaborn 
13539, Bokeh 
13539, Matplotlib 
13539, Plotly / Plotly Express 
13540, Matplotlib 
13540, Seaborn 
13543, Seaborn 
13543, Matplotlib 
13544, Seaborn 
13544, Plotly / Plotly Express 
13544, Ggplot / ggplot2 
13544, Matplotlib 
13546, Ggplot / ggplot2 
13547, Matplotlib 
13548, Seaborn 
13548, Ggplot / ggplot2 
13548, Plotly / Plotly Express 
13548, Matplotlib 
13548, Shiny 
13549, Dygraphs 
13549, Pygal 
13550, Ggplot / ggplot2 
13550, Matplotlib 
13550, Plotly / Plotly Express 
13551, Matplotlib 
13552, Geoplotlib 
13552, D3 js 
13554, Ggplot / ggplot2 
13554, Seaborn 
13554, Matplotlib 
13555, Matplotlib 
13555, Seaborn 
13556, Seaborn 
13556, Ggplot / ggplot2 
13556, Matplotlib 
13557, Dygraphs 
13558, Matplotlib 
13558, Seaborn 
13559, Matplotlib 
13559, Plotly / Plotly Express 
13559, Ggplot / ggplot2 
13559, Seaborn 
13560, Leaflet / Folium 
13560, Bokeh 
13560, Seaborn 
13560, Plotly / Plotly Express 
13560, Geoplotlib 
13562, Ggplot / ggplot2 
13562, Matplotlib 
13563, Seaborn 
13563, Matplotlib 
13563, Plotly / Plotly Express 
13564, Seaborn 
13564, Matplotlib 
13565, Plotly / Plotly Express 
13565, Bokeh 
13565, D3 js 
13565, Matplotlib 
13566, Plotly / Plotly Express 
13566, Matplotlib 
13567, Leaflet / Folium 
13567, Plotly / Plotly Express 
13568, Matplotlib 
13568, Seaborn 
13570, Plotly / Plotly Express 
13570, Matplotlib 
13571, Matplotlib 
13571, Seaborn 
13572, Matplotlib 
13575, Ggplot / ggplot2 
13575, Matplotlib 
13576, Matplotlib 
13576, Seaborn 
13576, Ggplot / ggplot2 
13576, Shiny 
13576, Plotly / Plotly Express 
13577, Seaborn 
13577, Matplotlib 
13578, Matplotlib 
13578, Seaborn 
13579, Seaborn 
13579, Geoplotlib 
13579, Matplotlib 
13580, Seaborn 
13580, Matplotlib 
13581,Other
13581, Plotly / Plotly Express 
13581, Pygal 
13581, Seaborn 
13581, Matplotlib 
13582, Seaborn 
13582, Matplotlib 
13582, Shiny 
13582, Ggplot / ggplot2 
13582, Plotly / Plotly Express 
13584, Shiny 
13584, Seaborn 
13584, Matplotlib 
13587, Ggplot / ggplot2 
13587, Seaborn 
13587, Matplotlib 
13587, Plotly / Plotly Express 
13590, Seaborn 
13590, Matplotlib 
13591,Other
13591, Ggplot / ggplot2 
13591, Seaborn 
13591, Matplotlib 
13591, Plotly / Plotly Express 
13592, Ggplot / ggplot2 
13592, Matplotlib 
13592, Seaborn 
13593, Seaborn 
13595, Matplotlib 
13598, Seaborn 
13598, Matplotlib 
13600, Matplotlib 
13603, Seaborn 
13603, Matplotlib 
13603, Ggplot / ggplot2 
13605, Ggplot / ggplot2 
13605, Plotly / Plotly Express 
13605, Seaborn 
13605, Matplotlib 
13606, Matplotlib 
13606, Bokeh 
13607, Geoplotlib 
13607, Ggplot / ggplot2 
13609, Matplotlib 
13609, Leaflet / Folium 
13609, Ggplot / ggplot2 
13610, Seaborn 
13610, Matplotlib 
13611, Seaborn 
13611, Plotly / Plotly Express 
13612, Matplotlib 
13612, Plotly / Plotly Express 
13612, Seaborn 
13613, Ggplot / ggplot2 
13613, Seaborn 
13613, Plotly / Plotly Express 
13613, Matplotlib 
13615,Other
13616, Highcharter 
13616, Ggplot / ggplot2 
13616, Shiny 
13617, Matplotlib 
13618, Matplotlib 
13619, Dygraphs 
13619, Ggplot / ggplot2 
13619, Matplotlib 
13619, Geoplotlib 
13619, Plotly / Plotly Express 
13620, Seaborn 
13620, Matplotlib 
13624, Seaborn 
13624, Plotly / Plotly Express 
13624, Ggplot / ggplot2 
13624, Matplotlib 
13626, Seaborn 
13626, Matplotlib 
13628, Matplotlib 
13628, Seaborn 
13629, Matplotlib 
13629, Ggplot / ggplot2 
13629, Seaborn 
13630, Matplotlib 
13630, Seaborn 
13633, Plotly / Plotly Express 
13633, Ggplot / ggplot2 
13634, Matplotlib 
13635, Seaborn 
13635, Matplotlib 
13638, Matplotlib 
13638, Seaborn 
13638, D3 js 
13639, Matplotlib 
13639, Seaborn 
13639, Ggplot / ggplot2 
13639, Altair 
13639, Plotly / Plotly Express 
13639, D3 js 
13641, Ggplot / ggplot2 
13641, Matplotlib 
13641, Seaborn 
13641, Plotly / Plotly Express 
13641, Bokeh 
13642, Seaborn 
13642, Matplotlib 
13642, Plotly / Plotly Express 
13643, Altair 
13643, Ggplot / ggplot2 
13644, Matplotlib 
13646, Matplotlib 
13646, Seaborn 
13651, Plotly / Plotly Express 
13651, Matplotlib 
13651, Seaborn 
13651, Ggplot / ggplot2 
13654, Seaborn 
13654, Plotly / Plotly Express 
13655, Bokeh 
13655, Matplotlib 
13655, Seaborn 
13655, Plotly / Plotly Express 
13658, Matplotlib 
13658, Seaborn 
13658, Plotly / Plotly Express 
13659, Matplotlib 
13659, Seaborn 
13661, Matplotlib 
13662, Matplotlib 
13663, Seaborn 
13663, Plotly / Plotly Express 
13664, Ggplot / ggplot2 
13665, Matplotlib 
13665, Plotly / Plotly Express 
13666, Seaborn 
13666, Matplotlib 
13666,Other
13668, Seaborn 
13668, Ggplot / ggplot2 
13668, Matplotlib 
13669, Seaborn 
13669, Ggplot / ggplot2 
13670, Matplotlib 
13670, D3 js 
13671, Seaborn 
13671, Matplotlib 
13673, Leaflet / Folium 
13673, Matplotlib 
13673, Seaborn 
13673, Plotly / Plotly Express 
13674, Matplotlib 
13674, Seaborn 
13674, Ggplot / ggplot2 
13675, Seaborn 
13675, Bokeh 
13675, Matplotlib 
13676, Seaborn 
13676, Matplotlib 
13677, Ggplot / ggplot2 
13678, Seaborn 
13678, Matplotlib 
13680, Seaborn 
13680, Matplotlib 
13682, Seaborn 
13682, Plotly / Plotly Express 
13682, Matplotlib 
13683, Seaborn 
13683, Matplotlib 
13684, Matplotlib 
13684, Ggplot / ggplot2 
13686, Plotly / Plotly Express 
13686, Matplotlib 
13691, Geoplotlib 
13692, Ggplot / ggplot2 
13692, Seaborn 
13692, Matplotlib 
13693, Matplotlib 
13693, Seaborn 
13693, Plotly / Plotly Express 
13695, Matplotlib 
13695, Seaborn 
13695, Plotly / Plotly Express 
13696, Seaborn 
13696, Matplotlib 
13697, Seaborn 
13697, Matplotlib 
13698, Matplotlib 
13698, Seaborn 
13701, Leaflet / Folium 
13701, Seaborn 
13701, Matplotlib 
13701, Plotly / Plotly Express 
13702, Seaborn 
13702, Matplotlib 
13703, Matplotlib 
13704, Plotly / Plotly Express 
13704, Matplotlib 
13705, Plotly / Plotly Express 
13705, Seaborn 
13705, Matplotlib 
13707, Matplotlib 
13707, Ggplot / ggplot2 
13707, Seaborn 
13708, Matplotlib 
13708, Seaborn 
13709, Geoplotlib 
13709, Pygal 
13710, Plotly / Plotly Express 
13710, Seaborn 
13710, Ggplot / ggplot2 
13710, Matplotlib 
13711, Seaborn 
13711, Plotly / Plotly Express 
13711, Matplotlib 
13711, Ggplot / ggplot2 
13712, Ggplot / ggplot2 
13712, Matplotlib 
13712, Plotly / Plotly Express 
13712, Seaborn 
13713, Matplotlib 
13713, Plotly / Plotly Express 
13713, Seaborn 
13714, Seaborn 
13714, Ggplot / ggplot2 
13715, Seaborn 
13715, Matplotlib 
13716, Seaborn 
13718, Seaborn 
13718, Matplotlib 
13718, Plotly / Plotly Express 
13719, Seaborn 
13719,Other
13719, Matplotlib 
13721, Ggplot / ggplot2 
13722, Matplotlib 
13722, Seaborn 
13723, Seaborn 
13723, Matplotlib 
13724, Ggplot / ggplot2 
13724, Seaborn 
13724, Plotly / Plotly Express 
13724, Geoplotlib 
13724, Matplotlib 
13725, Plotly / Plotly Express 
13725, Seaborn 
13725, Matplotlib 
13729, Seaborn 
13729, Matplotlib 
13729, Plotly / Plotly Express 
13729, Ggplot / ggplot2 
13730, Matplotlib 
13730, Seaborn 
13731, Leaflet / Folium 
13732, Matplotlib 
13734, Seaborn 
13734, Matplotlib 
13736, Matplotlib 
13736, Seaborn 
13737, Plotly / Plotly Express 
13737, Matplotlib 
13737, Shiny 
13737, Ggplot / ggplot2 
13737, Seaborn 
13738, Plotly / Plotly Express 
13738, Matplotlib 
13739, Ggplot / ggplot2 
13739, Seaborn 
13739, Plotly / Plotly Express 
13739, Matplotlib 
13740, Seaborn 
13740, Matplotlib 
13741, Matplotlib 
13741, Seaborn 
13742, Matplotlib 
13742, Seaborn 
13743, Matplotlib 
13743, Ggplot / ggplot2 
13744, Seaborn 
13744, Matplotlib 
13747, Ggplot / ggplot2 
13747, Matplotlib 
13747, Seaborn 
13747, Shiny 
13750, Ggplot / ggplot2 
13750, Geoplotlib 
13750, Matplotlib 
13751,Other
13754, Plotly / Plotly Express 
13754, Seaborn 
13755, Matplotlib 
13755, Seaborn 
13755, Leaflet / Folium 
13756, Plotly / Plotly Express 
13756, Matplotlib 
13757, Matplotlib 
13757, Ggplot / ggplot2 
13757, Seaborn 
13761, Ggplot / ggplot2 
13762, Matplotlib 
13764, Seaborn 
13764, Matplotlib 
13766, Geoplotlib 
13766, Ggplot / ggplot2 
13767, Matplotlib 
13767, Seaborn 
13768, Matplotlib 
13773,Other
13775, Matplotlib 
13775, Seaborn 
13776, Plotly / Plotly Express 
13776, Geoplotlib 
13776, Matplotlib 
13776, Dygraphs 
13776, Seaborn 
13776, Ggplot / ggplot2 
13777, Seaborn 
13777, Matplotlib 
13778, Matplotlib 
13778, Ggplot / ggplot2 
13778, Plotly / Plotly Express 
13778, Seaborn 
13779, Seaborn 
13780, Matplotlib 
13782, Matplotlib 
13784, Matplotlib 
13784, Plotly / Plotly Express 
13784, Seaborn 
13787, Matplotlib 
13788, Seaborn 
13788, Matplotlib 
13789, Matplotlib 
13789, Seaborn 
13789, D3 js 
13790, Seaborn 
13790, Matplotlib 
13792, Matplotlib 
13792, Seaborn 
13793, Matplotlib 
13793, Seaborn 
13795, Matplotlib 
13795,Other
13795, Bokeh 
13795, Ggplot / ggplot2 
13795, Shiny 
13795, Plotly / Plotly Express 
13795, Seaborn 
13796, Seaborn 
13796, Plotly / Plotly Express 
13796, Matplotlib 
13797, Ggplot / ggplot2 
13801, Matplotlib 
13801, Seaborn 
13802, Matplotlib 
13802, Seaborn 
13802, Plotly / Plotly Express 
13805, Ggplot / ggplot2 
13805, Plotly / Plotly Express 
13805, Seaborn 
13805, Matplotlib 
13806, Seaborn 
13806, Matplotlib 
13807, Seaborn 
13807, Matplotlib 
13808, Shiny 
13808, Ggplot / ggplot2 
13809,Other
13809, D3 js 
13810, Matplotlib 
13812, Matplotlib 
13812, Ggplot / ggplot2 
13812, Seaborn 
13813, Matplotlib 
13816, Seaborn 
13816, Matplotlib 
13819, D3 js 
13820, D3 js 
13820, Matplotlib 
13820, Seaborn 
13822, Plotly / Plotly Express 
13822, Seaborn 
13822, Matplotlib 
13824, Plotly / Plotly Express 
13824, Ggplot / ggplot2 
13825, Plotly / Plotly Express 
13825, Matplotlib 
13825, Seaborn 
13827, Matplotlib 
13827, Seaborn 
13827, Plotly / Plotly Express 
13827, Geoplotlib 
13829, Seaborn 
13829, Plotly / Plotly Express 
13829, Matplotlib 
13829, Geoplotlib 
13830, Matplotlib 
13831, Ggplot / ggplot2 
13832, Matplotlib 
13832, Seaborn 
13833, Seaborn 
13833, Matplotlib 
13834, Matplotlib 
13834, Ggplot / ggplot2 
13834, Seaborn 
13835, Matplotlib 
13838, Ggplot / ggplot2 
13838, Matplotlib 
13838, Seaborn 
13839, Seaborn 
13839, Matplotlib 
13840, Matplotlib 
13840, Ggplot / ggplot2 
13840, Seaborn 
13842, D3 js 
13842, Matplotlib 
13842, Seaborn 
13842, Plotly / Plotly Express 
13843, Matplotlib 
13843, Ggplot / ggplot2 
13843, Seaborn 
13844, Matplotlib 
13844, Seaborn 
13846, Ggplot / ggplot2 
13846, Seaborn 
13846, Matplotlib 
13846, Plotly / Plotly Express 
13846, Bokeh 
13849, Matplotlib 
13849, Seaborn 
13850, Matplotlib 
13851, Altair 
13852, Matplotlib 
13854,Other
13855, Matplotlib 
13856, Plotly / Plotly Express 
13856, Seaborn 
13856, Matplotlib 
13857, Matplotlib 
13857, Seaborn 
13858, Matplotlib 
13859, Matplotlib 
13860, Plotly / Plotly Express 
13860, Ggplot / ggplot2 
13860, Geoplotlib 
13860, Matplotlib 
13860, Seaborn 
13861, Seaborn 
13861, Matplotlib 
13862, Matplotlib 
13862, Seaborn 
13864, Seaborn 
13864, Matplotlib 
13864, Ggplot / ggplot2 
13865, Matplotlib 
13866, Seaborn 
13866, Matplotlib 
13869, Altair 
13869, Matplotlib 
13870, Matplotlib 
13873, Matplotlib 
13873, Plotly / Plotly Express 
13874, Seaborn 
13874, Matplotlib 
13874, Plotly / Plotly Express 
13875, Matplotlib 
13875, Seaborn 
13878, Ggplot / ggplot2 
13878, Shiny 
13878, Matplotlib 
13880, Matplotlib 
13880, Seaborn 
13881, Seaborn 
13881, Matplotlib 
13883, Seaborn 
13883, Matplotlib 
13884, Matplotlib 
13884, Seaborn 
13885, Matplotlib 
13886, Seaborn 
13886, Matplotlib 
13887, Matplotlib 
13888, Matplotlib 
13888, Seaborn 
13889, Plotly / Plotly Express 
13889, Seaborn 
13889, Matplotlib 
13889, D3 js 
13890, D3 js 
13890, Matplotlib 
13890, Seaborn 
13891, Plotly / Plotly Express 
13892, Seaborn 
13892, Matplotlib 
13893, Ggplot / ggplot2 
13893, Matplotlib 
13894, Matplotlib 
13894, Seaborn 
13895, Matplotlib 
13897, Ggplot / ggplot2 
13897, Seaborn 
13897, Matplotlib 
13899, Matplotlib 
13900, Plotly / Plotly Express 
13900, Matplotlib 
13900, Seaborn 
13901, Matplotlib 
13901, Ggplot / ggplot2 
13902, Ggplot / ggplot2 
13902, Seaborn 
13902, Matplotlib 
13904, Ggplot / ggplot2 
13906, Seaborn 
13906, Matplotlib 
13908, Plotly / Plotly Express 
13908, Seaborn 
13908, Matplotlib 
13909, Matplotlib 
13909, Seaborn 
13909, Plotly / Plotly Express 
13910, Matplotlib 
13911, Seaborn 
13911, Matplotlib 
13913, Ggplot / ggplot2 
13913, Matplotlib 
13914, Matplotlib 
13914, Seaborn 
13914, Plotly / Plotly Express 
13915, Seaborn 
13915, Matplotlib 
13916, Matplotlib 
13916, Seaborn 
13918, Plotly / Plotly Express 
13918, Matplotlib 
13918, Seaborn 
13919, Matplotlib 
13919, Seaborn 
13920, Matplotlib 
13920, Geoplotlib 
13920, Ggplot / ggplot2 
13920, Seaborn 
13922, Bokeh 
13922, Matplotlib 
13923, Seaborn 
13923, Matplotlib 
13924, Matplotlib 
13924, Plotly / Plotly Express 
13925, Ggplot / ggplot2 
13926, Plotly / Plotly Express 
13926, Matplotlib 
13926, Seaborn 
13927, Ggplot / ggplot2 
13928, Seaborn 
13928, Pygal 
13932, Plotly / Plotly Express 
13932, Seaborn 
13932, Matplotlib 
13933, Seaborn 
13933, Ggplot / ggplot2 
13933, Matplotlib 
13934, Matplotlib 
13934, Plotly / Plotly Express 
13934, Seaborn 
13934, Ggplot / ggplot2 
13936, Plotly / Plotly Express 
13936, Leaflet / Folium 
13936, Seaborn 
13936, Matplotlib 
13938,Other
13939, Seaborn 
13939, Ggplot / ggplot2 
13939, Matplotlib 
13939, Shiny 
13940, Matplotlib 
13942, Seaborn 
13942, Matplotlib 
13942, Ggplot / ggplot2 
13943, Seaborn 
13943, Matplotlib 
13945, Ggplot / ggplot2 
13946, Matplotlib 
13946, Pygal 
13946, Shiny 
13946, Ggplot / ggplot2 
13947, Seaborn 
13947, Matplotlib 
13947, Pygal 
13949,Other
13950, Matplotlib 
13952, Matplotlib 
13952, Seaborn 
13953, Seaborn 
13953, Matplotlib 
13954, Matplotlib 
13955, Seaborn 
13955, Matplotlib 
13955, Plotly / Plotly Express 
13956, Plotly / Plotly Express 
13957, Matplotlib 
13957, Plotly / Plotly Express 
13957, Ggplot / ggplot2 
13957, D3 js 
13959, Ggplot / ggplot2 
13959, Matplotlib 
13960, Matplotlib 
13961, Seaborn 
13961, Matplotlib 
13962, Matplotlib 
13963, Matplotlib 
13963, Seaborn 
13964, Matplotlib 
13966, Matplotlib 
13969,Other
13969, Matplotlib 
13969, Seaborn 
13969, Ggplot / ggplot2 
13969, Plotly / Plotly Express 
13970, Matplotlib 
13971, Matplotlib 
13972, Ggplot / ggplot2 
13973, Matplotlib 
13974, Matplotlib 
13974, Plotly / Plotly Express 
13974, Seaborn 
13975, Leaflet / Folium 
13975, Matplotlib 
13975, Bokeh 
13975, D3 js 
13975, Shiny 
13975, Plotly / Plotly Express 
13975, Ggplot / ggplot2 
13975, Geoplotlib 
13975, Seaborn 
13977, Ggplot / ggplot2 
13980, Matplotlib 
13980, Plotly / Plotly Express 
13980, Shiny 
13980, Seaborn 
13981, Plotly / Plotly Express 
13981, Matplotlib 
13981, Seaborn 
13983, Seaborn 
13983, Matplotlib 
13984, Seaborn 
13984, Matplotlib 
13985, Matplotlib 
13987, Matplotlib 
13987, Shiny 
13987, Seaborn 
13987, Ggplot / ggplot2 
13989, Matplotlib 
13989, Bokeh 
13989, Seaborn 
13991, Seaborn 
13991, Matplotlib 
13992, Pygal 
13992, D3 js 
13992, Dygraphs 
13993, Ggplot / ggplot2 
13995, Matplotlib 
13995, Seaborn 
13998, Matplotlib 
14000, Seaborn 
14002, D3 js 
14002, Matplotlib 
14002, Seaborn 
14004, Matplotlib 
14004, Seaborn 
14004, D3 js 
14005, Ggplot / ggplot2 
14005, Plotly / Plotly Express 
14005, Seaborn 
14006, Seaborn 
14006, Matplotlib 
14008, Matplotlib 
14008, Seaborn 
14009, Matplotlib 
14009, Ggplot / ggplot2 
14009, Seaborn 
14011, Matplotlib 
14012, Matplotlib 
14012, Plotly / Plotly Express 
14012, Seaborn 
14013, D3 js 
14013, Seaborn 
14013, Matplotlib 
14014, Matplotlib 
14015, Seaborn 
14015, Matplotlib 
14016, Matplotlib 
14016, Plotly / Plotly Express 
14016, Seaborn 
14017, Plotly / Plotly Express 
14017, Matplotlib 
14017, Seaborn 
14018, Ggplot / ggplot2 
14019, Seaborn 
14019, Matplotlib 
14020, Geoplotlib 
14020, Matplotlib 
14022, Seaborn 
14022, Matplotlib 
14023, Matplotlib 
14023, Seaborn 
14026, Matplotlib 
14027, Shiny 
14027, Matplotlib 
14027, Seaborn 
14030, Plotly / Plotly Express 
14032, Plotly / Plotly Express 
14032, Seaborn 
14032, Matplotlib 
14032, Ggplot / ggplot2 
14033, Ggplot / ggplot2 
14034, Plotly / Plotly Express 
14034, Matplotlib 
14034, Seaborn 
14034, Ggplot / ggplot2 
14035, Pygal 
14035, Matplotlib 
14036, Plotly / Plotly Express 
14036, Ggplot / ggplot2 
14036, Leaflet / Folium 
14036, Seaborn 
14037, Leaflet / Folium 
14037, Seaborn 
14037, Ggplot / ggplot2 
14037, Plotly / Plotly Express 
14037, Matplotlib 
14039, Bokeh 
14039, Plotly / Plotly Express 
14039, Seaborn 
14041, Seaborn 
14042, Seaborn 
14042, Ggplot / ggplot2 
14042, Matplotlib 
14042, Plotly / Plotly Express 
14042, Bokeh 
14044,Other
14044, Seaborn 
14044, Matplotlib 
14044, Dygraphs 
14044, Pygal 
14046, Matplotlib 
14048, Geoplotlib 
14048, Matplotlib 
14049,Other
14049, Matplotlib 
14050, Matplotlib 
14052, Matplotlib 
14052, Seaborn 
14053, Matplotlib 
14053, Shiny 
14053, Ggplot / ggplot2 
14053, Plotly / Plotly Express 
14053, D3 js 
14054, Ggplot / ggplot2 
14054, Plotly / Plotly Express 
14057, Matplotlib 
14057, Seaborn 
14058, Matplotlib 
14058, Seaborn 
14060, Seaborn 
14060, Plotly / Plotly Express 
14060, Matplotlib 
14061, Shiny 
14061, Plotly / Plotly Express 
14061, Ggplot / ggplot2 
14062, Matplotlib 
14062, Seaborn 
14063, Ggplot / ggplot2 
14063, Shiny 
14063, Seaborn 
14063, Matplotlib 
14064, Matplotlib 
14064, Seaborn 
14065, Matplotlib 
14065, Leaflet / Folium 
14066, Matplotlib 
14066, Ggplot / ggplot2 
14066, Shiny 
14068, Matplotlib 
14069, Seaborn 
14069, Matplotlib 
14071, Matplotlib 
14072, Matplotlib 
14072, Seaborn 
14074, Seaborn 
14074, Matplotlib 
14075, Matplotlib 
14075, Plotly / Plotly Express 
14075, Seaborn 
14076, Matplotlib 
14076, Ggplot / ggplot2 
14076, Seaborn 
14076, Plotly / Plotly Express 
14076, Bokeh 
14078, Dygraphs 
14078, Ggplot / ggplot2 
14079, Seaborn 
14079, Matplotlib 
14080, Matplotlib 
14080, Seaborn 
14080, Dygraphs 
14081, Geoplotlib 
14081, Matplotlib 
14081, Seaborn 
14082, Seaborn 
14082, Matplotlib 
14082, Plotly / Plotly Express 
14082, Ggplot / ggplot2 
14083, Ggplot / ggplot2 
14083, Matplotlib 
14083, Seaborn 
14083, Plotly / Plotly Express 
14084, Matplotlib 
14086, Matplotlib 
14087, Seaborn 
14087, Matplotlib 
14088, Altair 
14088, Seaborn 
14088, Matplotlib 
14089, Ggplot / ggplot2 
14089, Matplotlib 
14091, Bokeh 
14091, Seaborn 
14091, Ggplot / ggplot2 
14091, Matplotlib 
14092, Seaborn 
14092, Matplotlib 
14093, Matplotlib 
14095, Seaborn 
14095, Matplotlib 
14096, Seaborn 
14096, D3 js 
14096, Geoplotlib 
14096, Matplotlib 
14097, Matplotlib 
14098, Geoplotlib 
14098, Ggplot / ggplot2 
14098, D3 js 
14098, Matplotlib 
14099, Matplotlib 
14099, Seaborn 
14099, Plotly / Plotly Express 
14101, Seaborn 
14101, Matplotlib 
14104, Seaborn 
14104, Plotly / Plotly Express 
14104, Matplotlib 
14105, Matplotlib 
14109, Matplotlib 
14110, Matplotlib 
14114, Matplotlib 
14114, Seaborn 
14115, Matplotlib 
14115, Seaborn 
14115, Plotly / Plotly Express 
14117, D3 js 
14118, Ggplot / ggplot2 
14118, Matplotlib 
14118, Seaborn 
14120, Seaborn 
14120, Matplotlib 
14121, Plotly / Plotly Express 
14121, Matplotlib 
14121, Seaborn 
14122, Matplotlib 
14122, Seaborn 
14123, Matplotlib 
14123, Seaborn 
14124, Seaborn 
14124, Matplotlib 
14125, Seaborn 
14125, Matplotlib 
14126, Geoplotlib 
14127, Seaborn 
14127, Plotly / Plotly Express 
14127, Matplotlib 
14128, Matplotlib 
14128, Seaborn 
14129, Seaborn 
14129, Matplotlib 
14129, Plotly / Plotly Express 
14131, Ggplot / ggplot2 
14131, Matplotlib 
14131, Plotly / Plotly Express 
14131, Seaborn 
14133, Plotly / Plotly Express 
14133, Matplotlib 
14133, Ggplot / ggplot2 
14136, D3 js 
14137, Plotly / Plotly Express 
14137, Seaborn 
14139, Matplotlib 
14140, Seaborn 
14140, Ggplot / ggplot2 
14140, Bokeh 
14141, Matplotlib 
14141, Seaborn 
14144, Seaborn 
14144, Shiny 
14145, Seaborn 
14145, Matplotlib 
14146, Plotly / Plotly Express 
14146, Seaborn 
14146, Matplotlib 
14148, Matplotlib 
14150, Ggplot / ggplot2 
14151, Matplotlib 
14152, Ggplot / ggplot2 
14152, Plotly / Plotly Express 
14152, Seaborn 
14152, Matplotlib 
14153, Matplotlib 
14154,Other
14154, Seaborn 
14154, Matplotlib 
14155, Matplotlib 
14155, Seaborn 
14156,Other
14157, Geoplotlib 
14157, Ggplot / ggplot2 
14157, Shiny 
14158, Matplotlib 
14158, D3 js 
14159, Geoplotlib 
14159, Plotly / Plotly Express 
14159, Seaborn 
14159, Matplotlib 
14162, Geoplotlib 
14162, Seaborn 
14162, Matplotlib 
14166, Matplotlib 
14166, Seaborn 
14167, Seaborn 
14167, Plotly / Plotly Express 
14167, Matplotlib 
14168, Matplotlib 
14168, Plotly / Plotly Express 
14168, Seaborn 
14170, Seaborn 
14170, Matplotlib 
14171, Seaborn 
14172, Seaborn 
14172, Matplotlib 
14173, Matplotlib 
14173, Plotly / Plotly Express 
14173, Seaborn 
14175, Seaborn 
14175, Matplotlib 
14176, Matplotlib 
14176, Geoplotlib 
14176, Seaborn 
14176, Plotly / Plotly Express 
14176, Ggplot / ggplot2 
14177, Matplotlib 
14180, Matplotlib 
14180, Seaborn 
14182, Matplotlib 
14183, Ggplot / ggplot2 
14183, Plotly / Plotly Express 
14184, Ggplot / ggplot2 
14184, Seaborn 
14184, Matplotlib 
14185, Seaborn 
14185, Matplotlib 
14188, Matplotlib 
14189,Other
14190, Seaborn 
14190, Plotly / Plotly Express 
14190, Matplotlib 
14194, Seaborn 
14194, Leaflet / Folium 
14194, Matplotlib 
14197, Leaflet / Folium 
14197, Bokeh 
14198, Matplotlib 
14199, Bokeh 
14199, Plotly / Plotly Express 
14199, Seaborn 
14199, Matplotlib 
14200, Matplotlib 
14201, Plotly / Plotly Express 
14201, Matplotlib 
14203,Other
14204,Other
14205, Matplotlib 
14208, Ggplot / ggplot2 
14208, Matplotlib 
14209, Matplotlib 
14209, Pygal 
14210, Matplotlib 
14212, Dygraphs 
14212, Pygal 
14213, Seaborn 
14213, Matplotlib 
14213, Plotly / Plotly Express 
14214, Ggplot / ggplot2 
14214, Matplotlib 
14214, Seaborn 
14215, Seaborn 
14215, Matplotlib 
14218, Matplotlib 
14219, Matplotlib 
14220, Matplotlib 
14221, Matplotlib 
14221, Ggplot / ggplot2 
14221, Seaborn 
14222, Matplotlib 
14223, Geoplotlib 
14223, Seaborn 
14223, Matplotlib 
14223, Plotly / Plotly Express 
14225, Matplotlib 
14226, Seaborn 
14226, Matplotlib 
14229, Seaborn 
14229, Plotly / Plotly Express 
14229, Matplotlib 
14229, Geoplotlib 
14231, Matplotlib 
14231, Plotly / Plotly Express 
14231, Seaborn 
14232, Matplotlib 
14233, Seaborn 
14233, Plotly / Plotly Express 
14233, Matplotlib 
14234, Matplotlib 
14235, Seaborn 
14235, Matplotlib 
14239, Matplotlib 
14239, Seaborn 
14240, Matplotlib 
14240, Seaborn 
14241, Matplotlib 
14241, Plotly / Plotly Express 
14242, Seaborn 
14242, Matplotlib 
14243, Ggplot / ggplot2 
14243, Matplotlib 
14244,Other
14246, Plotly / Plotly Express 
14246, Seaborn 
14246, Matplotlib 
14247, Matplotlib 
14248, Seaborn 
14248, Matplotlib 
14249, Plotly / Plotly Express 
14249, Seaborn 
14249, Matplotlib 
14251, Seaborn 
14251, Ggplot / ggplot2 
14251, Altair 
14251, Matplotlib 
14252, Ggplot / ggplot2 
14252, Matplotlib 
14252, Seaborn 
14252, Plotly / Plotly Express 
14254, Seaborn 
14254, Matplotlib 
14254, Bokeh 
14254, Plotly / Plotly Express 
14257, Plotly / Plotly Express 
14257, Geoplotlib 
14257, Ggplot / ggplot2 
14257, Seaborn 
14257, Matplotlib 
14258, Seaborn 
14258, Matplotlib 
14258, Plotly / Plotly Express 
14258, D3 js 
14259, Seaborn 
14259, Matplotlib 
14260, Plotly / Plotly Express 
14260, Seaborn 
14260, Matplotlib 
14261, Matplotlib 
14261, Seaborn 
14261, Ggplot / ggplot2 
14261, Plotly / Plotly Express 
14261, Shiny 
14262, Matplotlib 
14262, Ggplot / ggplot2 
14263, Seaborn 
14263, Matplotlib 
14264, Matplotlib 
14264, Seaborn 
14265, Matplotlib 
14265, Seaborn 
14265, Plotly / Plotly Express 
14266, Matplotlib 
14266, Seaborn 
14269, Geoplotlib 
14269, Matplotlib 
14269, D3 js 
14270, Seaborn 
14270, Matplotlib 
14270, Ggplot / ggplot2 
14271, Seaborn 
14271, Matplotlib 
14276, Matplotlib 
14276, Ggplot / ggplot2 
14278, Seaborn 
14279, Ggplot / ggplot2 
14280, Matplotlib 
14280, Ggplot / ggplot2 
14280, Plotly / Plotly Express 
14280, Leaflet / Folium 
14280, Shiny 
14281, Matplotlib 
14281, Seaborn 
14282, Seaborn 
14282, Ggplot / ggplot2 
14282, Plotly / Plotly Express 
14282, Matplotlib 
14283, Matplotlib 
14283, Geoplotlib 
14285, Ggplot / ggplot2 
14285, Matplotlib 
14287, Seaborn 
14287, Matplotlib 
14290, Matplotlib 
14291,Other
14291, Shiny 
14291, Matplotlib 
14291, Ggplot / ggplot2 
14292, Matplotlib 
14293, Seaborn 
14293, Matplotlib 
14294, Matplotlib 
14294, Seaborn 
14295, Matplotlib 
14297, Matplotlib 
14298, Ggplot / ggplot2 
14298, Seaborn 
14298, Matplotlib 
14298, Plotly / Plotly Express 
14300, Plotly / Plotly Express 
14300, Matplotlib 
14300, Seaborn 
14301, Bokeh 
14301, Matplotlib 
14301, Seaborn 
14302, Matplotlib 
14302, Bokeh 
14302, Geoplotlib 
14302, Ggplot / ggplot2 
14302, Plotly / Plotly Express 
14302, Seaborn 
14305, Matplotlib 
14306, Seaborn 
14306, Matplotlib 
14308, Matplotlib 
14313, Seaborn 
14313, Matplotlib 
14314, Ggplot / ggplot2 
14314, Matplotlib 
14314, Seaborn 
14315, Matplotlib 
14315, Seaborn 
14316,Other
14317, Plotly / Plotly Express 
14317, Seaborn 
14317, Matplotlib 
14319, Seaborn 
14319, Matplotlib 
14320, Matplotlib 
14320, Shiny 
14320, Plotly / Plotly Express 
14320, D3 js 
14321, Ggplot / ggplot2 
14321, Seaborn 
14323, Matplotlib 
14323, Seaborn 
14324, Matplotlib 
14327, Matplotlib 
14327, Seaborn 
14327, Bokeh 
14330, Leaflet / Folium 
14330, Seaborn 
14330, Plotly / Plotly Express 
14330, Matplotlib 
14331, Matplotlib 
14331, Seaborn 
14332,Other
14333, Seaborn 
14333, D3 js 
14333, Highcharter 
14333, Ggplot / ggplot2 
14334, Bokeh 
14334, Seaborn 
14335, Matplotlib 
14336, Matplotlib 
14336, Ggplot / ggplot2 
14336, Plotly / Plotly Express 
14336, Seaborn 
14337,Other
14338, Seaborn 
14338, Matplotlib 
14340, Matplotlib 
14340, Ggplot / ggplot2 
14340, Seaborn 
14341, Ggplot / ggplot2 
14343, Seaborn 
14343, Plotly / Plotly Express 
14343, Bokeh 
14343, Matplotlib 
14344, Seaborn 
14344, Matplotlib 
14344, Pygal 
14345, Seaborn 
14345, Matplotlib 
14349, Matplotlib 
14349, Seaborn 
14351, Ggplot / ggplot2 
14351, Matplotlib 
14351, Seaborn 
14352, Matplotlib 
14352, Plotly / Plotly Express 
14353,Other
14354, Matplotlib 
14355, Matplotlib 
14356, Seaborn 
14356, Matplotlib 
14356, Plotly / Plotly Express 
14356, Leaflet / Folium 
14358, Matplotlib 
14358, Seaborn 
14359, Bokeh 
14359, Matplotlib 
14360, Matplotlib 
14360, Seaborn 
14361, Plotly / Plotly Express 
14362, Matplotlib 
14362, Seaborn 
14364, Matplotlib 
14365, Matplotlib 
14366, Matplotlib 
14367, Seaborn 
14367, Matplotlib 
14369, Ggplot / ggplot2 
14369, Plotly / Plotly Express 
14369, Matplotlib 
14369, Seaborn 
14370, Ggplot / ggplot2 
14372, Matplotlib 
14372, Seaborn 
14373, Seaborn 
14373, Matplotlib 
14373, Ggplot / ggplot2 
14374, Matplotlib 
14374, Seaborn 
14374, Plotly / Plotly Express 
14377, Matplotlib 
14379, Matplotlib 
14379, Ggplot / ggplot2 
14379, Plotly / Plotly Express 
14380, Ggplot / ggplot2 
14380, Matplotlib 
14380, Seaborn 
14381, Geoplotlib 
14381, Ggplot / ggplot2 
14381, Matplotlib 
14381, Seaborn 
14384, Seaborn 
14384, Matplotlib 
14385, Seaborn 
14385, Plotly / Plotly Express 
14385, Matplotlib 
14386, Matplotlib 
14386, Seaborn 
14387, Matplotlib 
14387, Seaborn 
14388, Plotly / Plotly Express 
14388, Ggplot / ggplot2 
14391, Matplotlib 
14391, Seaborn 
14391, Ggplot / ggplot2 
14393, Matplotlib 
14393, Seaborn 
14394, Matplotlib 
14394, Seaborn 
14395, Matplotlib 
14395, Seaborn 
14395, Plotly / Plotly Express 
14396, Plotly / Plotly Express 
14396, Seaborn 
14396, Matplotlib 
14397, Plotly / Plotly Express 
14397, Matplotlib 
14397, Ggplot / ggplot2 
14397, Seaborn 
14398, Matplotlib 
14400, Matplotlib 
14401, Seaborn 
14401, Matplotlib 
14402, Matplotlib 
14404, Matplotlib 
14404, Plotly / Plotly Express 
14404, Seaborn 
14405, Seaborn 
14405, Matplotlib 
14407, Plotly / Plotly Express 
14407, Matplotlib 
14407, Ggplot / ggplot2 
14409, Seaborn 
14409, Matplotlib 
14412, Plotly / Plotly Express 
14412, Shiny 
14412, Matplotlib 
14412, Ggplot / ggplot2 
14412, Seaborn 
14413, Ggplot / ggplot2 
14413, Plotly / Plotly Express 
14413, Seaborn 
14413, Matplotlib 
14414, Matplotlib 
14415, Seaborn 
14415, Matplotlib 
14416, Seaborn 
14416, Plotly / Plotly Express 
14416, Matplotlib 
14417, Plotly / Plotly Express 
14417, Seaborn 
14417, Matplotlib 
14419, Matplotlib 
14419, Seaborn 
14419, Ggplot / ggplot2 
14420, Altair 
14420, Matplotlib 
14420, Seaborn 
14420, Plotly / Plotly Express 
14421, Matplotlib 
14422, Plotly / Plotly Express 
14422, Seaborn 
14422, Matplotlib 
14423, Ggplot / ggplot2 
14423, Plotly / Plotly Express 
14423, Seaborn 
14423, Matplotlib 
14424, Matplotlib 
14424, Seaborn 
14425, Matplotlib 
14426, Matplotlib 
14426, Seaborn 
14426, Ggplot / ggplot2 
14426, Shiny 
14426, Altair 
14427, Seaborn 
14427, Matplotlib 
14427, Plotly / Plotly Express 
14428, Plotly / Plotly Express 
14428, Seaborn 
14428, Matplotlib 
14429, Matplotlib 
14431, Matplotlib 
14433, Matplotlib 
14434, Matplotlib 
14434, Pygal 
14434, Shiny 
14434, Plotly / Plotly Express 
14434, Ggplot / ggplot2 
14434, Dygraphs 
14434, Highcharter 
14434, Seaborn 
14435, Matplotlib 
14435, Seaborn 
14436,Other
14439, Seaborn 
14439, Matplotlib 
14442, Plotly / Plotly Express 
14442, Ggplot / ggplot2 
14444, Plotly / Plotly Express 
14444, Seaborn 
14444, Geoplotlib 
14444, Matplotlib 
14446, Geoplotlib 
14446, D3 js 
14447, Matplotlib 
14447, Seaborn 
14447, Plotly / Plotly Express 
14448, Seaborn 
14448, Matplotlib 
14449, Ggplot / ggplot2 
14449, Seaborn 
14449, Matplotlib 
14449, Plotly / Plotly Express 
14449, Shiny 
14450, Plotly / Plotly Express 
14450, Seaborn 
14450, Ggplot / ggplot2 
14450, Matplotlib 
14451, Matplotlib 
14451, Plotly / Plotly Express 
14451, Ggplot / ggplot2 
14452, Plotly / Plotly Express 
14452, Seaborn 
14452, Matplotlib 
14453, Plotly / Plotly Express 
14454, Plotly / Plotly Express 
14454, Seaborn 
14454, Matplotlib 
14455, Matplotlib 
14456, Matplotlib 
14458, Seaborn 
14458, Matplotlib 
14458, Ggplot / ggplot2 
14459, Seaborn 
14459, Geoplotlib 
14459, Matplotlib 
14459, Ggplot / ggplot2 
14459, Plotly / Plotly Express 
14462, Seaborn 
14462, Matplotlib 
14464, Matplotlib 
14465, Pygal 
14465, Seaborn 
14465, Matplotlib 
14466, Seaborn 
14466, Plotly / Plotly Express 
14467, Plotly / Plotly Express 
14467, Ggplot / ggplot2 
14467, Matplotlib 
14468, Matplotlib 
14468, Seaborn 
14468, Ggplot / ggplot2 
14469,Other
14470, Ggplot / ggplot2 
14470, Geoplotlib 
14470, Matplotlib 
14471, Matplotlib 
14471, Seaborn 
14471, Ggplot / ggplot2 
14471, Bokeh 
14471, Shiny 
14471, Plotly / Plotly Express 
14472, Matplotlib 
14472, Seaborn 
14472, Plotly / Plotly Express 
14474, Seaborn 
14474, Matplotlib 
14476, Matplotlib 
14477, Matplotlib 
14477, Seaborn 
14478, Plotly / Plotly Express 
14478, Ggplot / ggplot2 
14478, Matplotlib 
14478, Geoplotlib 
14479, Leaflet / Folium 
14479, Plotly / Plotly Express 
14479, Seaborn 
14479, Matplotlib 
14479, Altair 
14479, Bokeh 
14482, Matplotlib 
14482, Seaborn 
14485, Matplotlib 
14487, Seaborn 
14487, Matplotlib 
14488, Seaborn 
14488, Matplotlib 
14488,Other
14490, Matplotlib 
14491, Matplotlib 
14491, Plotly / Plotly Express 
14491, Seaborn 
14492, Matplotlib 
14494, Seaborn 
14495, Matplotlib 
14495,Other
14495, Seaborn 
14496, Bokeh 
14496, Seaborn 
14496, Plotly / Plotly Express 
14496, Matplotlib 
14497, Ggplot / ggplot2 
14497, Geoplotlib 
14497, Matplotlib 
14499, Plotly / Plotly Express 
14499, Matplotlib 
14499, Seaborn 
14499, Shiny 
14499, Geoplotlib 
14500, Matplotlib 
14500, Seaborn 
14500, Plotly / Plotly Express 
14501, Matplotlib 
14501, Seaborn 
14504, Seaborn 
14505, Plotly / Plotly Express 
14505, Seaborn 
14505, Matplotlib 
14507, Shiny 
14507, Ggplot / ggplot2 
14508, Seaborn 
14508, Plotly / Plotly Express 
14509, Ggplot / ggplot2 
14509, Shiny 
14509, Geoplotlib 
14509, Plotly / Plotly Express 
14509, Seaborn 
14509, Matplotlib 
14510, Plotly / Plotly Express 
14510, Matplotlib 
14510, Seaborn 
14513, Seaborn 
14513, Matplotlib 
14514, Seaborn 
14514, Bokeh 
14514, Matplotlib 
14515, Plotly / Plotly Express 
14515, Matplotlib 
14515, Bokeh 
14515, Seaborn 
14519, Seaborn 
14519, Plotly / Plotly Express 
14519, Ggplot / ggplot2 
14519, Matplotlib 
14521, Bokeh 
14521, Seaborn 
14521, Plotly / Plotly Express 
14521, Matplotlib 
14522, Seaborn 
14522, Matplotlib 
14522, Plotly / Plotly Express 
14523,Other
14523, Matplotlib 
14523, Ggplot / ggplot2 
14523, Seaborn 
14524, Matplotlib 
14525, Seaborn 
14525, Matplotlib 
14526, D3 js 
14526, Plotly / Plotly Express 
14526, Seaborn 
14526, Matplotlib 
14527, Seaborn 
14527, Matplotlib 
14528, Matplotlib 
14528, Seaborn 
14529, Seaborn 
14529, Matplotlib 
14530, Matplotlib 
14531, Plotly / Plotly Express 
14531, Leaflet / Folium 
14532, Seaborn 
14532, Matplotlib 
14535, Matplotlib 
14536, Seaborn 
14536, Matplotlib 
14540, Matplotlib 
14544, Matplotlib 
14544, Plotly / Plotly Express 
14545, Ggplot / ggplot2 
14545, Matplotlib 
14546, Leaflet / Folium 
14546, Shiny 
14546, Bokeh 
14546, Seaborn 
14546, Plotly / Plotly Express 
14546, Matplotlib 
14546, Ggplot / ggplot2 
14547, Geoplotlib 
14547, Seaborn 
14547, Matplotlib 
14548, Ggplot / ggplot2 
14551, Matplotlib 
14551, Plotly / Plotly Express 
14551, Seaborn 
14552, Seaborn 
14552, Shiny 
14552, Matplotlib 
14552, Bokeh 
14554, Seaborn 
14554, Matplotlib 
14555, Ggplot / ggplot2 
14556, Seaborn 
14556, Bokeh 
14556, Plotly / Plotly Express 
14556, Matplotlib 
14556, Ggplot / ggplot2 
14557, Plotly / Plotly Express 
14557, Leaflet / Folium 
14557, Bokeh 
14557, Seaborn 
14557, Matplotlib 
14557, Ggplot / ggplot2 
14560, Matplotlib 
14561, Ggplot / ggplot2 
14561, Seaborn 
14561, Matplotlib 
14562, Matplotlib 
14562, Seaborn 
14563, Matplotlib 
14564, Matplotlib 
14564, Seaborn 
14564, Plotly / Plotly Express 
14564,Other
14565, Seaborn 
14565, Matplotlib 
14566, Matplotlib 
14566, Seaborn 
14569, Matplotlib 
14569, Seaborn 
14569, Plotly / Plotly Express 
14574, Matplotlib 
14575, Matplotlib 
14576, Ggplot / ggplot2 
14576, Matplotlib 
14577, Ggplot / ggplot2 
14577, D3 js 
14577, Seaborn 
14577, Plotly / Plotly Express 
14577, Matplotlib 
14578, Bokeh 
14578, Shiny 
14580, Ggplot / ggplot2 
14580, Pygal 
14582, Matplotlib 
14582, Seaborn 
14586, Seaborn 
14586, Matplotlib 
14586, Ggplot / ggplot2 
14587, Ggplot / ggplot2 
14587, Matplotlib 
14588, Matplotlib 
14589, Seaborn 
14589, Matplotlib 
14592, Ggplot / ggplot2 
14592, Matplotlib 
14592, Shiny 
14594, Shiny 
14594, Plotly / Plotly Express 
14594, Ggplot / ggplot2 
14595, Matplotlib 
14595, Plotly / Plotly Express 
14595, Seaborn 
14596, Seaborn 
14598, Matplotlib 
14599, Seaborn 
14599, Matplotlib 
14603, Seaborn 
14603, Matplotlib 
14603, Plotly / Plotly Express 
14604, Matplotlib 
14608, Seaborn 
14608, Matplotlib 
14609, Matplotlib 
14609, Seaborn 
14610, Matplotlib 
14612, Matplotlib 
14613, Seaborn 
14613, Matplotlib 
14614, Matplotlib 
14614, Shiny 
14614, Plotly / Plotly Express 
14614, Ggplot / ggplot2 
14614, Seaborn 
14615, Seaborn 
14615, Matplotlib 
14615, Ggplot / ggplot2 
14616, Ggplot / ggplot2 
14618, Bokeh 
14618, Matplotlib 
14618, Plotly / Plotly Express 
14618, Seaborn 
14619, Seaborn 
14619, Ggplot / ggplot2 
14619, Matplotlib 
14620, Ggplot / ggplot2 
14620, D3 js 
14620, Matplotlib 
14620, Seaborn 
14622, Matplotlib 
14623, Matplotlib 
14623, Seaborn 
14627, Seaborn 
14627, Matplotlib 
14628, Matplotlib 
14628, Plotly / Plotly Express 
14628, Seaborn 
14629, Plotly / Plotly Express 
14629, Matplotlib 
14630, Ggplot / ggplot2 
14630, Shiny 
14630, Plotly / Plotly Express 
14630, Matplotlib 
14635, Matplotlib 
14635, Seaborn 
14639, Matplotlib 
14640, Seaborn 
14640, Ggplot / ggplot2 
14640, Bokeh 
14640, Matplotlib 
14640, D3 js 
14641, Ggplot / ggplot2 
14641, Plotly / Plotly Express 
14641, Seaborn 
14641, Matplotlib 
14641, Geoplotlib 
14642, Ggplot / ggplot2 
14645, Matplotlib 
14647, Ggplot / ggplot2 
14647, Plotly / Plotly Express 
14647, Seaborn 
14647, Geoplotlib 
14647, Matplotlib 
14648, Matplotlib 
14650, Ggplot / ggplot2 
14650, D3 js 
14650, Plotly / Plotly Express 
14651, Matplotlib 
14652, Ggplot / ggplot2 
14653, Matplotlib 
14653, Ggplot / ggplot2 
14653, Seaborn 
14653, Plotly / Plotly Express 
14654, Seaborn 
14654, Matplotlib 
14657, Matplotlib 
14658, Matplotlib 
14658, Bokeh 
14658, Plotly / Plotly Express 
14658, Ggplot / ggplot2 
14658, Seaborn 
14659, Seaborn 
14661, Seaborn 
14661, Matplotlib 
14663, Matplotlib 
14663, Seaborn 
14664, Plotly / Plotly Express 
14664, Ggplot / ggplot2 
14664, Matplotlib 
14665, Seaborn 
14665, Ggplot / ggplot2 
14665, Matplotlib 
14665, Plotly / Plotly Express 
14666, Seaborn 
14666, Matplotlib 
14667, Seaborn 
14667, Matplotlib 
14667, Ggplot / ggplot2 
14667, Shiny 
14667, Plotly / Plotly Express 
14669, Ggplot / ggplot2 
14670, Matplotlib 
14671,Other
14672, Leaflet / Folium 
14674, Matplotlib 
14677, Matplotlib 
14677, Seaborn 
14678, Ggplot / ggplot2 
14678, Plotly / Plotly Express 
14678, Matplotlib 
14680, Seaborn 
14680, Matplotlib 
14680, Plotly / Plotly Express 
14682, Seaborn 
14682, Matplotlib 
14684, Seaborn 
14684, Matplotlib 
14685, Plotly / Plotly Express 
14688, Matplotlib 
14692, Seaborn 
14692, Plotly / Plotly Express 
14692, Matplotlib 
14692, D3 js 
14693, Pygal 
14693, Bokeh 
14693, Matplotlib 
14693, Seaborn 
14695, Ggplot / ggplot2 
14696, Matplotlib 
14696, Seaborn 
14696, Plotly / Plotly Express 
14697, Ggplot / ggplot2 
14697, Plotly / Plotly Express 
14698, Seaborn 
14698, Matplotlib 
14699, Matplotlib 
14702, Matplotlib 
14704, Plotly / Plotly Express 
14704, Matplotlib 
14704, Seaborn 
14706, Seaborn 
14706, Matplotlib 
14707, Dygraphs 
14707, Ggplot / ggplot2 
14707, Leaflet / Folium 
14707, Plotly / Plotly Express 
14707, Shiny 
14708, Matplotlib 
14708, Seaborn 
14709, Matplotlib 
14711, Seaborn 
14711, Matplotlib 
14712, Matplotlib 
14712, Seaborn 
14715, Seaborn 
14715, Matplotlib 
14717, Ggplot / ggplot2 
14717, Plotly / Plotly Express 
14717, Matplotlib 
14718, Matplotlib 
14718, Seaborn 
14719, Matplotlib 
14719, Seaborn 
14720, Plotly / Plotly Express 
14720, Matplotlib 
14720, Seaborn 
14721, Seaborn 
14721, Plotly / Plotly Express 
14721, Matplotlib 
14722, Ggplot / ggplot2 
14722, Dygraphs 
14722, Seaborn 
14722, Shiny 
14722, Plotly / Plotly Express 
14722, Matplotlib 
14722, D3 js 
14723, Matplotlib 
14723, Seaborn 
14724, Seaborn 
14724, Shiny 
14724, Ggplot / ggplot2 
14724, Matplotlib 
14725, Matplotlib 
14725, Bokeh 
14725, Leaflet / Folium 
14725, Seaborn 
14725, Plotly / Plotly Express 
14725, Ggplot / ggplot2 
14727, Matplotlib 
14727, Seaborn 
14728, Seaborn 
14728, Matplotlib 
14729, Seaborn 
14729, Shiny 
14730, Highcharter 
14730, Bokeh 
14730, Pygal 
14730, Matplotlib 
14730, Geoplotlib 
14730, Plotly / Plotly Express 
14730, Shiny 
14730, Leaflet / Folium 
14730, Dygraphs 
14730, D3 js 
14730, Ggplot / ggplot2 
14730, Seaborn 
14730, Altair 
14731, Ggplot / ggplot2 
14731, Matplotlib 
14731, Seaborn 
14732, Seaborn 
14732, Matplotlib 
14733, Matplotlib 
14733, Seaborn 
14734, Plotly / Plotly Express 
14734, Matplotlib 
14734, Seaborn 
14734, Ggplot / ggplot2 
14735, Seaborn 
14735, Ggplot / ggplot2 
14735, Matplotlib 
14738, Seaborn 
14738,Other
14738, Plotly / Plotly Express 
14738, Matplotlib 
14739, Matplotlib 
14740, Seaborn 
14740, Matplotlib 
14741, Plotly / Plotly Express 
14741, Seaborn 
14741, Ggplot / ggplot2 
14741, Matplotlib 
14745,Other
14746, Matplotlib 
14747, Plotly / Plotly Express 
14747, Matplotlib 
14747, Geoplotlib 
14748, Matplotlib 
14749, Seaborn 
14749, Matplotlib 
14749, D3 js 
14750,Other
14751, Matplotlib 
14751, Plotly / Plotly Express 
14752, Matplotlib 
14753, Seaborn 
14753, Matplotlib 
14754, Pygal 
14754, Geoplotlib 
14754, Ggplot / ggplot2 
14755, Leaflet / Folium 
14755, Plotly / Plotly Express 
14755, Bokeh 
14755, Seaborn 
14755, Ggplot / ggplot2 
14755, Matplotlib 
14755, D3 js 
14756, Seaborn 
14756, Matplotlib 
14757, Matplotlib 
14758, Seaborn 
14758, Matplotlib 
14759, Ggplot / ggplot2 
14759, Geoplotlib 
14759, Matplotlib 
14759, Seaborn 
14761, Seaborn 
14761, Matplotlib 
14762, Matplotlib 
14762, Seaborn 
14763, Matplotlib 
14764, Ggplot / ggplot2 
14764, Seaborn 
14764, Matplotlib 
14765, Matplotlib 
14766, Matplotlib 
14766, Seaborn 
14767,Other
14768, Seaborn 
14768, Matplotlib 
14769, Matplotlib 
14769, Seaborn 
14769, Ggplot / ggplot2 
14769, Plotly / Plotly Express 
14770, Matplotlib 
14770, Plotly / Plotly Express 
14770, Seaborn 
14771, Matplotlib 
14774, Matplotlib 
14774, Seaborn 
14774, Plotly / Plotly Express 
14776, Seaborn 
14776, D3 js 
14776, Ggplot / ggplot2 
14776, Matplotlib 
14778, Plotly / Plotly Express 
14778, Matplotlib 
14783, Matplotlib 
14788, Seaborn 
14788, Matplotlib 
14789, Matplotlib 
14789, Seaborn 
14790, Seaborn 
14790, Ggplot / ggplot2 
14790, Matplotlib 
14792, Plotly / Plotly Express 
14792, Seaborn 
14792, Ggplot / ggplot2 
14792, Matplotlib 
14793, Seaborn 
14793, Matplotlib 
14795, Plotly / Plotly Express 
14795, Matplotlib 
14795, Bokeh 
14795, Seaborn 
14796, Matplotlib 
14796, Bokeh 
14796, Seaborn 
14799, Plotly / Plotly Express 
14799, Seaborn 
14799, Matplotlib 
14800, Matplotlib 
14800, Leaflet / Folium 
14800, Plotly / Plotly Express 
14800, Seaborn 
14802, Seaborn 
14802, Matplotlib 
14804, Pygal 
14804, Leaflet / Folium 
14804, Plotly / Plotly Express 
14805, Seaborn 
14805, Matplotlib 
14806, Plotly / Plotly Express 
14806, Matplotlib 
14806, Seaborn 
14807, Seaborn 
14807, Geoplotlib 
14807, Matplotlib 
14807, Leaflet / Folium 
14809, Matplotlib 
14809, Seaborn 
14811, Seaborn 
14811, Matplotlib 
14812,Other
14812, Matplotlib 
14812, Seaborn 
14813, Seaborn 
14815, D3 js 
14815, Plotly / Plotly Express 
14815, Altair 
14815, Seaborn 
14815, Matplotlib 
14817, Ggplot / ggplot2 
14817, Matplotlib 
14817, Plotly / Plotly Express 
14817, Seaborn 
14818, Matplotlib 
14819, Matplotlib 
14819, Seaborn 
14819, Plotly / Plotly Express 
14819, Ggplot / ggplot2 
14819, Leaflet / Folium 
14819, Geoplotlib 
14820, Matplotlib 
14820, Plotly / Plotly Express 
14822, Dygraphs 
14822, Matplotlib 
14822, Geoplotlib 
14822, Ggplot / ggplot2 
14823, Seaborn 
14824, Seaborn 
14824, Matplotlib 
14828, Ggplot / ggplot2 
14828, Matplotlib 
14830, Seaborn 
14830, Matplotlib 
14831, Matplotlib 
14833, Matplotlib 
14833, Seaborn 
14834, Ggplot / ggplot2 
14834, Matplotlib 
14835, Matplotlib 
14835, Bokeh 
14835, Plotly / Plotly Express 
14835, Seaborn 
14836, Matplotlib 
14836, Pygal 
14837, Matplotlib 
14838, Matplotlib 
14839, Matplotlib 
14839, Seaborn 
14839, Plotly / Plotly Express 
14840, Ggplot / ggplot2 
14840, Seaborn 
14840, Matplotlib 
14841, Matplotlib 
14841, Plotly / Plotly Express 
14841, Seaborn 
14842, Dygraphs 
14842, Shiny 
14842, D3 js 
14842, Leaflet / Folium 
14842,Other
14842, Matplotlib 
14842, Ggplot / ggplot2 
14843, Matplotlib 
14844,Other
14845, Matplotlib 
14847, Ggplot / ggplot2 
14847, Seaborn 
14847, Geoplotlib 
14847, Shiny 
14849, Matplotlib 
14850, Seaborn 
14850, Matplotlib 
14851, Matplotlib 
14851, Ggplot / ggplot2 
14852, Seaborn 
14852, Matplotlib 
14852, Plotly / Plotly Express 
14853, Matplotlib 
14853, Plotly / Plotly Express 
14853, Seaborn 
14855, Matplotlib 
14856, Leaflet / Folium 
14857, Plotly / Plotly Express 
14857, Seaborn 
14857, Matplotlib 
14857, Bokeh 
14860, Seaborn 
14860, Plotly / Plotly Express 
14860, Matplotlib 
14860, Ggplot / ggplot2 
14861, Ggplot / ggplot2 
14862, Matplotlib 
14862, Seaborn 
14863, Ggplot / ggplot2 
14864, Seaborn 
14864, D3 js 
14865, Matplotlib 
14868, Seaborn 
14868, Matplotlib 
14870, Seaborn 
14870, Matplotlib 
14872, Ggplot / ggplot2 
14872, Matplotlib 
14872, D3 js 
14873, Matplotlib 
14873, Seaborn 
14873, Ggplot / ggplot2 
14873, Plotly / Plotly Express 
14873, Shiny 
14875, Ggplot / ggplot2 
14875, Leaflet / Folium 
14875, Seaborn 
14875, Plotly / Plotly Express 
14875, Matplotlib 
14877, Matplotlib 
14878, Matplotlib 
14879, Matplotlib 
14880, Matplotlib 
14880, Plotly / Plotly Express 
14881, Seaborn 
14881, Matplotlib 
14881, Plotly / Plotly Express 
14882, Ggplot / ggplot2 
14888, Matplotlib 
14889, Matplotlib 
14890, Bokeh 
14890, Matplotlib 
14891, Plotly / Plotly Express 
14891, Seaborn 
14891, Matplotlib 
14893, Seaborn 
14893, Matplotlib 
14893, Plotly / Plotly Express 
14894, Matplotlib 
14895, Matplotlib 
14895, Highcharter 
14895, Ggplot / ggplot2 
14895, Plotly / Plotly Express 
14896, Bokeh 
14896, Matplotlib 
14896, Shiny 
14896, Geoplotlib 
14896, Seaborn 
14896, Ggplot / ggplot2 
14896, Plotly / Plotly Express 
14896, Dygraphs 
14897, Matplotlib 
14898, Matplotlib 
14898, Seaborn 
14899, Matplotlib 
14899, Plotly / Plotly Express 
14899, Bokeh 
14899, Geoplotlib 
14901, Matplotlib 
14903, Matplotlib 
14903, Seaborn 
14905, Matplotlib 
14905, Seaborn 
14906, Matplotlib 
14907, Shiny 
14907, Ggplot / ggplot2 
14907, Plotly / Plotly Express 
14907, Leaflet / Folium 
14908, Plotly / Plotly Express 
14908, Seaborn 
14908, Matplotlib 
14909, Seaborn 
14909, Matplotlib 
14910, Matplotlib 
14911, Matplotlib 
14911, Seaborn 
14912, D3 js 
14914, Ggplot / ggplot2 
14915, Plotly / Plotly Express 
14915, Seaborn 
14915, Matplotlib 
14916,Other
14917, Matplotlib 
14918, Seaborn 
14918, Matplotlib 
14919, Plotly / Plotly Express 
14919, D3 js 
14919, Leaflet / Folium 
14919, Seaborn 
14919, Ggplot / ggplot2 
14919, Shiny 
14921, Seaborn 
14921, Matplotlib 
14921, Plotly / Plotly Express 
14922, Matplotlib 
14923, Matplotlib 
14925, Matplotlib 
14929, Matplotlib 
14929, Ggplot / ggplot2 
14930, Ggplot / ggplot2 
14930, Matplotlib 
14930, Seaborn 
14931, Seaborn 
14931, Plotly / Plotly Express 
14931, Matplotlib 
14932, Matplotlib 
14934, Seaborn 
14934, Matplotlib 
14935, Matplotlib 
14938, Matplotlib 
14938, Seaborn 
14939, Plotly / Plotly Express 
14939, Ggplot / ggplot2 
14939, Shiny 
14940, Ggplot / ggplot2 
14940, Pygal 
14940, Geoplotlib 
14940, Seaborn 
14940, Plotly / Plotly Express 
14943, Geoplotlib 
14943, Ggplot / ggplot2 
14943, Matplotlib 
14943, Seaborn 
14943, Plotly / Plotly Express 
14944,Other
14948,Other
14950, Seaborn 
14950, Plotly / Plotly Express 
14950, Matplotlib 
14950, Ggplot / ggplot2 
14953, Matplotlib 
14954, Matplotlib 
14955, Seaborn 
14955, Matplotlib 
14955, Plotly / Plotly Express 
14956, Matplotlib 
14957, Matplotlib 
14957, Seaborn 
14957, Plotly / Plotly Express 
14958, Seaborn 
14958, Plotly / Plotly Express 
14958,Other
14958, Ggplot / ggplot2 
14958, Matplotlib 
14959, Matplotlib 
14960, Matplotlib 
14960, Seaborn 
14961, Seaborn 
14961, Ggplot / ggplot2 
14961, Matplotlib 
14963, Plotly / Plotly Express 
14963, Matplotlib 
14964, Matplotlib 
14966, Plotly / Plotly Express 
14966, Seaborn 
14966, Ggplot / ggplot2 
14966, Matplotlib 
14967, Matplotlib 
14967, Plotly / Plotly Express 
14968, Leaflet / Folium 
14968, Ggplot / ggplot2 
14970, Matplotlib 
14970, Ggplot / ggplot2 
14970, Shiny 
14970, Seaborn 
14970, D3 js 
14970, Plotly / Plotly Express 
14971, D3 js 
14971, Matplotlib 
14971, Seaborn 
14972, Ggplot / ggplot2 
14972, Matplotlib 
14972, Seaborn 
14974, Ggplot / ggplot2 
14974, Plotly / Plotly Express 
14974, Matplotlib 
14976, Seaborn 
14976, Plotly / Plotly Express 
14976, Matplotlib 
14978, Matplotlib 
14979, Matplotlib 
14981, Matplotlib 
14981, Plotly / Plotly Express 
14982, Ggplot / ggplot2 
14982, Matplotlib 
14982, Seaborn 
14983, D3 js 
14985, Seaborn 
14985, Matplotlib 
14986, Seaborn 
14989, Ggplot / ggplot2 
14989, Seaborn 
14989, Geoplotlib 
14989, Matplotlib 
14990, Matplotlib 
14991, Seaborn 
14991, Matplotlib 
14993, Plotly / Plotly Express 
14993, Matplotlib 
14993, Seaborn 
14993, Geoplotlib 
14996, Ggplot / ggplot2 
14996, Seaborn 
14996, Matplotlib 
14997, Matplotlib 
14998, Plotly / Plotly Express 
14998, Matplotlib 
14998, Seaborn 
15000, Matplotlib 
15001, Geoplotlib 
15001, Matplotlib 
15002, Ggplot / ggplot2 
15002, Plotly / Plotly Express 
15002, Matplotlib 
15003, Matplotlib 
15004, Shiny 
15005, Plotly / Plotly Express 
15005, Matplotlib 
15005, Seaborn 
15006, Seaborn 
15006, Matplotlib 
15006, Plotly / Plotly Express 
15006, Leaflet / Folium 
15007, Matplotlib 
15007, Leaflet / Folium 
15007, Ggplot / ggplot2 
15007, Seaborn 
15008, Matplotlib 
15008, Seaborn 
15010, Matplotlib 
15010, Plotly / Plotly Express 
15010, Seaborn 
15011, Geoplotlib 
15011, Matplotlib 
15011, Ggplot / ggplot2 
15011, Seaborn 
15012, Seaborn 
15012, Matplotlib 
15013, Matplotlib 
15013, Seaborn 
15014, Matplotlib 
15014, Plotly / Plotly Express 
15014, Seaborn 
15016, Matplotlib 
15016, Seaborn 
15016, Plotly / Plotly Express 
15017, Matplotlib 
15017, Seaborn 
15018, Bokeh 
15018, Plotly / Plotly Express 
15018, D3 js 
15018, Seaborn 
15018, Matplotlib 
15019, Plotly / Plotly Express 
15019, Seaborn 
15019, Matplotlib 
15020, Matplotlib 
15020, Seaborn 
15023, Matplotlib 
15023, Plotly / Plotly Express 
15023, Seaborn 
15025, Matplotlib 
15025, Seaborn 
15026, Matplotlib 
15026, Seaborn 
15026, Geoplotlib 
15026, Ggplot / ggplot2 
15028, Matplotlib 
15029, Ggplot / ggplot2 
15029, Seaborn 
15031, Ggplot / ggplot2 
15033, Matplotlib 
15034, Matplotlib 
15034, Seaborn 
15035, Matplotlib 
15037, Matplotlib 
15037, Seaborn 
15039, Ggplot / ggplot2 
15039, Shiny 
15041, Matplotlib 
15041, Seaborn 
15042, Matplotlib 
15042, Seaborn 
15043, Matplotlib 
15043, Seaborn 
15046, Matplotlib 
15046, Seaborn 
15047, Ggplot / ggplot2 
15047, Seaborn 
15047, Plotly / Plotly Express 
15047, Matplotlib 
15048, Matplotlib 
15048, Seaborn 
15049, Ggplot / ggplot2 
15049, Plotly / Plotly Express 
15049, Matplotlib 
15050, Seaborn 
15050, Bokeh 
15050, Matplotlib 
15051, Shiny 
15051, Ggplot / ggplot2 
15052, Matplotlib 
15053, Plotly / Plotly Express 
15053, Matplotlib 
15053, Seaborn 
15054, Plotly / Plotly Express 
15055, Ggplot / ggplot2 
15055, Pygal 
15056, D3 js 
15056, Matplotlib 
15057, Matplotlib 
15057, Seaborn 
15058, Matplotlib 
15058, Plotly / Plotly Express 
15058, Seaborn 
15058, Geoplotlib 
15059, Matplotlib 
15059, Plotly / Plotly Express 
15059, Ggplot / ggplot2 
15059, Seaborn 
15060, Seaborn 
15060, Matplotlib 
15060, Plotly / Plotly Express 
15060, Ggplot / ggplot2 
15062, Matplotlib 
15063,Other
15065, Ggplot / ggplot2 
15065, Matplotlib 
15065, Plotly / Plotly Express 
15066, Matplotlib 
15067, Matplotlib 
15068, Matplotlib 
15068, Ggplot / ggplot2 
15068, Plotly / Plotly Express 
15068, Seaborn 
15069, Seaborn 
15069, Matplotlib 
15071, Matplotlib 
15071, Seaborn 
15072, Plotly / Plotly Express 
15072, Seaborn 
15072, Matplotlib 
15075, Bokeh 
15075, Seaborn 
15075, Plotly / Plotly Express 
15075, Matplotlib 
15076, Matplotlib 
15076, Seaborn 
15076, Ggplot / ggplot2 
15077, Matplotlib 
15077, Seaborn 
15078, Matplotlib 
15078, Seaborn 
15080, Ggplot / ggplot2 
15081, Plotly / Plotly Express 
15081, Seaborn 
15081, Matplotlib 
15082, Matplotlib 
15085, Ggplot / ggplot2 
15085, Matplotlib 
15087, Seaborn 
15087, Plotly / Plotly Express 
15087, Matplotlib 
15088, Seaborn 
15088, Plotly / Plotly Express 
15088, Matplotlib 
15089, Shiny 
15089, Ggplot / ggplot2 
15089,Other
15092, Seaborn 
15092, Matplotlib 
15093, Matplotlib 
15093, Bokeh 
15093, Plotly / Plotly Express 
15095, Ggplot / ggplot2 
15095, Matplotlib 
15095, Seaborn 
15095, Plotly / Plotly Express 
15097, Ggplot / ggplot2 
15097, Seaborn 
15097, Matplotlib 
15099, Shiny 
15100, Ggplot / ggplot2 
15100, Matplotlib 
15100, Plotly / Plotly Express 
15103, Seaborn 
15103, Matplotlib 
15104, Matplotlib 
15104, Seaborn 
15105, Ggplot / ggplot2 
15105, Matplotlib 
15105, Plotly / Plotly Express 
15107, Seaborn 
15107, Matplotlib 
15107, Plotly / Plotly Express 
15108, Matplotlib 
15110, Leaflet / Folium 
15110, Matplotlib 
15110, Seaborn 
15110, Plotly / Plotly Express 
15111, Matplotlib 
15112, Matplotlib 
15112, Seaborn 
15112, Ggplot / ggplot2 
15113, Seaborn 
15113, Matplotlib 
15114, Matplotlib 
15114, Seaborn 
15115, Seaborn 
15115, Matplotlib 
15118, Matplotlib 
15119, Seaborn 
15119, Matplotlib 
15119, Plotly / Plotly Express 
15120, Leaflet / Folium 
15121, Plotly / Plotly Express 
15121, Matplotlib 
15121, Ggplot / ggplot2 
15121, D3 js 
15121, Seaborn 
15122, Matplotlib 
15122, Seaborn 
15123, Seaborn 
15123, Matplotlib 
15124, Matplotlib 
15125, Seaborn 
15125, Matplotlib 
15126, Seaborn 
15126, Matplotlib 
15126, Bokeh 
15127, Seaborn 
15129, Geoplotlib 
15129, Seaborn 
15129, Plotly / Plotly Express 
15129, Ggplot / ggplot2 
15129, Matplotlib 
15130, Matplotlib 
15134, Matplotlib 
15134, Seaborn 
15135, Matplotlib 
15137, Altair 
15137, Geoplotlib 
15138, D3 js 
15139, Ggplot / ggplot2 
15139, D3 js 
15139, Plotly / Plotly Express 
15139, Seaborn 
15139, Matplotlib 
15139, Shiny 
15140, Matplotlib 
15140, Seaborn 
15144, Seaborn 
15144, Matplotlib 
15145, Plotly / Plotly Express 
15146, Bokeh 
15146, Ggplot / ggplot2 
15146, Seaborn 
15146, Matplotlib 
15148, Ggplot / ggplot2 
15148, Matplotlib 
15149, Seaborn 
15149, Matplotlib 
15149, Plotly / Plotly Express 
15152, Matplotlib 
15153, Matplotlib 
15153, Ggplot / ggplot2 
15156, Matplotlib 
15156, Ggplot / ggplot2 
15159, Matplotlib 
15159, Seaborn 
15159, Geoplotlib 
15163, Matplotlib 
15163, Seaborn 
15164, Seaborn 
15164, Matplotlib 
15167, Matplotlib 
15172, Plotly / Plotly Express 
15172, Matplotlib 
15173, Seaborn 
15173, Matplotlib 
15174, Geoplotlib 
15174, Seaborn 
15174, Matplotlib 
15174, Ggplot / ggplot2 
15177, Ggplot / ggplot2 
15177, Geoplotlib 
15178, Ggplot / ggplot2 
15178, Geoplotlib 
15178, Dygraphs 
15178, D3 js 
15178, Matplotlib 
15179, Matplotlib 
15182, Seaborn 
15182, Matplotlib 
15183,Other
15184, Matplotlib 
15184, D3 js 
15184, Seaborn 
15184, Plotly / Plotly Express 
15185, Seaborn 
15185, Plotly / Plotly Express 
15185, Matplotlib 
15187, Matplotlib 
15187, Seaborn 
15187, Plotly / Plotly Express 
15188, Geoplotlib 
15188, Seaborn 
15188, Matplotlib 
15189, Ggplot / ggplot2 
15189, Shiny 
15190, Matplotlib 
15192, Seaborn 
15192, Matplotlib 
15193, Matplotlib 
15193, Seaborn 
15197, Seaborn 
15197, Matplotlib 
15198, Seaborn 
15198, Matplotlib 
15198, Plotly / Plotly Express 
15199, Ggplot / ggplot2 
15199, Matplotlib 
15200, Seaborn 
15200, Matplotlib 
15204, Geoplotlib 
15205, Seaborn 
15205, Matplotlib 
15205, Bokeh 
15205, Geoplotlib 
15205, Plotly / Plotly Express 
15205, Ggplot / ggplot2 
15206, Matplotlib 
15207, D3 js 
15207, Dygraphs 
15207, Plotly / Plotly Express 
15207, Pygal 
15208, Matplotlib 
15210, Matplotlib 
15211, Plotly / Plotly Express 
15211, Seaborn 
15211, Ggplot / ggplot2 
15215, Matplotlib 
15216, Leaflet / Folium 
15216, Seaborn 
15216, Matplotlib 
15216, Plotly / Plotly Express 
15217, Ggplot / ggplot2 
15217,Other
15217, Seaborn 
15217, Matplotlib 
15219, Matplotlib 
15219, Seaborn 
15219, Ggplot / ggplot2 
15220, Matplotlib 
15220, Seaborn 
15221, Seaborn 
15221, Matplotlib 
15223,Other
15223, Matplotlib 
15224, Matplotlib 
15224, Seaborn 
15224, Plotly / Plotly Express 
15225, Matplotlib 
15225, Seaborn 
15226, Seaborn 
15226, Matplotlib 
15226, D3 js 
15226, Plotly / Plotly Express 
15227, Matplotlib 
15229, Seaborn 
15229, Matplotlib 
15230, Pygal 
15230, Plotly / Plotly Express 
15230, Ggplot / ggplot2 
15231, Altair 
15231, Matplotlib 
15231, Seaborn 
15231, Plotly / Plotly Express 
15232, Shiny 
15232, Highcharter 
15232, Matplotlib 
15232, Seaborn 
15232, Plotly / Plotly Express 
15233, Seaborn 
15233, Plotly / Plotly Express 
15233, Matplotlib 
15234, Matplotlib 
15235, Pygal 
15236, Ggplot / ggplot2 
15236, Plotly / Plotly Express 
15236, Seaborn 
15236, Matplotlib 
15236, Geoplotlib 
15238, Matplotlib 
15239, Ggplot / ggplot2 
15239, Matplotlib 
15239, Seaborn 
15240, Ggplot / ggplot2 
15240, Matplotlib 
15240, Seaborn 
15240, Geoplotlib 
15240, Bokeh 
15240, Pygal 
15240, Altair 
15242, Matplotlib 
15242, Seaborn 
15243, Matplotlib 
15243, Ggplot / ggplot2 
15245, Seaborn 
15245, Matplotlib 
15246, Altair 
15246, Geoplotlib 
15246, Leaflet / Folium 
15246, Ggplot / ggplot2 
15246, Matplotlib 
15248, Matplotlib 
15248, Seaborn 
15248, Plotly / Plotly Express 
15249,Other
15249, Plotly / Plotly Express 
15251, Plotly / Plotly Express 
15251, Matplotlib 
15251, Seaborn 
15253, Matplotlib 
15254, Matplotlib 
15255, Ggplot / ggplot2 
15255, Matplotlib 
15255, Seaborn 
15256, Seaborn 
15257, Matplotlib 
15257, Geoplotlib 
15257, Seaborn 
15259, Matplotlib 
15259, D3 js 
15261, Matplotlib 
15261, Seaborn 
15262, Matplotlib 
15264, Seaborn 
15264, Matplotlib 
15266, Seaborn 
15266, Matplotlib 
15267, Ggplot / ggplot2 
15268, Matplotlib 
15269, Matplotlib 
15269, Seaborn 
15272, Plotly / Plotly Express 
15272, Matplotlib 
15272, Seaborn 
15274, Matplotlib 
15275, Seaborn 
15275, Matplotlib 
15277, Matplotlib 
15277, Seaborn 
15280, Matplotlib 
15282, Matplotlib 
15282, Seaborn 
15282, Plotly / Plotly Express 
15283, Seaborn 
15283, Matplotlib 
15284, Plotly / Plotly Express 
15284, Ggplot / ggplot2 
15284, Shiny 
15287, Seaborn 
15287, Matplotlib 
15288, Seaborn 
15290, Matplotlib 
15291, Matplotlib 
15291, Ggplot / ggplot2 
15292, Seaborn 
15292, Matplotlib 
15292, Plotly / Plotly Express 
15293, Matplotlib 
15293, Ggplot / ggplot2 
15293, Seaborn 
15293, Plotly / Plotly Express 
15295, Matplotlib 
15295, Seaborn 
15296, Seaborn 
15296, Matplotlib 
15296, Plotly / Plotly Express 
15296, Ggplot / ggplot2 
15297, Altair 
15299, Plotly / Plotly Express 
15299, Matplotlib 
15299, Seaborn 
15300, Matplotlib 
15301,Other
15301, Matplotlib 
15301, Plotly / Plotly Express 
15301, Seaborn 
15303, Seaborn 
15303, Matplotlib 
15306, Plotly / Plotly Express 
15306, Matplotlib 
15306, Seaborn 
15307, Seaborn 
15307, Matplotlib 
15308, Matplotlib 
15309, Matplotlib 
15311, Plotly / Plotly Express 
15311, Matplotlib 
15312, Matplotlib 
15312, Seaborn 
15313, Plotly / Plotly Express 
15315, Matplotlib 
15315, Seaborn 
15315, Plotly / Plotly Express 
15317, Matplotlib 
15317, Plotly / Plotly Express 
15317, Seaborn 
15318, Matplotlib 
15319, D3 js 
15319, Seaborn 
15319, Plotly / Plotly Express 
15319, Geoplotlib 
15319, Highcharter 
15320, Seaborn 
15320, Matplotlib 
15321, Matplotlib 
15321, Seaborn 
15322, Seaborn 
15322, Plotly / Plotly Express 
15322, Matplotlib 
15322, Ggplot / ggplot2 
15327, Seaborn 
15327, Plotly / Plotly Express 
15327, Matplotlib 
15327, Geoplotlib 
15328, Ggplot / ggplot2 
15329, Seaborn 
15329, Plotly / Plotly Express 
15329, Matplotlib 
15330, Geoplotlib 
15330, Ggplot / ggplot2 
15330, Matplotlib 
15330, Seaborn 
15331,Other
15332, Geoplotlib 
15332, Ggplot / ggplot2 
15332, Seaborn 
15332, Plotly / Plotly Express 
15332, Matplotlib 
15333, Matplotlib 
15333, Seaborn 
15334, Plotly / Plotly Express 
15334, Matplotlib 
15334, Seaborn 
15336, Leaflet / Folium 
15340, Seaborn 
15340, Matplotlib 
15342, Pygal 
15343, Bokeh 
15343, Matplotlib 
15343, Seaborn 
15345, Matplotlib 
15346, Matplotlib 
15346, Seaborn 
15347, Seaborn 
15347, Matplotlib 
15348, Ggplot / ggplot2 
15349, Ggplot / ggplot2 
15349, Matplotlib 
15349, Geoplotlib 
15349, Plotly / Plotly Express 
15351, Ggplot / ggplot2 
15351, Matplotlib 
15352, D3 js 
15352, Matplotlib 
15352, Seaborn 
15353, Matplotlib 
15353, Seaborn 
15358, Ggplot / ggplot2 
15358, Seaborn 
15358, Plotly / Plotly Express 
15358, Matplotlib 
15358, D3 js 
15360, Matplotlib 
15364, Matplotlib 
15364, Geoplotlib 
15364, Seaborn 
15364, Ggplot / ggplot2 
15366, Seaborn 
15366, Matplotlib 
15369, Seaborn 
15369, Matplotlib 
15369, Ggplot / ggplot2 
15369, Plotly / Plotly Express 
15370, Plotly / Plotly Express 
15370, Bokeh 
15370, Matplotlib 
15370, Seaborn 
15372, Ggplot / ggplot2 
15372, Matplotlib 
15372, Plotly / Plotly Express 
15372, Seaborn 
15372,Other
15373, Shiny 
15373, Geoplotlib 
15373, Plotly / Plotly Express 
15373, Matplotlib 
15373, Ggplot / ggplot2 
15373, Seaborn 
15377, Matplotlib 
15377, Ggplot / ggplot2 
15377,Other
15377, Bokeh 
15377, Seaborn 
15378, Matplotlib 
15378, Seaborn 
15380, Seaborn 
15380, Matplotlib 
15380, Ggplot / ggplot2 
15380, Geoplotlib 
15381, Seaborn 
15381, Matplotlib 
15381, Plotly / Plotly Express 
15382, Ggplot / ggplot2 
15383, Seaborn 
15383, Matplotlib 
15383, Plotly / Plotly Express 
15384, Seaborn 
15384, Matplotlib 
15385, Plotly / Plotly Express 
15385, Matplotlib 
15385, Seaborn 
15385, Ggplot / ggplot2 
15386, Seaborn 
15386, Matplotlib 
15386, Plotly / Plotly Express 
15387, Altair 
15388, Matplotlib 
15388, Geoplotlib 
15388, Seaborn 
15388, Ggplot / ggplot2 
15390, Matplotlib 
15390, Seaborn 
15390, Plotly / Plotly Express 
15390, Pygal 
15390, Geoplotlib 
15390, Ggplot / ggplot2 
15392, Matplotlib 
15392, Seaborn 
15393, Plotly / Plotly Express 
15393, Geoplotlib 
15393, Seaborn 
15393, Matplotlib 
15393, Dygraphs 
15395, Ggplot / ggplot2 
15396, Matplotlib 
15396, Seaborn 
15397, Matplotlib 
15397, Seaborn 
15399, Matplotlib 
15399, Ggplot / ggplot2 
15400, Plotly / Plotly Express 
15400, Matplotlib 
15400, Seaborn 
15403, Matplotlib 
15403, Seaborn 
15405, Seaborn 
15405, Plotly / Plotly Express 
15405, Matplotlib 
15406, Plotly / Plotly Express 
15406, Seaborn 
15406, Leaflet / Folium 
15406, Ggplot / ggplot2 
15406, Matplotlib 
15407, Seaborn 
15407, Matplotlib 
15408, Matplotlib 
15408, Seaborn 
15409, Matplotlib 
15409, Seaborn 
15410, Altair 
15412, Matplotlib 
15412, Seaborn 
15414, Seaborn 
15414, Matplotlib 
15415, Matplotlib 
15415, Bokeh 
15415, Ggplot / ggplot2 
15415, Plotly / Plotly Express 
15415, Geoplotlib 
15415, Seaborn 
15415, Highcharter 
15419, Seaborn 
15419, Matplotlib 
15419, D3 js 
15419, Plotly / Plotly Express 
15420, Seaborn 
15420, Matplotlib 
15420, Ggplot / ggplot2 
15421, Ggplot / ggplot2 
15421, Plotly / Plotly Express 
15421, Highcharter 
15421, Matplotlib 
15422, Matplotlib 
15422, Seaborn 
15423, D3 js 
15423, Ggplot / ggplot2 
15423, Matplotlib 
15423, Plotly / Plotly Express 
15424, Dygraphs 
15424, Plotly / Plotly Express 
15424, Matplotlib 
15426, Matplotlib 
15426, Seaborn 
15427, Seaborn 
15427, Matplotlib 
15428, Matplotlib 
15428, Ggplot / ggplot2 
15428, Altair 
15430, Plotly / Plotly Express 
15430, Seaborn 
15430, Matplotlib 
15431, Matplotlib 
15431, Seaborn 
15432, Matplotlib 
15433, Shiny 
15433, Matplotlib 
15433, Seaborn 
15435, Matplotlib 
15435, Seaborn 
15435,Other
15437, Matplotlib 
15438, Ggplot / ggplot2 
15441, Plotly / Plotly Express 
15441, Matplotlib 
15442, Plotly / Plotly Express 
15442, Seaborn 
15442, Ggplot / ggplot2 
15442, Matplotlib 
15444, Matplotlib 
15444, D3 js 
15444, Seaborn 
15445, Matplotlib 
15445, Plotly / Plotly Express 
15445, Seaborn 
15447, Seaborn 
15447, Plotly / Plotly Express 
15447, Bokeh 
15447, Ggplot / ggplot2 
15447, Matplotlib 
15448, Seaborn 
15448, Matplotlib 
15450, Matplotlib 
15450, Ggplot / ggplot2 
15450, Plotly / Plotly Express 
15450, Seaborn 
15451, Matplotlib 
15451, Shiny 
15453, Matplotlib 
15453, Seaborn 
15455, Plotly / Plotly Express 
15455, Matplotlib 
15456, Matplotlib 
15456, Seaborn 
15457, Ggplot / ggplot2 
15457, Shiny 
15457, Leaflet / Folium 
15457, Plotly / Plotly Express 
15458, Matplotlib 
15458, Seaborn 
15458, Geoplotlib 
15459, Matplotlib 
15460, Matplotlib 
15460, Plotly / Plotly Express 
15460, Seaborn 
15461, Matplotlib 
15462, Plotly / Plotly Express 
15462, Matplotlib 
15462, Geoplotlib 
15462, D3 js 
15463, Matplotlib 
15466, Shiny 
15466, Leaflet / Folium 
15466, Ggplot / ggplot2 
15466, D3 js 
15466, Matplotlib 
15466, Seaborn 
15466, Plotly / Plotly Express 
15467, Ggplot / ggplot2 
15472, Seaborn 
15472, Matplotlib 
15473, Matplotlib 
15473, Ggplot / ggplot2 
15473, Plotly / Plotly Express 
15473, Seaborn 
15474, Plotly / Plotly Express 
15474, Geoplotlib 
15474, Pygal 
15474, Matplotlib 
15475, Seaborn 
15475, Matplotlib 
15477, Seaborn 
15477, Plotly / Plotly Express 
15477, Matplotlib 
15478, Plotly / Plotly Express 
15478, Shiny 
15478, Ggplot / ggplot2 
15478, Leaflet / Folium 
15479, Matplotlib 
15479, Plotly / Plotly Express 
15479,Other
15479, Seaborn 
15480, Seaborn 
15480, Matplotlib 
15481, Matplotlib 
15481, Seaborn 
15482, Matplotlib 
15482, Seaborn 
15483, Matplotlib 
15483, Leaflet / Folium 
15483, D3 js 
15483, Dygraphs 
15484, Seaborn 
15484, Matplotlib 
15485, Matplotlib 
15485, Plotly / Plotly Express 
15489, Plotly / Plotly Express 
15489, Seaborn 
15489, Matplotlib 
15491, Plotly / Plotly Express 
15491, Matplotlib 
15493, Geoplotlib 
15493, Matplotlib 
15494, Matplotlib 
15494, Seaborn 
15496, Seaborn 
15496, Ggplot / ggplot2 
15496, Plotly / Plotly Express 
15496, Matplotlib 
15496, Shiny 
15497, Plotly / Plotly Express 
15497, Ggplot / ggplot2 
15497, Shiny 
15497, Seaborn 
15497, Matplotlib 
15498, Shiny 
15499, Seaborn 
15499, Matplotlib 
15500, Seaborn 
15500, Matplotlib 
15505, Matplotlib 
15506, Matplotlib 
15506, Plotly / Plotly Express 
15506, Seaborn 
15507, Seaborn 
15507, Plotly / Plotly Express 
15507, Matplotlib 
15509, Matplotlib 
15509, Seaborn 
15511, Matplotlib 
15511, Seaborn 
15512, Seaborn 
15513, Seaborn 
15513, Matplotlib 
15514, Matplotlib 
15514, Seaborn 
15517, Bokeh 
15517, Matplotlib 
15517, Plotly / Plotly Express 
15517, Seaborn 
15518, Matplotlib 
15518, Seaborn 
15520, Ggplot / ggplot2 
15520, Shiny 
15521, Ggplot / ggplot2 
15521, Plotly / Plotly Express 
15521, Seaborn 
15521, Matplotlib 
15522, Seaborn 
15522, Plotly / Plotly Express 
15522, Matplotlib 
15523, Geoplotlib 
15523, Matplotlib 
15523, Ggplot / ggplot2 
15524,Other
15525, Seaborn 
15525, Matplotlib 
15527, Matplotlib 
15527, Seaborn 
15528, Matplotlib 
15528, Seaborn 
15529, Matplotlib 
15531, Matplotlib 
15531, Seaborn 
15532, Matplotlib 
15532, Seaborn 
15532, Ggplot / ggplot2 
15535, Matplotlib 
15535, Seaborn 
15535, Plotly / Plotly Express 
15536, Matplotlib 
15536, Seaborn 
15537, Matplotlib 
15537, Seaborn 
15537, Geoplotlib 
15538, Matplotlib 
15538, Ggplot / ggplot2 
15538, Plotly / Plotly Express 
15541, Seaborn 
15541, Matplotlib 
15541, Plotly / Plotly Express 
15545, Matplotlib 
15547, Matplotlib 
15547, Seaborn 
15550, Seaborn 
15550, Matplotlib 
15552, Geoplotlib 
15552, Ggplot / ggplot2 
15552, Plotly / Plotly Express 
15556, Matplotlib 
15556, Seaborn 
15557, Geoplotlib 
15557, Matplotlib 
15557, Ggplot / ggplot2 
15559, Matplotlib 
15559, Seaborn 
15560, Matplotlib 
15560, Seaborn 
15563, Seaborn 
15563, Matplotlib 
15565, Seaborn 
15565, Matplotlib 
15566, Matplotlib 
15566, Seaborn 
15566, Plotly / Plotly Express 
15568, Matplotlib 
15568, Seaborn 
15569, Matplotlib 
15569, Seaborn 
15569, Ggplot / ggplot2 
15571, Matplotlib 
15572, Seaborn 
15572, Matplotlib 
15572, Ggplot / ggplot2 
15573, Matplotlib 
15574, D3 js 
15574, Ggplot / ggplot2 
15575, Seaborn 
15575, Matplotlib 
15576, Seaborn 
15576, Matplotlib 
15576, Plotly / Plotly Express 
15577, Seaborn 
15577, Matplotlib 
15577, Ggplot / ggplot2 
15578, Plotly / Plotly Express 
15578, Matplotlib 
15578, Seaborn 
15580, Seaborn 
15580, Matplotlib 
15581, Matplotlib 
15581, Seaborn 
15581, Plotly / Plotly Express 
15582, Plotly / Plotly Express 
15582, Seaborn 
15582, Leaflet / Folium 
15582, Matplotlib 
15582, Ggplot / ggplot2 
15583,Other
15584, Seaborn 
15584, Matplotlib 
15584, Plotly / Plotly Express 
15585, Ggplot / ggplot2 
15585, Plotly / Plotly Express 
15587, Bokeh 
15587, Matplotlib 
15587, Geoplotlib 
15587, Seaborn 
15589, Ggplot / ggplot2 
15589, Geoplotlib 
15589, Matplotlib 
15589, Plotly / Plotly Express 
15589, Seaborn 
15590, Plotly / Plotly Express 
15590, Matplotlib 
15590, Geoplotlib 
15590, Ggplot / ggplot2 
15590, Seaborn 
15591, Ggplot / ggplot2 
15591, Bokeh 
15591, Plotly / Plotly Express 
15591, Seaborn 
15591, Matplotlib 
15592, Matplotlib 
15592,Other
15592, Seaborn 
15593, Plotly / Plotly Express 
15593, Ggplot / ggplot2 
15594, Bokeh 
15595, Ggplot / ggplot2 
15595, Matplotlib 
15596, Seaborn 
15596, Matplotlib 
15597, Matplotlib 
15597, Seaborn 
15598, Geoplotlib 
15598, Matplotlib 
15598, Seaborn 
15598, Ggplot / ggplot2 
15598, Plotly / Plotly Express 
15599, Matplotlib 
15600, Seaborn 
15600, Plotly / Plotly Express 
15600, Matplotlib 
15601, Seaborn 
15601, Matplotlib 
15603, Matplotlib 
15604, Matplotlib 
15606, Matplotlib 
15606, Seaborn 
15607, Seaborn 
15607, Matplotlib 
15608, Matplotlib 
15608, Highcharter 
15609,Other
15609, Plotly / Plotly Express 
15609, Seaborn 
15609, Leaflet / Folium 
15610, Plotly / Plotly Express 
15610, Geoplotlib 
15610, Leaflet / Folium 
15610, Seaborn 
15610, Ggplot / ggplot2 
15610, Matplotlib 
15611, Matplotlib 
15611, Seaborn 
15611, Ggplot / ggplot2 
15614, Seaborn 
15615, Matplotlib 
15616, Ggplot / ggplot2 
15616, Geoplotlib 
15616, Matplotlib 
15617, Seaborn 
15617, Matplotlib 
15618, Matplotlib 
15618, Seaborn 
15619, Seaborn 
15620, Matplotlib 
15620, Seaborn 
15622, Matplotlib 
15626, Matplotlib 
15627, Matplotlib 
15627, Seaborn 
15628, Seaborn 
15628, Matplotlib 
15628, Plotly / Plotly Express 
15631, Seaborn 
15631, Matplotlib 
15633, D3 js 
15633, Matplotlib 
15633, Seaborn 
15634, Matplotlib 
15634, Plotly / Plotly Express 
15634, Seaborn 
15634, Ggplot / ggplot2 
15634, Shiny 
15635, Matplotlib 
15635, Ggplot / ggplot2 
15635, Seaborn 
15636, Matplotlib 
15636, Ggplot / ggplot2 
15636, Seaborn 
15637, Matplotlib 
15637, Seaborn 
15639, Plotly / Plotly Express 
15639,Other
15639, Highcharter 
15639, Shiny 
15640, Matplotlib 
15640, Seaborn 
15641, Geoplotlib 
15641, Matplotlib 
15643, Matplotlib 
15644, Matplotlib 
15647, Plotly / Plotly Express 
15647, Seaborn 
15647, Matplotlib 
15648, Plotly / Plotly Express 
15648, Seaborn 
15650,Other
15651, Matplotlib 
15652, Matplotlib 
15652, Seaborn 
15653, Seaborn 
15653, Geoplotlib 
15658, Seaborn 
15658, Plotly / Plotly Express 
15658, Matplotlib 
15660, Matplotlib 
15660, Seaborn 
15661, Matplotlib 
15662, Matplotlib 
15662, Plotly / Plotly Express 
15662, Seaborn 
15662, Ggplot / ggplot2 
15662, Shiny 
15665, Matplotlib 
15665, Seaborn 
15666, Matplotlib 
15667, Matplotlib 
15670, Seaborn 
15670, Matplotlib 
15671, Seaborn 
15672, Matplotlib 
15672, Seaborn 
15672, Plotly / Plotly Express 
15673, Plotly / Plotly Express 
15673, Matplotlib 
15673, Seaborn 
15674, Matplotlib 
15674, Ggplot / ggplot2 
15674, Plotly / Plotly Express 
15674, Seaborn 
15675, Seaborn 
15675, Matplotlib 
15678, Matplotlib 
15679, Ggplot / ggplot2 
15679, Plotly / Plotly Express 
15679, Seaborn 
15679, Geoplotlib 
15679, Matplotlib 
15680, Matplotlib 
15680, Ggplot / ggplot2 
15681, Ggplot / ggplot2 
15681, Plotly / Plotly Express 
15682, Matplotlib 
15683, Ggplot / ggplot2 
15684, Geoplotlib 
15684, Matplotlib 
15684, Ggplot / ggplot2 
15685, Matplotlib 
15687, Plotly / Plotly Express 
15687, Ggplot / ggplot2 
15687, Seaborn 
15687, Matplotlib 
15689, Matplotlib 
15690, Seaborn 
15690, Matplotlib 
15692, Matplotlib 
15693,Other
15693, Seaborn 
15694, Seaborn 
15694, Matplotlib 
15698, Dygraphs 
15699, Ggplot / ggplot2 
15701, Ggplot / ggplot2 
15701, Matplotlib 
15701, Geoplotlib 
15701, Seaborn 
15701, Plotly / Plotly Express 
15707, Seaborn 
15707, Plotly / Plotly Express 
15707, Ggplot / ggplot2 
15707, Matplotlib 
15708, Seaborn 
15708, Geoplotlib 
15708, Matplotlib 
15710, Plotly / Plotly Express 
15710, Seaborn 
15711, Bokeh 
15711, Matplotlib 
15711, Plotly / Plotly Express 
15712, Seaborn 
15712, Matplotlib 
15713, Matplotlib 
15713, Plotly / Plotly Express 
15714, Ggplot / ggplot2 
15715, Seaborn 
15715, Plotly / Plotly Express 
15715, Matplotlib 
15716, Matplotlib 
15716, Seaborn 
15719, Plotly / Plotly Express 
15719, Matplotlib 
15719, Seaborn 
15720, Matplotlib 
15721, Seaborn 
15721, Matplotlib 
15723, Matplotlib 
15723, Seaborn 
15724, Seaborn 
15724, Ggplot / ggplot2 
15724, Geoplotlib 
15724, Matplotlib 
15725, Matplotlib 
15725, Seaborn 
15726, Seaborn 
15726, Matplotlib 
15727, Seaborn 
15727, Matplotlib 
15727, Plotly / Plotly Express 
15728, Seaborn 
15728, Matplotlib 
15730, Seaborn 
15730, Ggplot / ggplot2 
15730, Matplotlib 
15731, Plotly / Plotly Express 
15731, Seaborn 
15731, Matplotlib 
15732, Matplotlib 
15732, Seaborn 
15733, Matplotlib 
15733, Seaborn 
15734, Seaborn 
15734, Matplotlib 
15737, Matplotlib 
15737, Seaborn 
15738, Matplotlib 
15738, Seaborn 
15740, Matplotlib 
15741, Matplotlib 
15741, Seaborn 
15742, Seaborn 
15742, Matplotlib 
15743, Plotly / Plotly Express 
15743, D3 js 
15743, Matplotlib 
15744, Geoplotlib 
15744, Bokeh 
15744, Plotly / Plotly Express 
15744, Seaborn 
15744, Ggplot / ggplot2 
15744, Shiny 
15744, Matplotlib 
15745, Matplotlib 
15747, Matplotlib 
15747, Seaborn 
15748, Seaborn 
15748, Matplotlib 
15750, Matplotlib 
15750, Seaborn 
15751, Seaborn 
15751, Matplotlib 
15752, Matplotlib 
15753, Seaborn 
15753, Matplotlib 
15753, Plotly / Plotly Express 
15753, Bokeh 
15754, Matplotlib 
15755, Ggplot / ggplot2 
15756, Seaborn 
15756, Plotly / Plotly Express 
15756, Matplotlib 
15759, Plotly / Plotly Express 
15759, Seaborn 
15761, Matplotlib 
15761, Seaborn 
15761, Plotly / Plotly Express 
15761, Ggplot / ggplot2 
15763, Matplotlib 
15763, Seaborn 
15764, Plotly / Plotly Express 
15764, Ggplot / ggplot2 
15764, Seaborn 
15764, Geoplotlib 
15767, Matplotlib 
15767, Ggplot / ggplot2 
15768, Matplotlib 
15768, Seaborn 
15769, Matplotlib 
15771, Ggplot / ggplot2 
15771, Geoplotlib 
15771, Plotly / Plotly Express 
15771, Leaflet / Folium 
15771, Seaborn 
15771, Matplotlib 
15773, Matplotlib 
15773, Seaborn 
15774, Seaborn 
15774, Matplotlib 
15775, Matplotlib 
15775, Seaborn 
15777, Matplotlib 
15778, Matplotlib 
15779, Matplotlib 
15779, Seaborn 
15779, Plotly / Plotly Express 
15781, Matplotlib 
15781, Ggplot / ggplot2 
15782, Matplotlib 
15783, Ggplot / ggplot2 
15787, Matplotlib 
15787, Plotly / Plotly Express 
15787, D3 js 
15787, Seaborn 
15789, Seaborn 
15789, Matplotlib 
15790, Matplotlib 
15790, Geoplotlib 
15791, Leaflet / Folium 
15791, Plotly / Plotly Express 
15791, Ggplot / ggplot2 
15792, Matplotlib 
15792, Seaborn 
15793, Seaborn 
15793, Matplotlib 
15795, Highcharter 
15795, D3 js 
15796, Plotly / Plotly Express 
15796, Matplotlib 
15797, Seaborn 
15797, Shiny 
15797, D3 js 
15798, Seaborn 
15798, Matplotlib 
15798, Plotly / Plotly Express 
15799, Seaborn 
15799, Matplotlib 
15799, Ggplot / ggplot2 
15799, Shiny 
15799, Plotly / Plotly Express 
15800, Seaborn 
15800, Matplotlib 
15801, Matplotlib 
15801, Seaborn 
15801, Plotly / Plotly Express 
15803, Plotly / Plotly Express 
15803, Dygraphs 
15804, Matplotlib 
15804, Seaborn 
15804, Ggplot / ggplot2 
15805, Plotly / Plotly Express 
15805, Matplotlib 
15805, Seaborn 
15806, Plotly / Plotly Express 
15806, Matplotlib 
15806, Geoplotlib 
15806, Ggplot / ggplot2 
15807, Ggplot / ggplot2 
15807,Other
15807, Matplotlib 
15807, Seaborn 
15810, Ggplot / ggplot2 
15811, Matplotlib 
15811, Seaborn 
15813, Matplotlib 
15813, Seaborn 
15814, Matplotlib 
15815, Seaborn 
15815, Matplotlib 
15815, Leaflet / Folium 
15815, Bokeh 
15815, Ggplot / ggplot2 
15815, Geoplotlib 
15816, Seaborn 
15816, Matplotlib 
15817, Matplotlib 
15818, Seaborn 
15818, Matplotlib 
15819, Seaborn 
15819, Altair 
15819, Matplotlib 
15820, Matplotlib 
15820, Seaborn 
15822, Seaborn 
15822, Matplotlib 
15823, Matplotlib 
15823, Ggplot / ggplot2 
15823, Seaborn 
15824,Other
15824, Seaborn 
15824, Matplotlib 
15825, Matplotlib 
15826, Matplotlib 
15826, Leaflet / Folium 
15826, Shiny 
15826, Bokeh 
15826, Plotly / Plotly Express 
15826, Geoplotlib 
15826, Seaborn 
15826, D3 js 
15827, Matplotlib 
15827, Seaborn 
15828, Matplotlib 
15828, Seaborn 
15829, Matplotlib 
15829, Seaborn 
15830, Geoplotlib 
15830, Plotly / Plotly Express 
15830, Matplotlib 
15831, Seaborn 
15831, Matplotlib 
15831, Plotly / Plotly Express 
15833, Seaborn 
15833, Matplotlib 
15833, Ggplot / ggplot2 
15834, Seaborn 
15834, Matplotlib 
15834, Ggplot / ggplot2 
15834, Plotly / Plotly Express 
15836, Plotly / Plotly Express 
15836, Seaborn 
15836, Matplotlib 
15837, Ggplot / ggplot2 
15837, Plotly / Plotly Express 
15838, Matplotlib 
15839, Seaborn 
15839, Plotly / Plotly Express 
15839, Matplotlib 
15840, Bokeh 
15840, Matplotlib 
15840, Seaborn 
15841, Seaborn 
15841, Matplotlib 
15842, Plotly / Plotly Express 
15842, Seaborn 
15842, Matplotlib 
15843, Ggplot / ggplot2 
15843, Matplotlib 
15843, Seaborn 
15844, Matplotlib 
15844, Seaborn 
15848, Matplotlib 
15848, Seaborn 
15849, Shiny 
15849, Seaborn 
15850, Seaborn 
15850, Matplotlib 
15850, Plotly / Plotly Express 
15851, Ggplot / ggplot2 
15851, Matplotlib 
15851, Plotly / Plotly Express 
15852, Matplotlib 
15852, Ggplot / ggplot2 
15852, Seaborn 
15853, Seaborn 
15853, Matplotlib 
15854, Seaborn 
15854, Matplotlib 
15859, Geoplotlib 
15859, Matplotlib 
15860, Matplotlib 
15860, Plotly / Plotly Express 
15860, Seaborn 
15863, Ggplot / ggplot2 
15863, Seaborn 
15863, Plotly / Plotly Express 
15863, Matplotlib 
15864, Ggplot / ggplot2 
15864, Geoplotlib 
15864, Matplotlib 
15865, Ggplot / ggplot2 
15866, Matplotlib 
15866, Seaborn 
15867, Matplotlib 
15868, Matplotlib 
15868, Seaborn 
15869, Matplotlib 
15869, Plotly / Plotly Express 
15869, Seaborn 
15870, Matplotlib 
15870, Seaborn 
15871, Seaborn 
15871, Bokeh 
15871, Ggplot / ggplot2 
15871, Matplotlib 
15871, Plotly / Plotly Express 
15873, Matplotlib 
15873, Seaborn 
15873, Plotly / Plotly Express 
15874, Matplotlib 
15876, Matplotlib 
15877, Seaborn 
15878, Geoplotlib 
15878, Seaborn 
15878, Matplotlib 
15879, Shiny 
15879, Ggplot / ggplot2 
15880, Plotly / Plotly Express 
15880, Shiny 
15881, Ggplot / ggplot2 
15881, Shiny 
15881, Leaflet / Folium 
15881, Plotly / Plotly Express 
15881, Matplotlib 
15882, Ggplot / ggplot2 
15882, Matplotlib 
15883, Matplotlib 
15883, Seaborn 
15884, Seaborn 
15885,Other
15885, Ggplot / ggplot2 
15889, Matplotlib 
15890, Matplotlib 
15892, Matplotlib 
15894, Matplotlib 
15894, Ggplot / ggplot2 
15894, Seaborn 
15899, Matplotlib 
15905, Seaborn 
15905, Plotly / Plotly Express 
15905, Matplotlib 
15907, Plotly / Plotly Express 
15907, Matplotlib 
15907, Seaborn 
15907, Ggplot / ggplot2 
15907, Dygraphs 
15909, Matplotlib 
15910, Matplotlib 
15910, Seaborn 
15910, Plotly / Plotly Express 
15911, Shiny 
15911, Geoplotlib 
15911, Matplotlib 
15911, Ggplot / ggplot2 
15911, Seaborn 
15912, Bokeh 
15912, Matplotlib 
15912, Seaborn 
15912, Leaflet / Folium 
15913, Matplotlib 
15914, Seaborn 
15914, Matplotlib 
15915,Other
15916, Seaborn 
15916, Matplotlib 
15917, Shiny 
15918, Ggplot / ggplot2 
15919, Matplotlib 
15920,Other
15921, Seaborn 
15921, Matplotlib 
15921, Ggplot / ggplot2 
15921, Bokeh 
15923, Ggplot / ggplot2 
15923, Plotly / Plotly Express 
15923, Seaborn 
15923, Matplotlib 
15924, Matplotlib 
15927, Seaborn 
15927, Matplotlib 
15927,Other
15928, Seaborn 
15930, Seaborn 
15930, Matplotlib 
15933, Ggplot / ggplot2 
15935, Matplotlib 
15935, Seaborn 
15936, Matplotlib 
15936, Seaborn 
15937, Seaborn 
15937, Ggplot / ggplot2 
15938, Leaflet / Folium 
15938, Ggplot / ggplot2 
15938, Matplotlib 
15938, Seaborn 
15938, Geoplotlib 
15939, Plotly / Plotly Express 
15939, Seaborn 
15939, Matplotlib 
15941, Matplotlib 
15942, Ggplot / ggplot2 
15943, Matplotlib 
15943, Seaborn 
15944, Seaborn 
15944, Matplotlib 
15944, Ggplot / ggplot2 
15945, Ggplot / ggplot2 
15945, Plotly / Plotly Express 
15947, Matplotlib 
15948, Matplotlib 
15948, Seaborn 
15949, Matplotlib 
15949, Seaborn 
15950, Matplotlib 
15951, Geoplotlib 
15951, Plotly / Plotly Express 
15953, Matplotlib 
15953, Seaborn 
15954, Seaborn 
15954, Matplotlib 
15955, Plotly / Plotly Express 
15955, Seaborn 
15955, Matplotlib 
15955, Ggplot / ggplot2 
15956, Matplotlib 
15956, Seaborn 
15956, Plotly / Plotly Express 
15959, Matplotlib 
15959, Seaborn 
15961, Seaborn 
15962, Plotly / Plotly Express 
15962, Seaborn 
15962, Matplotlib 
15963, Plotly / Plotly Express 
15963, Seaborn 
15963, Matplotlib 
15964, Seaborn 
15964, Matplotlib 
15965, Ggplot / ggplot2 
15965, Seaborn 
15965, Matplotlib 
15966, Shiny 
15966, Matplotlib 
15966, Ggplot / ggplot2 
15966, Plotly / Plotly Express 
15966, Seaborn 
15967, Seaborn 
15967, Matplotlib 
15968, Seaborn 
15968, Geoplotlib 
15968, Matplotlib 
15968, Bokeh 
15969, Seaborn 
15969, Matplotlib 
15971, Seaborn 
15971, Matplotlib 
15971, Plotly / Plotly Express 
15971, Ggplot / ggplot2 
15971, Altair 
15972, Matplotlib 
15975, Matplotlib 
15975, Plotly / Plotly Express 
15975, Seaborn 
15980,Other
15981, Seaborn 
15981, Matplotlib 
15981, Plotly / Plotly Express 
15987, Seaborn 
15987, Matplotlib 
15989, Seaborn 
15989, Matplotlib 
15989, Plotly / Plotly Express 
15989, Bokeh 
15990, Ggplot / ggplot2 
15990, Seaborn 
15990, Matplotlib 
15991, Matplotlib 
15991, Seaborn 
15993, Seaborn 
15993, Matplotlib 
15994, Shiny 
15994, Seaborn 
15994, Bokeh 
15994, Ggplot / ggplot2 
15995, Matplotlib 
15995, Leaflet / Folium 
15995, Ggplot / ggplot2 
15995, Seaborn 
15995, Plotly / Plotly Express 
15995, Shiny 
15997, Seaborn 
15997, Bokeh 
15997, Matplotlib 
15997, D3 js 
15997, Altair 
15998, Altair 
15999, Seaborn 
15999, Bokeh 
15999, Plotly / Plotly Express 
15999, Matplotlib 
15999, Ggplot / ggplot2 
15999, Altair 
16000, Matplotlib 
16001, Matplotlib 
16001, Seaborn 
16002, Plotly / Plotly Express 
16002, Shiny 
16002, Ggplot / ggplot2 
16003, Matplotlib 
16004, Ggplot / ggplot2 
16006, Ggplot / ggplot2 
16006, Matplotlib 
16006, Seaborn 
16007, Matplotlib 
16007, Plotly / Plotly Express 
16007, Seaborn 
16009, Matplotlib 
16010, Matplotlib 
16010, Plotly / Plotly Express 
16010, Seaborn 
16012, Matplotlib 
16013, Matplotlib 
16013, Plotly / Plotly Express 
16014, Ggplot / ggplot2 
16014, Seaborn 
16014, Matplotlib 
16016, Ggplot / ggplot2 
16016, Seaborn 
16016, Matplotlib 
16018, Matplotlib 
16018, Seaborn 
16019, Seaborn 
16019, Matplotlib 
16020, Matplotlib 
16020, Seaborn 
16025, Matplotlib 
16026, Matplotlib 
16031, Geoplotlib 
16031, Matplotlib 
16032, Seaborn 
16032, Matplotlib 
16033, Seaborn 
16033, Matplotlib 
16033, Plotly / Plotly Express 
16034, Seaborn 
16034, Matplotlib 
16036, Plotly / Plotly Express 
16036, Matplotlib 
16036, Seaborn 
16038, Matplotlib 
16038, Seaborn 
16039, Seaborn 
16039, Matplotlib 
16044, Ggplot / ggplot2 
16044, Seaborn 
16044, Matplotlib 
16045, Matplotlib 
16046, Matplotlib 
16046, Seaborn 
16049, Matplotlib 
16051, Matplotlib 
16053, Bokeh 
16053, Seaborn 
16053, Matplotlib 
16055, Matplotlib 
16055, Seaborn 
16056, Seaborn 
16056, Matplotlib 
16057, Ggplot / ggplot2 
16057, Plotly / Plotly Express 
16057, Matplotlib 
16057, Seaborn 
16057, Shiny 
16058, Matplotlib 
16059, Matplotlib 
16059, Seaborn 
16062, Plotly / Plotly Express 
16064, Matplotlib 
16065, Seaborn 
16065, Matplotlib 
16066, Seaborn 
16067, Matplotlib 
16067, Seaborn 
16069, Geoplotlib 
16069, Ggplot / ggplot2 
16070, Altair 
16070, Matplotlib 
16070, Plotly / Plotly Express 
16071, Ggplot / ggplot2 
16073, Matplotlib 
16074, Matplotlib 
16075, Seaborn 
16075, Matplotlib 
16079, Matplotlib 
16079, Seaborn 
16081, Ggplot / ggplot2 
16081, Leaflet / Folium 
16081, Shiny 
16081, Plotly / Plotly Express 
16082, Matplotlib 
16082, Plotly / Plotly Express 
16082, Seaborn 
16083, Matplotlib 
16083, Ggplot / ggplot2 
16084, Ggplot / ggplot2 
16085, Seaborn 
16085, Matplotlib 
16085, Plotly / Plotly Express 
16086, Seaborn 
16086, Matplotlib 
16088, Matplotlib 
16089, Seaborn 
16089, Matplotlib 
16089, Plotly / Plotly Express 
16089, Highcharter 
16090, Matplotlib 
16090, Seaborn 
16091, Seaborn 
16091, Matplotlib 
16091, Ggplot / ggplot2 
16092, Matplotlib 
16093, Seaborn 
16093, Matplotlib 
16094, Matplotlib 
16094, Seaborn 
16095, Matplotlib 
16095, Ggplot / ggplot2 
16095, Leaflet / Folium 
16095, Plotly / Plotly Express 
16095, Seaborn 
16097, Seaborn 
16097, Matplotlib 
16099, Seaborn 
16099, Matplotlib 
16099, Ggplot / ggplot2 
16100, Matplotlib 
16101, Seaborn 
16101, Matplotlib 
16102, Ggplot / ggplot2 
16102, Matplotlib 
16102, Shiny 
16102, Seaborn 
16103, Matplotlib 
16104, Seaborn 
16104, Plotly / Plotly Express 
16104, Matplotlib 
16105, Matplotlib 
16105, Plotly / Plotly Express 
16105, Seaborn 
16106, Matplotlib 
16107, Seaborn 
16107, Matplotlib 
16108, Plotly / Plotly Express 
16108, Matplotlib 
16109, Plotly / Plotly Express 
16109, Bokeh 
16109, Matplotlib 
16109, Seaborn 
16110, Seaborn 
16110, Matplotlib 
16111, Matplotlib 
16112, Ggplot / ggplot2 
16112, Matplotlib 
16112, Geoplotlib 
16112, Seaborn 
16113, Plotly / Plotly Express 
16113, Seaborn 
16113, Matplotlib 
16114, Matplotlib 
16115, Matplotlib 
16115, Seaborn 
16117, Shiny 
16117, Altair 
16117, Ggplot / ggplot2 
16118, Seaborn 
16118, Matplotlib 
16120, Matplotlib 
16121, Ggplot / ggplot2 
16122, Shiny 
16122, Leaflet / Folium 
16122, Plotly / Plotly Express 
16122, Ggplot / ggplot2 
16123, Matplotlib 
16124, Seaborn 
16124, D3 js 
16124, Matplotlib 
16125, Matplotlib 
16125, Seaborn 
16125, Ggplot / ggplot2 
16125, Bokeh 
16128, Altair 
16128, Matplotlib 
16129, Matplotlib 
16130, Matplotlib 
16130, Plotly / Plotly Express 
16132,Other
16133,Other
16133, Matplotlib 
16134, Ggplot / ggplot2 
16135, Plotly / Plotly Express 
16135, D3 js 
16135, Seaborn 
16136, Plotly / Plotly Express 
16136, Seaborn 
16136, Matplotlib 
16137, Seaborn 
16137, Matplotlib 
16138, Seaborn 
16138, Matplotlib 
16139, Matplotlib 
16141, Matplotlib 
16141, Seaborn 
16142, Ggplot / ggplot2 
16142, Plotly / Plotly Express 
16143, Matplotlib 
16144, Seaborn 
16144, Matplotlib 
16146, Seaborn 
16147, Plotly / Plotly Express 
16147, Geoplotlib 
16147, Pygal 
16147, Ggplot / ggplot2 
16147, Shiny 
16149, Plotly / Plotly Express 
16149, Matplotlib 
16150, Seaborn 
16150, Matplotlib 
16150, Plotly / Plotly Express 
16150, Ggplot / ggplot2 
16152, Matplotlib 
16153, Ggplot / ggplot2 
16154, Seaborn 
16154, Matplotlib 
16156, Matplotlib 
16158, Matplotlib 
16158, Seaborn 
16159, Seaborn 
16159, Matplotlib 
16160, Matplotlib 
16160, Seaborn 
16160, Plotly / Plotly Express 
16160, Geoplotlib 
16161, Seaborn 
16161, Leaflet / Folium 
16161, Ggplot / ggplot2 
16162, Seaborn 
16164, Shiny 
16164, Ggplot / ggplot2 
16165, Matplotlib 
16165, Seaborn 
16166, Matplotlib 
16166, Seaborn 
16166, Plotly / Plotly Express 
16167, Matplotlib 
16167, Plotly / Plotly Express 
16167, D3 js 
16171, Matplotlib 
16172, Matplotlib 
16172, Ggplot / ggplot2 
16175, Plotly / Plotly Express 
16175, Matplotlib 
16175, Seaborn 
16176, Seaborn 
16176, Matplotlib 
16176, D3 js 
16176, Shiny 
16176, Ggplot / ggplot2 
16181, Plotly / Plotly Express 
16181, Seaborn 
16181, Matplotlib 
16182, Seaborn 
16182, Leaflet / Folium 
16182, Shiny 
16182, Highcharter 
16182, D3 js 
16182, Ggplot / ggplot2 
16183, Matplotlib 
16183, Seaborn 
16184, Matplotlib 
16184, Ggplot / ggplot2 
16184, Seaborn 
16185,Other
16186, Matplotlib 
16187, Plotly / Plotly Express 
16187, Matplotlib 
16188, Seaborn 
16188, Plotly / Plotly Express 
16188, Matplotlib 
16191, Matplotlib 
16192, Matplotlib 
16192, Seaborn 
16193, Plotly / Plotly Express 
16193, Matplotlib 
16194, Matplotlib 
16194, Seaborn 
16195, Matplotlib 
16196, Seaborn 
16196, Matplotlib 
16199, Matplotlib 
16199, Seaborn 
16200, Matplotlib 
16201, Matplotlib 
16201, Seaborn 
16201, Bokeh 
16202, Matplotlib 
16203, Matplotlib 
16203, Seaborn 
16204, Matplotlib 
16206, Matplotlib 
16208, Seaborn 
16208, Plotly / Plotly Express 
16208, Matplotlib 
16211, Matplotlib 
16211, Seaborn 
16213, Geoplotlib 
16213, Matplotlib 
16214, Matplotlib 
16215, Matplotlib 
16216, Seaborn 
16216, Matplotlib 
16216, Plotly / Plotly Express 
16218, Matplotlib 
16218, Seaborn 
16219, Seaborn 
16219, Matplotlib 
16220, Seaborn 
16220, Matplotlib 
16220, Plotly / Plotly Express 
16221, Matplotlib 
16221, Seaborn 
16222, Seaborn 
16222, Matplotlib 
16223, Matplotlib 
16223, Seaborn 
16227, Seaborn 
16227, Matplotlib 
16228, Matplotlib 
16228, Altair 
16228, Plotly / Plotly Express 
16228, Seaborn 
16228, Ggplot / ggplot2 
16229, Ggplot / ggplot2 
16229, Matplotlib 
16229, Seaborn 
16230, Matplotlib 
16231, Plotly / Plotly Express 
16231, Matplotlib 
16231, Ggplot / ggplot2 
16232, Seaborn 
16233, Seaborn 
16233, Plotly / Plotly Express 
16233, Matplotlib 
16234, Seaborn 
16234, Plotly / Plotly Express 
16234, Matplotlib 
16236, Seaborn 
16236, Matplotlib 
16236, Ggplot / ggplot2 
16238, Matplotlib 
16239, Matplotlib 
16239, Seaborn 
16240, Seaborn 
16240, Matplotlib 
16241, Matplotlib 
16243, Plotly / Plotly Express 
16243, Geoplotlib 
16243, Seaborn 
16243, Matplotlib 
16243, Ggplot / ggplot2 
16244, Matplotlib 
16244, Plotly / Plotly Express 
16244, Ggplot / ggplot2 
16244, Seaborn 
16244, Geoplotlib 
16245, Pygal 
16245, Geoplotlib 
16246, Matplotlib 
16246, Seaborn 
16246, Ggplot / ggplot2 
16247, Plotly / Plotly Express 
16248, Matplotlib 
16248, Seaborn 
16249, Seaborn 
16249, Matplotlib 
16249, Plotly / Plotly Express 
16249, Ggplot / ggplot2 
16251, Matplotlib 
16251, Altair 
16251, Bokeh 
16251, Seaborn 
16251, Geoplotlib 
16251, Plotly / Plotly Express 
16251, Leaflet / Folium 
16252, Matplotlib 
16252, Bokeh 
16255, Bokeh 
16255, Seaborn 
16255, Plotly / Plotly Express 
16256, Seaborn 
16258, Matplotlib 
16261, Matplotlib 
16263, Plotly / Plotly Express 
16263, Matplotlib 
16263, D3 js 
16263, Seaborn 
16265, Ggplot / ggplot2 
16265, Seaborn 
16265, Matplotlib 
16267, Plotly / Plotly Express 
16268, Ggplot / ggplot2 
16268, Seaborn 
16268, Bokeh 
16268, Plotly / Plotly Express 
16268, Matplotlib 
16269, Matplotlib 
16270, Seaborn 
16270, Matplotlib 
16270, Bokeh 
16274, Ggplot / ggplot2 
16275, Matplotlib 
16275, Seaborn 
16276, Seaborn 
16276, Matplotlib 
16279, Plotly / Plotly Express 
16279, Seaborn 
16279, Matplotlib 
16283, Matplotlib 
16283, Plotly / Plotly Express 
16284, D3 js 
16284, Matplotlib 
16284, Seaborn 
16284, Altair 
16285, Matplotlib 
16285, Seaborn 
16286, Seaborn 
16286, Matplotlib 
16286, Plotly / Plotly Express 
16288, Seaborn 
16288, Matplotlib 
16289, Matplotlib 
16290, Matplotlib 
16291, Seaborn 
16291, Matplotlib 
16292, Seaborn 
16292, Matplotlib 
16294, Seaborn 
16294, Matplotlib 
16295, Plotly / Plotly Express 
16295, Seaborn 
16297, Seaborn 
16297, Matplotlib 
16297, Ggplot / ggplot2 
16298, Ggplot / ggplot2 
16298, Matplotlib 
16298, Seaborn 
16300, D3 js 
16300, Matplotlib 
16300, Altair 
16300, Seaborn 
16301, Seaborn 
16301, Matplotlib 
16304, Matplotlib 
16305, Matplotlib 
16305, Bokeh 
16305, Seaborn 
16305, Plotly / Plotly Express 
16306, Plotly / Plotly Express 
16306, Seaborn 
16306, Matplotlib 
16308, Ggplot / ggplot2 
16308, Plotly / Plotly Express 
16310, D3 js 
16310, Ggplot / ggplot2 
16310, Shiny 
16310, Matplotlib 
16310, Plotly / Plotly Express 
16312, Seaborn 
16312, Matplotlib 
16313, Matplotlib 
16313, Seaborn 
16313, Geoplotlib 
16315, Matplotlib 
16315, Seaborn 
16316, Matplotlib 
16316, Geoplotlib 
16317, Seaborn 
16317, Matplotlib 
16317, Plotly / Plotly Express 
16319, Ggplot / ggplot2 
16321, Matplotlib 
16321, Seaborn 
16322, Matplotlib 
16324, Seaborn 
16324, Geoplotlib 
16324, Matplotlib 
16324, Plotly / Plotly Express 
16324, Ggplot / ggplot2 
16326, Matplotlib 
16326,Other
16326, Seaborn 
16328, Matplotlib 
16328, Seaborn 
16330, Matplotlib 
16331,Other
16332, Plotly / Plotly Express 
16332, Matplotlib 
16332, Seaborn 
16335,Other
16337, Matplotlib 
16337, Seaborn 
16338, Matplotlib 
16338, Seaborn 
16339, D3 js 
16339, Matplotlib 
16339, Seaborn 
16339, Ggplot / ggplot2 
16341, Plotly / Plotly Express 
16341,Other
16345, Seaborn 
16345, Matplotlib 
16346, Ggplot / ggplot2 
16347, Ggplot / ggplot2 
16347, Matplotlib 
16347, Seaborn 
16347, Geoplotlib 
16348, Ggplot / ggplot2 
16348, Matplotlib 
16348, Seaborn 
16349, Seaborn 
16349, Matplotlib 
16349, Plotly / Plotly Express 
16350, Ggplot / ggplot2 
16351, Matplotlib 
16352, Matplotlib 
16352, Seaborn 
16353, Plotly / Plotly Express 
16353, Matplotlib 
16353, Ggplot / ggplot2 
16354, Plotly / Plotly Express 
16354, Matplotlib 
16354, Ggplot / ggplot2 
16354, Seaborn 
16355, Matplotlib 
16357, Seaborn 
16357, Matplotlib 
16358, Seaborn 
16358, Matplotlib 
16358, Plotly / Plotly Express 
16361, Seaborn 
16361, Matplotlib 
16362, Seaborn 
16362, Plotly / Plotly Express 
16364, Bokeh 
16364, Shiny 
16364, Matplotlib 
16364, Seaborn 
16367, Matplotlib 
16367, Seaborn 
16368, Seaborn 
16368, Matplotlib 
16369, Matplotlib 
16370, Seaborn 
16370, Matplotlib 
16370, Ggplot / ggplot2 
16371, Seaborn 
16371, Matplotlib 
16372, Matplotlib 
16373, Seaborn 
16373, Matplotlib 
16374, Matplotlib 
16374, Seaborn 
16375, Seaborn 
16375, Ggplot / ggplot2 
16376, Plotly / Plotly Express 
16377, Plotly / Plotly Express 
16377, Matplotlib 
16377, Seaborn 
16377, Ggplot / ggplot2 
16378, Matplotlib 
16380, Ggplot / ggplot2 
16380, Matplotlib 
16381, Matplotlib 
16383, Matplotlib 
16383, D3 js 
16383, Highcharter 
16383, Seaborn 
16383, Geoplotlib 
16383, Plotly / Plotly Express 
16384, Seaborn 
16384, Matplotlib 
16385, Plotly / Plotly Express 
16385, Ggplot / ggplot2 
16385, D3 js 
16385, Geoplotlib 
16386, Ggplot / ggplot2 
16387, Ggplot / ggplot2 
16387, Geoplotlib 
16387, Matplotlib 
16387, Seaborn 
16387, Plotly / Plotly Express 
16389, Plotly / Plotly Express 
16389, Geoplotlib 
16389, D3 js 
16389, Ggplot / ggplot2 
16393, Seaborn 
16393, Plotly / Plotly Express 
16393, Matplotlib 
16396, Matplotlib 
16399, D3 js 
16399, Bokeh 
16399, Ggplot / ggplot2 
16399, Shiny 
16399, Highcharter 
16399, Seaborn 
16399, Matplotlib 
16399, Geoplotlib 
16399, Dygraphs 
16399, Leaflet / Folium 
16399, Pygal 
16399,Other
16399, Altair 
16399, Plotly / Plotly Express 
16401, Seaborn 
16401, Matplotlib 
16401, Plotly / Plotly Express 
16402, Geoplotlib 
16402, Seaborn 
16402, Pygal 
16402, Plotly / Plotly Express 
16402, Matplotlib 
16402, Ggplot / ggplot2 
16404, Plotly / Plotly Express 
16406, Matplotlib 
16406, Seaborn 
16407, Seaborn 
16407, Matplotlib 
16408, Matplotlib 
16409, Matplotlib 
16411, Ggplot / ggplot2 
16411, Plotly / Plotly Express 
16411, Matplotlib 
16411, Geoplotlib 
16412, Seaborn 
16412, Matplotlib 
16413, Plotly / Plotly Express 
16413, Matplotlib 
16414, Bokeh 
16414, Plotly / Plotly Express 
16414, Seaborn 
16417, Plotly / Plotly Express 
16417, Matplotlib 
16418, Ggplot / ggplot2 
16419, Matplotlib 
16419, Seaborn 
16419, Plotly / Plotly Express 
16420, Matplotlib 
16424, Matplotlib 
16424, Seaborn 
16424, Bokeh 
16425, Seaborn 
16425, Matplotlib 
16426, Ggplot / ggplot2 
16426, Matplotlib 
16429, Matplotlib 
16429, Seaborn 
16430, Seaborn 
16430, Matplotlib 
16431, Ggplot / ggplot2 
16431, Matplotlib 
16431, Seaborn 
16432, Leaflet / Folium 
16432, Geoplotlib 
16432, Matplotlib 
16432, Seaborn 
16432, D3 js 
16433, Matplotlib 
16433, Plotly / Plotly Express 
16434, Geoplotlib 
16434, Seaborn 
16434, Ggplot / ggplot2 
16434, Matplotlib 
16435, Seaborn 
16435, Matplotlib 
16435, D3 js 
16435, Plotly / Plotly Express 
16437, Plotly / Plotly Express 
16437, Matplotlib 
16437, Ggplot / ggplot2 
16437, Seaborn 
16438, Seaborn 
16438, Plotly / Plotly Express 
16438, Matplotlib 
16439, Ggplot / ggplot2 
16439, Bokeh 
16439, Plotly / Plotly Express 
16439, Leaflet / Folium 
16439, Matplotlib 
16439, Altair 
16439, Shiny 
16440, Seaborn 
16440, Plotly / Plotly Express 
16440, Matplotlib 
16442, Seaborn 
16442, Matplotlib 
16442, Plotly / Plotly Express 
16444, Matplotlib 
16446, D3 js 
16446, Highcharter 
16447, Matplotlib 
16449, Matplotlib 
16450, Matplotlib 
16450, Plotly / Plotly Express 
16450, Seaborn 
16451, Matplotlib 
16452, Matplotlib 
16452, Ggplot / ggplot2 
16453, Seaborn 
16453, Matplotlib 
16455, Matplotlib 
16455, Seaborn 
16456, Ggplot / ggplot2 
16456, Seaborn 
16456, Matplotlib 
16458, Matplotlib 
16459, Matplotlib 
16459, Seaborn 
16463, Plotly / Plotly Express 
16463, Matplotlib 
16464, Ggplot / ggplot2 
16464, Matplotlib 
16465, Ggplot / ggplot2 
16468, Seaborn 
16468, Matplotlib 
16469, Pygal 
16469, Matplotlib 
16469, Plotly / Plotly Express 
16469, Seaborn 
16472, Matplotlib 
16473, Bokeh 
16473, Seaborn 
16475, Shiny 
16475, Ggplot / ggplot2 
16475, Geoplotlib 
16475, Leaflet / Folium 
16475, Plotly / Plotly Express 
16475, Matplotlib 
16475, Seaborn 
16476, Matplotlib 
16476, Seaborn 
16477, Seaborn 
16477, Matplotlib 
16480, Matplotlib 
16482, Leaflet / Folium 
16482, Ggplot / ggplot2 
16482, Matplotlib 
16484, Matplotlib 
16485, Matplotlib 
16485, Seaborn 
16486, Matplotlib 
16490, Seaborn 
16491, Matplotlib 
16491, Seaborn 
16492, Matplotlib 
16492, Seaborn 
16492, Ggplot / ggplot2 
16493, Leaflet / Folium 
16493, Plotly / Plotly Express 
16493, Matplotlib 
16494, Matplotlib 
16495, Seaborn 
16495, Matplotlib 
16497, Matplotlib 
16499, Matplotlib 
16500, Seaborn 
16500, Matplotlib 
16500, Geoplotlib 
16500, Bokeh 
16501, Ggplot / ggplot2 
16502, Ggplot / ggplot2 
16502, Seaborn 
16502, Plotly / Plotly Express 
16502, Matplotlib 
16504, Seaborn 
16504, Matplotlib 
16505, Matplotlib 
16505, Seaborn 
16505, Shiny 
16505, Altair 
16505, Geoplotlib 
16506, Seaborn 
16506, Ggplot / ggplot2 
16506, Matplotlib 
16506, Shiny 
16508, Leaflet / Folium 
16508, D3 js 
16508, Seaborn 
16508, Geoplotlib 
16508, Matplotlib 
16510, Matplotlib 
16510, Seaborn 
16511, Ggplot / ggplot2 
16512, D3 js 
16512, Matplotlib 
16512, Ggplot / ggplot2 
16512, Plotly / Plotly Express 
16512, Seaborn 
16517, Plotly / Plotly Express 
16517, Geoplotlib 
16517, Matplotlib 
16518, Matplotlib 
16519, Matplotlib 
16519, Seaborn 
16519, Ggplot / ggplot2 
16521, Matplotlib 
16522, Seaborn 
16522, Matplotlib 
16523, Matplotlib 
16523, Seaborn 
16524, Seaborn 
16524, Matplotlib 
16524, Plotly / Plotly Express 
16526, Ggplot / ggplot2 
16526, Matplotlib 
16526, Seaborn 
16526, Plotly / Plotly Express 
16527, Seaborn 
16527, Matplotlib 
16528, Matplotlib 
16528, Ggplot / ggplot2 
16529,Other
16531, Matplotlib 
16532, Matplotlib 
16534, Shiny 
16534, Altair 
16534, Matplotlib 
16534, Geoplotlib 
16534, Bokeh 
16534, Leaflet / Folium 
16534, Highcharter 
16534, Pygal 
16534, Ggplot / ggplot2 
16534, Plotly / Plotly Express 
16534, D3 js 
16534, Dygraphs 
16534, Seaborn 
16535, Ggplot / ggplot2 
16536, Matplotlib 
16536, Seaborn 
16537, Geoplotlib 
16537, Ggplot / ggplot2 
16537, Plotly / Plotly Express 
16537, Matplotlib 
16537, Seaborn 
16538, Plotly / Plotly Express 
16538, Matplotlib 
16538, D3 js 
16538, Leaflet / Folium 
16539, Plotly / Plotly Express 
16539, Matplotlib 
16539, Seaborn 
16539, Shiny 
16539, Ggplot / ggplot2 
16540, Matplotlib 
16542, Seaborn 
16542, Matplotlib 
16543, Matplotlib 
16543, Seaborn 
16546, Seaborn 
16546, Plotly / Plotly Express 
16546, Matplotlib 
16546, Ggplot / ggplot2 
16547, Matplotlib 
16547, Seaborn 
16548, Seaborn 
16548, Matplotlib 
16549, Matplotlib 
16549, Seaborn 
16551, Matplotlib 
16551, Plotly / Plotly Express 
16551, Seaborn 
16552, Seaborn 
16552, Plotly / Plotly Express 
16552, Matplotlib 
16554, Seaborn 
16554, Matplotlib 
16555, Matplotlib 
16556, Plotly / Plotly Express 
16556, Matplotlib 
16556, Seaborn 
16557,Other
16557, Dygraphs 
16557, Seaborn 
16557, Matplotlib 
16558, Seaborn 
16558, Matplotlib 
16558, Plotly / Plotly Express 
16559,Other
16561, Matplotlib 
16561, Seaborn 
16561, Geoplotlib 
16563, Seaborn 
16563, Matplotlib 
16564, Matplotlib 
16564, Ggplot / ggplot2 
16564, Seaborn 
16565, Matplotlib 
16567, Matplotlib 
16567, Leaflet / Folium 
16568, Shiny 
16568, Ggplot / ggplot2 
16568, D3 js 
16568, Plotly / Plotly Express 
16568, Matplotlib 
16568, Seaborn 
16569, Seaborn 
16569, Matplotlib 
16571, Matplotlib 
16571, Seaborn 
16572, Seaborn 
16572, Bokeh 
16572, Matplotlib 
16573, Seaborn 
16573, Ggplot / ggplot2 
16573, Matplotlib 
16574, Seaborn 
16574, Matplotlib 
16574, Plotly / Plotly Express 
16574, Altair 
16575, Matplotlib 
16575, Plotly / Plotly Express 
16576, Matplotlib 
16576, Seaborn 
16577, Bokeh 
16577, Plotly / Plotly Express 
16577, Ggplot / ggplot2 
16577, Shiny 
16577, Seaborn 
16577, Matplotlib 
16578, Plotly / Plotly Express 
16578, Ggplot / ggplot2 
16578, Matplotlib 
16578, Shiny 
16578, Seaborn 
16580, Seaborn 
16580, Matplotlib 
16581, Matplotlib 
16581, Ggplot / ggplot2 
16581, Plotly / Plotly Express 
16581, Seaborn 
16582, Seaborn 
16582, Ggplot / ggplot2 
16582, Matplotlib 
16582, Plotly / Plotly Express 
16584, Geoplotlib 
16584, Plotly / Plotly Express 
16584, Ggplot / ggplot2 
16584, Seaborn 
16584, Matplotlib 
16584, Pygal 
16585, Ggplot / ggplot2 
16585, Bokeh 
16585, Matplotlib 
16585, Seaborn 
16586, Matplotlib 
16588, Seaborn 
16588, Matplotlib 
16589, Seaborn 
16589, Matplotlib 
16589, Ggplot / ggplot2 
16589, Shiny 
16591, Matplotlib 
16595, Seaborn 
16595, Matplotlib 
16596, Seaborn 
16596, Matplotlib 
16596, Plotly / Plotly Express 
16598, Seaborn 
16598, Matplotlib 
16599, Seaborn 
16600, Matplotlib 
16603, Plotly / Plotly Express 
16603, Matplotlib 
16603, Seaborn 
16604, Matplotlib 
16604, Ggplot / ggplot2 
16604, Shiny 
16604, Geoplotlib 
16606, Matplotlib 
16606, Plotly / Plotly Express 
16606, Seaborn 
16607, Matplotlib 
16607, Seaborn 
16608, Pygal 
16608,Other
16609, Matplotlib 
16609, Ggplot / ggplot2 
16610, D3 js 
16610, Seaborn 
16610, Matplotlib 
16610, Leaflet / Folium 
16611, Matplotlib 
16611, Seaborn 
16613, Seaborn 
16613, Matplotlib 
16614, Matplotlib 
16614, Seaborn 
16614, Ggplot / ggplot2 
16616, Seaborn 
16616, Plotly / Plotly Express 
16616, Pygal 
16617, Seaborn 
16617, Matplotlib 
16618, Matplotlib 
16619, Highcharter 
16619, Matplotlib 
16619, D3 js 
16620, Seaborn 
16620, Bokeh 
16620, Matplotlib 
16620, Plotly / Plotly Express 
16620, Ggplot / ggplot2 
16623, Plotly / Plotly Express 
16623, Matplotlib 
16623, Seaborn 
16623, Ggplot / ggplot2 
16624, Matplotlib 
16624, Seaborn 
16625, Seaborn 
16625, Matplotlib 
16626, Seaborn 
16626, Matplotlib 
16627, Matplotlib 
16627, Plotly / Plotly Express 
16627, Seaborn 
16628, Pygal 
16628, Dygraphs 
16628, Altair 
16629, Plotly / Plotly Express 
16629, Seaborn 
16630, Seaborn 
16630, Matplotlib 
16631, Matplotlib 
16631, Plotly / Plotly Express 
16632, Plotly / Plotly Express 
16632, Matplotlib 
16632, Ggplot / ggplot2 
16632, Shiny 
16633, Matplotlib 
16633, Plotly / Plotly Express 
16633, Seaborn 
16637, Seaborn 
16637, Matplotlib 
16640, Matplotlib 
16640, Plotly / Plotly Express 
16641, Plotly / Plotly Express 
16641, Ggplot / ggplot2 
16643, Matplotlib 
16643, Ggplot / ggplot2 
16643, Seaborn 
16644, Plotly / Plotly Express 
16644, Ggplot / ggplot2 
16644, Matplotlib 
16645, Seaborn 
16647, Seaborn 
16647, Matplotlib 
16648,Other
16649, Matplotlib 
16650, Ggplot / ggplot2 
16650, Matplotlib 
16650, Shiny 
16650, Seaborn 
16651, Matplotlib 
16652, Matplotlib 
16652, Seaborn 
16656, Plotly / Plotly Express 
16656, Matplotlib 
16657, Matplotlib 
16657, Seaborn 
16658, Seaborn 
16658, Matplotlib 
16658, Plotly / Plotly Express 
16660, Matplotlib 
16660, Seaborn 
16662, Seaborn 
16662, Matplotlib 
16662, Geoplotlib 
16663, D3 js 
16663, Plotly / Plotly Express 
16663, Ggplot / ggplot2 
16663, Shiny 
16665, Matplotlib 
16665, Seaborn 
16666, Seaborn 
16666, Matplotlib 
16667, D3 js 
16667, Plotly / Plotly Express 
16668, Matplotlib 
16669, Matplotlib 
16669, Ggplot / ggplot2 
16669, Seaborn 
16671, Seaborn 
16671, Matplotlib 
16673, Matplotlib 
16674, Leaflet / Folium 
16674, Plotly / Plotly Express 
16675, Matplotlib 
16675, Seaborn 
16675, Geoplotlib 
16676, Seaborn 
16676, Plotly / Plotly Express 
16676, Matplotlib 
16677, Plotly / Plotly Express 
16677, Seaborn 
16678, Matplotlib 
16678, Seaborn 
16678, Plotly / Plotly Express 
16679, Matplotlib 
16680, Seaborn 
16680, Matplotlib 
16680, Ggplot / ggplot2 
16683, Ggplot / ggplot2 
16683, Geoplotlib 
16683, Matplotlib 
16685, Seaborn 
16685, Matplotlib 
16686, Matplotlib 
16686, Seaborn 
16687, Bokeh 
16687, Plotly / Plotly Express 
16687, Leaflet / Folium 
16687, Seaborn 
16687, Matplotlib 
16688, Seaborn 
16688, Plotly / Plotly Express 
16688, Matplotlib 
16689, Matplotlib 
16690, Altair 
16691, Plotly / Plotly Express 
16691, Seaborn 
16691, Altair 
16691, Matplotlib 
16692, Matplotlib 
16692, Seaborn 
16693, Plotly / Plotly Express 
16693, Ggplot / ggplot2 
16693, Matplotlib 
16693, Geoplotlib 
16693, Seaborn 
16694, Matplotlib 
16695, Matplotlib 
16695, Seaborn 
16695, Ggplot / ggplot2 
16696, Ggplot / ggplot2 
16696, Matplotlib 
16698, Seaborn 
16698, Matplotlib 
16698, Geoplotlib 
16699, Matplotlib 
16699, Seaborn 
16700, Seaborn 
16700, Ggplot / ggplot2 
16700, Matplotlib 
16702, Matplotlib 
16702, Ggplot / ggplot2 
16702, Seaborn 
16703, Matplotlib 
16703, Seaborn 
16703, Plotly / Plotly Express 
16704, Shiny 
16704, Ggplot / ggplot2 
16706, Seaborn 
16706, Plotly / Plotly Express 
16706, Altair 
16706, Matplotlib 
16708, Matplotlib 
16708, Seaborn 
16708, Ggplot / ggplot2 
16709, Matplotlib 
16709, Seaborn 
16710, Matplotlib 
16710, Seaborn 
16710, Ggplot / ggplot2 
16710, Shiny 
16710, Plotly / Plotly Express 
16711, Plotly / Plotly Express 
16711, Seaborn 
16711, Matplotlib 
16713, Matplotlib 
16713, Ggplot / ggplot2 
16714, Plotly / Plotly Express 
16714, Matplotlib 
16715, Ggplot / ggplot2 
16715, Shiny 
16716, Matplotlib 
16718, Matplotlib 
16718, Bokeh 
16724, Matplotlib 
16724, Seaborn 
16725, Seaborn 
16725, D3 js 
16728, Plotly / Plotly Express 
16728, Seaborn 
16728, Ggplot / ggplot2 
16728, Geoplotlib 
16728, Matplotlib 
16729, Ggplot / ggplot2 
16729, Matplotlib 
16729, Seaborn 
16730, Plotly / Plotly Express 
16730, Matplotlib 
16730, Seaborn 
16731, Matplotlib 
16731, Seaborn 
16732, Matplotlib 
16732, Plotly / Plotly Express 
16732, Seaborn 
16734, Matplotlib 
16734, Seaborn 
16734, Bokeh 
16735, Matplotlib 
16735, Seaborn 
16737, Matplotlib 
16738, Matplotlib 
16738, Seaborn 
16739, Seaborn 
16739, Plotly / Plotly Express 
16740, Matplotlib 
16740, Seaborn 
16740, Plotly / Plotly Express 
16742, Matplotlib 
16742, Plotly / Plotly Express 
16742, Seaborn 
16742, Ggplot / ggplot2 
16743, Seaborn 
16743, Matplotlib 
16744, Matplotlib 
16744, Ggplot / ggplot2 
16746, Matplotlib 
16746, Leaflet / Folium 
16746, Dygraphs 
16747,Other
16748, Ggplot / ggplot2 
16750, Seaborn 
16750, Matplotlib 
16751, Matplotlib 
16752,Other
16753, Bokeh 
16753, Seaborn 
16753, Plotly / Plotly Express 
16753, Matplotlib 
16753, Altair 
16754, Matplotlib 
16754, Ggplot / ggplot2 
16754, Geoplotlib 
16754, Plotly / Plotly Express 
16754, Seaborn 
16761, Seaborn 
16761, Ggplot / ggplot2 
16761, Matplotlib 
16762, Matplotlib 
16762, Seaborn 
16763, Plotly / Plotly Express 
16763, Matplotlib 
16763, Seaborn 
16769, Plotly / Plotly Express 
16769, Seaborn 
16774, Shiny 
16774, Seaborn 
16774, Highcharter 
16774, Plotly / Plotly Express 
16774, Geoplotlib 
16775, Matplotlib 
16775, Seaborn 
16775, Ggplot / ggplot2 
16777, Matplotlib 
16778, Seaborn 
16778, Ggplot / ggplot2 
16778, Shiny 
16778, Matplotlib 
16779, Matplotlib 
16782, Seaborn 
16782, Matplotlib 
16783, Plotly / Plotly Express 
16783, Seaborn 
16783, Matplotlib 
16785,Other
16786, Matplotlib 
16786, Plotly / Plotly Express 
16786, Seaborn 
16787, Matplotlib 
16787, Seaborn 
16787, Plotly / Plotly Express 
16788, Plotly / Plotly Express 
16788, Matplotlib 
16788, D3 js 
16788, Geoplotlib 
16789, Ggplot / ggplot2 
16789, D3 js 
16789, Matplotlib 
16789, Plotly / Plotly Express 
16789, Seaborn 
16789, Bokeh 
16790, Matplotlib 
16790, Seaborn 
16791, Matplotlib 
16791, Plotly / Plotly Express 
16791, Seaborn 
16792, Seaborn 
16792, Matplotlib 
16794, Matplotlib 
16794, Seaborn 
16795, Matplotlib 
16796, Matplotlib 
16797, Seaborn 
16797, Matplotlib 
16800, Matplotlib 
16800, Seaborn 
16801, Matplotlib 
16802, Matplotlib 
16802, Seaborn 
16804, Ggplot / ggplot2 
16804, Matplotlib 
16805, Seaborn 
16805, Matplotlib 
16805, Ggplot / ggplot2 
16805, Geoplotlib 
16806, Highcharter 
16806, Shiny 
16806, Matplotlib 
16806,Other
16806, Pygal 
16806, Ggplot / ggplot2 
16806, Plotly / Plotly Express 
16806, Seaborn 
16806, Dygraphs 
16806, D3 js 
16806, Geoplotlib 
16807, Seaborn 
16807, Matplotlib 
16808, Matplotlib 
16809, Seaborn 
16810, Matplotlib 
16810, Seaborn 
16815, Seaborn 
16815, Plotly / Plotly Express 
16815, Matplotlib 
16816, Seaborn 
16816, Plotly / Plotly Express 
16816, Matplotlib 
16817, Seaborn 
16817, Matplotlib 
16818, Matplotlib 
16819, Seaborn 
16819, Matplotlib 
16822, Ggplot / ggplot2 
16825, Matplotlib 
16825, Leaflet / Folium 
16825, Bokeh 
16825, Seaborn 
16826, Plotly / Plotly Express 
16826, Seaborn 
16826, Matplotlib 
16829, Seaborn 
16829, Matplotlib 
16830, Ggplot / ggplot2 
16831, Highcharter 
16831, Geoplotlib 
16831, Leaflet / Folium 
16831, D3 js 
16831, Seaborn 
16831, Matplotlib 
16836, Plotly / Plotly Express 
16836, Matplotlib 
16836, Seaborn 
16838, Matplotlib 
16838, Seaborn 
16839, Matplotlib 
16840, Seaborn 
16840, Matplotlib 
16841, Ggplot / ggplot2 
16841, Seaborn 
16841, Matplotlib 
16841, Plotly / Plotly Express 
16842, Matplotlib 
16842, Seaborn 
16843, Ggplot / ggplot2 
16845, Ggplot / ggplot2 
16846, Matplotlib 
16846,Other
16847, Matplotlib 
16847, Plotly / Plotly Express 
16847, Bokeh 
16847, Ggplot / ggplot2 
16847, Shiny 
16848, Matplotlib 
16850, Plotly / Plotly Express 
16850, Matplotlib 
16850, Seaborn 
16850, Ggplot / ggplot2 
16851, Bokeh 
16851, Seaborn 
16851, Ggplot / ggplot2 
16851, Plotly / Plotly Express 
16851, Matplotlib 
16853, Matplotlib 
16853, Seaborn 
16854, Ggplot / ggplot2 
16854, Matplotlib 
16854, Seaborn 
16855, Matplotlib 
16855, Seaborn 
16857, Matplotlib 
16857, Seaborn 
16858, Seaborn 
16858, Matplotlib 
16859, Matplotlib 
16859, Seaborn 
16860, Matplotlib 
16860, Seaborn 
16860, Ggplot / ggplot2 
16865, Matplotlib 
16865, Bokeh 
16865, Plotly / Plotly Express 
16865, Seaborn 
16866, Ggplot / ggplot2 
16867,Other
16868, Matplotlib 
16868, Seaborn 
16870, Plotly / Plotly Express 
16870, Matplotlib 
16872, Altair 
16873, Matplotlib 
16873, Seaborn 
16874, Seaborn 
16874, Matplotlib 
16874, Plotly / Plotly Express 
16875, Seaborn 
16875, Ggplot / ggplot2 
16878, Matplotlib 
16878, Seaborn 
16878, Plotly / Plotly Express 
16879, Seaborn 
16879, Matplotlib 
16880, Ggplot / ggplot2 
16881, Matplotlib 
16882, Seaborn 
16882, Matplotlib 
16882, Plotly / Plotly Express 
16883, Seaborn 
16883, Ggplot / ggplot2 
16883, Matplotlib 
16886, Plotly / Plotly Express 
16886, Seaborn 
16886, Matplotlib 
16886, Altair 
16887, Shiny 
16887, Seaborn 
16887, Plotly / Plotly Express 
16887, Ggplot / ggplot2 
16890, Seaborn 
16890, Matplotlib 
16892, Plotly / Plotly Express 
16893, Matplotlib 
16893, Ggplot / ggplot2 
16893, Seaborn 
16897, D3 js 
16897, Seaborn 
16897, Bokeh 
16897, Plotly / Plotly Express 
16898, Matplotlib 
16898, Seaborn 
16901, Matplotlib 
16903, Matplotlib 
16903, Seaborn 
16904, Seaborn 
16904, Ggplot / ggplot2 
16904, Plotly / Plotly Express 
16904, Matplotlib 
16905,Other
16907, Shiny 
16908, Seaborn 
16908, Plotly / Plotly Express 
16909, Seaborn 
16909, Matplotlib 
16910, Matplotlib 
16910, Seaborn 
16911, Matplotlib 
16912, Plotly / Plotly Express 
16912, Shiny 
16913, Matplotlib 
16913, Ggplot / ggplot2 
16913, Plotly / Plotly Express 
16914, Ggplot / ggplot2 
16914, Seaborn 
16914, Matplotlib 
16916, Seaborn 
16916, Matplotlib 
16917, Matplotlib 
16917, Seaborn 
16920, Matplotlib 
16920, Seaborn 
16921, Matplotlib 
16921, Seaborn 
16922, Shiny 
16922, Matplotlib 
16922, Seaborn 
16922, Ggplot / ggplot2 
16923, Matplotlib 
16923, Seaborn 
16926, Plotly / Plotly Express 
16927, Plotly / Plotly Express 
16927, Seaborn 
16928, Seaborn 
16928, Matplotlib 
16928,Other
16928, Geoplotlib 
16931, Seaborn 
16931, Matplotlib 
16933, Seaborn 
16933, Matplotlib 
16938, Matplotlib 
16938, Plotly / Plotly Express 
16938, Ggplot / ggplot2 
16938, Seaborn 
16939, Seaborn 
16939, Matplotlib 
16940, Matplotlib 
16940, Seaborn 
16941, Leaflet / Folium 
16941, Plotly / Plotly Express 
16941, Ggplot / ggplot2 
16942, Pygal 
16942, Matplotlib 
16943, Matplotlib 
16944, Matplotlib 
16945, Seaborn 
16945, Matplotlib 
16947, Seaborn 
16947, Matplotlib 
16948, D3 js 
16948, Altair 
16949, Seaborn 
16949, Matplotlib 
16952, Seaborn 
16952, Leaflet / Folium 
16952, Ggplot / ggplot2 
16952, Bokeh 
16952, Plotly / Plotly Express 
16952, Matplotlib 
16953, Seaborn 
16953, Matplotlib 
16954, Matplotlib 
16954, Seaborn 
16956, Matplotlib 
16957, Seaborn 
16957, Matplotlib 
16958, Ggplot / ggplot2 
16958, Geoplotlib 
16958, Seaborn 
16958, Matplotlib 
16958, Leaflet / Folium 
16958, Plotly / Plotly Express 
16959, Matplotlib 
16960, Matplotlib 
16961, Matplotlib 
16961, Seaborn 
16964, Ggplot / ggplot2 
16964, Matplotlib 
16964, Plotly / Plotly Express 
16964, Geoplotlib 
16965, Matplotlib 
16965, Seaborn 
16965, Plotly / Plotly Express 
16966, Ggplot / ggplot2 
16967, Seaborn 
16968, Ggplot / ggplot2 
16969, Plotly / Plotly Express 
16969, Seaborn 
16969, Matplotlib 
16971, Plotly / Plotly Express 
16971, Seaborn 
16971, Matplotlib 
16972, Seaborn 
16972, Matplotlib 
16972, Plotly / Plotly Express 
16973, Ggplot / ggplot2 
16973, Seaborn 
16973, Matplotlib 
16973, Plotly / Plotly Express 
16974, Matplotlib 
16975, D3 js 
16976, Matplotlib 
16976, D3 js 
16977, Ggplot / ggplot2 
16979, Geoplotlib 
16979, Plotly / Plotly Express 
16979, Matplotlib 
16979, Ggplot / ggplot2 
16979, Seaborn 
16980, Bokeh 
16981, Plotly / Plotly Express 
16981, Matplotlib 
16982, Ggplot / ggplot2 
16982, Matplotlib 
16982, Plotly / Plotly Express 
16983, Matplotlib 
16983, Seaborn 
16983, Ggplot / ggplot2 
16984, Ggplot / ggplot2 
16985, Ggplot / ggplot2 
16985, Matplotlib 
16985, Seaborn 
16986, Matplotlib 
16987, Seaborn 
16987, Plotly / Plotly Express 
16987, Matplotlib 
16988, Matplotlib 
16988, Seaborn 
16990, D3 js 
16990, Leaflet / Folium 
16990, Ggplot / ggplot2 
16990, Matplotlib 
16990, Geoplotlib 
16991, Matplotlib 
16991, Plotly / Plotly Express 
16991, Ggplot / ggplot2 
16991, Seaborn 
16992, Plotly / Plotly Express 
16992, Leaflet / Folium 
16992, Matplotlib 
16993, Matplotlib 
16993, Seaborn 
16994, Matplotlib 
16996, Matplotlib 
16996, Ggplot / ggplot2 
16997, Matplotlib 
16997, Plotly / Plotly Express 
16997, Shiny 
16997, Geoplotlib 
16997, Ggplot / ggplot2 
16997, Seaborn 
16998, D3 js 
16998, Matplotlib 
16999, Ggplot / ggplot2 
16999, Geoplotlib 
16999, Seaborn 
17000, Seaborn 
17000, Matplotlib 
17001, Matplotlib 
17002, Matplotlib 
17002, Plotly / Plotly Express 
17002, Seaborn 
17005, Matplotlib 
17006, Seaborn 
17006, Matplotlib 
17006, Plotly / Plotly Express 
17008, Bokeh 
17008, Plotly / Plotly Express 
17008, Seaborn 
17008, Matplotlib 
17008, Altair 
17010, Seaborn 
17010, Matplotlib 
17011, Ggplot / ggplot2 
17012, Matplotlib 
17012, Seaborn 
17013, Ggplot / ggplot2 
17013, Seaborn 
17014, Matplotlib 
17014, Seaborn 
17015, Matplotlib 
17015, Geoplotlib 
17019, Matplotlib 
17019, Plotly / Plotly Express 
17019, Seaborn 
17020, Seaborn 
17020, Matplotlib 
17021, Seaborn 
17021, Matplotlib 
17022, Ggplot / ggplot2 
17022, Matplotlib 
17022, Seaborn 
17022, Plotly / Plotly Express 
17023, Seaborn 
17023, Plotly / Plotly Express 
17023, Matplotlib 
17024, Matplotlib 
17024, Seaborn 
17025, Matplotlib 
17026, Matplotlib 
17026, Seaborn 
17027, Seaborn 
17027, Matplotlib 
17029, Plotly / Plotly Express 
17029, Matplotlib 
17029, Seaborn 
17030, Matplotlib 
17030, Seaborn 
17030, Ggplot / ggplot2 
17031, Matplotlib 
17031, Seaborn 
17032, Matplotlib 
17032, Seaborn 
17035, Ggplot / ggplot2 
17035, Matplotlib 
17035, Seaborn 
17036, Seaborn 
17036, Matplotlib 
17037, Matplotlib 
17038, Plotly / Plotly Express 
17038, Seaborn 
17038, Matplotlib 
17041, Bokeh 
17041, Matplotlib 
17041, Plotly / Plotly Express 
17042, Seaborn 
17042, Ggplot / ggplot2 
17042, Matplotlib 
17044, Matplotlib 
17044, Seaborn 
17046, Plotly / Plotly Express 
17046, Matplotlib 
17046, Seaborn 
17047, Matplotlib 
17047, Seaborn 
17047, Ggplot / ggplot2 
17049, Matplotlib 
17051, Matplotlib 
17051, Geoplotlib 
17051, Seaborn 
17052, Seaborn 
17052, Matplotlib 
17053, Geoplotlib 
17053, Seaborn 
17053, Matplotlib 
17053, Ggplot / ggplot2 
17055, Seaborn 
17055, Matplotlib 
17056, Plotly / Plotly Express 
17056, Seaborn 
17056, Bokeh 
17056, Matplotlib 
17057, Matplotlib 
17057, Seaborn 
17058, Plotly / Plotly Express 
17058, Seaborn 
17058, Matplotlib 
17059, Geoplotlib 
17059, Ggplot / ggplot2 
17059, Leaflet / Folium 
17061, Matplotlib 
17062, Seaborn 
17062, Plotly / Plotly Express 
17062, Matplotlib 
17064, Matplotlib 
17064, Ggplot / ggplot2 
17064, Seaborn 
17065, Matplotlib 
17065, Plotly / Plotly Express 
17065, Seaborn 
17066, Plotly / Plotly Express 
17066, Bokeh 
17066, Ggplot / ggplot2 
17066, Matplotlib 
17066, Seaborn 
17067, Leaflet / Folium 
17067, Bokeh 
17067, Matplotlib 
17067, Geoplotlib 
17067, Seaborn 
17068, Matplotlib 
17068, Plotly / Plotly Express 
17068, Seaborn 
17070, Seaborn 
17070, Matplotlib 
17071, Matplotlib 
17071, Ggplot / ggplot2 
17073, Ggplot / ggplot2 
17074, Ggplot / ggplot2 
17076, Matplotlib 
17076, Seaborn 
17076, Shiny 
17076, Ggplot / ggplot2 
17076, Plotly / Plotly Express 
17077, Ggplot / ggplot2 
17077, Shiny 
17078,Other
17078, Matplotlib 
17079, Seaborn 
17079, Matplotlib 
17080, Matplotlib 
17081, Matplotlib 
17081, Plotly / Plotly Express 
17084, Seaborn 
17084, Matplotlib 
17085, Matplotlib 
17087, Matplotlib 
17087, Seaborn 
17088, Matplotlib 
17088, Seaborn 
17090, Seaborn 
17090, Matplotlib 
17090, Plotly / Plotly Express 
17091, Seaborn 
17091, Ggplot / ggplot2 
17091, Plotly / Plotly Express 
17091, Matplotlib 
17092, Matplotlib 
17093, Matplotlib 
17093, Bokeh 
17093, Seaborn 
17095, Matplotlib 
17096, Bokeh 
17096, Seaborn 
17096, Matplotlib 
17096, Plotly / Plotly Express 
17098, Matplotlib 
17101, Matplotlib 
17102, Plotly / Plotly Express 
17102, Matplotlib 
17102, Ggplot / ggplot2 
17102, Seaborn 
17102, Geoplotlib 
17102, D3 js 
17103, Ggplot / ggplot2 
17103, Seaborn 
17103, Matplotlib 
17104, Matplotlib 
17104, Seaborn 
17104, Ggplot / ggplot2 
17104, Plotly / Plotly Express 
17105, Matplotlib 
17106, Seaborn 
17106, Matplotlib 
17106, Plotly / Plotly Express 
17107, Ggplot / ggplot2 
17107, Matplotlib 
17109, Matplotlib 
17109, Seaborn 
17109, Plotly / Plotly Express 
17110, Matplotlib 
17110, Seaborn 
17111, Plotly / Plotly Express 
17111, Matplotlib 
17111, Shiny 
17112, Seaborn 
17112, Matplotlib 
17113, Matplotlib 
17113, Seaborn 
17117, Bokeh 
17117, Ggplot / ggplot2 
17117, Matplotlib 
17117, Plotly / Plotly Express 
17117, D3 js 
17118, Matplotlib 
17118, Seaborn 
17118, Bokeh 
17118, Plotly / Plotly Express 
17119, Matplotlib 
17123, Altair 
17123, Plotly / Plotly Express 
17123, Matplotlib 
17123, Seaborn 
17124, Matplotlib 
17124, Shiny 
17124, Seaborn 
17124, Geoplotlib 
17124, Plotly / Plotly Express 
17125, Seaborn 
17125, Leaflet / Folium 
17125, Matplotlib 
17126, Seaborn 
17127,Other
17129, Matplotlib 
17129, Shiny 
17129, Leaflet / Folium 
17129, Plotly / Plotly Express 
17129, Ggplot / ggplot2 
17129, Seaborn 
17130, Matplotlib 
17130, Seaborn 
17131, Matplotlib 
17132, Matplotlib 
17132, Ggplot / ggplot2 
17133, Geoplotlib 
17133, Ggplot / ggplot2 
17133, D3 js 
17133, Seaborn 
17133, Matplotlib 
17135, Matplotlib 
17135, Highcharter 
17135, Plotly / Plotly Express 
17135, Seaborn 
17135, Ggplot / ggplot2 
17137, Seaborn 
17137, Matplotlib 
17140, Matplotlib 
17140, Seaborn 
17141, Plotly / Plotly Express 
17141, Seaborn 
17141, Matplotlib 
17142, Seaborn 
17142, Matplotlib 
17142, Plotly / Plotly Express 
17143, Seaborn 
17143, Matplotlib 
17144, Plotly / Plotly Express 
17144, Matplotlib 
17145, Matplotlib 
17146, Seaborn 
17146, Matplotlib 
17147, Matplotlib 
17147, Seaborn 
17148, Seaborn 
17148, Matplotlib 
17149, Matplotlib 
17150, Ggplot / ggplot2 
17150, Shiny 
17150, Seaborn 
17151, Matplotlib 
17152, Seaborn 
17152, Matplotlib 
17155, Matplotlib 
17155, Plotly / Plotly Express 
17155, Seaborn 
17156, Seaborn 
17156, Matplotlib 
17159, Ggplot / ggplot2 
17160, Seaborn 
17160, Matplotlib 
17163, Matplotlib 
17163,Other
17164, Matplotlib 
17164, Seaborn 
17165, Leaflet / Folium 
17165, Geoplotlib 
17165, Matplotlib 
17166, Bokeh 
17166, Matplotlib 
17166, Seaborn 
17166, Altair 
17166, Plotly / Plotly Express 
17167, Matplotlib 
17167, Plotly / Plotly Express 
17167, Seaborn 
17167, Ggplot / ggplot2 
17168, Seaborn 
17168, Matplotlib 
17169, Seaborn 
17169, Matplotlib 
17169, Ggplot / ggplot2 
17169, Pygal 
17169, Bokeh 
17169, Geoplotlib 
17171, Seaborn 
17171, Plotly / Plotly Express 
17171, Matplotlib 
17174, Ggplot / ggplot2 
17174, Shiny 
17175, Ggplot / ggplot2 
17177, Seaborn 
17177, Matplotlib 
17179, Seaborn 
17179, Matplotlib 
17180, Matplotlib 
17180, Seaborn 
17183, Matplotlib 
17183, Seaborn 
17184, Seaborn 
17184, Matplotlib 
17185, Matplotlib 
17186, Matplotlib 
17187, Ggplot / ggplot2 
17187, Shiny 
17187, Seaborn 
17187, D3 js 
17187, Matplotlib 
17188, Plotly / Plotly Express 
17188, Matplotlib 
17189, D3 js 
17190, Plotly / Plotly Express 
17190, Matplotlib 
17190, Seaborn 
17190, Bokeh 
17191, Ggplot / ggplot2 
17191, Seaborn 
17191, Plotly / Plotly Express 
17191, Matplotlib 
17194, Leaflet / Folium 
17194, Plotly / Plotly Express 
17194, Seaborn 
17194, Matplotlib 
17198, Matplotlib 
17198, Plotly / Plotly Express 
17198, Bokeh 
17198, Seaborn 
17199, Seaborn 
17199, Matplotlib 
17200, D3 js 
17200, Plotly / Plotly Express 
17200, Matplotlib 
17201, Ggplot / ggplot2 
17201, Geoplotlib 
17201, Matplotlib 
17202, Geoplotlib 
17202, Seaborn 
17202, Matplotlib 
17203, Matplotlib 
17203, Seaborn 
17205, Seaborn 
17205, Matplotlib 
17206, Ggplot / ggplot2 
17206, Matplotlib 
17206, Seaborn 
17206, Plotly / Plotly Express 
17208, Ggplot / ggplot2 
17209, Matplotlib 
17209, Seaborn 
17211, Ggplot / ggplot2 
17211, Matplotlib 
17211, Seaborn 
17212, Ggplot / ggplot2 
17212, Matplotlib 
17212, Seaborn 
17213, Seaborn 
17213, Matplotlib 
17213,Other
17214, Matplotlib 
17214, Seaborn 
17214, Ggplot / ggplot2 
17214, Shiny 
17216, Seaborn 
17216, Bokeh 
17216, Plotly / Plotly Express 
17216, Matplotlib 
17219, Matplotlib 
17219, Plotly / Plotly Express 
17219, Seaborn 
17220, Ggplot / ggplot2 
17220, Matplotlib 
17220, Seaborn 
17221, Ggplot / ggplot2 
17221, Plotly / Plotly Express 
17221, Seaborn 
17221, Matplotlib 
17223,Other
17223, Ggplot / ggplot2 
17223, Matplotlib 
17224, Seaborn 
17224, D3 js 
17224, Matplotlib 
17225, Ggplot / ggplot2 
17227, Plotly / Plotly Express 
17227, Seaborn 
17228, Seaborn 
17228, Matplotlib 
17229, Matplotlib 
17229, Plotly / Plotly Express 
17230, Matplotlib 
17230, Seaborn 
17232, Matplotlib 
17234, Ggplot / ggplot2 
17234, Seaborn 
17234, Matplotlib 
17234, Plotly / Plotly Express 
17235, D3 js 
17236, Matplotlib 
17236, Seaborn 
17236, Plotly / Plotly Express 
17238, Plotly / Plotly Express 
17239, Matplotlib 
17239, Seaborn 
17241, Matplotlib 
17242, Shiny 
17242, Ggplot / ggplot2 
17242, Matplotlib 
17244, Matplotlib 
17245, Plotly / Plotly Express 
17245, Matplotlib 
17247, Plotly / Plotly Express 
17248, Seaborn 
17249, Ggplot / ggplot2 
17249, Seaborn 
17250, Plotly / Plotly Express 
17250, Matplotlib 
17250, Seaborn 
17251, Plotly / Plotly Express 
17251, Matplotlib 
17251, Seaborn 
17252, Matplotlib 
17254, Seaborn 
17254, Plotly / Plotly Express 
17254, Matplotlib 
17255, Matplotlib 
17255, Plotly / Plotly Express 
17255, Seaborn 
17256, Matplotlib 
17256, Seaborn 
17256, Leaflet / Folium 
17257, Seaborn 
17257, Matplotlib 
17259, Ggplot / ggplot2 
17261, Seaborn 
17261, Matplotlib 
17263, Matplotlib 
17263, Seaborn 
17264, Matplotlib 
17264, Plotly / Plotly Express 
17264, Bokeh 
17264, Seaborn 
17264, Leaflet / Folium 
17266, Matplotlib 
17266, Seaborn 
17267, Seaborn 
17267, Matplotlib 
17270, Plotly / Plotly Express 
17270, Seaborn 
17270, Matplotlib 
17273, Matplotlib 
17273, Plotly / Plotly Express 
17275, Matplotlib 
17275, Plotly / Plotly Express 
17275, Seaborn 
17276, Ggplot / ggplot2 
17276, Geoplotlib 
17276, Seaborn 
17276, Matplotlib 
17277, Matplotlib 
17277, Plotly / Plotly Express 
17277, Seaborn 
17278, Matplotlib 
17278, Ggplot / ggplot2 
17279, Matplotlib 
17280, Matplotlib 
17280, Seaborn 
17281, Seaborn 
17281, Plotly / Plotly Express 
17281, Matplotlib 
17281, Ggplot / ggplot2 
17282, Seaborn 
17282, Matplotlib 
17283, Ggplot / ggplot2 
17283, Matplotlib 
17283, Seaborn 
17284, Bokeh 
17284, Seaborn 
17284, Matplotlib 
17285, Matplotlib 
17285, Seaborn 
17285, Geoplotlib 
17285, Ggplot / ggplot2 
17286, Matplotlib 
17286, Plotly / Plotly Express 
17286, Seaborn 
17289, Seaborn 
17289, Matplotlib 
17290, Seaborn 
17290, Matplotlib 
17291, Ggplot / ggplot2 
17291, Shiny 
17292, Ggplot / ggplot2 
17292, Seaborn 
17292, Plotly / Plotly Express 
17292, Matplotlib 
17293, Matplotlib 
17293, Seaborn 
17298, Matplotlib 
17298, Seaborn 
17298, Geoplotlib 
17299, Matplotlib 
17299, D3 js 
17301, Seaborn 
17301, Matplotlib 
17303, Ggplot / ggplot2 
17303, Plotly / Plotly Express 
17303, Shiny 
17303, Matplotlib 
17304, Seaborn 
17304, Matplotlib 
17306, Matplotlib 
17306, Seaborn 
17307, Matplotlib 
17308, Seaborn 
17308, Matplotlib 
17309, Seaborn 
17309, Matplotlib 
17310, Matplotlib 
17310, Plotly / Plotly Express 
17310, Seaborn 
17310, Ggplot / ggplot2 
17311, Matplotlib 
17311, Shiny 
17311, Plotly / Plotly Express 
17311, Ggplot / ggplot2 
17311, Seaborn 
17312, Seaborn 
17312, Matplotlib 
17313, Seaborn 
17314, Matplotlib 
17314, Seaborn 
17314, Ggplot / ggplot2 
17315, Geoplotlib 
17315, Plotly / Plotly Express 
17315, Seaborn 
17315, D3 js 
17316, Plotly / Plotly Express 
17316, Seaborn 
17316, Matplotlib 
17317, Ggplot / ggplot2 
17319,Other
17320, Seaborn 
17320, Matplotlib 
17322, Matplotlib 
17322, Plotly / Plotly Express 
17322, Ggplot / ggplot2 
17323, Matplotlib 
17324, Matplotlib 
17324, Plotly / Plotly Express 
17325, Matplotlib 
17326, Seaborn 
17326, Plotly / Plotly Express 
17326, Matplotlib 
17329, Ggplot / ggplot2 
17329, Seaborn 
17329, Matplotlib 
17330, Matplotlib 
17330, Seaborn 
17332, Ggplot / ggplot2 
17332, Geoplotlib 
17333, Seaborn 
17333, Matplotlib 
17334, Plotly / Plotly Express 
17334, Matplotlib 
17336,Other
17338, Plotly / Plotly Express 
17338, D3 js 
17338, Geoplotlib 
17338, Dygraphs 
17338, Matplotlib 
17339, Matplotlib 
17339, Plotly / Plotly Express 
17340, Matplotlib 
17341, Plotly / Plotly Express 
17341, Matplotlib 
17341, Seaborn 
17343, Matplotlib 
17344, Matplotlib 
17344, Seaborn 
17345, Seaborn 
17345, Matplotlib 
17346, Ggplot / ggplot2 
17346, Matplotlib 
17346, Seaborn 
17346, Plotly / Plotly Express 
17347, Matplotlib 
17347,Other
17347, Seaborn 
17349, Matplotlib 
17349, Seaborn 
17350, Matplotlib 
17351, Matplotlib 
17351, Seaborn 
17352, Matplotlib 
17353, Plotly / Plotly Express 
17353, Ggplot / ggplot2 
17353, Seaborn 
17353, Geoplotlib 
17353, Matplotlib 
17353, Bokeh 
17354, Pygal 
17354, Plotly / Plotly Express 
17354, Ggplot / ggplot2 
17354, Matplotlib 
17354, Seaborn 
17354, Leaflet / Folium 
17355, Seaborn 
17355, Matplotlib 
17355, Plotly / Plotly Express 
17357, Plotly / Plotly Express 
17357, Matplotlib 
17357, Shiny 
17357, Seaborn 
17357, Ggplot / ggplot2 
17363, Matplotlib 
17363, Seaborn 
17363, Plotly / Plotly Express 
17364, Seaborn 
17364, Matplotlib 
17367, Plotly / Plotly Express 
17367, Geoplotlib 
17368, Matplotlib 
17368, Seaborn 
17372, Seaborn 
17372, Matplotlib 
17373, Matplotlib 
17374, Matplotlib 
17374, Seaborn 
17375, Pygal 
17376, Seaborn 
17376, Plotly / Plotly Express 
17376, Matplotlib 
17377, Ggplot / ggplot2 
17377, Matplotlib 
17377, Plotly / Plotly Express 
17378, Seaborn 
17378, Altair 
17378, Bokeh 
17378, Matplotlib 
17378, Plotly / Plotly Express 
17379, Seaborn 
17380, Matplotlib 
17380, Dygraphs 
17380, Bokeh 
17380, Pygal 
17380, Plotly / Plotly Express 
17380, Seaborn 
17380, Shiny 
17380, D3 js 
17380, Geoplotlib 
17380, Altair 
17381, Bokeh 
17381, Matplotlib 
17381, Plotly / Plotly Express 
17381, Seaborn 
17382, Matplotlib 
17383, Matplotlib 
17386, Matplotlib 
17386, Seaborn 
17386, Plotly / Plotly Express 
17387, Seaborn 
17387, Matplotlib 
17388, Plotly / Plotly Express 
17388, Seaborn 
17388, Matplotlib 
17389, Seaborn 
17389, Matplotlib 
17391, Geoplotlib 
17391, Matplotlib 
17391, Seaborn 
17392, Matplotlib 
17392, Seaborn 
17392, Bokeh 
17392, Plotly / Plotly Express 
17393, Matplotlib 
17393, Seaborn 
17394, Matplotlib 
17395, Seaborn 
17396, Seaborn 
17396, Matplotlib 
17399, Plotly / Plotly Express 
17399, Matplotlib 
17400, Matplotlib 
17400, Seaborn 
17402, Seaborn 
17402, Matplotlib 
17403, Matplotlib 
17403, Ggplot / ggplot2 
17403, Seaborn 
17404, Seaborn 
17404, Matplotlib 
17404, Plotly / Plotly Express 
17405, Leaflet / Folium 
17406, Ggplot / ggplot2 
17406,Other
17408, Matplotlib 
17408, Shiny 
17408, Plotly / Plotly Express 
17409, Seaborn 
17409, Geoplotlib 
17410, Seaborn 
17411, Plotly / Plotly Express 
17411, Seaborn 
17411, Matplotlib 
17413, Matplotlib 
17413, Seaborn 
17414,Other
17415, Matplotlib 
17417, Seaborn 
17417, Matplotlib 
17418, Matplotlib 
17419, Bokeh 
17419, Matplotlib 
17419, Seaborn 
17420, Plotly / Plotly Express 
17420, Matplotlib 
17421, Seaborn 
17421, Geoplotlib 
17423, Matplotlib 
17423, Seaborn 
17425, D3 js 
17425, Ggplot / ggplot2 
17425, Seaborn 
17425, Geoplotlib 
17425, Plotly / Plotly Express 
17429, Seaborn 
17429, Matplotlib 
17430, Matplotlib 
17431, Matplotlib 
17431, Seaborn 
17431, Plotly / Plotly Express 
17432, Seaborn 
17432, Matplotlib 
17433, Matplotlib 
17433, Seaborn 
17434, Matplotlib 
17435, Matplotlib 
17435, Seaborn 
17435, Altair 
17435, Plotly / Plotly Express 
17435, Geoplotlib 
17435, Leaflet / Folium 
17436, Shiny 
17436, Geoplotlib 
17436, Dygraphs 
17436, Plotly / Plotly Express 
17437, Matplotlib 
17439, Seaborn 
17439, Matplotlib 
17439, Plotly / Plotly Express 
17439, Ggplot / ggplot2 
17441, Matplotlib 
17441, Ggplot / ggplot2 
17441, Seaborn 
17441, Plotly / Plotly Express 
17441, Geoplotlib 
17443,Other
17443, Matplotlib 
17444, Seaborn 
17444, Matplotlib 
17446, Leaflet / Folium 
17446, Seaborn 
17446, Dygraphs 
17446, Shiny 
17446, Highcharter 
17446, Ggplot / ggplot2 
17446, Matplotlib 
17446, Plotly / Plotly Express 
17448, Ggplot / ggplot2 
17449, Ggplot / ggplot2 
17449, Seaborn 
17449, Matplotlib 
17450,Other
17450, D3 js 
17451, Seaborn 
17454, Matplotlib 
17454, Seaborn 
17455, Altair 
17455, Ggplot / ggplot2 
17455, D3 js 
17455, Bokeh 
17455, Plotly / Plotly Express 
17455, Shiny 
17455, Matplotlib 
17456, Seaborn 
17456, Matplotlib 
17457, Seaborn 
17457, Ggplot / ggplot2 
17460, Matplotlib 
17461, Matplotlib 
17462, Seaborn 
17462, Matplotlib 
17462, Ggplot / ggplot2 
17463, Matplotlib 
17464, Plotly / Plotly Express 
17464, Seaborn 
17464, Ggplot / ggplot2 
17464, Matplotlib 
17465, Seaborn 
17465, Matplotlib 
17465, Plotly / Plotly Express 
17466, Leaflet / Folium 
17466, Seaborn 
17466, Ggplot / ggplot2 
17466, Plotly / Plotly Express 
17467, Seaborn 
17467, Matplotlib 
17468, Ggplot / ggplot2 
17469, Matplotlib 
17469, Seaborn 
17470, Ggplot / ggplot2 
17472, Plotly / Plotly Express 
17472, Seaborn 
17472, Matplotlib 
17473, Matplotlib 
17473, Seaborn 
17474, Seaborn 
17474, Matplotlib 
17475, Seaborn 
17475, Matplotlib 
17476, Matplotlib 
17476, Ggplot / ggplot2 
17477, Seaborn 
17477, Matplotlib 
17479, Seaborn 
17479, Matplotlib 
17480, Matplotlib 
17480, Seaborn 
17480,Other
17481, Matplotlib 
17481, Seaborn 
17482, Seaborn 
17482, Matplotlib 
17483, Seaborn 
17483, Matplotlib 
17485, Ggplot / ggplot2 
17486, Plotly / Plotly Express 
17486, Matplotlib 
17486, Seaborn 
17487, Plotly / Plotly Express 
17487, Seaborn 
17487, Matplotlib 
17489, Plotly / Plotly Express 
17489,Other
17489, Matplotlib 
17489, Seaborn 
17490, Matplotlib 
17491, Matplotlib 
17493, Matplotlib 
17493, Plotly / Plotly Express 
17493, Ggplot / ggplot2 
17493, Seaborn 
17494, Plotly / Plotly Express 
17494, Matplotlib 
17494, Seaborn 
17495, Matplotlib 
17496, Ggplot / ggplot2 
17496, Seaborn 
17496, Matplotlib 
17498, Seaborn 
17498, Matplotlib 
17500, Matplotlib 
17500, Seaborn 
17501, Matplotlib 
17501, Seaborn 
17507, Seaborn 
17507, Geoplotlib 
17507, Matplotlib 
17507, Plotly / Plotly Express 
17507, Bokeh 
17508, Ggplot / ggplot2 
17510, Plotly / Plotly Express 
17511, D3 js 
17511, Bokeh 
17511, Shiny 
17511, Seaborn 
17511, Geoplotlib 
17511, Ggplot / ggplot2 
17511, Matplotlib 
17511, Plotly / Plotly Express 
17513, Matplotlib 
17516, Matplotlib 
17518, Matplotlib 
17518, Seaborn 
17519, Seaborn 
17519, Matplotlib 
17520, Seaborn 
17520, Matplotlib 
17520, Plotly / Plotly Express 
17520, Ggplot / ggplot2 
17521, Plotly / Plotly Express 
17523, Shiny 
17523, Matplotlib 
17523, Altair 
17523, Seaborn 
17523, Ggplot / ggplot2 
17523, Bokeh 
17523, Highcharter 
17523, Dygraphs 
17523, D3 js 
17523, Leaflet / Folium 
17523, Pygal 
17523, Geoplotlib 
17523, Plotly / Plotly Express 
17524, Matplotlib 
17524, Ggplot / ggplot2 
17524, Seaborn 
17524, Geoplotlib 
17524, Shiny 
17524, Plotly / Plotly Express 
17526, Matplotlib 
17527, Matplotlib 
17527, Ggplot / ggplot2 
17527, Seaborn 
17527, Geoplotlib 
17528, Seaborn 
17528, Matplotlib 
17529, Ggplot / ggplot2 
17529, Seaborn 
17529, Matplotlib 
17530, Seaborn 
17530, Geoplotlib 
17530, Matplotlib 
17533, Matplotlib 
17533, Seaborn 
17534, Plotly / Plotly Express 
17534, Matplotlib 
17534, Seaborn 
17535, Seaborn 
17535, Matplotlib 
17535, Plotly / Plotly Express 
17535, Ggplot / ggplot2 
17537, Matplotlib 
17538, Seaborn 
17538, Matplotlib 
17539,Other
17541, Matplotlib 
17542, Leaflet / Folium 
17542, Ggplot / ggplot2 
17542, Plotly / Plotly Express 
17542, Matplotlib 
17542, Shiny 
17542, Seaborn 
17545, Matplotlib 
17549, Matplotlib 
17549, Bokeh 
17549, Plotly / Plotly Express 
17550, Matplotlib 
17550, Plotly / Plotly Express 
17550, Seaborn 
17552, Plotly / Plotly Express 
17552, Matplotlib 
17552, Ggplot / ggplot2 
17553, Seaborn 
17554, Matplotlib 
17554, Seaborn 
17555, Seaborn 
17555, Matplotlib 
17558, Seaborn 
17558, Matplotlib 
17559, Matplotlib 
17559, Seaborn 
17559, Plotly / Plotly Express 
17559, Ggplot / ggplot2 
17560, Matplotlib 
17562, Seaborn 
17562, Matplotlib 
17563, Seaborn 
17563, Matplotlib 
17564, Ggplot / ggplot2 
17564, Shiny 
17564, Seaborn 
17565, Matplotlib 
17565, D3 js 
17565, Seaborn 
17565, Ggplot / ggplot2 
17566, Matplotlib 
17566, Seaborn 
17566, Leaflet / Folium 
17566, Plotly / Plotly Express 
17568, Matplotlib 
17568, Seaborn 
17569, Matplotlib 
17569, Ggplot / ggplot2 
17569, Plotly / Plotly Express 
17570, Matplotlib 
17572, Matplotlib 
17572, Seaborn 
17572, Geoplotlib 
17573, Seaborn 
17573, Bokeh 
17573, Shiny 
17573, Geoplotlib 
17573, Matplotlib 
17573, Ggplot / ggplot2 
17573, D3 js 
17573, Plotly / Plotly Express 
17574, Plotly / Plotly Express 
17574,Other
17574, Matplotlib 
17575, Seaborn 
17575, Matplotlib 
17576, Matplotlib 
17577, Matplotlib 
17578, Matplotlib 
17578, Plotly / Plotly Express 
17578, Seaborn 
17579, Matplotlib 
17579, Seaborn 
17579, Ggplot / ggplot2 
17580, Seaborn 
17580, Leaflet / Folium 
17580, Ggplot / ggplot2 
17580, D3 js 
17580, Matplotlib 
17580, Geoplotlib 
17581, Ggplot / ggplot2 
17582, Geoplotlib 
17582, Matplotlib 
17582, Plotly / Plotly Express 
17583, Matplotlib 
17583, Seaborn 
17584, Seaborn 
17584, Matplotlib 
17584, Plotly / Plotly Express 
17587, Seaborn 
17587, Ggplot / ggplot2 
17587, Matplotlib 
17588, Seaborn 
17588, Matplotlib 
17589, Matplotlib 
17589, Seaborn 
17590, Highcharter 
17590, Matplotlib 
17590, Seaborn 
17592, Matplotlib 
17592, Seaborn 
17592, Ggplot / ggplot2 
17594, Matplotlib 
17594, Seaborn 
17595, Matplotlib 
17595, Seaborn 
17598, Matplotlib 
17598, Ggplot / ggplot2 
17599, Matplotlib 
17600, Seaborn 
17600, Matplotlib 
17601, Plotly / Plotly Express 
17601, Matplotlib 
17601, Seaborn 
17602, Seaborn 
17602, Matplotlib 
17603, Plotly / Plotly Express 
17603, Pygal 
17603, Matplotlib 
17603, Ggplot / ggplot2 
17603, Dygraphs 
17604, Plotly / Plotly Express 
17604, Matplotlib 
17604, Seaborn 
17605, Ggplot / ggplot2 
17605, Shiny 
17605, Leaflet / Folium 
17605, D3 js 
17606, Ggplot / ggplot2 
17606, Plotly / Plotly Express 
17607, Matplotlib 
17608, Matplotlib 
17609, Matplotlib 
17609, Plotly / Plotly Express 
17609, Bokeh 
17609, Seaborn 
17611, Matplotlib 
17611, Seaborn 
17612, Matplotlib 
17613, Matplotlib 
17616, Matplotlib 
17616, Plotly / Plotly Express 
17617, Matplotlib 
17619, Seaborn 
17619, Ggplot / ggplot2 
17620, Matplotlib 
17621, Matplotlib 
17623, Matplotlib 
17623, Seaborn 
17625, Seaborn 
17625, Matplotlib 
17625, Plotly / Plotly Express 
17626, Plotly / Plotly Express 
17626, Seaborn 
17626, Geoplotlib 
17627, Ggplot / ggplot2 
17628, Matplotlib 
17628, Seaborn 
17630, Matplotlib 
17631, Matplotlib 
17631, Ggplot / ggplot2 
17632, Pygal 
17633, Matplotlib 
17633, Ggplot / ggplot2 
17633, Plotly / Plotly Express 
17633, Seaborn 
17636, Shiny 
17636, Ggplot / ggplot2 
17636, Pygal 
17636, Leaflet / Folium 
17636, Matplotlib 
17636, Altair 
17636, Bokeh 
17636, Seaborn 
17636, Geoplotlib 
17636, Plotly / Plotly Express 
17637, Matplotlib 
17637, Seaborn 
17639, Ggplot / ggplot2 
17639, Matplotlib 
17639, Seaborn 
17639, Plotly / Plotly Express 
17640, Matplotlib 
17641, Plotly / Plotly Express 
17641, Seaborn 
17641, Matplotlib 
17642, Matplotlib 
17643, Matplotlib 
17643, Ggplot / ggplot2 
17643, Plotly / Plotly Express 
17643, D3 js 
17643, Seaborn 
17645, Seaborn 
17645, Matplotlib 
17646, Matplotlib 
17647, Seaborn 
17647, Matplotlib 
17649, Matplotlib 
17649, Plotly / Plotly Express 
17650, Matplotlib 
17655, D3 js 
17655, Ggplot / ggplot2 
17655, Seaborn 
17655, Matplotlib 
17656, Ggplot / ggplot2 
17656, Plotly / Plotly Express 
17656, Geoplotlib 
17656, Seaborn 
17656, Matplotlib 
17657, Plotly / Plotly Express 
17657, Seaborn 
17657, Matplotlib 
17657, Ggplot / ggplot2 
17658, Matplotlib 
17658, Seaborn 
17659, Seaborn 
17659, Matplotlib 
17660, Matplotlib 
17661, Seaborn 
17661, Matplotlib 
17662, Seaborn 
17662, Plotly / Plotly Express 
17662, Matplotlib 
17663, Plotly / Plotly Express 
17663, Seaborn 
17663, Ggplot / ggplot2 
17663, Matplotlib 
17665, Matplotlib 
17666, D3 js 
17666, Leaflet / Folium 
17666, Matplotlib 
17667, Plotly / Plotly Express 
17667, Matplotlib 
17667, Seaborn 
17668, Matplotlib 
17668, Ggplot / ggplot2 
17669, Matplotlib 
17669, Seaborn 
17670, Matplotlib 
17672, Matplotlib 
17672, Seaborn 
17673, Shiny 
17673, Plotly / Plotly Express 
17673, Ggplot / ggplot2 
17673, Matplotlib 
17674, Seaborn 
17674, Matplotlib 
17676, Matplotlib 
17677, Geoplotlib 
17677, Matplotlib 
17677, Seaborn 
17677, Plotly / Plotly Express 
17679, Matplotlib 
17679, Seaborn 
17679, Plotly / Plotly Express 
17679, Leaflet / Folium 
17681, Matplotlib 
17681, Seaborn 
17682, Matplotlib 
17682, Ggplot / ggplot2 
17682, Plotly / Plotly Express 
17683, Seaborn 
17683, Matplotlib 
17684, Shiny 
17684, Seaborn 
17684, Ggplot / ggplot2 
17684, Matplotlib 
17687, Matplotlib 
17689, Matplotlib 
17689, Seaborn 
17690, Seaborn 
17690, Matplotlib 
17691, Matplotlib 
17691, Seaborn 
17691, Plotly / Plotly Express 
17693, Seaborn 
17693, Matplotlib 
17695, Ggplot / ggplot2 
17698, Seaborn 
17698, Matplotlib 
17698, Ggplot / ggplot2 
17699, Seaborn 
17699, D3 js 
17699, Ggplot / ggplot2 
17699, Matplotlib 
17699, Shiny 
17699, Plotly / Plotly Express 
17699, Geoplotlib 
17700, Matplotlib 
17702, Matplotlib 
17702,Other
17703, Matplotlib 
17703, Seaborn 
17703, Plotly / Plotly Express 
17704, Plotly / Plotly Express 
17706, Plotly / Plotly Express 
17706, Ggplot / ggplot2 
17706, Seaborn 
17706, Matplotlib 
17706, Bokeh 
17708, Matplotlib 
17711, Seaborn 
17711, Matplotlib 
17712, Geoplotlib 
17712, Matplotlib 
17712, Ggplot / ggplot2 
17713, Matplotlib 
17713, D3 js 
17715, Ggplot / ggplot2 
17715, Seaborn 
17715, Plotly / Plotly Express 
17715, Matplotlib 
17716, Matplotlib 
17717, Shiny 
17717, Plotly / Plotly Express 
17717, Matplotlib 
17717, Seaborn 
17717, Ggplot / ggplot2 
17719, Seaborn 
17719, Matplotlib 
17722, Plotly / Plotly Express 
17722, Seaborn 
17722, Matplotlib 
17723, Seaborn 
17723, Matplotlib 
17724, Matplotlib 
17725, Matplotlib 
17725, Plotly / Plotly Express 
17725, Ggplot / ggplot2 
17725, Seaborn 
17726, Matplotlib 
17726, Geoplotlib 
17726, Dygraphs 
17727, D3 js 
17727, Plotly / Plotly Express 
17727, Matplotlib 
17728, Seaborn 
17728, Ggplot / ggplot2 
17728, Matplotlib 
17730, Matplotlib 
17731, Matplotlib 
17732, Seaborn 
17732, Matplotlib 
17732, Ggplot / ggplot2 
17732, Shiny 
17734, Seaborn 
17734, Matplotlib 
17735, Ggplot / ggplot2 
17735, Matplotlib 
17735, Bokeh 
17736, Ggplot / ggplot2 
17736, Seaborn 
17736, Matplotlib 
17738, Matplotlib 
17740, Matplotlib 
17740, Seaborn 
17741, Matplotlib 
17742, Seaborn 
17742, Matplotlib 
17743, Matplotlib 
17744, Matplotlib 
17744, Plotly / Plotly Express 
17745, Highcharter 
17745, Plotly / Plotly Express 
17745, Ggplot / ggplot2 
17745, Shiny 
17745, Seaborn 
17745, Geoplotlib 
17745, D3 js 
17745, Leaflet / Folium 
17746, Matplotlib 
17747, Seaborn 
17747, Matplotlib 
17749, Matplotlib 
17750, Matplotlib 
17750, Ggplot / ggplot2 
17751, Matplotlib 
17752, Matplotlib 
17752, Seaborn 
17753,Other
17753, Matplotlib 
17754, Ggplot / ggplot2 
17754, Matplotlib 
17754, Plotly / Plotly Express 
17754, Seaborn 
17755, Bokeh 
17755, Matplotlib 
17757, Matplotlib 
17757, Seaborn 
17758, Ggplot / ggplot2 
17760, Ggplot / ggplot2 
17760, Shiny 
17762, Plotly / Plotly Express 
17762, Matplotlib 
17762, Seaborn 
17763, Plotly / Plotly Express 
17763, Seaborn 
17763, Matplotlib 
17764, Matplotlib 
17764, Seaborn 
17766, Ggplot / ggplot2 
17766, Matplotlib 
17767, Matplotlib 
17767, Seaborn 
17767,Other
17770, Ggplot / ggplot2 
17770, Shiny 
17772, Plotly / Plotly Express 
17772, Matplotlib 
17773, Geoplotlib 
17773, Plotly / Plotly Express 
17773, Seaborn 
17773, Ggplot / ggplot2 
17773, Matplotlib 
17774, Ggplot / ggplot2 
17774, Matplotlib 
17774, Plotly / Plotly Express 
17774, Seaborn 
17775, Seaborn 
17779, Matplotlib 
17779, Seaborn 
17781, Matplotlib 
17781, Seaborn 
17781, Plotly / Plotly Express 
17781, D3 js 
17782, Ggplot / ggplot2 
17786, Matplotlib 
17786, Seaborn 
17787, Matplotlib 
17788, Seaborn 
17788, Matplotlib 
17790, Matplotlib 
17790, Seaborn 
17792, Matplotlib 
17792, Seaborn 
17792, Plotly / Plotly Express 
17793, Ggplot / ggplot2 
17793, Plotly / Plotly Express 
17793, Seaborn 
17793, Matplotlib 
17794, Seaborn 
17794, Matplotlib 
17795, Plotly / Plotly Express 
17795, Matplotlib 
17796, Seaborn 
17796, Matplotlib 
17796, Ggplot / ggplot2 
17796, Plotly / Plotly Express 
17797, Seaborn 
17797, Matplotlib 
17797, Ggplot / ggplot2 
17799, Matplotlib 
17800, Ggplot / ggplot2 
17802, Seaborn 
17805, Seaborn 
17805, Matplotlib 
17806, Matplotlib 
17807, Shiny 
17807, Ggplot / ggplot2 
17810, Seaborn 
17810, Ggplot / ggplot2 
17810, Matplotlib 
17810, Plotly / Plotly Express 
17812, Matplotlib 
17812, Ggplot / ggplot2 
17812, Seaborn 
17814,Other
17815, Matplotlib 
17815, Seaborn 
17815, Plotly / Plotly Express 
17815, Ggplot / ggplot2 
17816, Seaborn 
17816, Matplotlib 
17818, Matplotlib 
17818, Seaborn 
17822, Seaborn 
17822, Matplotlib 
17823, Matplotlib 
17823, Seaborn 
17825, Matplotlib 
17826, Matplotlib 
17827, Matplotlib 
17828, Seaborn 
17828, Plotly / Plotly Express 
17828,Other
17828, Matplotlib 
17829, Seaborn 
17829, Matplotlib 
17830, Seaborn 
17830, Matplotlib 
17831, Matplotlib 
17831, Plotly / Plotly Express 
17831, Geoplotlib 
17831, Seaborn 
17832, Ggplot / ggplot2 
17833, Seaborn 
17833, Matplotlib 
17834, Plotly / Plotly Express 
17834, Seaborn 
17834, D3 js 
17834, Matplotlib 
17834, Shiny 
17834, Ggplot / ggplot2 
17835, Matplotlib 
17835, Geoplotlib 
17836, Plotly / Plotly Express 
17836, Matplotlib 
17836, Seaborn 
17836, Ggplot / ggplot2 
17837, Matplotlib 
17838, Matplotlib 
17840, Seaborn 
17840, Matplotlib 
17841, Matplotlib 
17841, Seaborn 
17842, Seaborn 
17842, Plotly / Plotly Express 
17842, Matplotlib 
17844, Ggplot / ggplot2 
17844, Plotly / Plotly Express 
17844, D3 js 
17844, Leaflet / Folium 
17845, Seaborn 
17845, Matplotlib 
17845,Other
17846, Matplotlib 
17846, Seaborn 
17846, Ggplot / ggplot2 
17847, Matplotlib 
17847, Seaborn 
17848, Seaborn 
17850, Matplotlib 
17850, Plotly / Plotly Express 
17851, Matplotlib 
17851, Plotly / Plotly Express 
17851, Seaborn 
17852, Matplotlib 
17852, Seaborn 
17854, Matplotlib 
17854, Ggplot / ggplot2 
17855, Matplotlib 
17856, Seaborn 
17856, Matplotlib 
17857, Shiny 
17857, Ggplot / ggplot2 
17858, Matplotlib 
17859, Matplotlib 
17859, Plotly / Plotly Express 
17859, Seaborn 
17859, Bokeh 
17862, Plotly / Plotly Express 
17862, Seaborn 
17862, Matplotlib 
17864, Plotly / Plotly Express 
17864, Seaborn 
17864, Matplotlib 
17864, Bokeh 
17866, Matplotlib 
17868, Seaborn 
17868, Matplotlib 
17870, Seaborn 
17870, Matplotlib 
17870, Plotly / Plotly Express 
17873, Geoplotlib 
17873, Matplotlib 
17874, Seaborn 
17874, Ggplot / ggplot2 
17874, Matplotlib 
17875, Matplotlib 
17877, Matplotlib 
17877, Seaborn 
17878, Seaborn 
17878, Matplotlib 
17878, Plotly / Plotly Express 
17880, Matplotlib 
17881, Seaborn 
17881, Matplotlib 
17885, Seaborn 
17885, Ggplot / ggplot2 
17885, Matplotlib 
17885, Geoplotlib 
17885, Plotly / Plotly Express 
17886, Plotly / Plotly Express 
17886, Matplotlib 
17887,Other
17888, D3 js 
17889, Dygraphs 
17889, Seaborn 
17889,Other
17889, Matplotlib 
17891, Matplotlib 
17892, Ggplot / ggplot2 
17892, Matplotlib 
17892, Shiny 
17892, Plotly / Plotly Express 
17892, Seaborn 
17893, Geoplotlib 
17893, Matplotlib 
17893, Seaborn 
17894, Matplotlib 
17894, Seaborn 
17895, Matplotlib 
17895, Ggplot / ggplot2 
17895, Shiny 
17897, Matplotlib 
17898, Plotly / Plotly Express 
17898, Matplotlib 
17898, Seaborn 
17900, Plotly / Plotly Express 
17900, Matplotlib 
17900, Seaborn 
17904, Matplotlib 
17908, Matplotlib 
17909, Matplotlib 
17909, Plotly / Plotly Express 
17909, Seaborn 
17910, Matplotlib 
17911, Seaborn 
17911, Matplotlib 
17911, Plotly / Plotly Express 
17912, Matplotlib 
17912, Seaborn 
17914, Altair 
17917, Pygal 
17917, Ggplot / ggplot2 
17917, Highcharter 
17918, Seaborn 
17918, Matplotlib 
17921, Ggplot / ggplot2 
17921, Seaborn 
17921, Matplotlib 
17921, Pygal 
17921, Geoplotlib 
17922, Matplotlib 
17923, Ggplot / ggplot2 
17924, Seaborn 
17924, Matplotlib 
17927,Other
17929, Matplotlib 
17930, Highcharter 
17930, Geoplotlib 
17930, Matplotlib 
17930, Seaborn 
17931, Dygraphs 
17931, D3 js 
17932, Matplotlib 
17933, Ggplot / ggplot2 
17933, Leaflet / Folium 
17933, Altair 
17933, Matplotlib 
17933, D3 js 
17933, Bokeh 
17933, Geoplotlib 
17933, Shiny 
17935, Matplotlib 
17938, Matplotlib 
17938, Plotly / Plotly Express 
17938, Geoplotlib 
17939, Matplotlib 
17939, Seaborn 
17940, Seaborn 
17940, Matplotlib 
17941, Ggplot / ggplot2 
17942, Matplotlib 
17942, Seaborn 
17944, Seaborn 
17944, Matplotlib 
17944,Other
17944, Leaflet / Folium 
17944, D3 js 
17945, D3 js 
17945, Seaborn 
17945, Matplotlib 
17947, Ggplot / ggplot2 
17948, Matplotlib 
17949, Seaborn 
17949, Plotly / Plotly Express 
17951, Seaborn 
17951, Matplotlib 
17951, Plotly / Plotly Express 
17952, Matplotlib 
17952, Seaborn 
17953, Matplotlib 
17953, Seaborn 
17955, Seaborn 
17955, Matplotlib 
17957, Matplotlib 
17957, Plotly / Plotly Express 
17958, Matplotlib 
17958, Seaborn 
17960, Leaflet / Folium 
17960, Ggplot / ggplot2 
17960, Altair 
17961, Seaborn 
17962, Ggplot / ggplot2 
17962, Seaborn 
17962, Matplotlib 
17962, Leaflet / Folium 
17965, Seaborn 
17965, Matplotlib 
17966,Other
17967, Seaborn 
17967, Matplotlib 
17968, Matplotlib 
17968, Seaborn 
17969, Matplotlib 
17969, Seaborn 
17970, Matplotlib 
17970, Plotly / Plotly Express 
17970, Seaborn 
17971, Matplotlib 
17971, Seaborn 
17972, Matplotlib 
17972, Seaborn 
17973, Ggplot / ggplot2 
17973, Seaborn 
17973, Matplotlib 
17975, Seaborn 
17975, Matplotlib 
17976, Seaborn 
17976, Matplotlib 
17976, Geoplotlib 
17977, Seaborn 
17977, Matplotlib 
17978, Matplotlib 
17978, Seaborn 
17980, Matplotlib 
17981, Plotly / Plotly Express 
17981, Matplotlib 
17981, Geoplotlib 
17982, Ggplot / ggplot2 
17982, D3 js 
17982, Matplotlib 
17982, Seaborn 
17982, Plotly / Plotly Express 
17984, Matplotlib 
17985, Seaborn 
17985, D3 js 
17985, Plotly / Plotly Express 
17985, Matplotlib 
17986, Ggplot / ggplot2 
17986, Matplotlib 
17986, Geoplotlib 
17987, Matplotlib 
17989, Matplotlib 
17989, Seaborn 
17990, Seaborn 
17990, Matplotlib 
17991, Seaborn 
17991, Altair 
17991, Matplotlib 
17991, Bokeh 
17991, Plotly / Plotly Express 
17991, Ggplot / ggplot2 
17992, Seaborn 
17992, Matplotlib 
17993, Matplotlib 
17993, Seaborn 
17994, Matplotlib 
17994, Seaborn 
17996, Seaborn 
17996, Matplotlib 
17997, Matplotlib 
17997, Plotly / Plotly Express 
17997, Dygraphs 
17997, Seaborn 
17997, Ggplot / ggplot2 
17998, Seaborn 
17998, Matplotlib 
17999, Matplotlib 
18000, Seaborn 
18000, Matplotlib 
18002, Matplotlib 
18002, Seaborn 
18003, Seaborn 
18006, Leaflet / Folium 
18006,Other
18006, Geoplotlib 
18006, Ggplot / ggplot2 
18007, Geoplotlib 
18007, Seaborn 
18007, Plotly / Plotly Express 
18007, Matplotlib 
18008, Matplotlib 
18010, Matplotlib 
18010, Plotly / Plotly Express 
18010, Seaborn 
18012, Plotly / Plotly Express 
18012, Matplotlib 
18014, Ggplot / ggplot2 
18014, Matplotlib 
18014, Plotly / Plotly Express 
18015, Highcharter 
18015, Ggplot / ggplot2 
18016, Matplotlib 
18019, Shiny 
18019, Seaborn 
18019, Leaflet / Folium 
18019, Ggplot / ggplot2 
18019, Matplotlib 
18019, Plotly / Plotly Express 
18020, Shiny 
18020, Leaflet / Folium 
18020, Seaborn 
18020, Plotly / Plotly Express 
18020, Matplotlib 
18021, Matplotlib 
18024, Matplotlib 
18026, Geoplotlib 
18026, Shiny 
18026, Ggplot / ggplot2 
18026, Highcharter 
18026, D3 js 
18026, Pygal 
18026, Dygraphs 
18026, Seaborn 
18026, Plotly / Plotly Express 
18026, Altair 
18026, Matplotlib 
18027, Plotly / Plotly Express 
18027, Leaflet / Folium 
18027, Ggplot / ggplot2 
18027, Shiny 
18027, D3 js 
18027, Seaborn 
18027, Matplotlib 
18028, Seaborn 
18028, Matplotlib 
18029, Matplotlib 
18029, Seaborn 
18030, Plotly / Plotly Express 
18030, Leaflet / Folium 
18030, Ggplot / ggplot2 
18030, Shiny 
18032, Matplotlib 
18032, Seaborn 
18033, Geoplotlib 
18033, Seaborn 
18033, Matplotlib 
18033, Plotly / Plotly Express 
18034, Seaborn 
18034, Matplotlib 
18034,Other
18035, Seaborn 
18035, Matplotlib 
18035, Plotly / Plotly Express 
18036, Shiny 
18036, Plotly / Plotly Express 
18036, Seaborn 
18036, Matplotlib 
18036, Ggplot / ggplot2 
18037, Matplotlib 
18037, Geoplotlib 
18037, Plotly / Plotly Express 
18037, Ggplot / ggplot2 
18037, Seaborn 
18038, Seaborn 
18038, Matplotlib 
18039, Matplotlib 
18039, Seaborn 
18040, Matplotlib 
18041, Matplotlib 
18042, Seaborn 
18042, Plotly / Plotly Express 
18042, Matplotlib 
18043, Ggplot / ggplot2 
18043, Matplotlib 
18043, Seaborn 
18044, Seaborn 
18044, Plotly / Plotly Express 
18044, Matplotlib 
18045, Seaborn 
18045, Matplotlib 
18046, Matplotlib 
18046, Seaborn 
18047, Matplotlib 
18049, Matplotlib 
18050, Shiny 
18050, Matplotlib 
18050, Seaborn 
18050, Ggplot / ggplot2 
18052, Matplotlib 
18052, Seaborn 
18053, Seaborn 
18053, Matplotlib 
18056, Matplotlib 
18056, Seaborn 
18057, Ggplot / ggplot2 
18057, Matplotlib 
18058, Ggplot / ggplot2 
18058, Matplotlib 
18058, Seaborn 
18059, Seaborn 
18059, Plotly / Plotly Express 
18059, Matplotlib 
18059, Leaflet / Folium 
18061, Matplotlib 
18061, Altair 
18064, Ggplot / ggplot2 
18065, Matplotlib 
18065, Plotly / Plotly Express 
18065, Seaborn 
18066, Matplotlib 
18066, Seaborn 
18066, Plotly / Plotly Express 
18068, Seaborn 
18068, Matplotlib 
18069, Matplotlib 
18069, Plotly / Plotly Express 
18069, Seaborn 
18072, Pygal 
18072, Matplotlib 
18072, Seaborn 
18072, Ggplot / ggplot2 
18072, D3 js 
18072, Geoplotlib 
18072, Bokeh 
18073, Plotly / Plotly Express 
18074, Seaborn 
18074, Matplotlib 
18075, Matplotlib 
18076, Matplotlib 
18076, Seaborn 
18078, Plotly / Plotly Express 
18078, Seaborn 
18078, Matplotlib 
18079, Seaborn 
18079, Matplotlib 
18080, Seaborn 
18080, Matplotlib 
18084, Seaborn 
18084, Matplotlib 
18085, Matplotlib 
18086, Matplotlib 
18088, Matplotlib 
18088, Ggplot / ggplot2 
18088, Seaborn 
18092, Seaborn 
18093, Seaborn 
18093, Matplotlib 
18094, Matplotlib 
18094, Seaborn 
18094, Plotly / Plotly Express 
18096, Plotly / Plotly Express 
18098, Matplotlib 
18098, Plotly / Plotly Express 
18100, Geoplotlib 
18100, Matplotlib 
18100, Seaborn 
18101, Seaborn 
18101, Ggplot / ggplot2 
18101, Matplotlib 
18101, Plotly / Plotly Express 
18101, D3 js 
18102, Ggplot / ggplot2 
18105, Plotly / Plotly Express 
18105, Seaborn 
18105, Matplotlib 
18106, Matplotlib 
18106, Seaborn 
18107, Plotly / Plotly Express 
18107, Ggplot / ggplot2 
18108, Ggplot / ggplot2 
18111, D3 js 
18111, Seaborn 
18112, Seaborn 
18112, Matplotlib 
18112, Plotly / Plotly Express 
18113, Plotly / Plotly Express 
18113, Seaborn 
18113, Matplotlib 
18113, Ggplot / ggplot2 
18114, Dygraphs 
18115, Ggplot / ggplot2 
18117, Plotly / Plotly Express 
18117, Matplotlib 
18117, Ggplot / ggplot2 
18117, Seaborn 
18119, Seaborn 
18119, Matplotlib 
18121, Ggplot / ggplot2 
18123, Ggplot / ggplot2 
18123, Shiny 
18123, D3 js 
18124, Matplotlib 
18124, Seaborn 
18125, Seaborn 
18125, Geoplotlib 
18128, Seaborn 
18128, Matplotlib 
18131, Seaborn 
18131, Matplotlib 
18132, Geoplotlib 
18132, Plotly / Plotly Express 
18132, Matplotlib 
18132, Ggplot / ggplot2 
18133, Plotly / Plotly Express 
18134, Bokeh 
18134, Geoplotlib 
18134, Plotly / Plotly Express 
18134, Matplotlib 
18134, Seaborn 
18135, Plotly / Plotly Express 
18135, Seaborn 
18135, Matplotlib 
18136, Matplotlib 
18137, Seaborn 
18137, Matplotlib 
18139, Matplotlib 
18140, Seaborn 
18140, Plotly / Plotly Express 
18140, Matplotlib 
18140, Ggplot / ggplot2 
18143, Matplotlib 
18143, Seaborn 
18144, Matplotlib 
18144, Seaborn 
18144, Plotly / Plotly Express 
18145, Matplotlib 
18146, Matplotlib 
18146, Seaborn 
18148, Ggplot / ggplot2 
18148, Matplotlib 
18150, Shiny 
18150, Plotly / Plotly Express 
18151,Other
18153, Seaborn 
18153, Plotly / Plotly Express 
18153, Matplotlib 
18154, Ggplot / ggplot2 
18155,Other
18155, Seaborn 
18155, Plotly / Plotly Express 
18155, Matplotlib 
18156, Bokeh 
18156, Seaborn 
18156, Matplotlib 
18157, Matplotlib 
18158,Other
18159, Seaborn 
18159, Matplotlib 
18160,Other
18161, Matplotlib 
18161, Seaborn 
18161, Plotly / Plotly Express 
18161, Ggplot / ggplot2 
18164, Seaborn 
18164, Matplotlib 
18168, Ggplot / ggplot2 
18168, Matplotlib 
18168, Bokeh 
18168, Seaborn 
18170, Matplotlib 
18170, Seaborn 
18170, Plotly / Plotly Express 
18171, Matplotlib 
18173, Seaborn 
18173, Matplotlib 
18175, Plotly / Plotly Express 
18175, Matplotlib 
18176, Seaborn 
18176, Matplotlib 
18179,Other
18180, Matplotlib 
18180, Geoplotlib 
18181, Seaborn 
18182, Seaborn 
18182, Matplotlib 
18184, Matplotlib 
18184, Ggplot / ggplot2 
18185, Seaborn 
18185, Matplotlib 
18185, Plotly / Plotly Express 
18185, D3 js 
18187, Seaborn 
18187, Bokeh 
18187, Matplotlib 
18188, Ggplot / ggplot2 
18190, Seaborn 
18190, Matplotlib 
18193, Matplotlib 
18193, Ggplot / ggplot2 
18193, Seaborn 
18194, Seaborn 
18194, Matplotlib 
18195, Ggplot / ggplot2 
18195, Seaborn 
18195, Plotly / Plotly Express 
18195, Matplotlib 
18195, Shiny 
18195, D3 js 
18196, Ggplot / ggplot2 
18197, Seaborn 
18197, Matplotlib 
18198, Matplotlib 
18198, Seaborn 
18199, Matplotlib 
18201,Other
18201, Bokeh 
18201, D3 js 
18201, Shiny 
18201, Matplotlib 
18201, Ggplot / ggplot2 
18201, Plotly / Plotly Express 
18201, Seaborn 
18202, Ggplot / ggplot2 
18202, Leaflet / Folium 
18202, Shiny 
18202, D3 js 
18205, Matplotlib 
18205, Ggplot / ggplot2 
18206, Ggplot / ggplot2 
18206, D3 js 
18206, Matplotlib 
18208, Seaborn 
18208, Matplotlib 
18209, Plotly / Plotly Express 
18209, Seaborn 
18209, Matplotlib 
18210, Plotly / Plotly Express 
18210, Seaborn 
18210, Matplotlib 
18211, Plotly / Plotly Express 
18211, Seaborn 
18211, Matplotlib 
18213, Seaborn 
18213, Altair 
18213, Plotly / Plotly Express 
18215, Ggplot / ggplot2 
18216, Seaborn 
18216, Matplotlib 
18217, Ggplot / ggplot2 
18217, Seaborn 
18217, Matplotlib 
18217, Plotly / Plotly Express 
18218, Ggplot / ggplot2 
18218, Matplotlib 
18219, Ggplot / ggplot2 
18219, Seaborn 
18219, Matplotlib 
18220, Plotly / Plotly Express 
18220, Matplotlib 
18220, Ggplot / ggplot2 
18220, Seaborn 
18221, Bokeh 
18221, Ggplot / ggplot2 
18221, Seaborn 
18221, Matplotlib 
18222, Geoplotlib 
18222, Ggplot / ggplot2 
18222, Seaborn 
18222, Matplotlib 
18222, Plotly / Plotly Express 
18223, Matplotlib 
18227, Dygraphs 
18229, Seaborn 
18229, Matplotlib 
18230, Ggplot / ggplot2 
18230, Matplotlib 
18233, Matplotlib 
18233, Ggplot / ggplot2 
18233, Shiny 
18233, Bokeh 
18233, Pygal 
18233, Seaborn 
18233, Altair 
18233, Plotly / Plotly Express 
18234,Other
18234, Seaborn 
18234, Matplotlib 
18236, Matplotlib 
18236, Ggplot / ggplot2 
18236, Seaborn 
18236, Geoplotlib 
18237, Matplotlib 
18237, Plotly / Plotly Express 
18237, Ggplot / ggplot2 
18238, Seaborn 
18238, D3 js 
18238, Altair 
18238, Matplotlib 
18243, Ggplot / ggplot2 
18243, Matplotlib 
18243, Shiny 
18243, Seaborn 
18244, Ggplot / ggplot2 
18245, Matplotlib 
18245, Geoplotlib 
18245, Seaborn 
18246, Matplotlib 
18247, Plotly / Plotly Express 
18247, Seaborn 
18247, Matplotlib 
18249, Matplotlib 
18249, Ggplot / ggplot2 
18250, Matplotlib 
18251, Seaborn 
18251, Matplotlib 
18251, Shiny 
18251, Plotly / Plotly Express 
18254, Seaborn 
18254, Plotly / Plotly Express 
18254, Matplotlib 
18254, Leaflet / Folium 
18254, Bokeh 
18256, Seaborn 
18256, Matplotlib 
18257, Matplotlib 
18257, Bokeh 
18257, Seaborn 
18259, Matplotlib 
18259, Seaborn 
18259, Plotly / Plotly Express 
18260, Matplotlib 
18260, Seaborn 
18261, Matplotlib 
18261, Seaborn 
18263, Matplotlib 
18263, Seaborn 
18265, Seaborn 
18265, Plotly / Plotly Express 
18265, Matplotlib 
18266, Matplotlib 
18266, Plotly / Plotly Express 
18266, Seaborn 
18267, Pygal 
18267, Seaborn 
18267, Matplotlib 
18269, Dygraphs 
18269, Ggplot / ggplot2 
18269, Matplotlib 
18269, Seaborn 
18269, Geoplotlib 
18269, Plotly / Plotly Express 
18270, Matplotlib 
18270, Seaborn 
18270, Pygal 
18270, Leaflet / Folium 
18270, Geoplotlib 
18270, Shiny 
18271, Matplotlib 
18273, Seaborn 
18273, Matplotlib 
18274, Matplotlib 
18276, Matplotlib 
18276, Plotly / Plotly Express 
18276, Seaborn 
18277, Matplotlib 
18278, Seaborn 
18278, Matplotlib 
18281, Ggplot / ggplot2 
18281, Matplotlib 
18282, Seaborn 
18282, Matplotlib 
18285, Matplotlib 
18285, Seaborn 
18286, Matplotlib 
18286, Seaborn 
18288, Seaborn 
18288, Matplotlib 
18290, Seaborn 
18290, Ggplot / ggplot2 
18290, Plotly / Plotly Express 
18290, Matplotlib 
18292, Matplotlib 
18292, Seaborn 
18293, Seaborn 
18293, Matplotlib 
18294, Seaborn 
18294, Matplotlib 
18294, Plotly / Plotly Express 
18295, Seaborn 
18295, Matplotlib 
18296, Seaborn 
18296, Ggplot / ggplot2 
18296, Geoplotlib 
18296, Matplotlib 
18297, Matplotlib 
18298, Plotly / Plotly Express 
18298, Shiny 
18298, Matplotlib 
18298, Ggplot / ggplot2 
18298, Seaborn 
18299, Matplotlib 
18300, Matplotlib 
18300, Seaborn 
18302, Matplotlib 
18302, Seaborn 
18302, Plotly / Plotly Express 
18303, Pygal 
18303, Matplotlib 
18304, Matplotlib 
18304, Plotly / Plotly Express 
18304, Seaborn 
18305, Shiny 
18305, Seaborn 
18305, Ggplot / ggplot2 
18305, Plotly / Plotly Express 
18305, Matplotlib 
18308, Ggplot / ggplot2 
18308, Shiny 
18310, Matplotlib 
18312, Matplotlib 
18313, Seaborn 
18313, Matplotlib 
18316, Ggplot / ggplot2 
18317, Matplotlib 
18318, Seaborn 
18318, Matplotlib 
18319, Seaborn 
18319, Matplotlib 
18322, Matplotlib 
18323, Plotly / Plotly Express 
18323, Matplotlib 
18323, Seaborn 
18324, Plotly / Plotly Express 
18324, Matplotlib 
18324, Seaborn 
18325, Matplotlib 
18325, Seaborn 
18326, Matplotlib 
18326, Seaborn 
18327, Seaborn 
18327, Matplotlib 
18328, Matplotlib 
18328, D3 js 
18328, Seaborn 
18330, Matplotlib 
18330, Seaborn 
18332, Seaborn 
18332, Matplotlib 
18332, Ggplot / ggplot2 
18334, Shiny 
18334, Seaborn 
18334, Matplotlib 
18336, Matplotlib 
18336, Seaborn 
18337, Seaborn 
18337, Matplotlib 
18338, Matplotlib 
18339, Pygal 
18340, Matplotlib 
18340, Ggplot / ggplot2 
18340, Seaborn 
18340, Plotly / Plotly Express 
18343, Seaborn 
18345, Seaborn 
18345, Matplotlib 
18345, Geoplotlib 
18345, Ggplot / ggplot2 
18346, Matplotlib 
18346, Seaborn 
18350, Matplotlib 
18350, Seaborn 
18350, Plotly / Plotly Express 
18351, Ggplot / ggplot2 
18351, Matplotlib 
18353, Plotly / Plotly Express 
18353, Geoplotlib 
18353, Seaborn 
18353, Matplotlib 
18355, Ggplot / ggplot2 
18355, Matplotlib 
18355, Seaborn 
18355, Plotly / Plotly Express 
18357, Plotly / Plotly Express 
18357, Ggplot / ggplot2 
18357, Matplotlib 
18357, Seaborn 
18358,Other
18362, Matplotlib 
18362, Seaborn 
18363, Matplotlib 
18364, Ggplot / ggplot2 
18364, Seaborn 
18364, Geoplotlib 
18364, Pygal 
18364, Matplotlib 
18364,Other
18365, Seaborn 
18365, Ggplot / ggplot2 
18365, Matplotlib 
18366, Matplotlib 
18366, Seaborn 
18366, Leaflet / Folium 
18366, Ggplot / ggplot2 
18368, Bokeh 
18368, Ggplot / ggplot2 
18368, Seaborn 
18368, Matplotlib 
18368, Plotly / Plotly Express 
18369, Plotly / Plotly Express 
18369, Matplotlib 
18369, Seaborn 
18371, Matplotlib 
18371, Seaborn 
18374, Matplotlib 
18375, Matplotlib 
18375, Seaborn 
18376, Plotly / Plotly Express 
18376, Matplotlib 
18379, Plotly / Plotly Express 
18379, Seaborn 
18379, Matplotlib 
18381, Plotly / Plotly Express 
18381, Ggplot / ggplot2 
18381, Seaborn 
18383, Seaborn 
18383, Matplotlib 
18384, Matplotlib 
18385, Matplotlib 
18386, Matplotlib 
18388, Matplotlib 
18390, Bokeh 
18390, Seaborn 
18390, Matplotlib 
18391, Matplotlib 
18391, Seaborn 
18391, Ggplot / ggplot2 
18392, Plotly / Plotly Express 
18392, Seaborn 
18392, Matplotlib 
18393, Matplotlib 
18393, Seaborn 
18394, Matplotlib 
18395, Matplotlib 
18396, Seaborn 
18396, Matplotlib 
18396, Ggplot / ggplot2 
18397, Seaborn 
18397, Matplotlib 
18398, Plotly / Plotly Express 
18398, Seaborn 
18398, Matplotlib 
18400, Matplotlib 
18400, Seaborn 
18401, Matplotlib 
18405, Geoplotlib 
18405, Seaborn 
18405, Matplotlib 
18405, Ggplot / ggplot2 
18405, Pygal 
18408, Plotly / Plotly Express 
18408, Matplotlib 
18409, Ggplot / ggplot2 
18409, Matplotlib 
18409, D3 js 
18413, Ggplot / ggplot2 
18413, Seaborn 
18414, Leaflet / Folium 
18414, Matplotlib 
18414, Plotly / Plotly Express 
18414, Seaborn 
18415,Other
18419, Matplotlib 
18419, Highcharter 
18419, D3 js 
18419, Plotly / Plotly Express 
18420, Matplotlib 
18420, Seaborn 
18421, Seaborn 
18421, Geoplotlib 
18421, Matplotlib 
18422, Ggplot / ggplot2 
18422, Matplotlib 
18422, Plotly / Plotly Express 
18423, Seaborn 
18423, Matplotlib 
18424, Seaborn 
18424, Matplotlib 
18428, Seaborn 
18428, Matplotlib 
18429, Matplotlib 
18429, Seaborn 
18430, Matplotlib 
18434, Plotly / Plotly Express 
18434, Matplotlib 
18437, Matplotlib 
18437, Seaborn 
18437, Altair 
18437, Plotly / Plotly Express 
18438, Seaborn 
18438, Geoplotlib 
18438, Matplotlib 
18439, Matplotlib 
18439, Seaborn 
18440, Matplotlib 
18441, Matplotlib 
18442, Matplotlib 
18442, Seaborn 
18442, Plotly / Plotly Express 
18443, Matplotlib 
18445, Seaborn 
18445, Matplotlib 
18446, Matplotlib 
18449, Seaborn 
18449, Matplotlib 
18450, Matplotlib 
18450, Seaborn 
18451, Seaborn 
18451, Matplotlib 
18453, Plotly / Plotly Express 
18453, Ggplot / ggplot2 
18453, Matplotlib 
18454, Ggplot / ggplot2 
18454, Matplotlib 
18454, Seaborn 
18455, Seaborn 
18455, Matplotlib 
18456, Seaborn 
18456, Matplotlib 
18456, Plotly / Plotly Express 
18456, Ggplot / ggplot2 
18458, Matplotlib 
18458, Seaborn 
18459, Geoplotlib 
18459, Matplotlib 
18460, Matplotlib 
18461, Matplotlib 
18461, Seaborn 
18463, Matplotlib 
18466, Plotly / Plotly Express 
18466, Seaborn 
18466, Matplotlib 
18467, Plotly / Plotly Express 
18467, Seaborn 
18467, Ggplot / ggplot2 
18467, Matplotlib 
18469, Matplotlib 
18469, Seaborn 
18471, Seaborn 
18471, Matplotlib 
18472, Seaborn 
18472, Plotly / Plotly Express 
18472, Matplotlib 
18475, Ggplot / ggplot2 
18475, Matplotlib 
18478, Seaborn 
18478, Matplotlib 
18479, Plotly / Plotly Express 
18481, Matplotlib 
18483, Seaborn 
18483, Matplotlib 
18484, Matplotlib 
18484, Plotly / Plotly Express 
18484, Seaborn 
18486, Seaborn 
18486, Matplotlib 
18487, Matplotlib 
18487, Seaborn 
18488,Other
18491, Matplotlib 
18491, Seaborn 
18491, Geoplotlib 
18491, Ggplot / ggplot2 
18491, Plotly / Plotly Express 
18492, Ggplot / ggplot2 
18493, Matplotlib 
18493, Plotly / Plotly Express 
18493, Seaborn 
18494, Ggplot / ggplot2 
18496, Plotly / Plotly Express 
18496, Matplotlib 
18496, Seaborn 
18497, Seaborn 
18497, Matplotlib 
18499, Shiny 
18499, Leaflet / Folium 
18499, Plotly / Plotly Express 
18499, Ggplot / ggplot2 
18500, D3 js 
18500, Ggplot / ggplot2 
18500, Plotly / Plotly Express 
18500, Pygal 
18500, Geoplotlib 
18502, Matplotlib 
18502, Seaborn 
18503, Seaborn 
18503, Matplotlib 
18503, Plotly / Plotly Express 
18504, Matplotlib 
18506, D3 js 
18509, Ggplot / ggplot2 
18509, Seaborn 
18509, Matplotlib 
18511, Matplotlib 
18511, Seaborn 
18512, Matplotlib 
18512, Seaborn 
18512, Ggplot / ggplot2 
18512, Plotly / Plotly Express 
18513, Ggplot / ggplot2 
18516, Matplotlib 
18516, Seaborn 
18517,Other
18518, Matplotlib 
18519,Other
18520, Seaborn 
18520, Matplotlib 
18522, Plotly / Plotly Express 
18522, Matplotlib 
18522, Seaborn 
18523, Matplotlib 
18523, Seaborn 
18525, Seaborn 
18525, Matplotlib 
18525, Plotly / Plotly Express 
18525, Ggplot / ggplot2 
18526, Seaborn 
18526, Matplotlib 
18529, Geoplotlib 
18529, Ggplot / ggplot2 
18529, Plotly / Plotly Express 
18529, Matplotlib 
18529, Seaborn 
18530, Seaborn 
18530, Matplotlib 
18531, Seaborn 
18531, Matplotlib 
18532, Plotly / Plotly Express 
18532, Matplotlib 
18532, Seaborn 
18532, Ggplot / ggplot2 
18533, Matplotlib 
18533, Seaborn 
18534, Seaborn 
18534, Plotly / Plotly Express 
18534, Matplotlib 
18535, Plotly / Plotly Express 
18536, Seaborn 
18536, Matplotlib 
18537, Matplotlib 
18537, Seaborn 
18538, Matplotlib 
18538, Seaborn 
18539, Seaborn 
18539, Matplotlib 
18540, Matplotlib 
18540, Bokeh 
18540, Seaborn 
18541, Matplotlib 
18541, Seaborn 
18543, Seaborn 
18543, Matplotlib 
18543, Plotly / Plotly Express 
18544, Ggplot / ggplot2 
18544, Matplotlib 
18544, Seaborn 
18544, Plotly / Plotly Express 
18545, Seaborn 
18545, Matplotlib 
18545, Plotly / Plotly Express 
18546, Matplotlib 
18547, Plotly / Plotly Express 
18547, Seaborn 
18547, Matplotlib 
18548, Ggplot / ggplot2 
18548, Shiny 
18548, Matplotlib 
18548, Bokeh 
18550, Ggplot / ggplot2 
18550, Seaborn 
18550, Plotly / Plotly Express 
18551, Matplotlib 
18552, Seaborn 
18552, Matplotlib 
18552, Ggplot / ggplot2 
18552, D3 js 
18552, Plotly / Plotly Express 
18552, Shiny 
18553, Plotly / Plotly Express 
18553, Matplotlib 
18554, Matplotlib 
18556, Matplotlib 
18557, Matplotlib 
18557, Bokeh 
18558, Seaborn 
18558, Pygal 
18558, Matplotlib 
18559, Matplotlib 
18559, Plotly / Plotly Express 
18560, Plotly / Plotly Express 
18560, Matplotlib 
18562, Matplotlib 
18562, Ggplot / ggplot2 
18562, Plotly / Plotly Express 
18562, Seaborn 
18563, Matplotlib 
18563, Seaborn 
18564, Matplotlib 
18565, Matplotlib 
18567, Seaborn 
18567, Plotly / Plotly Express 
18570, Seaborn 
18570, Matplotlib 
18571, Matplotlib 
18571, Plotly / Plotly Express 
18571, Seaborn 
18573, Geoplotlib 
18573, Plotly / Plotly Express 
18573, Matplotlib 
18574, Matplotlib 
18574, Seaborn 
18574, Plotly / Plotly Express 
18575,Other
18577, Matplotlib 
18580, Seaborn 
18580, Matplotlib 
18581, Shiny 
18582, Plotly / Plotly Express 
18582, Seaborn 
18582, Matplotlib 
18583, Matplotlib 
18583, Seaborn 
18583, Plotly / Plotly Express 
18584, Matplotlib 
18585, Plotly / Plotly Express 
18585, Altair 
18585, Matplotlib 
18587, Matplotlib 
18587, Seaborn 
18587, Ggplot / ggplot2 
18590, Seaborn 
18590, Matplotlib 
18591, Matplotlib 
18591, Seaborn 
18592, Shiny 
18593, Matplotlib 
18594, Ggplot / ggplot2 
18594, Seaborn 
18594, Matplotlib 
18595, Matplotlib 
18596, Matplotlib 
18596, Seaborn 
18597, Seaborn 
18597, Matplotlib 
18597, Plotly / Plotly Express 
18598,Other
18599, Matplotlib 
18600, Matplotlib 
18600, Seaborn 
18601, Seaborn 
18601, Matplotlib 
18602, Matplotlib 
18603, Plotly / Plotly Express 
18603, Matplotlib 
18604, Shiny 
18604, Bokeh 
18604, Matplotlib 
18604, Altair 
18604, Plotly / Plotly Express 
18604, Seaborn 
18604, Ggplot / ggplot2 
18606, Matplotlib 
18606, Seaborn 
18607, Matplotlib 
18607, Seaborn 
18608, Matplotlib 
18609, Leaflet / Folium 
18609, Shiny 
18609, Dygraphs 
18609, Plotly / Plotly Express 
18609, D3 js 
18609, Ggplot / ggplot2 
18613, Ggplot / ggplot2 
18613, Matplotlib 
18613, Shiny 
18613, Seaborn 
18614, Matplotlib 
18615, Matplotlib 
18616, Seaborn 
18616, Matplotlib 
18616, Bokeh 
18617, Shiny 
18617, Ggplot / ggplot2 
18617, Matplotlib 
18617, Plotly / Plotly Express 
18617, Seaborn 
18623, Matplotlib 
18623, Seaborn 
18623, Ggplot / ggplot2 
18626, Matplotlib 
18626, Seaborn 
18628, Matplotlib 
18628, Seaborn 
18630, Matplotlib 
18630, Seaborn 
18631, Seaborn 
18631, Plotly / Plotly Express 
18631, Matplotlib 
18631, Ggplot / ggplot2 
18632, Seaborn 
18632, Matplotlib 
18632, Shiny 
18632, Plotly / Plotly Express 
18632, Ggplot / ggplot2 
18633, Seaborn 
18633, Matplotlib 
18635, Seaborn 
18635, Matplotlib 
18636, Shiny 
18636, Matplotlib 
18636, Ggplot / ggplot2 
18636, Plotly / Plotly Express 
18637, Matplotlib 
18637, Ggplot / ggplot2 
18637, Seaborn 
18638, Shiny 
18638, Plotly / Plotly Express 
18638, Matplotlib 
18638, Seaborn 
18639, Plotly / Plotly Express 
18639, Matplotlib 
18639, Seaborn 
18641, Highcharter 
18642, Matplotlib 
18642, Seaborn 
18643, Ggplot / ggplot2 
18644, Matplotlib 
18644, Leaflet / Folium 
18644, Seaborn 
18644, Plotly / Plotly Express 
18647, Leaflet / Folium 
18647, Seaborn 
18647, Pygal 
18647, Matplotlib 
18649, Seaborn 
18649, Matplotlib 
18650, Plotly / Plotly Express 
18650, Pygal 
18651, Matplotlib 
18651, Ggplot / ggplot2 
18651, Seaborn 
18657, Matplotlib 
18657, Seaborn 
18658, Matplotlib 
18658, Seaborn 
18659, Matplotlib 
18659, Seaborn 
18659, Plotly / Plotly Express 
18659, Geoplotlib 
18660, Ggplot / ggplot2 
18660, Shiny 
18660, Seaborn 
18660, Matplotlib 
18660, Plotly / Plotly Express 
18661, Ggplot / ggplot2 
18661, Plotly / Plotly Express 
18661, Matplotlib 
18663, Seaborn 
18663, Matplotlib 
18663, Ggplot / ggplot2 
18663, Plotly / Plotly Express 
18664, Matplotlib 
18664, Ggplot / ggplot2 
18665, Plotly / Plotly Express 
18665, Matplotlib 
18665, Seaborn 
18666, Seaborn 
18666, Plotly / Plotly Express 
18666, Matplotlib 
18667, Matplotlib 
18667, Seaborn 
18668, Seaborn 
18668, Matplotlib 
18668, Ggplot / ggplot2 
18669, Matplotlib 
18670, Matplotlib 
18670, Plotly / Plotly Express 
18670, D3 js 
18670, Seaborn 
18671,Other
18673, D3 js 
18673, Seaborn 
18673, Matplotlib 
18675, Matplotlib 
18676, Ggplot / ggplot2 
18676, Geoplotlib 
18678, Seaborn 
18678, Matplotlib 
18681, Ggplot / ggplot2 
18681, Matplotlib 
18681, Plotly / Plotly Express 
18681, Seaborn 
18682, Matplotlib 
18684, Matplotlib 
18685, Ggplot / ggplot2 
18685, Plotly / Plotly Express 
18685, Geoplotlib 
18685, Matplotlib 
18685, Seaborn 
18685, Shiny 
18686, Plotly / Plotly Express 
18686, Seaborn 
18686, Matplotlib 
18687, Matplotlib 
18687, Seaborn 
18688, Matplotlib 
18691, Shiny 
18691, Ggplot / ggplot2 
18691, Matplotlib 
18692, Ggplot / ggplot2 
18692, Matplotlib 
18694, Seaborn 
18694, Plotly / Plotly Express 
18694, Matplotlib 
18695, Matplotlib 
18695, Plotly / Plotly Express 
18695, Seaborn 
18696, Matplotlib 
18697, Geoplotlib 
18697, Matplotlib 
18697, Plotly / Plotly Express 
18698, Matplotlib 
18698, Seaborn 
18700, Geoplotlib 
18700, Matplotlib 
18700, Plotly / Plotly Express 
18700, Ggplot / ggplot2 
18700, Dygraphs 
18701,Other
18703, Matplotlib 
18703, Seaborn 
18703, Plotly / Plotly Express 
18704, Seaborn 
18709, Matplotlib 
18711, Matplotlib 
18712, Seaborn 
18712, Matplotlib 
18714, Bokeh 
18714, Matplotlib 
18715, Ggplot / ggplot2 
18717, Ggplot / ggplot2 
18717, Plotly / Plotly Express 
18717, Seaborn 
18717, Matplotlib 
18717, Geoplotlib 
18718, Seaborn 
18718, Matplotlib 
18719, Matplotlib 
18719, Seaborn 
18721, Ggplot / ggplot2 
18721, Shiny 
18722, Seaborn 
18722, Matplotlib 
18722, Ggplot / ggplot2 
18724, Matplotlib 
18725, Seaborn 
18725, Matplotlib 
18725, Plotly / Plotly Express 
18726, Matplotlib 
18726, Seaborn 
18726, Ggplot / ggplot2 
18726, Plotly / Plotly Express 
18727, Seaborn 
18727, Matplotlib 
18727, Shiny 
18727, Plotly / Plotly Express 
18727, Ggplot / ggplot2 
18729, Matplotlib 
18730, Seaborn 
18730, Matplotlib 
18730, Plotly / Plotly Express 
18731, Matplotlib 
18732, Seaborn 
18732, Matplotlib 
18733, Shiny 
18733, Plotly / Plotly Express 
18733, Seaborn 
18734, Plotly / Plotly Express 
18734, Leaflet / Folium 
18734, Ggplot / ggplot2 
18736, Matplotlib 
18741, Matplotlib 
18741, Plotly / Plotly Express 
18741, Seaborn 
18741, Geoplotlib 
18743, Seaborn 
18743, Matplotlib 
18744, Matplotlib 
18744, Ggplot / ggplot2 
18745, Seaborn 
18745, Matplotlib 
18746, Matplotlib 
18746, Plotly / Plotly Express 
18746, Seaborn 
18749, Matplotlib 
18750, Matplotlib 
18750, Seaborn 
18752, Plotly / Plotly Express 
18752, Matplotlib 
18752, Altair 
18752, Seaborn 
18753, Ggplot / ggplot2 
18754, Matplotlib 
18754, Seaborn 
18756, Matplotlib 
18756, Shiny 
18756, Seaborn 
18756, Leaflet / Folium 
18756, Plotly / Plotly Express 
18756, Ggplot / ggplot2 
18757, Dygraphs 
18758, Matplotlib 
18758, Seaborn 
18758, Shiny 
18759, Ggplot / ggplot2 
18759, Matplotlib 
18759, Plotly / Plotly Express 
18760, Matplotlib 
18762, Ggplot / ggplot2 
18764, Matplotlib 
18765, Matplotlib 
18765, Seaborn 
18766, Matplotlib 
18766, Bokeh 
18766, Seaborn 
18767, Matplotlib 
18767, D3 js 
18770,Other
18772, Plotly / Plotly Express 
18772, Matplotlib 
18772, Seaborn 
18778, Seaborn 
18778, Matplotlib 
18779, Plotly / Plotly Express 
18779, Dygraphs 
18779, Matplotlib 
18779, Geoplotlib 
18779, Seaborn 
18781, Matplotlib 
18782, Ggplot / ggplot2 
18783, Ggplot / ggplot2 
18783, Seaborn 
18783, Matplotlib 
18784, Matplotlib 
18785, Matplotlib 
18785, Seaborn 
18788, Leaflet / Folium 
18788, Geoplotlib 
18788, Plotly / Plotly Express 
18788, Ggplot / ggplot2 
18788, Matplotlib 
18789, Seaborn 
18789, Matplotlib 
18789, Plotly / Plotly Express 
18790, Matplotlib 
18790, Seaborn 
18792, Matplotlib 
18792, Plotly / Plotly Express 
18792, Seaborn 
18793, Seaborn 
18793, Matplotlib 
18794, Matplotlib 
18795, Seaborn 
18795, Matplotlib 
18796, Matplotlib 
18796, Seaborn 
18797, Matplotlib 
18798, Seaborn 
18798, Matplotlib 
18799, Shiny 
18799, Seaborn 
18799, Matplotlib 
18799, Ggplot / ggplot2 
18799, Plotly / Plotly Express 
18800, Seaborn 
18800, Matplotlib 
18801, Matplotlib 
18801, Plotly / Plotly Express 
18801, Seaborn 
18801, Ggplot / ggplot2 
18802, Matplotlib 
18802, Seaborn 
18803, Matplotlib 
18803, Plotly / Plotly Express 
18805, D3 js 
18805, Matplotlib 
18805, Plotly / Plotly Express 
18805, Ggplot / ggplot2 
18805, Geoplotlib 
18806, Seaborn 
18806, Matplotlib 
18807, Matplotlib 
18807, Plotly / Plotly Express 
18807, Seaborn 
18807, Ggplot / ggplot2 
18808, Plotly / Plotly Express 
18809, Geoplotlib 
18809, Matplotlib 
18812, Matplotlib 
18812, Seaborn 
18812, Plotly / Plotly Express 
18817, Seaborn 
18817, Matplotlib 
18817, Plotly / Plotly Express 
18818, Seaborn 
18818, Matplotlib 
18821, Seaborn 
18821, Matplotlib 
18821, Plotly / Plotly Express 
18821, Dygraphs 
18822, Seaborn 
18822, Matplotlib 
18823, Matplotlib 
18825, Ggplot / ggplot2 
18825, Matplotlib 
18825, Seaborn 
18825, Plotly / Plotly Express 
18825, Altair 
18826, Matplotlib 
18826, Plotly / Plotly Express 
18826, Seaborn 
18827, Ggplot / ggplot2 
18827, Shiny 
18828, Plotly / Plotly Express 
18828, Seaborn 
18828, Matplotlib 
18829, Plotly / Plotly Express 
18829, Seaborn 
18829, Matplotlib 
18831, Matplotlib 
18831, Seaborn 
18832, Seaborn 
18832, Matplotlib 
18834, Matplotlib 
18834, Plotly / Plotly Express 
18835, Matplotlib 
18836, Matplotlib 
18837, Plotly / Plotly Express 
18837, Matplotlib 
18837, Seaborn 
18839, Ggplot / ggplot2 
18839, Seaborn 
18839, Bokeh 
18839, Matplotlib 
18842, Matplotlib 
18843, Plotly / Plotly Express 
18843, Ggplot / ggplot2 
18845, Matplotlib 
18845, Geoplotlib 
18845, Seaborn 
18845, Plotly / Plotly Express 
18847, Matplotlib 
18848, Matplotlib 
18849, Seaborn 
18849, Matplotlib 
18850, D3 js 
18854, Matplotlib 
18854, Plotly / Plotly Express 
18854, Seaborn 
18854, Bokeh 
18855, Plotly / Plotly Express 
18855, Seaborn 
18855, Matplotlib 
18858, Plotly / Plotly Express 
18858, Seaborn 
18858, Matplotlib 
18858, Ggplot / ggplot2 
18863, Seaborn 
18863, Matplotlib 
18864, Ggplot / ggplot2 
18865, Seaborn 
18865, Matplotlib 
18865, Ggplot / ggplot2 
18866, Seaborn 
18866, Matplotlib 
18867,Other
18867, Seaborn 
18867, Ggplot / ggplot2 
18867, Matplotlib 
18868, Seaborn 
18868, Matplotlib 
18868, Bokeh 
18868, Plotly / Plotly Express 
18869, Seaborn 
18869, Ggplot / ggplot2 
18869, Matplotlib 
18869, Plotly / Plotly Express 
18870, Matplotlib 
18871, Matplotlib 
18872, Ggplot / ggplot2 
18872, Matplotlib 
18872, Seaborn 
18873, Seaborn 
18873, Matplotlib 
18874, Matplotlib 
18874, Geoplotlib 
18874, Plotly / Plotly Express 
18874, Seaborn 
18875, Matplotlib 
18876, Matplotlib 
18878, Matplotlib 
18879, Ggplot / ggplot2 
18879, Seaborn 
18879, Matplotlib 
18880, Matplotlib 
18880, Seaborn 
18881, Seaborn 
18882, Matplotlib 
18882, Seaborn 
18882, Ggplot / ggplot2 
18883, Matplotlib 
18883, Plotly / Plotly Express 
18883, Seaborn 
18884, Matplotlib 
18884, Ggplot / ggplot2 
18884, Seaborn 
18885, Seaborn 
18885, Matplotlib 
18886, Plotly / Plotly Express 
18886, Matplotlib 
18887, Ggplot / ggplot2 
18889, Matplotlib 
18889, Seaborn 
18893, Matplotlib 
18893, Seaborn 
18894, Seaborn 
18894, Ggplot / ggplot2 
18896, Plotly / Plotly Express 
18896, Seaborn 
18896, Matplotlib 
18897, Matplotlib 
18897, Seaborn 
18897, Plotly / Plotly Express 
18899, Matplotlib 
18900, Bokeh 
18900, Geoplotlib 
18900, Seaborn 
18900, Plotly / Plotly Express 
18900, Matplotlib 
18902, Matplotlib 
18902, Ggplot / ggplot2 
18902, Seaborn 
18903, Seaborn 
18903, Matplotlib 
18904, Plotly / Plotly Express 
18904, Seaborn 
18904, Matplotlib 
18904, Geoplotlib 
18905, Seaborn 
18905, Matplotlib 
18906, Seaborn 
18906, Matplotlib 
18910, Matplotlib 
18911, Seaborn 
18911, Matplotlib 
18913, Matplotlib 
18913, Geoplotlib 
18914, Matplotlib 
18914, Seaborn 
18915, Ggplot / ggplot2 
18915, Seaborn 
18915, Geoplotlib 
18915, Plotly / Plotly Express 
18915, Matplotlib 
18917, Seaborn 
18917, Matplotlib 
18917, Plotly / Plotly Express 
18918, Matplotlib 
18918, Plotly / Plotly Express 
18918, Seaborn 
18920, Seaborn 
18920, Ggplot / ggplot2 
18920, Matplotlib 
18921, Matplotlib 
18923, Matplotlib 
18924, Matplotlib 
18925, Seaborn 
18925, Matplotlib 
18926, Leaflet / Folium 
18926, D3 js 
18926, Bokeh 
18926, Plotly / Plotly Express 
18926, Seaborn 
18928, Matplotlib 
18928, Plotly / Plotly Express 
18928, Seaborn 
18930, Ggplot / ggplot2 
18932, Matplotlib 
18933, Matplotlib 
18934, Matplotlib 
18934, Bokeh 
18936, Plotly / Plotly Express 
18936, Matplotlib 
18936, Seaborn 
18937, Matplotlib 
18938, Matplotlib 
18938, Seaborn 
18938, Ggplot / ggplot2 
18939, Matplotlib 
18939, Seaborn 
18941, Seaborn 
18941, Matplotlib 
18942, Seaborn 
18942, Dygraphs 
18942, Matplotlib 
18942, Geoplotlib 
18944, Leaflet / Folium 
18945, Seaborn 
18945, Matplotlib 
18946, Ggplot / ggplot2 
18946, Seaborn 
18946, Matplotlib 
18946, Plotly / Plotly Express 
18946, Bokeh 
18948, Plotly / Plotly Express 
18948, Seaborn 
18948, Matplotlib 
18949, Plotly / Plotly Express 
18949, Ggplot / ggplot2 
18950, Matplotlib 
18950, Seaborn 
18951, Plotly / Plotly Express 
18951, Seaborn 
18951, Matplotlib 
18952, Matplotlib 
18952, Plotly / Plotly Express 
18952, Seaborn 
18953, Matplotlib 
18953, Ggplot / ggplot2 
18953, Seaborn 
18953, Geoplotlib 
18955, Ggplot / ggplot2 
18955, Matplotlib 
18957, Matplotlib 
18958, Plotly / Plotly Express 
18958, Geoplotlib 
18958, Seaborn 
18958, Matplotlib 
18960, Matplotlib 
18962, Matplotlib 
18962, Seaborn 
18963, Matplotlib 
18964, Matplotlib 
18964, Plotly / Plotly Express 
18964, Geoplotlib 
18964, Shiny 
18964, Ggplot / ggplot2 
18964, Leaflet / Folium 
18965, Matplotlib 
18966, Plotly / Plotly Express 
18966, Seaborn 
18966, Matplotlib 
18967, Matplotlib 
18967, Seaborn 
18967, Ggplot / ggplot2 
18967, Plotly / Plotly Express 
18970, Matplotlib 
18970, Seaborn 
18970, Ggplot / ggplot2 
18971, Matplotlib 
18971, Ggplot / ggplot2 
18973, Matplotlib 
18975, Matplotlib 
18975, Seaborn 
18976, Ggplot / ggplot2 
18976, Matplotlib 
18978, Plotly / Plotly Express 
18978, Seaborn 
18978, Ggplot / ggplot2 
18978, Matplotlib 
18979, Seaborn 
18979, Ggplot / ggplot2 
18979, Shiny 
18979, Plotly / Plotly Express 
18979, Matplotlib 
18980, Seaborn 
18980, Matplotlib 
18981, Seaborn 
18981, Plotly / Plotly Express 
18981, Matplotlib 
18983, Dygraphs 
18983, Matplotlib 
18983, Plotly / Plotly Express 
18983, Seaborn 
18983, Ggplot / ggplot2 
18984, Matplotlib 
18984, Seaborn 
18985, Matplotlib 
18985, Seaborn 
18985,Other
18988, Seaborn 
18988, Matplotlib 
18989, Ggplot / ggplot2 
18989, Matplotlib 
18989, Shiny 
18989, Seaborn 
18990, Matplotlib 
18991, Plotly / Plotly Express 
18991, Matplotlib 
18991, Seaborn 
18993, Matplotlib 
18997, Matplotlib 
18997, Ggplot / ggplot2 
18997, Seaborn 
18997, Plotly / Plotly Express 
18998, Seaborn 
18998, Matplotlib 
18999, Ggplot / ggplot2 
18999, Seaborn 
18999, Shiny 
18999, Plotly / Plotly Express 
18999, Matplotlib 
19000, Geoplotlib 
19000, Pygal 
19001, Matplotlib 
19001, Seaborn 
19004, Seaborn 
19004, Matplotlib 
19007, Seaborn 
19007, Plotly / Plotly Express 
19007, D3 js 
19007, Matplotlib 
19007, Ggplot / ggplot2 
19007, Leaflet / Folium 
19007, Bokeh 
19007, Shiny 
19012, Matplotlib 
19012, Seaborn 
19015, Matplotlib 
19015, Seaborn 
19016, Matplotlib 
19016, Altair 
19016, Seaborn 
19016, Ggplot / ggplot2 
19019, Seaborn 
19019, Matplotlib 
19021, Seaborn 
19021, Plotly / Plotly Express 
19021, Matplotlib 
19022, Matplotlib 
19022, Ggplot / ggplot2 
19022, Plotly / Plotly Express 
19022, Seaborn 
19024, Seaborn 
19024, Matplotlib 
19024, Ggplot / ggplot2 
19025, Seaborn 
19025, Ggplot / ggplot2 
19025, Plotly / Plotly Express 
19025, Matplotlib 
19026, Seaborn 
19026, Matplotlib 
19027, Plotly / Plotly Express 
19028, Matplotlib 
19028, Ggplot / ggplot2 
19028, Seaborn 
19029, Matplotlib 
19029, Seaborn 
19030, Plotly / Plotly Express 
19030, Seaborn 
19030, Matplotlib 
19031, Matplotlib 
19031, Seaborn 
19032, Plotly / Plotly Express 
19033, Seaborn 
19033, Matplotlib 
19034, Ggplot / ggplot2 
19034, Seaborn 
19034, Matplotlib 
19034, D3 js 
19035, Seaborn 
19035, Matplotlib 
19035, Plotly / Plotly Express 
19035, Bokeh 
19036, Seaborn 
19036, Matplotlib 
19036, Ggplot / ggplot2 
19037, Matplotlib 
19037, D3 js 
19037, Plotly / Plotly Express 
19037, Dygraphs 
19037, Seaborn 
19037, Shiny 
19037, Ggplot / ggplot2 
19041, Matplotlib 
19041, Seaborn 
19043, Seaborn 
19043, Plotly / Plotly Express 
19043, Matplotlib 
19045, Seaborn 
19045, Bokeh 
19045, Plotly / Plotly Express 
19046, Matplotlib 
19046, Seaborn 
19047, Matplotlib 
19047, Seaborn 
19048, D3 js 
19049, D3 js 
19050, Seaborn 
19050, Matplotlib 
19052, Shiny 
19052, Ggplot / ggplot2 
19052, Plotly / Plotly Express 
19052, Matplotlib 
19052, Seaborn 
19054, Seaborn 
19054, Matplotlib 
19055,Other
19056, Bokeh 
19056, Seaborn 
19056, Matplotlib 
19057, Seaborn 
19057,Other
19057, Matplotlib 
19058, Plotly / Plotly Express 
19058, Matplotlib 
19058, Seaborn 
19058, Geoplotlib 
19060, Plotly / Plotly Express 
19061, Seaborn 
19061, Plotly / Plotly Express 
19061, Matplotlib 
19062, Seaborn 
19062, Matplotlib 
19062, Plotly / Plotly Express 
19063, Plotly / Plotly Express 
19063, Ggplot / ggplot2 
19064, Seaborn 
19064, Matplotlib 
19065, Seaborn 
19065, Matplotlib 
19066, Matplotlib 
19066, Seaborn 
19066, Geoplotlib 
19067, Seaborn 
19067, Plotly / Plotly Express 
19067, Matplotlib 
19068, Seaborn 
19068, Matplotlib 
19069, Seaborn 
19069, Ggplot / ggplot2 
19071, Dygraphs 
19071, Matplotlib 
19071, Plotly / Plotly Express 
19073, Matplotlib 
19073, Seaborn 
19074, Plotly / Plotly Express 
19074, Seaborn 
19075, Plotly / Plotly Express 
19075, Seaborn 
19075, Matplotlib 
19077, Matplotlib 
19080, Seaborn 
19080, Matplotlib 
19080, Geoplotlib 
19080, Plotly / Plotly Express 
19081, Seaborn 
19081, Matplotlib 
19082, Matplotlib 
19082, Ggplot / ggplot2 
19082, Seaborn 
19084, Seaborn 
19084, Matplotlib 
19088, Matplotlib 
19088, Seaborn 
19089, D3 js 
19089, Plotly / Plotly Express 
19090, Seaborn 
19090, Ggplot / ggplot2 
19090, Shiny 
19090, D3 js 
19090, Plotly / Plotly Express 
19091, Bokeh 
19091, Seaborn 
19091, Matplotlib 
19092, Matplotlib 
19092, Seaborn 
19093, Geoplotlib 
19093, Ggplot / ggplot2 
19093, Matplotlib 
19093, Seaborn 
19095, Seaborn 
19095, Matplotlib 
19095, Plotly / Plotly Express 
19096, Plotly / Plotly Express 
19096, Matplotlib 
19096, Bokeh 
19096, Seaborn 
19096, Geoplotlib 
19098, Matplotlib 
19098, Ggplot / ggplot2 
19098, Bokeh 
19098, Seaborn 
19098, Plotly / Plotly Express 
19099, Seaborn 
19099, Matplotlib 
19102, Seaborn 
19102, Matplotlib 
19102, Plotly / Plotly Express 
19104, Matplotlib 
19105, Geoplotlib 
19105, Plotly / Plotly Express 
19105, Bokeh 
19105, Ggplot / ggplot2 
19105, Matplotlib 
19105, Seaborn 
19107, Ggplot / ggplot2 
19107, Matplotlib 
19107, Plotly / Plotly Express 
19107, Seaborn 
19107, Shiny 
19109, Matplotlib 
19109, Seaborn 
19109, Ggplot / ggplot2 
19110, Seaborn 
19111, Seaborn 
19111, Plotly / Plotly Express 
19111, Matplotlib 
19113,Other
19116, Seaborn 
19116, Matplotlib 
19117, Matplotlib 
19117, Seaborn 
19120, Leaflet / Folium 
19120, Seaborn 
19120, Shiny 
19120, D3 js 
19120, Matplotlib 
19120, Highcharter 
19122, Ggplot / ggplot2 
19122, Seaborn 
19122, Matplotlib 
19123, Matplotlib 
19123, Seaborn 
19124, Seaborn 
19124, Matplotlib 
19125, Matplotlib 
19125, Shiny 
19125, Ggplot / ggplot2 
19126, Plotly / Plotly Express 
19126, Seaborn 
19126, Matplotlib 
19129, Matplotlib 
19129, Seaborn 
19129,Other
19130, Seaborn 
19130, Matplotlib 
19132, Seaborn 
19132, Matplotlib 
19136, Seaborn 
19136, Matplotlib 
19136, Plotly / Plotly Express 
19137, Leaflet / Folium 
19137, Seaborn 
19137, Plotly / Plotly Express 
19137, Ggplot / ggplot2 
19137, Matplotlib 
19137, Shiny 
19139, Seaborn 
19139, Matplotlib 
19142, Seaborn 
19142, Matplotlib 
19142, D3 js 
19143, Plotly / Plotly Express 
19143, Seaborn 
19143, Matplotlib 
19144, Ggplot / ggplot2 
19146, Seaborn 
19146, Matplotlib 
19148, Matplotlib 
19148, Seaborn 
19149, Seaborn 
19149, Matplotlib 
19154, Plotly / Plotly Express 
19154, Matplotlib 
19154, Seaborn 
19154, Ggplot / ggplot2 
19155, Matplotlib 
19155, Seaborn 
19157, Matplotlib 
19157, Plotly / Plotly Express 
19157, D3 js 
19159, D3 js 
19161, Matplotlib 
19161, Seaborn 
19164, Matplotlib 
19164, Seaborn 
19164, Plotly / Plotly Express 
19165, Seaborn 
19165, Matplotlib 
19166, Seaborn 
19166, Matplotlib 
19167, Shiny 
19167, Ggplot / ggplot2 
19167, Matplotlib 
19167, Geoplotlib 
19168, Bokeh 
19168, Matplotlib 
19168, Seaborn 
19169, Matplotlib 
19169, Ggplot / ggplot2 
19169, Seaborn 
19172, Shiny 
19172, Ggplot / ggplot2 
19172, Seaborn 
19173, Bokeh 
19176, Seaborn 
19176, Plotly / Plotly Express 
19176, Matplotlib 
19177, Plotly / Plotly Express 
19177, Matplotlib 
19177, Ggplot / ggplot2 
19177, D3 js 
19177, Pygal 
19177, Seaborn 
19177, Geoplotlib 
19177, Altair 
19177, Highcharter 
19178, Bokeh 
19178, Altair 
19178, Matplotlib 
19179, Matplotlib 
19179, Seaborn 
19180, Seaborn 
19180, Matplotlib 
19182, Matplotlib 
19182, Seaborn 
19184, Seaborn 
19185, Seaborn 
19185, Plotly / Plotly Express 
19185, Matplotlib 
19186, Matplotlib 
19189, Seaborn 
19189, Matplotlib 
19189, Plotly / Plotly Express 
19190, Matplotlib 
19190, Seaborn 
19190, Plotly / Plotly Express 
19191, Plotly / Plotly Express 
19191, Matplotlib 
19191, Seaborn 
19192, Seaborn 
19192, Matplotlib 
19192, Plotly / Plotly Express 
19193, Seaborn 
19193, Matplotlib 
19195, Seaborn 
19195, Matplotlib 
19195, Ggplot / ggplot2 
19196, Matplotlib 
19196, Seaborn 
19198, Seaborn 
19198, Matplotlib 
19199, Seaborn 
19199, Shiny 
19199, Matplotlib 
19199, Ggplot / ggplot2 
19199, Plotly / Plotly Express 
19200, Matplotlib 
19200, Seaborn 
19201, Matplotlib 
19201, Leaflet / Folium 
19201, Plotly / Plotly Express 
19201, Seaborn 
19202, Seaborn 
19202, Matplotlib 
19203, Matplotlib 
19203, Seaborn 
19204, Matplotlib 
19204, Seaborn 
19205, Matplotlib 
19205, Altair 
19205, Seaborn 
19205, Ggplot / ggplot2 
19208, Matplotlib 
19209, Plotly / Plotly Express 
19209, Pygal 
19210, Matplotlib 
19210, Seaborn 
19210, Plotly / Plotly Express 
19211, Geoplotlib 
19211, Matplotlib 
19211, Seaborn 
19213, Seaborn 
19213, Plotly / Plotly Express 
19213,Other
19213, Matplotlib 
19214, Seaborn 
19214, Plotly / Plotly Express 
19214, Matplotlib 
19215, Matplotlib 
19215, Seaborn 
19216, Matplotlib 
19216, Seaborn 
19217, Matplotlib 
19218, Plotly / Plotly Express 
19218, Matplotlib 
19218, Geoplotlib 
19218, Seaborn 
19218, Ggplot / ggplot2 
19221, Matplotlib 
19221, Seaborn 
19222, Matplotlib 
19222, Seaborn 
19223, Seaborn 
19223, Plotly / Plotly Express 
19223, Shiny 
19223, Ggplot / ggplot2 
19223, Matplotlib 
19224, Ggplot / ggplot2 
19226, Ggplot / ggplot2 
19226, Seaborn 
19226, Matplotlib 
19227, Matplotlib 
19228, Plotly / Plotly Express 
19228, Matplotlib 
19228, Seaborn 
19229, Plotly / Plotly Express 
19229, Seaborn 
19229, Matplotlib 
19230, Seaborn 
19230, Plotly / Plotly Express 
19230, Matplotlib 
19231, Matplotlib 
19231, Seaborn 
19232, Seaborn 
19232, Matplotlib 
19233, Plotly / Plotly Express 
19235, Seaborn 
19235, Plotly / Plotly Express 
19235, Matplotlib 
19236, Matplotlib 
19236, Seaborn 
19237, Seaborn 
19237, Matplotlib 
19240, Ggplot / ggplot2 
19240, Matplotlib 
19240, Seaborn 
19240, Plotly / Plotly Express 
19241, Matplotlib 
19243, Seaborn 
19243, Ggplot / ggplot2 
19247, Matplotlib 
19248, Matplotlib 
19248, Seaborn 
19248, Plotly / Plotly Express 
19249, Seaborn 
19249, Plotly / Plotly Express 
19249, Matplotlib 
19251, Plotly / Plotly Express 
19251, Matplotlib 
19251, Seaborn 
19253, Seaborn 
19253, Matplotlib 
19253, Ggplot / ggplot2 
19254, Matplotlib 
19255, Matplotlib 
19256, Matplotlib 
19256, Seaborn 
19256, Ggplot / ggplot2 
19258, Ggplot / ggplot2 
19258, Seaborn 
19258, Matplotlib 
19261, Matplotlib 
19262, Matplotlib 
19264, Matplotlib 
19265, Plotly / Plotly Express 
19265, Geoplotlib 
19265, Matplotlib 
19265, Ggplot / ggplot2 
19265, Seaborn 
19267, Matplotlib 
19267, Seaborn 
19267, Ggplot / ggplot2 
19270, Matplotlib 
19270, Seaborn 
19271, Matplotlib 
19272, Matplotlib 
19273, Plotly / Plotly Express 
19273, Seaborn 
19273, Bokeh 
19273, Matplotlib 
19274, Matplotlib 
19274, Plotly / Plotly Express 
19274, Seaborn 
19276, Matplotlib 
19277, Altair 
19278, Matplotlib 
19278, Seaborn 
19279, Seaborn 
19279, Matplotlib 
19279, Plotly / Plotly Express 
19280, Plotly / Plotly Express 
19280, Seaborn 
19280, Ggplot / ggplot2 
19280, Matplotlib 
19281, Matplotlib 
19281, Geoplotlib 
19281, Seaborn 
19281, Leaflet / Folium 
19282, Plotly / Plotly Express 
19282, Ggplot / ggplot2 
19283, Matplotlib 
19283, Seaborn 
19284, Seaborn 
19284, Matplotlib 
19284, Plotly / Plotly Express 
19285, Matplotlib 
19285, Seaborn 
19285, Plotly / Plotly Express 
19287, Matplotlib 
19287, Seaborn 
19287, Ggplot / ggplot2 
19289, Plotly / Plotly Express 
19289, Matplotlib 
19289, Seaborn 
19290, Seaborn 
19290, Matplotlib 
19292, Seaborn 
19292, Matplotlib 
19293, Ggplot / ggplot2 
19293, Matplotlib 
19293, Seaborn 
19295, Ggplot / ggplot2 
19295, Plotly / Plotly Express 
19295, Geoplotlib 
19295, Matplotlib 
19296, Altair 
19296, Seaborn 
19296, Matplotlib 
19299, Seaborn 
19299, Matplotlib 
19300, Matplotlib 
19300, Highcharter 
19300, Plotly / Plotly Express 
19303, Seaborn 
19303, Matplotlib 
19305, Matplotlib 
19307, Seaborn 
19307, Matplotlib 
19309, Leaflet / Folium 
19309, Plotly / Plotly Express 
19309, Ggplot / ggplot2 
19309, Geoplotlib 
19309, Matplotlib 
19309, Seaborn 
19311, Matplotlib 
19311, Seaborn 
19313, Matplotlib 
19313, Seaborn 
19315, Seaborn 
19315, Plotly / Plotly Express 
19315, Matplotlib 
19318, Matplotlib 
19318, Seaborn 
19319, Matplotlib 
19321, Matplotlib 
19321, Plotly / Plotly Express 
19322, Plotly / Plotly Express 
19322, Matplotlib 
19323, Plotly / Plotly Express 
19323, Seaborn 
19323, Matplotlib 
19324, Matplotlib 
19324, Seaborn 
19327, Seaborn 
19327, Matplotlib 
19328, Matplotlib 
19328, Seaborn 
19330, Seaborn 
19330, Matplotlib 
19331, Ggplot / ggplot2 
19331, Matplotlib 
19331, Seaborn 
19332, Seaborn 
19332, Plotly / Plotly Express 
19332, Matplotlib 
19333, Matplotlib 
19334, Plotly / Plotly Express 
19334, Matplotlib 
19336, Seaborn 
19336, Matplotlib 
19336, Bokeh 
19336, Shiny 
19336, Leaflet / Folium 
19338, Plotly / Plotly Express 
19338, Seaborn 
19338, Ggplot / ggplot2 
19338, Matplotlib 
19339, Matplotlib 
19340, Ggplot / ggplot2 
19340, Leaflet / Folium 
19340, Shiny 
19340, Bokeh 
19340, D3 js 
19340, Plotly / Plotly Express 
19342, Matplotlib 
19342, Seaborn 
19344, Matplotlib 
19344, Ggplot / ggplot2 
19344, Geoplotlib 
19344, Plotly / Plotly Express 
19345, Seaborn 
19345, Matplotlib 
19345, Ggplot / ggplot2 
19346, Matplotlib 
19347, Matplotlib 
19349, Geoplotlib 
19349, Matplotlib 
19349, Plotly / Plotly Express 
19349, Seaborn 
19351, Ggplot / ggplot2 
19353, Seaborn 
19353, Matplotlib 
19353, Bokeh 
19354, Plotly / Plotly Express 
19354, Seaborn 
19354, Matplotlib 
19355, Seaborn 
19355, Matplotlib 
19356, Matplotlib 
19356, Ggplot / ggplot2 
19356, Seaborn 
19357, Matplotlib 
19357, Ggplot / ggplot2 
19357, Seaborn 
19357, Plotly / Plotly Express 
19359, Plotly / Plotly Express 
19359, Matplotlib 
19359, Seaborn 
19360, Matplotlib 
19362, Matplotlib 
19363, Ggplot / ggplot2 
19363, Shiny 
19365, Seaborn 
19365, Bokeh 
19367, Matplotlib 
19368, Matplotlib 
19368, Seaborn 
19369,Other
19370, Matplotlib 
19371, Seaborn 
19371, Matplotlib 
19371, Pygal 
19372, Ggplot / ggplot2 
19372, Matplotlib 
19372, Seaborn 
19374, Matplotlib 
19375, Matplotlib 
19375, Seaborn 
19376, Plotly / Plotly Express 
19376, Matplotlib 
19377, Matplotlib 
19378, D3 js 
19379, Matplotlib 
19379, Plotly / Plotly Express 
19380, Matplotlib 
19381,Other
19384, Seaborn 
19384, Matplotlib 
19384, Plotly / Plotly Express 
19385, Plotly / Plotly Express 
19388, Seaborn 
19388, Plotly / Plotly Express 
19388, Matplotlib 
19390, Highcharter 
19390, Ggplot / ggplot2 
19390, Plotly / Plotly Express 
19390, Shiny 
19391, Matplotlib 
19393, Matplotlib 
19394, Matplotlib 
19398, Plotly / Plotly Express 
19398, Seaborn 
19398, Matplotlib 
19399, Seaborn 
19399, Matplotlib 
19402, Matplotlib 
19402, Geoplotlib 
19404, Matplotlib 
19404, Geoplotlib 
19404, D3 js 
19404, Dygraphs 
19404, Plotly / Plotly Express 
19404, Seaborn 
19405, Plotly / Plotly Express 
19405, Matplotlib 
19405, Seaborn 
19406, Matplotlib 
19406, Seaborn 
19406, Plotly / Plotly Express 
19407, Geoplotlib 
19407, Dygraphs 
19407, Matplotlib 
19408, Seaborn 
19408, Matplotlib 
19409, Ggplot / ggplot2 
19409, Shiny 
19410, Plotly / Plotly Express 
19411, Seaborn 
19411, Matplotlib 
19412, Matplotlib 
19412, Seaborn 
19412, Plotly / Plotly Express 
19413, Plotly / Plotly Express 
19413, Matplotlib 
19415, Bokeh 
19415, Matplotlib 
19415, Seaborn 
19419, Seaborn 
19419, Matplotlib 
19420, Shiny 
19420, Geoplotlib 
19420, Ggplot / ggplot2 
19421, Seaborn 
19421, Matplotlib 
19423, Seaborn 
19423, Plotly / Plotly Express 
19423, Matplotlib 
19423, Geoplotlib 
19425, Matplotlib 
19425, Ggplot / ggplot2 
19426,Other
19427, Plotly / Plotly Express 
19427, Shiny 
19427, Ggplot / ggplot2 
19428, Seaborn 
19428, Matplotlib 
19429, Matplotlib 
19430, Seaborn 
19430, Bokeh 
19430, Plotly / Plotly Express 
19430, Matplotlib 
19431, Matplotlib 
19431, Seaborn 
19432, Ggplot / ggplot2 
19432, Seaborn 
19432, Matplotlib 
19434, Matplotlib 
19434, Seaborn 
19436, Matplotlib 
19436, Plotly / Plotly Express 
19436, Seaborn 
19437, Matplotlib 
19437, Seaborn 
19438, Seaborn 
19438, Matplotlib 
19440, Matplotlib 
19440, Ggplot / ggplot2 
19440, Plotly / Plotly Express 
19440, Seaborn 
19441, Seaborn 
19441, Matplotlib 
19441, Plotly / Plotly Express 
19447, Plotly / Plotly Express 
19447, Matplotlib 
19447, Seaborn 
19449, Plotly / Plotly Express 
19449, Matplotlib 
19450, D3 js 
19450, Plotly / Plotly Express 
19450, Matplotlib 
19451, Seaborn 
19451, Plotly / Plotly Express 
19451, Matplotlib 
19453, Seaborn 
19453, Plotly / Plotly Express 
19453, Matplotlib 
19454, Matplotlib 
19454, Seaborn 
19454, D3 js 
19456, Matplotlib 
19457, Plotly / Plotly Express 
19457, Ggplot / ggplot2 
19457, Seaborn 
19457, Matplotlib 
19459, Matplotlib 
19459, Seaborn 
19460, Matplotlib 
19460, Plotly / Plotly Express 
19460, Seaborn 
19461, Highcharter 
19461, Plotly / Plotly Express 
19461, Leaflet / Folium 
19461, Ggplot / ggplot2 
19461, Matplotlib 
19461, Seaborn 
19461, Bokeh 
19464, Matplotlib 
19464, Seaborn 
19465, Matplotlib 
19466, Ggplot / ggplot2 
19466, Seaborn 
19466, Matplotlib 
19466, Plotly / Plotly Express 
19469, Plotly / Plotly Express 
19469, Seaborn 
19469, Matplotlib 
19469, Altair 
19470, Seaborn 
19470, Matplotlib 
19471, Matplotlib 
19471, Ggplot / ggplot2 
19471, Seaborn 
19472, Matplotlib 
19472, Seaborn 
19472, Shiny 
19472, Ggplot / ggplot2 
19472, Plotly / Plotly Express 
19473, Ggplot / ggplot2 
19473, Matplotlib 
19474, D3 js 
19474, Plotly / Plotly Express 
19474, Ggplot / ggplot2 
19475, Plotly / Plotly Express 
19475, Highcharter 
19476, Matplotlib 
19476, D3 js 
19476, Ggplot / ggplot2 
19476, Plotly / Plotly Express 
19476, Shiny 
19477, Matplotlib 
19477, Seaborn 
19478, Plotly / Plotly Express 
19478, Seaborn 
19478, Matplotlib 
19479, Plotly / Plotly Express 
19479, Seaborn 
19479, Matplotlib 
19481, Plotly / Plotly Express 
19481, Seaborn 
19481, Matplotlib 
19481, Shiny 
19483, Shiny 
19483, Ggplot / ggplot2 
19483, Plotly / Plotly Express 
19484, Plotly / Plotly Express 
19484, Seaborn 
19484, Matplotlib 
19484, Ggplot / ggplot2 
19484, Shiny 
19487, Matplotlib 
19487, Plotly / Plotly Express 
19487, Seaborn 
19488, Matplotlib 
19488, Seaborn 
19489, Seaborn 
19489, Matplotlib 
19490, Seaborn 
19490, Matplotlib 
19494, Matplotlib 
19494, Seaborn 
19496, Seaborn 
19496, Matplotlib 
19497, Seaborn 
19497, Matplotlib 
19497, Plotly / Plotly Express 
19498, Matplotlib 
19498, Seaborn 
19498, Plotly / Plotly Express 
19499, Matplotlib 
19499, Seaborn 
19500, Plotly / Plotly Express 
19500, Seaborn 
19500, Ggplot / ggplot2 
19500, Geoplotlib 
19500, Matplotlib 
19501, Matplotlib 
19502, Geoplotlib 
19502, Matplotlib 
19502, Plotly / Plotly Express 
19502, Ggplot / ggplot2 
19502, Seaborn 
19503, Seaborn 
19503, Matplotlib 
19503, Plotly / Plotly Express 
19504, Ggplot / ggplot2 
19504, Matplotlib 
19504, Seaborn 
19505,Other
19505, Seaborn 
19505, Matplotlib 
19506, Matplotlib 
19507, Ggplot / ggplot2 
19507, Matplotlib 
19508, Ggplot / ggplot2 
19510, Seaborn 
19510, Matplotlib 
19513, Plotly / Plotly Express 
19513, Seaborn 
19514, Matplotlib 
19515, Matplotlib 
19515, Seaborn 
19516, Matplotlib 
19517, Seaborn 
19517, Matplotlib 
19518, Matplotlib 
19518, Plotly / Plotly Express 
19518, Seaborn 
19519, Matplotlib 
19519, Seaborn 
19522, Matplotlib 
19524, Seaborn 
19524, Matplotlib 
19524, Ggplot / ggplot2 
19524, Plotly / Plotly Express 
19527,Other
19527, Ggplot / ggplot2 
19528, Matplotlib 
19528, Plotly / Plotly Express 
19529, Ggplot / ggplot2 
19529, Seaborn 
19529, Matplotlib 
19530, Matplotlib 
19530, Bokeh 
19531, Matplotlib 
19531, D3 js 
19533, Bokeh 
19533, Plotly / Plotly Express 
19533, Seaborn 
19533, Matplotlib 
19534, Seaborn 
19534, Matplotlib 
19535, Matplotlib 
19537, Matplotlib 
19537, Seaborn 
19538, Shiny 
19538, Ggplot / ggplot2 
19538, Matplotlib 
19539, Shiny 
19539, Matplotlib 
19539, Seaborn 
19539, Altair 
19539, Geoplotlib 
19541, Plotly / Plotly Express 
19541, Matplotlib 
19541, Seaborn 
19542, Matplotlib 
19542, Seaborn 
19543, Seaborn 
19543, Matplotlib 
19543, Ggplot / ggplot2 
19545, Seaborn 
19545, D3 js 
19545, Matplotlib 
19546, Bokeh 
19546, Leaflet / Folium 
19546, Seaborn 
19546, Matplotlib 
19546, Plotly / Plotly Express 
19546, Shiny 
19547, Matplotlib 
19547, Seaborn 
19547, Plotly / Plotly Express 
19549, Ggplot / ggplot2 
19549, Plotly / Plotly Express 
19549, Seaborn 
19549, Matplotlib 
19551, Matplotlib 
19551, Seaborn 
19552, Seaborn 
19552, Plotly / Plotly Express 
19552, Matplotlib 
19552, Bokeh 
19553, Seaborn 
19553, Matplotlib 
19554, Ggplot / ggplot2 
19554, Matplotlib 
19554, Plotly / Plotly Express 
19554, Seaborn 
19555, Seaborn 
19555, Matplotlib 
19556, Seaborn 
19556, Matplotlib 
19557, Seaborn 
19557, Ggplot / ggplot2 
19557, Matplotlib 
19557, Shiny 
19558, Ggplot / ggplot2 
19559, Matplotlib 
19559, Seaborn 
19559, Shiny 
19559, Geoplotlib 
19559, Ggplot / ggplot2 
19560, Plotly / Plotly Express 
19560, Ggplot / ggplot2 
19560, Matplotlib 
19560, Seaborn 
19561, Matplotlib 
19561, Seaborn 
19562, Matplotlib 
19562, Seaborn 
19563, Seaborn 
19563, Matplotlib 
19563, Plotly / Plotly Express 
19564, Plotly / Plotly Express 
19564, Matplotlib 
19565, Seaborn 
19565, Matplotlib 
19566, Matplotlib 
19566, Plotly / Plotly Express 
19567, Matplotlib 
19567, Geoplotlib 
19567, Leaflet / Folium 
19567, Plotly / Plotly Express 
19568, Seaborn 
19568, Matplotlib 
19568, Ggplot / ggplot2 
19569, Seaborn 
19569, Matplotlib 
19570, Seaborn 
19570, Matplotlib 
19570, Plotly / Plotly Express 
19571, Seaborn 
19571, Matplotlib 
19572, Seaborn 
19572, Matplotlib 
19573, Matplotlib 
19573, Seaborn 
19574, Seaborn 
19574, Matplotlib 
19574, Plotly / Plotly Express 
19575, Matplotlib 
19575, Seaborn 
19578, Ggplot / ggplot2 
19578, Seaborn 
19578, Matplotlib 
19579, Matplotlib 
19580, Shiny 
19580, Highcharter 
19580,Other
19580, Plotly / Plotly Express 
19580, Seaborn 
19580, D3 js 
19580, Pygal 
19580, Altair 
19580, Leaflet / Folium 
19580, Bokeh 
19580, Ggplot / ggplot2 
19580, Dygraphs 
19580, Matplotlib 
19580, Geoplotlib 
19581, Matplotlib 
19581, Seaborn 
19582, Ggplot / ggplot2 
19582, Plotly / Plotly Express 
19582, Matplotlib 
19582, Seaborn 
19583, Matplotlib 
19585, Ggplot / ggplot2 
19585,Other
19585, Plotly / Plotly Express 
19585, Matplotlib 
19585, Seaborn 
19586, Geoplotlib 
19586, Matplotlib 
19586, Seaborn 
19586, Ggplot / ggplot2 
19588, Matplotlib 
19589, Plotly / Plotly Express 
19589, Matplotlib 
19589, Geoplotlib 
19589, Seaborn 
19590, Seaborn 
19590, Plotly / Plotly Express 
19590, Matplotlib 
19592, Matplotlib 
19593, Matplotlib 
19593, Seaborn 
19593, Ggplot / ggplot2 
19594, Plotly / Plotly Express 
19594, Matplotlib 
19594, Geoplotlib 
19595, Matplotlib 
19597, D3 js 
19599, Matplotlib 
19599, Ggplot / ggplot2 
19599, Seaborn 
19599,Other
19600, Matplotlib 
19600, Seaborn 
19600, Plotly / Plotly Express 
19601, Seaborn 
19601, Plotly / Plotly Express 
19601, Matplotlib 
19603, Seaborn 
19604, Matplotlib 
19605, Plotly / Plotly Express 
19606, Geoplotlib 
19606, Seaborn 
19610, Matplotlib 
19611, Seaborn 
19611, Matplotlib 
19612,Other
19612, Plotly / Plotly Express 
19612, Matplotlib 
19615, Matplotlib 
19615, Ggplot / ggplot2 
19615, Plotly / Plotly Express 
19615, Seaborn 
19616, Pygal 
19616, Matplotlib 
19616, Bokeh 
19618, Shiny 
19618, Plotly / Plotly Express 
19618, Matplotlib 
19618, Ggplot / ggplot2 
19619, Matplotlib 
19619, Seaborn 
19621, Seaborn 
19622, Matplotlib 
19622, Seaborn 
19623, Seaborn 
19623, Matplotlib 
19624, Matplotlib 
19624, Seaborn 
19629, Matplotlib 
19629, Seaborn 
19631, Seaborn 
19631, Matplotlib 
19632, Matplotlib 
19632, Plotly / Plotly Express 
19632, Seaborn 
19633, Seaborn 
19636, Seaborn 
19636, D3 js 
19636, Geoplotlib 
19636, Matplotlib 
19637, Matplotlib 
19637, Seaborn 
19637, Ggplot / ggplot2 
19637, Plotly / Plotly Express 
19639, D3 js 
19639, Matplotlib 
19640, Matplotlib 
19640, Seaborn 
19641, Plotly / Plotly Express 
19641, Matplotlib 
19641, Seaborn 
19642, Pygal 
19642, Geoplotlib 
19642, Altair 
19642, Matplotlib 
19642, Plotly / Plotly Express 
19642, D3 js 
19642, Seaborn 
19642, Leaflet / Folium 
19642, Shiny 
19642, Ggplot / ggplot2 
19642, Bokeh 
19642, Highcharter 
19642, Dygraphs 
19642,Other
19646, Matplotlib 
19646, Seaborn 
19647, Matplotlib 
19647, Seaborn 
19647, D3 js 
19647, Ggplot / ggplot2 
19648, Matplotlib 
19648, Seaborn 
19649, Matplotlib 
19649, Seaborn 
19649, Plotly / Plotly Express 
19651, Pygal 
19653, Geoplotlib 
19653, Plotly / Plotly Express 
19653, Matplotlib 
19654, D3 js 
19655, Seaborn 
19655, Matplotlib 
19656, Matplotlib 
19658, Seaborn 
19658, Shiny 
19658, Matplotlib 
19659, Matplotlib 
19660, Matplotlib 
19661, Matplotlib 
19661, Seaborn 
19664, Matplotlib 
19665, Matplotlib 
19665, Bokeh 
19667, Geoplotlib 
19667, Matplotlib 
19668, Ggplot / ggplot2 
19668, Seaborn 
19670, Shiny 
19670, Ggplot / ggplot2 
19670, Plotly / Plotly Express 
19670, Pygal 
19671, Matplotlib 
19671, Seaborn 
19672, Seaborn 
19675, Seaborn 
19675, Matplotlib 
19675, Plotly / Plotly Express 
19676, Seaborn 
19676, Ggplot / ggplot2 
19676, Matplotlib 
19677, Matplotlib 
19677, Ggplot / ggplot2 
19677, Plotly / Plotly Express 
19681, Plotly / Plotly Express 
19682, Matplotlib 
19683, Plotly / Plotly Express 
19683, Seaborn 
19683, Matplotlib 
19684, Seaborn 
19684, Altair 
19685, Matplotlib 
19685,Other
19686, Seaborn 
19686, Ggplot / ggplot2 
19686, Matplotlib 
19687, Matplotlib 
19687, Seaborn 
19688, Ggplot / ggplot2 
19688, Matplotlib 
19688, Bokeh 
19688, Highcharter 
19688, Seaborn 
19689, Matplotlib 
19689, Plotly / Plotly Express 
19689, Seaborn 
19690,Other
19691, Ggplot / ggplot2 
19691, Seaborn 
19691, Matplotlib 
19692, Bokeh 
19692, Matplotlib 
19692, Seaborn 
19693, Plotly / Plotly Express 
19695, Matplotlib 
19695, Seaborn 
19695, Ggplot / ggplot2 
19696, Plotly / Plotly Express 
19696, Matplotlib 
19696, Seaborn 
19697, Seaborn 
19697, Matplotlib 
19701, Plotly / Plotly Express 
19701, Seaborn 
19701, Matplotlib 
19702, Matplotlib 
19702, Seaborn 
19702, Plotly / Plotly Express 
19702, Ggplot / ggplot2 
19703, Matplotlib 
19704, Matplotlib 
19704, Seaborn 
19706,Other
19707, Seaborn 
19707, Matplotlib 
19709, Matplotlib 
19709, Shiny 
19709, D3 js 
19709, Seaborn 
19709, Ggplot / ggplot2 
19710, Matplotlib 
19710, Seaborn 
19710, Plotly / Plotly Express 
19711, Seaborn 
19711, Matplotlib 
19711, Ggplot / ggplot2 
19715, Geoplotlib 
19715, Dygraphs 
19715, Ggplot / ggplot2 
19716, Matplotlib 
19717, Matplotlib 
19717, Seaborn 
19719, Seaborn 
19719, Matplotlib 
19720, Matplotlib 
19720, Seaborn 
19720, Ggplot / ggplot2 
19721, Matplotlib 
19721, Seaborn 
19722, Leaflet / Folium 
19722, Plotly / Plotly Express 
19722, Ggplot / ggplot2 
19722, Shiny 
19723, Seaborn 
19723, Matplotlib 
19724, Matplotlib 
19724, Plotly / Plotly Express 
19725, Plotly / Plotly Express 
19726, Seaborn 
19726, Plotly / Plotly Express 
19726, Matplotlib 
19727, Matplotlib 
19727, Shiny 
19727, Geoplotlib 
19727, Ggplot / ggplot2 
19728, Shiny 
19729, Ggplot / ggplot2 
19730, Matplotlib 
19731, Matplotlib 
19731, Seaborn 
19733,Other
19733, Matplotlib 
19733, Seaborn 
19734, Ggplot / ggplot2 
19734, Leaflet / Folium 
19734, Seaborn 
19734, Matplotlib 
19736, Matplotlib 
19738, D3 js 
19740, D3 js 
19740, Seaborn 
19742, Shiny 
19742, Matplotlib 
19742, Ggplot / ggplot2 
19744, Seaborn 
19744, Matplotlib 
19744, D3 js 
19745, Seaborn 
19745, Matplotlib 
19746, Matplotlib 
19746, Seaborn 
19746, Plotly / Plotly Express 
19747, Matplotlib 
19747, Seaborn 
19748, Seaborn 
19748, Matplotlib 
19748, Ggplot / ggplot2 
19750, Matplotlib 
19751, Ggplot / ggplot2 
19751, Seaborn 
19751, Plotly / Plotly Express 
19751, Matplotlib 
19752, Dygraphs 
19754, Matplotlib 
19755, Seaborn 
19755, Matplotlib 
19756, Matplotlib 
19756, Seaborn 
19758, Seaborn 
19758, Plotly / Plotly Express 
19758, Matplotlib 
19759, Matplotlib 
19759, Plotly / Plotly Express 
19759, Seaborn 
19759, Geoplotlib 
19759, D3 js 
19762, Matplotlib 
19762, Seaborn 
19762, Plotly / Plotly Express 
19763, Matplotlib 
19764, Plotly / Plotly Express 
19766, Matplotlib 
19766, Seaborn 
19768, Plotly / Plotly Express 
19768, Matplotlib 
19768, Ggplot / ggplot2 
19769, Matplotlib 
19770, Matplotlib 
19771, Plotly / Plotly Express 
19771, Matplotlib 
19771, Seaborn 
19773, Matplotlib 
19776, Leaflet / Folium 
19776, Seaborn 
19776, Matplotlib 
19777, Matplotlib 
19778, Geoplotlib 
19778, Matplotlib 
19778, Seaborn 
19778, Ggplot / ggplot2 
19782, Matplotlib 
19782, Bokeh 
19782, Ggplot / ggplot2 
19782, Plotly / Plotly Express 
19782, Seaborn 
19783, Matplotlib 
19784, Matplotlib 
19785, Seaborn 
19785, Matplotlib 
19787,Other
19788, Seaborn 
19788, Matplotlib 
19789, Highcharter 
19789, Matplotlib 
19789, Plotly / Plotly Express 
19791, Seaborn 
19791, Matplotlib 
19792, Ggplot / ggplot2 
19793, Matplotlib 
19793, Seaborn 
19794, Matplotlib 
19795, Seaborn 
19795, Matplotlib 
19798, Matplotlib 
19798, Plotly / Plotly Express 
19798, Bokeh 
19798, Leaflet / Folium 
19798, Ggplot / ggplot2 
19798, Seaborn 
19799, Matplotlib 
19800, Matplotlib 
19800, Plotly / Plotly Express 
19800, Seaborn 
19801, Geoplotlib 
19801, Matplotlib 
19801, Seaborn 
19801,Other
19804, Plotly / Plotly Express 
19804, Matplotlib 
19804, Ggplot / ggplot2 
19804, Seaborn 
19806, Matplotlib 
19806, Seaborn 
19807, Seaborn 
19807, Matplotlib 
19808, Matplotlib 
19809, Matplotlib 
19809, Plotly / Plotly Express 
19812, Seaborn 
19812, Matplotlib 
19814, Matplotlib 
19814, Seaborn 
19815, Matplotlib 
19815, Seaborn 
19816, Seaborn 
19816, Matplotlib 
19818,Other
19819, Seaborn 
19819, Matplotlib 
19819, Ggplot / ggplot2 
19820, Matplotlib 
19820, Seaborn 
19821, Matplotlib 
19822, Ggplot / ggplot2 
19823, Seaborn 
19823, Matplotlib 
19823, Plotly / Plotly Express 
19824, Plotly / Plotly Express 
19824, Ggplot / ggplot2 
19824, Matplotlib 
19824, Seaborn 
19825, Altair 
19825, Shiny 
19825, Seaborn 
19825, Ggplot / ggplot2 
19825, Plotly / Plotly Express 
19829,Other
19830, Matplotlib 
19832, Seaborn 
19832, Plotly / Plotly Express 
19832, Shiny 
19832, Ggplot / ggplot2 
19833, Ggplot / ggplot2 
19833, Seaborn 
19833,Other
19833, Matplotlib 
19834, Matplotlib 
19834, Seaborn 
19837, Altair 
19837, Geoplotlib 
19837, Pygal 
19837, Matplotlib 
19837, Shiny 
19838, Matplotlib 
19840, Plotly / Plotly Express 
19840, Matplotlib 
19840, Geoplotlib 
19840, Seaborn 
19841, Seaborn 
19841, Ggplot / ggplot2 
19841, Matplotlib 
19841, Plotly / Plotly Express 
19842, Shiny 
19844, Seaborn 
19844, Matplotlib 
19849, Shiny 
19849, Matplotlib 
19849, Seaborn 
19853, Matplotlib 
19853, Seaborn 
19854, Seaborn 
19854, Matplotlib 
19855, Seaborn 
19855, Matplotlib 
19856, Seaborn 
19856, Plotly / Plotly Express 
19856, Matplotlib 
19858, Plotly / Plotly Express 
19858, Ggplot / ggplot2 
19858, Matplotlib 
19858, Seaborn 
19858, Geoplotlib 
19861, Matplotlib 
19862, Seaborn 
19862, Matplotlib 
19863, Matplotlib 
19863, Plotly / Plotly Express 
19863, Seaborn 
19864, Seaborn 
19864, Plotly / Plotly Express 
19864, Matplotlib 
19865, Ggplot / ggplot2 
19868, Matplotlib 
19868, Seaborn 
19869, Plotly / Plotly Express 
19869, Matplotlib 
19869, Bokeh 
19871,Other
19872, Seaborn 
19872, Plotly / Plotly Express 
19872, Matplotlib 
19872, Ggplot / ggplot2 
19873, Ggplot / ggplot2 
19873, Matplotlib 
19873, Seaborn 
19873, Plotly / Plotly Express 
19874, Plotly / Plotly Express 
19874, Ggplot / ggplot2 
19874, Matplotlib 
19874, Seaborn 
19875, Seaborn 
19875, Matplotlib 
19876, Shiny 
19876, Plotly / Plotly Express 
19876, Ggplot / ggplot2 
19876, Seaborn 
19876, Matplotlib 
19877, Matplotlib 
19877, Seaborn 
19878, Matplotlib 
19878, D3 js 
19878, Seaborn 
19879, Ggplot / ggplot2 
19879, Matplotlib 
19880, Matplotlib 
19880, Plotly / Plotly Express 
19880, Seaborn 
19883, Plotly / Plotly Express 
19883, Matplotlib 
19884, Seaborn 
19884, Leaflet / Folium 
19884, Ggplot / ggplot2 
19884, Matplotlib 
19884, D3 js 
19884, Shiny 
19884, Plotly / Plotly Express 
19884, Altair 
19884, Bokeh 
19885, Plotly / Plotly Express 
19885, D3 js 
19885, Matplotlib 
19886, Matplotlib 
19886, Seaborn 
19887, Matplotlib 
19887, Ggplot / ggplot2 
19887, Shiny 
19888, Ggplot / ggplot2 
19889, Seaborn 
19889, Matplotlib 
19890, Matplotlib 
19891, Matplotlib 
19891, Geoplotlib 
19892, Matplotlib 
19892, Ggplot / ggplot2 
19893, Shiny 
19893, Ggplot / ggplot2 
19894, Seaborn 
19894, Ggplot / ggplot2 
19895, Matplotlib 
19895, Seaborn 
19897, Matplotlib 
19897, Seaborn 
19902, Matplotlib 
19902, Seaborn 
19905, Matplotlib 
19905, Seaborn 
19907, Ggplot / ggplot2 
19907, Geoplotlib 
19907, Seaborn 
19907, Matplotlib 
19909, Ggplot / ggplot2 
19909, Seaborn 
19909, Highcharter 
19909, Plotly / Plotly Express 
19909, Matplotlib 
19910, Matplotlib 
19910, Seaborn 
19911,Other
19911, Geoplotlib 
19911, Matplotlib 
19913, Geoplotlib 
19913, Plotly / Plotly Express 
19913, Ggplot / ggplot2 
19913, Seaborn 
19913, Matplotlib 
19915, Matplotlib 
19915, Seaborn 
19916, Matplotlib 
19918, Ggplot / ggplot2 
19919, Ggplot / ggplot2 
19919, Matplotlib 
19919, Bokeh 
19919, Seaborn 
19923, Matplotlib 
19924, Seaborn 
19924, Matplotlib 
19927, Bokeh 
19927, Matplotlib 
19927, Seaborn 
19927, Plotly / Plotly Express 
19928, Matplotlib 
19928, Seaborn 
19929, Bokeh 
19929, Seaborn 
19929, Matplotlib 
19930, Matplotlib 
19931, Shiny 
19931, Bokeh 
19932, Plotly / Plotly Express 
19932, Matplotlib 
19932, Seaborn 
19933, Ggplot / ggplot2 
19934, Matplotlib 
19935, Matplotlib 
19937, Matplotlib 
19937, Ggplot / ggplot2 
19937, Seaborn 
19938, Seaborn 
19938, Altair 
19938, Matplotlib 
19940, Matplotlib 
19940, Seaborn 
19941, Matplotlib 
19944, Matplotlib 
19944, Seaborn 
19945, Matplotlib 
19947, Matplotlib 
19947, Ggplot / ggplot2 
19948, Ggplot / ggplot2 
19948, Matplotlib 
19948, Shiny 
19948, Geoplotlib 
19949, Matplotlib 
19949, Seaborn 
19949, Plotly / Plotly Express 
19950, Plotly / Plotly Express 
19950, Seaborn 
19950, Matplotlib 
19951, Matplotlib 
19953, Plotly / Plotly Express 
19953, Matplotlib 
19953, Seaborn 
19955, Seaborn 
19955, Matplotlib 
19955, Geoplotlib 
19955, Plotly / Plotly Express 
19957, Ggplot / ggplot2 
19957, Seaborn 
19957, Plotly / Plotly Express 
19957, Matplotlib 
19958, Matplotlib 
19959, Matplotlib 
19959, Seaborn 
19961, Seaborn 
19961, Matplotlib 
19962, Seaborn 
19963, Ggplot / ggplot2 
19963, Seaborn 
19963, Matplotlib 
19966, Ggplot / ggplot2 
19966, Matplotlib 
19966, Seaborn 
19966, Plotly / Plotly Express 
19967, Matplotlib 
19968, Plotly / Plotly Express 
19968, Seaborn 
19968, Ggplot / ggplot2 
19968, Matplotlib 
19970, Seaborn 
19970, Matplotlib 
19971, Highcharter 
19971, Ggplot / ggplot2 
19971, Matplotlib 
19971, D3 js 
19972, Matplotlib 
19972, Seaborn 
19973, Seaborn 
19973, Matplotlib 
19973, Bokeh 
19973, Plotly / Plotly Express 
19974, Matplotlib 
19974, Seaborn 
19975, Matplotlib 
19975, Seaborn 
19976, Plotly / Plotly Express 
19976, Shiny 
19976, Ggplot / ggplot2 
19977, Matplotlib 
19984, Seaborn 
19984, Geoplotlib 
19984, Plotly / Plotly Express 
19984, Ggplot / ggplot2 
19985, Ggplot / ggplot2 
19986, Plotly / Plotly Express 
19986, Ggplot / ggplot2 
19986, Geoplotlib 
19986, Seaborn 
19988, Matplotlib 
19988,Other
19988, Seaborn 
19989, Plotly / Plotly Express 
19989, Seaborn 
19989, Geoplotlib 
19989, Matplotlib 
19990, Matplotlib 
19991, Matplotlib 
19992, Matplotlib 
19992, Plotly / Plotly Express 
19993, Geoplotlib 
19993, Matplotlib 
19994,Other
19994, Matplotlib 
19995, Matplotlib 
19997, Plotly / Plotly Express 
19997, Ggplot / ggplot2 
19998, Matplotlib 
19998, Seaborn 
19999, Ggplot / ggplot2 
19999, Matplotlib 
19999, Seaborn 
20000, Ggplot / ggplot2 
20000, Plotly / Plotly Express 
20000, Matplotlib 
20000, Seaborn 
20001, Plotly / Plotly Express 
20001, Ggplot / ggplot2 
20001, Seaborn 
20001, Matplotlib 
20001, Geoplotlib 
20004, Seaborn 
20004, Matplotlib 
20007, Matplotlib 
20007, Seaborn 
20008, Matplotlib 
20008, Seaborn 
20009, Seaborn 
20009, Matplotlib 
20010, Matplotlib 
20012, D3 js 
20012,Other
20012, Matplotlib 
20014, Plotly / Plotly Express 
20014, Seaborn 
20014, Matplotlib 
20017, Matplotlib 
20017, Seaborn 
20019, Ggplot / ggplot2 
20019, Matplotlib 
20019, Leaflet / Folium 
20019, Seaborn 
20019, Plotly / Plotly Express 
20020, Seaborn 
20020, Matplotlib 
20022, Plotly / Plotly Express 
20022, Seaborn 
20022, Matplotlib 
20023, Geoplotlib 
20023, Shiny 
20023, Matplotlib 
20023, Plotly / Plotly Express 
20023, Ggplot / ggplot2 
20023, Leaflet / Folium 
20023, Seaborn 
20024, Seaborn 
20024, Matplotlib 
20026, Shiny 
20026, Matplotlib 
20026, Ggplot / ggplot2 
20029, Matplotlib 
20029, Seaborn 
20030, Matplotlib 
20031, Matplotlib 
20034,Other
20035, Matplotlib 
20035, Plotly / Plotly Express 
20035, Seaborn 
20036, Seaborn 
20036, Matplotlib 
20037,Other
20039, Seaborn 
20039, Matplotlib 
20040, Matplotlib 
20040, Seaborn 
20041, Seaborn 
20041, Matplotlib 
20041, Plotly / Plotly Express 
20043, Matplotlib 
20043, Geoplotlib 
20043, Bokeh 
20045, Matplotlib 
20045, Plotly / Plotly Express 
20048, Ggplot / ggplot2 
20049, Seaborn 
20050, Ggplot / ggplot2 
20050, Geoplotlib 
20050, Seaborn 
20050, Leaflet / Folium 
20050, Plotly / Plotly Express 
20050, Matplotlib 
20052, Shiny 
20053, Matplotlib 
20054, Ggplot / ggplot2 
20055, Matplotlib 
20055, Seaborn 
20056, Seaborn 
20056, Matplotlib 
20057, Matplotlib 
20057, Seaborn 
20059, Plotly / Plotly Express 
20059, Seaborn 
20059, Altair 
20059, Matplotlib 
20060, Seaborn 
20060, Matplotlib 
20060, Dygraphs 
20062, Matplotlib 
20062, Seaborn 
20065, Matplotlib 
20065, Seaborn 
20066, Plotly / Plotly Express 
20066, Ggplot / ggplot2 
20066, Matplotlib 
20066, Geoplotlib 
20067, Matplotlib 
20067, Seaborn 
20070, Matplotlib 
20070, Plotly / Plotly Express 
20070, Seaborn 
20071, Seaborn 
20071, Matplotlib 
20072, Seaborn 
20072, Plotly / Plotly Express 
20072, Matplotlib 
20073, Seaborn 
20073, Matplotlib 
20074, Bokeh 
20074, Ggplot / ggplot2 
20074, Matplotlib 
20074, Seaborn 
20075, Seaborn 
20075, Matplotlib 
20076, Matplotlib 
20076, Seaborn 
20077, Matplotlib 
20077, Plotly / Plotly Express 
20078, Seaborn 
20078, Plotly / Plotly Express 
20078, Matplotlib 
20080, Ggplot / ggplot2 
20080, Plotly / Plotly Express 
20080, Geoplotlib 
20080, Matplotlib 
20080, Seaborn 
20081, Matplotlib 
20081, Ggplot / ggplot2 
20081, Seaborn 
20082, Seaborn 
20082,Other
20082, Matplotlib 
20083, Matplotlib 
20083, Seaborn 
20084, Plotly / Plotly Express 
20085, Seaborn 
20085, Matplotlib 
20086, Matplotlib 
20086,Other
20087, Ggplot / ggplot2 
20087, Matplotlib 
20088, Matplotlib 
20088, Altair 
20088, Seaborn 
20090, Plotly / Plotly Express 
20090, Highcharter 
20090, Ggplot / ggplot2 
20091, Matplotlib 
20091, Ggplot / ggplot2 
20092,Other
20093, Seaborn 
20093, Matplotlib 
20093, Plotly / Plotly Express 
20094, Matplotlib 
20096, Matplotlib 
20096, Seaborn 
20097, Matplotlib 
20097, Seaborn 
20098, Seaborn 
20098, Matplotlib 
20098, Altair 
20100, Geoplotlib 
20101, Matplotlib 
20101, Seaborn 
20101, Plotly / Plotly Express 
20101, D3 js 
20102, D3 js 
20104, Plotly / Plotly Express 
20104, Matplotlib 
20104, Seaborn 
20104, Ggplot / ggplot2 
20106, Seaborn 
20106, Matplotlib 
20107, Seaborn 
20107, Matplotlib 
20108, Plotly / Plotly Express 
20108, Shiny 
20108, Ggplot / ggplot2 
20109, Matplotlib 
20110, Seaborn 
20111, Seaborn 
20111, Plotly / Plotly Express 
20111, Matplotlib 
20113, Matplotlib 
20113, Plotly / Plotly Express 
20114, Matplotlib 
20115, Matplotlib 
20116, Seaborn 
20116, Plotly / Plotly Express 
20116, Ggplot / ggplot2 
20116, Matplotlib 
20117, Matplotlib 
20117, Seaborn 
20117, Plotly / Plotly Express 
20118, Matplotlib 
20118, Geoplotlib 
20118, Seaborn 
20119, Seaborn 
20119, Plotly / Plotly Express 
20119, Matplotlib 
20122, Bokeh 
20122, D3 js 
20122, Highcharter 
20122, Shiny 
20122, Geoplotlib 
20122, Plotly / Plotly Express 
20122, Leaflet / Folium 
20122, Pygal 
20122, Dygraphs 
20122, Seaborn 
20123,Other
20124, Seaborn 
20124, Matplotlib 
20125, Matplotlib 
20125, Seaborn 
20126, Geoplotlib 
20126, Ggplot / ggplot2 
20126, Matplotlib 
20126, Plotly / Plotly Express 
20126, Shiny 
20126, Seaborn 
20127, D3 js 
20127, Pygal 
20127, Plotly / Plotly Express 
20128, Matplotlib 
20128, Seaborn 
20128, Plotly / Plotly Express 
20129, Seaborn 
20129, Matplotlib 
20130, Seaborn 
20130, Geoplotlib 
20130, Matplotlib 
20134, Matplotlib 
20134, Seaborn 
20135, Matplotlib 
20135, Seaborn 
20138, Matplotlib 
20138, Plotly / Plotly Express 
20138, Ggplot / ggplot2 
20138, Seaborn 
20140, Matplotlib 
20140, Seaborn 
20141, Ggplot / ggplot2 
20142, Geoplotlib 
20142, Matplotlib 
20143, Matplotlib 
20143, Seaborn 
20144, Seaborn 
20144, Plotly / Plotly Express 
20144, Matplotlib 
20146, Plotly / Plotly Express 
20146, Matplotlib 
20146, Geoplotlib 
20146, Seaborn 
20147, Matplotlib 
20148, Plotly / Plotly Express 
20148, Seaborn 
20149, Seaborn 
20149, Matplotlib 
20149, Plotly / Plotly Express 
20152, Matplotlib 
20152, Seaborn 
20155, Seaborn 
20155, Matplotlib 
20157, Seaborn 
20157, Matplotlib 
20157, Ggplot / ggplot2 
20157, Plotly / Plotly Express 
20158, Matplotlib 
20161, Matplotlib 
20162, Matplotlib 
20163, Matplotlib 
20163, Seaborn 
20163, Plotly / Plotly Express 
20164, Matplotlib 
20164, Ggplot / ggplot2 
20165, Seaborn 
20165, Matplotlib 
20167, Matplotlib 
20167, Seaborn 
20168,Other
20169, D3 js 
20169, Plotly / Plotly Express 
20169, Seaborn 
20169, Matplotlib 
20169, Ggplot / ggplot2 
20169, Geoplotlib 
20171,Other
20172, Geoplotlib 
20172, Seaborn 
20172, Plotly / Plotly Express 
20172, Matplotlib 
20172, Ggplot / ggplot2 
20174, Seaborn 
20174, Matplotlib 
20174, Leaflet / Folium 
20175, Matplotlib 
20175, Seaborn 
20176, Matplotlib 
20176, D3 js 
20177, Seaborn 
20177, Matplotlib 
20177, Ggplot / ggplot2 
20178, Ggplot / ggplot2 
20178, Seaborn 
20178, Altair 
20181,Other
20183, Seaborn 
20183, Matplotlib 
20184, Ggplot / ggplot2 
20184, Matplotlib 
20184, Shiny 
20184, Seaborn 
20185, Matplotlib 
20186, Leaflet / Folium 
20186, Seaborn 
20186, Matplotlib 
20187, Ggplot / ggplot2 
20187, Seaborn 
20187, Matplotlib 
20188, Seaborn 
20188, Matplotlib 
20189, Matplotlib 
20190, Matplotlib 
20190, Seaborn 
20190, Plotly / Plotly Express 
20191, Matplotlib 
20191, Seaborn 
20192, Ggplot / ggplot2 
20192, Matplotlib 
20194, Plotly / Plotly Express 
20195, Plotly / Plotly Express 
20195, Matplotlib 
20195, Ggplot / ggplot2 
20195, Seaborn 
20197, Pygal 
20197, Seaborn 
20197, Plotly / Plotly Express 
20197, Matplotlib 
20198, Seaborn 
20198, Plotly / Plotly Express 
20198, Matplotlib 
20199, Shiny 
20199, Ggplot / ggplot2 
20200, Matplotlib 
20200, Ggplot / ggplot2 
20201, Matplotlib 
20201, Seaborn 
20202, Matplotlib 
20202, Plotly / Plotly Express 
20202, Seaborn 
20203, Seaborn 
20203, Matplotlib 
20204, Matplotlib 
20204, Ggplot / ggplot2 
20204, Seaborn 
20205, Matplotlib 
20205, Seaborn 
20205, Ggplot / ggplot2 
20206, Bokeh 
20206, Matplotlib 
20207, Matplotlib 
20207, Seaborn 
20209, Seaborn 
20209, Matplotlib 
20210, Matplotlib 
20211, Matplotlib 
20214, Matplotlib 
20215, Seaborn 
20215, Matplotlib 
20217, Seaborn 
20217, Matplotlib 
20218, Plotly / Plotly Express 
20218, Matplotlib 
20220, Matplotlib 
20222, Matplotlib 
20222, Seaborn 
20222, Plotly / Plotly Express 
20223, Matplotlib 
20223, Seaborn 
20224, Matplotlib 
20225, Seaborn 
20225, Bokeh 
20225, Matplotlib 
20227, Matplotlib 
20229, Matplotlib 
20229, Ggplot / ggplot2 
20230, Seaborn 
20230, Plotly / Plotly Express 
20230, Matplotlib 
20231, Matplotlib 
20232, Seaborn 
20232, Matplotlib 
20235, Matplotlib 
20235, Ggplot / ggplot2 
20235, Seaborn 
20235, Geoplotlib 
20236, Ggplot / ggplot2 
20237, Leaflet / Folium 
20237, Matplotlib 
20237, Bokeh 
20237, Seaborn 
20237, Plotly / Plotly Express 
20238, Seaborn 
20238, Matplotlib 
20239, Seaborn 
20239, Matplotlib 
20240, Matplotlib 
20240, Seaborn 
20241, Seaborn 
20241, Plotly / Plotly Express 
20241, Matplotlib 
20242, Matplotlib 
20244, Altair 
20244, Bokeh 
20244, Dygraphs 
20244, Matplotlib 
20244, Geoplotlib 
20244, Ggplot / ggplot2 
20246, Plotly / Plotly Express 
20246, Matplotlib 
20246, Geoplotlib 
20247, Geoplotlib 
20247, Shiny 
20247, D3 js 
20248, Plotly / Plotly Express 
20248, Seaborn 
20249, Seaborn 
20249, Plotly / Plotly Express 
20249, Matplotlib 
20251, Matplotlib 
20251, Seaborn 
20251, Ggplot / ggplot2 
20253, Plotly / Plotly Express 
20253, Matplotlib 
20253, Seaborn 
20254, Seaborn 
20254, Ggplot / ggplot2 
20254, Matplotlib 
20254, Plotly / Plotly Express 
20254, Geoplotlib 
20256, Ggplot / ggplot2 
20256, Matplotlib 
20256, Bokeh 
20256, Seaborn 
20256, Plotly / Plotly Express 
20257, Seaborn 
20257, Matplotlib 
20257, Plotly / Plotly Express 
20258, Plotly / Plotly Express 
20258, Matplotlib 
20258, Seaborn 
20259, Seaborn 
20259, Matplotlib 
20259, Plotly / Plotly Express 
20260, Shiny 
20260, Ggplot / ggplot2 
20260, Matplotlib 
20260, Bokeh 
20260, Seaborn 
20261, Seaborn 
20261, Matplotlib 
20261, Plotly / Plotly Express 
20263, Seaborn 
20263, Matplotlib 
20263, Ggplot / ggplot2 
20267, D3 js 
20267, Matplotlib 
20267, Seaborn 
20268, Seaborn 
20270, Matplotlib 
20270, Ggplot / ggplot2 
20270, Plotly / Plotly Express 
20270, Dygraphs 
20270, Shiny 
20270, Highcharter 
20272, Seaborn 
20272, Matplotlib 
20273, Matplotlib 
20273, Seaborn 
20274, Seaborn 
20274, Matplotlib 
20275, Ggplot / ggplot2 
20276, Seaborn 
20276, Matplotlib 
20278, Leaflet / Folium 
20278, D3 js 
20278, Dygraphs 
20278, Matplotlib 
20278, Ggplot / ggplot2 
20278, Geoplotlib 
20278, Seaborn 
20278, Plotly / Plotly Express 
20280, Ggplot / ggplot2 
20281, Matplotlib 
20281, Seaborn 
20282, Plotly / Plotly Express 
20282, Matplotlib 
20282,Other
20282, Ggplot / ggplot2 
20282, Seaborn 
20283, Ggplot / ggplot2 
20283, Matplotlib 
20285, Shiny 
20285, Seaborn 
20285, Plotly / Plotly Express 
20286, Matplotlib 
20286, Seaborn 
20287, Plotly / Plotly Express 
20287, Altair 
20287, Matplotlib 
20287, Seaborn 
20288, Seaborn 
20288, Plotly / Plotly Express 
20288, Matplotlib 
20290, Seaborn 
20290, Matplotlib 
20292, Matplotlib 
20292, Ggplot / ggplot2 
20292, Geoplotlib 
20294, Matplotlib 
20295, Matplotlib 
20296, Ggplot / ggplot2 
20296, Seaborn 
20296, Matplotlib 
20299, Plotly / Plotly Express 
20299, Matplotlib 
20299, Seaborn 
20301, Ggplot / ggplot2 
20302, Matplotlib 
20303, Altair 
20303, Geoplotlib 
20303, Highcharter 
20303, Matplotlib 
20305, Plotly / Plotly Express 
20305, Ggplot / ggplot2 
20306, Matplotlib 
20306, Seaborn 
20308, Seaborn 
20308, Matplotlib 
20310, Matplotlib 
20310, Plotly / Plotly Express 
20311, Pygal 
20313, Highcharter 
20318, Ggplot / ggplot2 
20318, Seaborn 
20318, Matplotlib 
20319, Matplotlib 
20319, Seaborn 
20319, Ggplot / ggplot2 
20322, Seaborn 
20322, Matplotlib 
20323, Matplotlib 
20324, Matplotlib 
20325, Ggplot / ggplot2 
20326, Seaborn 
20326, Matplotlib 
20326, Plotly / Plotly Express 
20328, Highcharter 
20328, Matplotlib 
20328, Seaborn 
20329, Seaborn 
20329, Matplotlib 
20330, Matplotlib 
20331, Ggplot / ggplot2 
20332,Other
20333, Plotly / Plotly Express 
20333, Seaborn 
20333, Matplotlib 
20336, Seaborn 
20336, Matplotlib 
20336, Plotly / Plotly Express 
20337, Matplotlib 
20341, Matplotlib 
20341, Seaborn 
20342, Bokeh 
20342, Altair 
20342, Plotly / Plotly Express 
20342, Matplotlib 
20343, Seaborn 
20343, Matplotlib 
20344, Matplotlib 
20344, Seaborn 
20345, Matplotlib 
20345, Leaflet / Folium 
20345, D3 js 
20345, Shiny 
20345, Geoplotlib 
20345,Other
20345, Dygraphs 
20345, Plotly / Plotly Express 
20345, Bokeh 
20345, Pygal 
20345, Highcharter 
20345, Ggplot / ggplot2 
20345, Altair 
20345, Seaborn 
20346, Matplotlib 
20346, Seaborn 
20347, Matplotlib 
20348, Matplotlib 
20350, Bokeh 
20350, Plotly / Plotly Express 
20350, Seaborn 
20350, Matplotlib 
20352, Plotly / Plotly Express 
20352, Geoplotlib 
20353, Matplotlib 
20356, Plotly / Plotly Express 
20356, Ggplot / ggplot2 
20356, Matplotlib 
20356, Shiny 
20356, Seaborn 
20356, Leaflet / Folium 
20356, Geoplotlib 
20357, Ggplot / ggplot2 
20357, Seaborn 
20357, Matplotlib 
20358, Ggplot / ggplot2 
20358, Seaborn 
20358, Matplotlib 
20360, Seaborn 
20362, Shiny 
20362, Matplotlib 
20362, Ggplot / ggplot2 
20362, Seaborn 
20362, Plotly / Plotly Express 
20364, Seaborn 
20364, Matplotlib 
20364, Plotly / Plotly Express 
20365,Other
20366, Matplotlib 
20367, Seaborn 
20367, Matplotlib 
20368, Matplotlib 
20368, Seaborn 
20369, Shiny 
20370, Matplotlib 
20372, Matplotlib 
20372, Seaborn 
20372, Ggplot / ggplot2 
20373, Matplotlib 
20374,Other
20375, Seaborn 
20375, Matplotlib 
20376, Highcharter 
20376, Dygraphs 
20377, Plotly / Plotly Express 
20377, Ggplot / ggplot2 
20382, Shiny 
20382, Geoplotlib 
20382, Ggplot / ggplot2 
20382, Plotly / Plotly Express 
20383, Seaborn 
20383, Matplotlib 
20385, Matplotlib 
20385, Seaborn 
20388, Leaflet / Folium 
20388, Plotly / Plotly Express 
20388, Seaborn 
20388, Matplotlib 
20392, Seaborn 
20392, Matplotlib 
20393, Seaborn 
20393, Matplotlib 
20394, Seaborn 
20394, Matplotlib 
20395, Seaborn 
20395, Plotly / Plotly Express 
20395, Ggplot / ggplot2 
20395, Matplotlib 
20396, Seaborn 
20396, Matplotlib 
20398, Matplotlib 
20398, Seaborn 
20402, Seaborn 
20402, Matplotlib 
20407, Seaborn 
20407, Matplotlib 
20408,Other
20409, D3 js 
20409, Highcharter 
20409, Pygal 
20409, Altair 
20409, Bokeh 
20409, Geoplotlib 
20409, Matplotlib 
20409, Shiny 
20409, Dygraphs 
20409, Leaflet / Folium 
20409, Plotly / Plotly Express 
20409, Seaborn 
20409, Ggplot / ggplot2 
20410,Other
20411, Matplotlib 
20412, Matplotlib 
20412, Seaborn 
20413, Seaborn 
20413, Matplotlib 
20414, Matplotlib 
20416,Other
20416, Geoplotlib 
20416, Pygal 
20416, Plotly / Plotly Express 
20417, Matplotlib 
20417, Seaborn 
20417, Plotly / Plotly Express 
20420, Matplotlib 
20420, Seaborn 
20423, Leaflet / Folium 
20423, Plotly / Plotly Express 
20423, Matplotlib 
20424, Matplotlib 
20424, Plotly / Plotly Express 
20424, Seaborn 
20425, Plotly / Plotly Express 
20425, Matplotlib 
20425, Ggplot / ggplot2 
20426, Matplotlib 
20426, Seaborn 
20428, Bokeh 
20428, Seaborn 
20428, Plotly / Plotly Express 
20428, Matplotlib 
20428, Ggplot / ggplot2 
20428, Shiny 
20429, Matplotlib 
20429, Seaborn 
20429, Plotly / Plotly Express 
20430, Seaborn 
20430, Geoplotlib 
20430, Matplotlib 
20432, Ggplot / ggplot2 
20432, Matplotlib 
20432, Seaborn 
20433, Plotly / Plotly Express 
20433, Matplotlib 
20433, Ggplot / ggplot2 
20433, Seaborn 
20433, D3 js 
20434, Plotly / Plotly Express 
20434, Ggplot / ggplot2 
20434, D3 js 
20434, Leaflet / Folium 
20434, Matplotlib 
20434, Seaborn 
20434, Bokeh 
20437, Matplotlib 
20437, Seaborn 
20438, Matplotlib 
20440, Plotly / Plotly Express 
20440, Seaborn 
20440, Matplotlib 
20442, Matplotlib 
20442,Other
20443, Matplotlib 
20443, Ggplot / ggplot2 
20443, Bokeh 
20443,Other
20444, Seaborn 
20444, Matplotlib 
20446, Plotly / Plotly Express 
20446, Seaborn 
20446, Matplotlib 
20448, Matplotlib 
20448, Seaborn 
20449, Matplotlib 
20449, Seaborn 
20454, Matplotlib 
20454, Seaborn 
20455, Seaborn 
20456, Seaborn 
20456, Matplotlib 
20456, Ggplot / ggplot2 
20457, Seaborn 
20457, Matplotlib 
20459, Matplotlib 
20459, Seaborn 
20461, Ggplot / ggplot2 
20461, Pygal 
20461, Dygraphs 
20462, Dygraphs 
20465, Altair 
20465, Pygal 
20465, D3 js 
20465, Highcharter 
20465, Shiny 
20465, Leaflet / Folium 
20465, Matplotlib 
20465, Dygraphs 
20465, Bokeh 
20465, Geoplotlib 
20465, Seaborn 
20465, Ggplot / ggplot2 
20465, Plotly / Plotly Express 
20466, Shiny 
20466, Plotly / Plotly Express 
20466, Seaborn 
20466, Matplotlib 
20466, Ggplot / ggplot2 
20467, Seaborn 
20467, Matplotlib 
20469, Seaborn 
20469, Geoplotlib 
20469, Matplotlib 
20470, Matplotlib 
20470, Ggplot / ggplot2 
20471, Seaborn 
20471, Matplotlib 
20472, Matplotlib 
20474, Matplotlib 
20474, Seaborn 
20475, Highcharter 
20475, D3 js 
20476, Seaborn 
20476, Matplotlib 
20478, Matplotlib 
20480, Matplotlib 
20482, D3 js 
20484, Geoplotlib 
20484, Seaborn 
20484, Plotly / Plotly Express 
20484, Ggplot / ggplot2 
20484, Dygraphs 
20484, Matplotlib 
20484, Highcharter 
20486, Seaborn 
20486, Matplotlib 
20486, Plotly / Plotly Express 
20488, Seaborn 
20488, Matplotlib 
20490, Matplotlib 
20490, Seaborn 
20491, D3 js 
20491, Matplotlib 
20491, Plotly / Plotly Express 
20491, Shiny 
20491, Seaborn 
20493, Ggplot / ggplot2 
20493, Matplotlib 
20493, Seaborn 
20493, Plotly / Plotly Express 
20494, Matplotlib 
20494, Seaborn 
20495, Seaborn 
20495, Plotly / Plotly Express 
20495, Matplotlib 
20497, Matplotlib 
20498, Ggplot / ggplot2 
20498, Bokeh 
20498, Seaborn 
20498, Geoplotlib 
20498, Altair 
20499, Seaborn 
20499, Matplotlib 
20500, Matplotlib 
20500, Seaborn 
20501, Seaborn 
20501, Matplotlib 
20502, Matplotlib 
20502, Seaborn 
20504, Pygal 
20504, Matplotlib 
20505, Matplotlib 
20507, Ggplot / ggplot2 
20509, Matplotlib 
20510, Ggplot / ggplot2 
20510, Seaborn 
20510, Plotly / Plotly Express 
20511, Matplotlib 
20512, Matplotlib 
20513, Plotly / Plotly Express 
20513, Ggplot / ggplot2 
20513, Matplotlib 
20513, Seaborn 
20513, Shiny 
20514, Matplotlib 
20514, Seaborn 
20516, Seaborn 
20516, Matplotlib 
20517, Altair 
20518, Pygal 
20518, Matplotlib 
20519, Ggplot / ggplot2 
20519, Seaborn 
20519, Matplotlib 
20519, Plotly / Plotly Express 
20520,Other
20521, Matplotlib 
20523, Dygraphs 
20523, Leaflet / Folium 
20523, Plotly / Plotly Express 
20523, Ggplot / ggplot2 
20524, Ggplot / ggplot2 
20524, Seaborn 
20524, Matplotlib 
20525, Ggplot / ggplot2 
20525, Seaborn 
20525, Matplotlib 
20525, Plotly / Plotly Express 
20526, Seaborn 
20526, Matplotlib 
20528, Seaborn 
20528, Altair 
20528, D3 js 
20528, Matplotlib 
20528, Ggplot / ggplot2 
20528, Shiny 
20528, Geoplotlib 
20528, Plotly / Plotly Express 
20530, Plotly / Plotly Express 
20530, Matplotlib 
20530, Seaborn 
20537, Altair 
20537, Matplotlib 
20537, Seaborn 
20537, D3 js 
20538, Plotly / Plotly Express 
20538, Seaborn 
20538, Matplotlib 
20542,Other
20543, Shiny 
20543, Ggplot / ggplot2 
20543, Highcharter 
20543, Matplotlib 
20543, Plotly / Plotly Express 
20543, D3 js 
20545, Matplotlib 
20545, Seaborn 
20546, Seaborn 
20546, Matplotlib 
20546, Ggplot / ggplot2 
20548, Matplotlib 
20550, Matplotlib 
20550,Other
20550, Seaborn 
20551, Matplotlib 
20553, Matplotlib 
20553, Seaborn 
20555, Matplotlib 
20555, Seaborn 
20555, Plotly / Plotly Express 
20556, Matplotlib 
20557, Matplotlib 
20557, Seaborn 
20558, D3 js 
20558, Matplotlib 
20559, Matplotlib 
20559, Seaborn 
20560, Matplotlib 
20560, Seaborn 
20565, Seaborn 
20565, Plotly / Plotly Express 
20566, Plotly / Plotly Express 
20566, Matplotlib 
20568,Other
20569, Matplotlib 
20569, Seaborn 
20570, Matplotlib 
20570, Seaborn 
20570, Dygraphs 
20570, Ggplot / ggplot2 
20573, Matplotlib 
20574, Matplotlib 
20574, Leaflet / Folium 
20574, Seaborn 
20575, Matplotlib 
20575, Seaborn 
20576, Plotly / Plotly Express 
20577, Matplotlib 
20577, Seaborn 
20578, Ggplot / ggplot2 
20578, Plotly / Plotly Express 
20578, Shiny 
20578, Matplotlib 
20578, D3 js 
20579, Matplotlib 
20580, Seaborn 
20581, Matplotlib 
20581,Other
20581, Seaborn 
20582, Ggplot / ggplot2 
20583, Ggplot / ggplot2 
20584, Seaborn 
20584, Ggplot / ggplot2 
20584, Geoplotlib 
20584, Matplotlib 
20585, Matplotlib 
20585, Seaborn 
20586, Matplotlib 
20587, Matplotlib 
20587, Seaborn 
20590, Ggplot / ggplot2 
20590, Leaflet / Folium 
20590, Plotly / Plotly Express 
20590, Matplotlib 
20590, Seaborn 
20591, Plotly / Plotly Express 
20591, Seaborn 
20591, Matplotlib 
20592, Seaborn 
20592, Matplotlib 
20593, Ggplot / ggplot2 
20595, Shiny 
20596, Seaborn 
20596, Matplotlib 
20596, Plotly / Plotly Express 
20596, Ggplot / ggplot2 
20597, Matplotlib 
20597, Seaborn 
20598, Plotly / Plotly Express 
20598,Other
20598, Seaborn 
20603, Seaborn 
20603, Plotly / Plotly Express 
20603, Matplotlib 
20604, Plotly / Plotly Express 
20604, Matplotlib 
20604, Ggplot / ggplot2 
20606, Seaborn 
20607, Seaborn 
20607, Matplotlib 
20608, Matplotlib 
20608, Seaborn 
20610, Geoplotlib 
20610, Seaborn 
20610, Plotly / Plotly Express 
20610, Matplotlib 
20611, Ggplot / ggplot2 
20613, Matplotlib 
20613, Seaborn 
20615, Matplotlib 
20615, Ggplot / ggplot2 
20616, Ggplot / ggplot2 
20616, Matplotlib 
20616, Geoplotlib 
20616, D3 js 
20616, Seaborn 
20616, Plotly / Plotly Express 
20617, Matplotlib 
20618, Matplotlib 
20620, Seaborn 
20620, Matplotlib 
20621, Dygraphs 
20621, Matplotlib 
20621, Plotly / Plotly Express 
20621, Seaborn 
20621, Geoplotlib 
20622,Other
20622, Matplotlib 
20623, Plotly / Plotly Express 
20623, Seaborn 
20623, Bokeh 
20623, Matplotlib 
20624, Matplotlib 
20624, Seaborn 
20625, D3 js 
20625, Plotly / Plotly Express 
20625, Matplotlib 
20625, Seaborn 
20626, Pygal 
20626, Leaflet / Folium 
20627, Matplotlib 
20627, Seaborn 
20628, Ggplot / ggplot2 
20628, Pygal 
20628, Highcharter 
20628, Shiny 
20628, Geoplotlib 
20628, Plotly / Plotly Express 
20628, Dygraphs 
20628, Matplotlib 
20629, Matplotlib 
20630, Matplotlib 
20631, Ggplot / ggplot2 
20631, Matplotlib 
20633, Matplotlib 
20633, Seaborn 
20636, Seaborn 
20636, Matplotlib 
20637, Matplotlib 
20638, Matplotlib 
20638, Seaborn 
20639, Matplotlib 
20639, Seaborn 
20640, Shiny 
20640, Ggplot / ggplot2 
20641, Matplotlib 
20643, Seaborn 
20643, Matplotlib 
20643, Plotly / Plotly Express 
20644, Matplotlib 
20648, Seaborn 
20648, Shiny 
20648, Plotly / Plotly Express 
20649, Ggplot / ggplot2 
20649, Seaborn 
20649, Matplotlib 
20650, Matplotlib 
20651, Plotly / Plotly Express 
20651, Seaborn 
20651, Leaflet / Folium 
20651, Highcharter 
20651, Ggplot / ggplot2 
20651, Matplotlib 
20651, Shiny 
20653, Shiny 
20653, Geoplotlib 
20653, Seaborn 
20653, Matplotlib 
20654, Matplotlib 
20654, Seaborn 
20654, Plotly / Plotly Express 
20656, Ggplot / ggplot2 
20656, Seaborn 
20656, Matplotlib 
20656, Geoplotlib 
20657, Matplotlib 
20657, Plotly / Plotly Express 
20657, Seaborn 
20659, Matplotlib 
20659, Seaborn 
20660, Matplotlib 
20661,Other
20662, Shiny 
20662, Ggplot / ggplot2 
20662, Matplotlib 
20662, Seaborn 
20663, Plotly / Plotly Express 
20663, Matplotlib 
20663, Seaborn 
20663, Bokeh 
20665, Seaborn 
20665, Ggplot / ggplot2 
20665, Matplotlib 
20665, Plotly / Plotly Express 
20666, Seaborn 
20666, Matplotlib 
20666, Ggplot / ggplot2 
20666, Shiny 
20667, Ggplot / ggplot2 
20667, Matplotlib 
20667, Seaborn 
20668, Dygraphs 
20668, Geoplotlib 
20668, Plotly / Plotly Express 
20668, Seaborn 
20669, Matplotlib 
20669, Seaborn 
20670, Highcharter 
20670, Leaflet / Folium 
20670, Pygal 
20670, Seaborn 
20670, Matplotlib 
20670, Geoplotlib 
20670, D3 js 
20670, Dygraphs 
20670, Plotly / Plotly Express 
20671, Matplotlib 
20672, Matplotlib 
20672, Ggplot / ggplot2 
20672, Seaborn 
20672, Shiny 
20673, Seaborn 
20673, Matplotlib 
20674, Matplotlib 
20674, Plotly / Plotly Express 
20674, Seaborn 
20675, Matplotlib 
20675, Seaborn 
20678, Seaborn 
20678, Matplotlib 
20681, Matplotlib 
20683, Ggplot / ggplot2 
20683, Matplotlib 
20683, Seaborn 
20684, Seaborn 
20684, Ggplot / ggplot2 
20684, Plotly / Plotly Express 
20684, Leaflet / Folium 
20684, Bokeh 
20684, Matplotlib 
20686, Matplotlib 
20687, Pygal 
20687, D3 js 
20687, Matplotlib 
20687, Seaborn 
20689, Matplotlib 
20692, Matplotlib 
20692, Shiny 
20692, Seaborn 
20692, Plotly / Plotly Express 
20693, Matplotlib 
20694, Plotly / Plotly Express 
20694, Seaborn 
20694, Matplotlib 
20695, Ggplot / ggplot2 
20695, Plotly / Plotly Express 
20695, Seaborn 
20695, Geoplotlib 
20695, Matplotlib 
20697, Plotly / Plotly Express 
20697, Matplotlib 
20697, Seaborn 
20699, Seaborn 
20699, Matplotlib 
20701,Other
20703, Ggplot / ggplot2 
20703, Matplotlib 
20703, Seaborn 
20704, Ggplot / ggplot2 
20705, Matplotlib 
20705, Seaborn 
20708, Seaborn 
20708, Matplotlib 
20710, Seaborn 
20711, Plotly / Plotly Express 
20711, Highcharter 
20711, Seaborn 
20712, Matplotlib 
20712, Seaborn 
20713, Matplotlib 
20713, Seaborn 
20714, Seaborn 
20714, Matplotlib 
20716, Pygal 
20716, Seaborn 
20717, Matplotlib 
20717, Ggplot / ggplot2 
20718, Seaborn 
20718, Matplotlib 
20721, Matplotlib 
20721, D3 js 
20723,Other
20724, Seaborn 
20724, Matplotlib 
20725, Matplotlib 
20725, Ggplot / ggplot2 
20725, Plotly / Plotly Express 
20725, Seaborn 
20726, Ggplot / ggplot2 
20726, Matplotlib 
20726, Seaborn 
20728, Seaborn 
20731, Bokeh 
20732, Seaborn 
20733, Matplotlib 
20733, Plotly / Plotly Express 
20733, Seaborn 
20734, Ggplot / ggplot2 
20735, Matplotlib 
20735, Plotly / Plotly Express 
20736, Seaborn 
20736, Matplotlib 
20736, Ggplot / ggplot2 
20739, Seaborn 
20739, Matplotlib 
20739, Ggplot / ggplot2 
20739, Bokeh 
20739, Shiny 
20739, Plotly / Plotly Express 
20742, Matplotlib 
20744, Matplotlib 
20745, Matplotlib 
20745, Seaborn 
20747, Matplotlib 
20747, Seaborn 
20747, Geoplotlib 
20748, Matplotlib 
20749, Seaborn 
20749, Matplotlib 
20750, Matplotlib 
20750, Leaflet / Folium 
20750, Ggplot / ggplot2 
20750, Geoplotlib 
20750, Seaborn 
20750, Plotly / Plotly Express 
20751, Plotly / Plotly Express 
20751, Seaborn 
20751, Matplotlib 
20752, Matplotlib 
20752, Ggplot / ggplot2 
20752, Seaborn 
20754, Matplotlib 
20754, Altair 
20754, Dygraphs 
20754, D3 js 
20755, Matplotlib 
20755, Seaborn 
20756, Seaborn 
20756, Matplotlib 
20756,Other
20756, Plotly / Plotly Express 
20757, Seaborn 
20757, Ggplot / ggplot2 
20757, Leaflet / Folium 
20758, Matplotlib 
20758, Seaborn 
20760, Matplotlib 
20761, Ggplot / ggplot2 
20761, Plotly / Plotly Express 
20761, Altair 
20763, Seaborn 
20763, Matplotlib 
20764, Matplotlib 
20764, Seaborn 
20766, Plotly / Plotly Express 
20766, Seaborn 
20766, Matplotlib 
20767, Seaborn 
20769, Matplotlib 
20769, Seaborn 
20769, Ggplot / ggplot2 
20770, Matplotlib 
20771, Seaborn 
20771, Plotly / Plotly Express 
20771, Matplotlib 
20775, Pygal 
20778, Matplotlib 
20778, Seaborn 
20779, Seaborn 
20779, Matplotlib 
20779, Ggplot / ggplot2 
20780, Seaborn 
20780, Matplotlib 
20781, Plotly / Plotly Express 
20781, Matplotlib 
20781, Geoplotlib 
20781, Seaborn 
20783, Seaborn 
20783, Matplotlib 
20785, Ggplot / ggplot2 
20785, Geoplotlib 
20786, Altair 
20788, Seaborn 
20789, Matplotlib 
20789, Seaborn 
20790, Seaborn 
20791, Matplotlib 
20791, Seaborn 
20791, Plotly / Plotly Express 
20792, Matplotlib 
20792, Seaborn 
20792, Ggplot / ggplot2 
20792, Plotly / Plotly Express 
20792, Shiny 
20794, Ggplot / ggplot2 
20794, Matplotlib 
20794, Plotly / Plotly Express 
20795, Seaborn 
20795, Plotly / Plotly Express 
20798, Matplotlib 
20798, Shiny 
20798, Ggplot / ggplot2 
20798, Plotly / Plotly Express 
20799, Matplotlib 
20799, Seaborn 
20800, Ggplot / ggplot2 
20800, Matplotlib 
20800, Seaborn 
20801, Matplotlib 
20801, Seaborn 
20804, Ggplot / ggplot2 
20804, Shiny 
20804, Matplotlib 
20805, Seaborn 
20805, Matplotlib 
20806, Matplotlib 
20806, Plotly / Plotly Express 
20806, Seaborn 
20806,Other
20808, Seaborn 
20808, Plotly / Plotly Express 
20808, Geoplotlib 
20808, Matplotlib 
20810, Plotly / Plotly Express 
20810, Matplotlib 
20810, Seaborn 
20811, Matplotlib 
20811, Plotly / Plotly Express 
20811, Ggplot / ggplot2 
20811, Seaborn 
20812, Matplotlib 
20814, Shiny 
20814, Matplotlib 
20814, Seaborn 
20814, Ggplot / ggplot2 
20815, Seaborn 
20815, Matplotlib 
20816, Matplotlib 
20817, Seaborn 
20817, Matplotlib 
20817, Plotly / Plotly Express 
20818, Matplotlib 
20818, Seaborn 
20819, Matplotlib 
20819, Seaborn 
20819, Ggplot / ggplot2 
20819, Plotly / Plotly Express 
20820, Seaborn 
20820, Matplotlib 
20821, Seaborn 
20821, Matplotlib 
20821, Plotly / Plotly Express 
20823, Matplotlib 
20823, Seaborn 
20825, Matplotlib 
20825, Seaborn 
20826, Seaborn 
20826, Matplotlib 
20828, Shiny 
20828, Ggplot / ggplot2 
20829, Seaborn 
20829, Plotly / Plotly Express 
20829, Matplotlib 
20831, Matplotlib 
20831, Seaborn 
20832, Seaborn 
20834, Matplotlib 
20834, Ggplot / ggplot2 
20834, Shiny 
20834, Seaborn 
20835, Matplotlib 
20835, Seaborn 
20837, Seaborn 
20837, Matplotlib 
20838, Bokeh 
20838, Matplotlib 
20840, Plotly / Plotly Express 
20841, Matplotlib 
20841, Ggplot / ggplot2 
20841, Geoplotlib 
20841, Plotly / Plotly Express 
20841, Seaborn 
20843, Matplotlib 
20843, Seaborn 
20843, Ggplot / ggplot2 
20843, Plotly / Plotly Express 
20844, Matplotlib 
20845, Seaborn 
20845, Matplotlib 
20846, Matplotlib 
20847, Matplotlib 
20847, Seaborn 
20849, Seaborn 
20849, Matplotlib 
20849, Plotly / Plotly Express 
20850, Seaborn 
20850, Ggplot / ggplot2 
20851, Ggplot / ggplot2 
20852, Ggplot / ggplot2 
20852, Plotly / Plotly Express 
20852, Seaborn 
20852, Matplotlib 
20854, Seaborn 
20854, Matplotlib 
20855, Matplotlib 
20856, Seaborn 
20856, Matplotlib 
20857, Ggplot / ggplot2 
20859, Plotly / Plotly Express 
20859, Ggplot / ggplot2 
20861, Seaborn 
20861, Bokeh 
20861, Matplotlib 
20861, Ggplot / ggplot2 
20861, D3 js 
20862, Plotly / Plotly Express 
20862, Matplotlib 
20862, Seaborn 
20864, Seaborn 
20864, Matplotlib 
20865, Plotly / Plotly Express 
20865, Seaborn 
20865, Matplotlib 
20866, Seaborn 
20866, Plotly / Plotly Express 
20866, Altair 
20866, Matplotlib 
20867, Matplotlib 
20869,Other
20869, Matplotlib 
20870, Matplotlib 
20870, Seaborn 
20871, Matplotlib 
20871, Shiny 
20872, Matplotlib 
20872, Bokeh 
20872, Seaborn 
20873, Matplotlib 
20874, Seaborn 
20874, Matplotlib 
20878, Matplotlib 
20880, Matplotlib 
20880, Seaborn 
20881, Ggplot / ggplot2 
20881, Seaborn 
20881, Matplotlib 
20882, Plotly / Plotly Express 
20882, Geoplotlib 
20883, Matplotlib 
20884, Matplotlib 
20885, Matplotlib 
20885, Seaborn 
20886, Ggplot / ggplot2 
20886, Shiny 
20886, Seaborn 
20886, Matplotlib 
20887, Matplotlib 
20887, Seaborn 
20888, Seaborn 
20888, Matplotlib 
20890, Seaborn 
20890, Plotly / Plotly Express 
20890, Ggplot / ggplot2 
20890, Matplotlib 
20891, Matplotlib 
20892, Seaborn 
20892, Matplotlib 
20893, Ggplot / ggplot2 
20895, Ggplot / ggplot2 
20895, Matplotlib 
20895, Plotly / Plotly Express 
20896, Matplotlib 
20897, Seaborn 
20897, Matplotlib 
20900, Plotly / Plotly Express 
20900, Seaborn 
20900, Matplotlib 
20901, Ggplot / ggplot2 
20901, Seaborn 
20901, Matplotlib 
20903, Ggplot / ggplot2 
20903, Seaborn 
20903, Matplotlib 
20904, Plotly / Plotly Express 
20904, Matplotlib 
20905, Matplotlib 
20907, Seaborn 
20907, Matplotlib 
20908, Seaborn 
20908, Matplotlib 
20909, Plotly / Plotly Express 
20909, Seaborn 
20909, Matplotlib 
20909, Leaflet / Folium 
20911, Seaborn 
20911, Matplotlib 
20912, Seaborn 
20912, Matplotlib 
20913, Ggplot / ggplot2 
20913, Plotly / Plotly Express 
20913, Matplotlib 
20913, Seaborn 
20915, Seaborn 
20915, Matplotlib 
20916, Plotly / Plotly Express 
20916, Geoplotlib 
20916, Seaborn 
20919, Matplotlib 
20920, Matplotlib 
20920, Seaborn 
20920, Plotly / Plotly Express 
20922, Plotly / Plotly Express 
20922, Seaborn 
20923, Matplotlib 
20924, Seaborn 
20924, Matplotlib 
20926, Seaborn 
20926, Matplotlib 
20926, Plotly / Plotly Express 
20927, Seaborn 
20927, Plotly / Plotly Express 
20927, Ggplot / ggplot2 
20929, Matplotlib 
20929, Plotly / Plotly Express 
20929, Seaborn 
20929, Ggplot / ggplot2 
20932, Ggplot / ggplot2 
20932, Plotly / Plotly Express 
20932, Seaborn 
20933, Seaborn 
20933, Altair 
20933, Matplotlib 
20933,Other
20934, Plotly / Plotly Express 
20934, Matplotlib 
20934, Seaborn 
20934, Ggplot / ggplot2 
20935, Seaborn 
20935, Matplotlib 
20935, Plotly / Plotly Express 
20935, Ggplot / ggplot2 
20936, Bokeh 
20936, Ggplot / ggplot2 
20936, Matplotlib 
20936, Plotly / Plotly Express 
20936, Seaborn 
20937, Seaborn 
20937, Plotly / Plotly Express 
20940, Matplotlib 
20941, Matplotlib 
20941, Seaborn 
20941, Plotly / Plotly Express 
20941, Bokeh 
20943, Seaborn 
20943, Matplotlib 
20945, Ggplot / ggplot2 
20945, Matplotlib 
20945, Plotly / Plotly Express 
20945, Seaborn 
20946, Matplotlib 
20946, Bokeh 
20946, Plotly / Plotly Express 
20948, Highcharter 
20948, Leaflet / Folium 
20948, Shiny 
20948, D3 js 
20948, Plotly / Plotly Express 
20948, Ggplot / ggplot2 
20949, Plotly / Plotly Express 
20949, Matplotlib 
20950, Matplotlib 
20950, Seaborn 
20950, Plotly / Plotly Express 
20951, Matplotlib 
20952, Matplotlib 
20952, Plotly / Plotly Express 
20952, Seaborn 
20952, Ggplot / ggplot2 
20953, Seaborn 
20956, Matplotlib 
20956, Seaborn 
20957, Matplotlib 
20957, Seaborn 
20958, D3 js 
20958, Leaflet / Folium 
20958, Matplotlib 
20958, Ggplot / ggplot2 
20960, Matplotlib 
20960, Seaborn 
20961, Plotly / Plotly Express 
20961, Seaborn 
20964, Seaborn 
20964, Ggplot / ggplot2 
20964, Matplotlib 
20965,Other
20965, Ggplot / ggplot2 
20966, Matplotlib 
20966, Seaborn 
20967, Matplotlib 
20967, Seaborn 
20967, Ggplot / ggplot2 
20967, Plotly / Plotly Express 
20968, Plotly / Plotly Express 
20968, Ggplot / ggplot2 
20968, Matplotlib 
20968, Leaflet / Folium 
20968, Seaborn 
20970, Seaborn 
20971, D3 js 
20971, Leaflet / Folium 
20971,Other
20973, Matplotlib 
20973, Seaborn 
20974, Seaborn 
20974, Matplotlib 
20975, Matplotlib 
20975, Ggplot / ggplot2 
20978, Seaborn 
20978, Matplotlib 
20979, Plotly / Plotly Express 
20979, Matplotlib 
20979, Ggplot / ggplot2 
20979, Seaborn 
20981, Seaborn 
20981, Plotly / Plotly Express 
20981, Matplotlib 
20983, Matplotlib 
20983, Ggplot / ggplot2 
20983, Seaborn 
20984, Matplotlib 
20985, Geoplotlib 
20985, Matplotlib 
20985, Seaborn 
20985, Ggplot / ggplot2 
20986, Plotly / Plotly Express 
20986, Seaborn 
20986, Matplotlib 
20987, Seaborn 
20989, Ggplot / ggplot2 
20989, Matplotlib 
20989, Seaborn 
20990, Plotly / Plotly Express 
20990, Seaborn 
20990, Matplotlib 
20990, Ggplot / ggplot2 
20991, Bokeh 
20991, Pygal 
20992, Plotly / Plotly Express 
20992, Matplotlib 
20993, Matplotlib 
20993, Seaborn 
20993, Ggplot / ggplot2 
20993, Plotly / Plotly Express 
20994, Seaborn 
20994, Matplotlib 
20994, Plotly / Plotly Express 
20994, Ggplot / ggplot2 
20996, Seaborn 
20996, Matplotlib 
20997, Ggplot / ggplot2 
20997, Plotly / Plotly Express 
20997, Matplotlib 
20997, Seaborn 
20999, Matplotlib 
20999, Seaborn 
21001, Matplotlib 
21001, Plotly / Plotly Express 
21005, Matplotlib 
21006, Matplotlib 
21006, Ggplot / ggplot2 
21008, Seaborn 
21008, Ggplot / ggplot2 
21008, Plotly / Plotly Express 
21008, Bokeh 
21008, Matplotlib 
21010, Matplotlib 
21010, Ggplot / ggplot2 
21011, Ggplot / ggplot2 
21011, Matplotlib 
21011, Seaborn 
21013, Seaborn 
21013, Matplotlib 
21015, Ggplot / ggplot2 
21016, Plotly / Plotly Express 
21016,Other
21016, Geoplotlib 
21016, Matplotlib 
21019, Matplotlib 
21019, Seaborn 
21021, Matplotlib 
21022, Matplotlib 
21024,Other
21025, Matplotlib 
21028,Other
21028, Seaborn 
21028, Plotly / Plotly Express 
21028, Matplotlib 
21029, Matplotlib 
21029, Seaborn 
21030, Matplotlib 
21035, Matplotlib 
21037, Matplotlib 
21037, Seaborn 
21038, Matplotlib 
21038, Seaborn 
21041, Seaborn 
21041, Matplotlib 
21042, Matplotlib 
21043, Matplotlib 
21044, Matplotlib 
21044, Seaborn 
21044, Plotly / Plotly Express 
21046, Plotly / Plotly Express 
21046, Seaborn 
21046, Matplotlib 
21047, Seaborn 
21047, Matplotlib 
21048, Matplotlib 
21048, Seaborn 
21050, Matplotlib 
21052, Matplotlib 
21054, Ggplot / ggplot2 
21054, Shiny 
21055, Matplotlib 
21055, Seaborn 
21056, Matplotlib 
21059, Seaborn 
21059, Pygal 
21059, Ggplot / ggplot2 
21059, Plotly / Plotly Express 
21059, Bokeh 
21059, Matplotlib 
21059, Shiny 
21059, D3 js 
21060, Ggplot / ggplot2 
21060,Other
21060, Dygraphs 
21060, D3 js 
21060, Matplotlib 
21060, Bokeh 
21060, Plotly / Plotly Express 
21060, Shiny 
21060, Seaborn 
21061, Matplotlib 
21062, Seaborn 
21062, Bokeh 
21062, Matplotlib 
21062, Plotly / Plotly Express 
21062, D3 js 
21063, Matplotlib 
21063, Ggplot / ggplot2 
21064, Matplotlib 
21064, D3 js 
21066, Matplotlib 
21066, Plotly / Plotly Express 
21067, Seaborn 
21067, Matplotlib 
21067, Shiny 
21067, Ggplot / ggplot2 
21067, Plotly / Plotly Express 
21068, Matplotlib 
21068, Seaborn 
21069, Seaborn 
21069, Matplotlib 
21069, Plotly / Plotly Express 
21071, Plotly / Plotly Express 
21071, Matplotlib 
21071, Seaborn 
21071, Ggplot / ggplot2 
21073, Matplotlib 
21074, Matplotlib 
21074,Other
21076, Matplotlib 
21077, Ggplot / ggplot2 
21077, Matplotlib 
21077, Seaborn 
21078, Seaborn 
21078, Matplotlib 
21081, Plotly / Plotly Express 
21081, Seaborn 
21081, Matplotlib 
21084, Seaborn 
21084, Matplotlib 
21084, Plotly / Plotly Express 
21087, Matplotlib 
21087, Ggplot / ggplot2 
21089, Matplotlib 
21089, Ggplot / ggplot2 
21089, Seaborn 
21092, D3 js 
21093, Matplotlib 
21094, Ggplot / ggplot2 
21094, Matplotlib 
21095, Matplotlib 
21095, Seaborn 
21095, Plotly / Plotly Express 
21096, Matplotlib 
21096, Seaborn 
21097, Matplotlib 
21097, Seaborn 
21097, Ggplot / ggplot2 
21097, Plotly / Plotly Express 
21097, Shiny 
21098, Matplotlib 
21099,Other
21100,Other
21101, Seaborn 
21101, Matplotlib 
21102, Seaborn 
21102, Matplotlib 
21103, Seaborn 
21103, Matplotlib 
21104, Seaborn 
21104, Plotly / Plotly Express 
21104, Matplotlib 
21105, Seaborn 
21105, Matplotlib 
21106, Matplotlib 
21107, Seaborn 
21107, Matplotlib 
21108, Matplotlib 
21108, Seaborn 
21109, Plotly / Plotly Express 
21109, Ggplot / ggplot2 
21109, Matplotlib 
21109, Seaborn 
21110, Matplotlib 
21111, Matplotlib 
21112, Plotly / Plotly Express 
21112, Matplotlib 
21112, Seaborn 
21113, Matplotlib 
21113, Seaborn 
21114, Matplotlib 
21115, Matplotlib 
21115, Seaborn 
21116, Matplotlib 
21120, Plotly / Plotly Express 
21120, Seaborn 
21120, Matplotlib 
21122, Matplotlib 
21122, Seaborn 
21124, Ggplot / ggplot2 
21125, Ggplot / ggplot2 
21125, Plotly / Plotly Express 
21125, Geoplotlib 
21125, Shiny 
21125, Seaborn 
21126, Matplotlib 
21126, Seaborn 
21127, Matplotlib 
21128, Matplotlib 
21128, Dygraphs 
21129, Seaborn 
21129, Matplotlib 
21130, Plotly / Plotly Express 
21130, Geoplotlib 
21130, Matplotlib 
21130, Seaborn 
21131, Matplotlib 
21131, Plotly / Plotly Express 
21131, Ggplot / ggplot2 
21131, Seaborn 
21132, Matplotlib 
21132, Plotly / Plotly Express 
21134, Matplotlib 
21134, Seaborn 
21135, Seaborn 
21135, Matplotlib 
21135, Plotly / Plotly Express 
21136, Matplotlib 
21137, Matplotlib 
21138, Seaborn 
21139, Plotly / Plotly Express 
21139, Seaborn 
21139, Matplotlib 
21140, Matplotlib 
21140, Seaborn 
21142, Seaborn 
21142, Dygraphs 
21145, Matplotlib 
21145, Seaborn 
21146, Shiny 
21146, Seaborn 
21146, D3 js 
21146, Leaflet / Folium 
21146, Ggplot / ggplot2 
21146, Plotly / Plotly Express 
21146, Matplotlib 
21148, Shiny 
21148, Ggplot / ggplot2 
21148, Plotly / Plotly Express 
21148, Seaborn 
21149, Matplotlib 
21149, Ggplot / ggplot2 
21149, Seaborn 
21152, Ggplot / ggplot2 
21154, Plotly / Plotly Express 
21154, Seaborn 
21154, Ggplot / ggplot2 
21154, Pygal 
21154, Highcharter 
21154, Dygraphs 
21154, Geoplotlib 
21154, Matplotlib 
21155, Seaborn 
21155, Matplotlib 
21156, Matplotlib 
21156, Altair 
21157, Plotly / Plotly Express 
21157, Matplotlib 
21157, Seaborn 
21158, Matplotlib 
21160, Ggplot / ggplot2 
21163, Ggplot / ggplot2 
21164, Matplotlib 
21164, Seaborn 
21166, Matplotlib 
21167, Matplotlib 
21167, Geoplotlib 
21167, Plotly / Plotly Express 
21167, Bokeh 
21167, Seaborn 
21167, Ggplot / ggplot2 
21169, Matplotlib 
21171, Seaborn 
21171, Plotly / Plotly Express 
21171, Matplotlib 
21171, Ggplot / ggplot2 
21172, Matplotlib 
21173, Matplotlib 
21173, Plotly / Plotly Express 
21173, Dygraphs 
21173, Seaborn 
21174, Plotly / Plotly Express 
21174, Seaborn 
21174, Matplotlib 
21177, Plotly / Plotly Express 
21177, Seaborn 
21177, Matplotlib 
21177, Ggplot / ggplot2 
21179,Other
21180, Matplotlib 
21180, Plotly / Plotly Express 
21182, Matplotlib 
21182, Seaborn 
21185, Ggplot / ggplot2 
21185, Geoplotlib 
21185, Matplotlib 
21185, Seaborn 
21186,Other
21186, Shiny 
21187, Seaborn 
21187, Matplotlib 
21188, Matplotlib 
21190,Other
21193, Matplotlib 
21194, Seaborn 
21194, Matplotlib 
21195, Matplotlib 
21198, Matplotlib 
21199, Ggplot / ggplot2 
21201, Seaborn 
21201, Matplotlib 
21201, Ggplot / ggplot2 
21201, Plotly / Plotly Express 
21201, Leaflet / Folium 
21203, Seaborn 
21203, Matplotlib 
21204, Bokeh 
21204, Ggplot / ggplot2 
21204, Plotly / Plotly Express 
21204, Seaborn 
21204, Matplotlib 
21204, Shiny 
21205, Seaborn 
21205, Matplotlib 
21207, Matplotlib 
21208, Matplotlib 
21210, Matplotlib 
21210, Plotly / Plotly Express 
21210, Seaborn 
21211, Matplotlib 
21211, Seaborn 
21212, Seaborn 
21212, Ggplot / ggplot2 
21212, Matplotlib 
21213, Matplotlib 
21213, Plotly / Plotly Express 
21213, Seaborn 
21214, Plotly / Plotly Express 
21214, Ggplot / ggplot2 
21214, Seaborn 
21214, Matplotlib 
21215, Ggplot / ggplot2 
21215, Matplotlib 
21216, Seaborn 
21216, Matplotlib 
21218, Plotly / Plotly Express 
21218, Matplotlib 
21218, Ggplot / ggplot2 
21221, Seaborn 
21221, Matplotlib 
21222, Plotly / Plotly Express 
21222, Ggplot / ggplot2 
21222, Matplotlib 
21223, Matplotlib 
21223, Seaborn 
21223, Ggplot / ggplot2 
21223, Plotly / Plotly Express 
21226, Matplotlib 
21226, Seaborn 
21229, Plotly / Plotly Express 
21229, Matplotlib 
21229, Seaborn 
21229, Ggplot / ggplot2 
21230, Matplotlib 
21230, Seaborn 
21231, Seaborn 
21231, Ggplot / ggplot2 
21234, Seaborn 
21234, Matplotlib 
21235, Matplotlib 
21235, Highcharter 
21235, Ggplot / ggplot2 
21235, Pygal 
21236, Matplotlib 
21236, Altair 
21236, Seaborn 
21238, Matplotlib 
21240, Plotly / Plotly Express 
21240, Seaborn 
21240, Matplotlib 
21241, Seaborn 
21244, Plotly / Plotly Express 
21244, Matplotlib 
21244, Ggplot / ggplot2 
21244, Seaborn 
21244, Geoplotlib 
21245,Other
21245, Seaborn 
21245, Matplotlib 
21246, Matplotlib 
21246, Seaborn 
21247, Seaborn 
21247, Matplotlib 
21248, Seaborn 
21248, Matplotlib 
21250, Matplotlib 
21250, Seaborn 
21251, Seaborn 
21253, Plotly / Plotly Express 
21253, Matplotlib 
21253, Seaborn 
21253, Geoplotlib 
21254, Seaborn 
21254, Matplotlib 
21256, Matplotlib 
21256, Seaborn 
21256, Plotly / Plotly Express 
21258, Matplotlib 
21262, Matplotlib 
21262, Seaborn 
21263, Seaborn 
21263, Matplotlib 
21265, Matplotlib 
21268, Matplotlib 
21269, Plotly / Plotly Express 
21269, Seaborn 
21269, Matplotlib 
21271, Seaborn 
21271, Plotly / Plotly Express 
21271, Matplotlib 
21273, Matplotlib 
21275, Seaborn 
21277, Matplotlib 
21277,Other
21278, Seaborn 
21278, Plotly / Plotly Express 
21278, Matplotlib 
21279, Seaborn 
21279, Matplotlib 
21280, Matplotlib 
21281, Seaborn 
21281, Matplotlib 
21282, Matplotlib 
21282, Seaborn 
21284, Matplotlib 
21285, Matplotlib 
21285, Ggplot / ggplot2 
21285, Shiny 
21285, Plotly / Plotly Express 
21286, Matplotlib 
21286, Seaborn 
21287, Seaborn 
21287, Matplotlib 
21287, Plotly / Plotly Express 
21289, Matplotlib 
21289, Seaborn 
21289, Plotly / Plotly Express 
21291,Other
21291, Matplotlib 
21293, Plotly / Plotly Express 
21293, Seaborn 
21293, Geoplotlib 
21293, Ggplot / ggplot2 
21295, Seaborn 
21295, Matplotlib 
21296,Other
21297, Plotly / Plotly Express 
21297, Seaborn 
21297, Matplotlib 
21297, Ggplot / ggplot2 
21298, Matplotlib 
21298, Seaborn 
21300, Pygal 
21300, Ggplot / ggplot2 
21300, Seaborn 
21300, Plotly / Plotly Express 
21300, Matplotlib 
21301, Ggplot / ggplot2 
21304, Geoplotlib 
21304, Bokeh 
21304, Plotly / Plotly Express 
21304, Dygraphs 
21304, Highcharter 
21304,Other
21304, Altair 
21304, Pygal 
21304, Leaflet / Folium 
21304, Matplotlib 
21304, Seaborn 
21304, Ggplot / ggplot2 
21304, Shiny 
21305, Seaborn 
21305, Matplotlib 
21306, Bokeh 
21306, Seaborn 
21306, Matplotlib 
21308, Matplotlib 
21309, Seaborn 
21309, Matplotlib 
21311, Matplotlib 
21311, Seaborn 
21313, Seaborn 
21313, Matplotlib 
21315, Seaborn 
21315, Matplotlib 
21316, Matplotlib 
21316, Seaborn 
21321, Plotly / Plotly Express 
21321, Seaborn 
21321, Matplotlib 
21325, Matplotlib 
21325, Plotly / Plotly Express 
21325, Ggplot / ggplot2 
21327, Seaborn 
21327, Matplotlib 
21328, Matplotlib 
21328, Seaborn 
21331, Matplotlib 
21331, Seaborn 
21332, Matplotlib 
21332, Seaborn 
21334, Matplotlib 
21334, Geoplotlib 
21334, Seaborn 
21335, Ggplot / ggplot2 
21336, Plotly / Plotly Express 
21336, Seaborn 
21339, Matplotlib 
21339, Leaflet / Folium 
21339, Plotly / Plotly Express 
21339, Shiny 
21339, Seaborn 
21341, Ggplot / ggplot2 
21341, Seaborn 
21341, Matplotlib 
21342, Seaborn 
21342, Plotly / Plotly Express 
21342, Matplotlib 
21343, Bokeh 
21343, Seaborn 
21343, Shiny 
21345,Other
21347, Plotly / Plotly Express 
21347, Matplotlib 
21348, Matplotlib 
21348, Plotly / Plotly Express 
21351, Seaborn 
21351, Plotly / Plotly Express 
21351, Matplotlib 
21352, Seaborn 
21352, Matplotlib 
21352, Ggplot / ggplot2 
21352, Plotly / Plotly Express 
21354, Plotly / Plotly Express 
21354, Matplotlib 
21354, Seaborn 
21354,Other
21356, Ggplot / ggplot2 
21357, Seaborn 
21357, Matplotlib 
21358, Plotly / Plotly Express 
21358, Seaborn 
21358, Matplotlib 
21359,Other
21360, Pygal 
21360, Geoplotlib 
21360, Altair 
21360, D3 js 
21361, Ggplot / ggplot2 
21362, Pygal 
21363, Matplotlib 
21363, Seaborn 
21364, Matplotlib 
21365, Bokeh 
21365, Plotly / Plotly Express 
21365, Altair 
21365, Matplotlib 
21365, Seaborn 
21366, Seaborn 
21366, Ggplot / ggplot2 
21366, Matplotlib 
21367, Matplotlib 
21367, Bokeh 
21367, Plotly / Plotly Express 
21367, Seaborn 
21367, Ggplot / ggplot2 
21367, Shiny 
21367, Leaflet / Folium 
21368, Matplotlib 
21368, Seaborn 
21370, Seaborn 
21370, Matplotlib 
21374, Shiny 
21376, Bokeh 
21376, Matplotlib 
21376, Altair 
21377, Matplotlib 
21377, Plotly / Plotly Express 
21379, Seaborn 
21379, Matplotlib 
21380, Ggplot / ggplot2 
21380, Seaborn 
21380, Dygraphs 
21380, Pygal 
21380, Matplotlib 
21382, Matplotlib 
21383, Ggplot / ggplot2 
21383, Matplotlib 
21383, Geoplotlib 
21384, Matplotlib 
21385, Matplotlib 
21386, Matplotlib 
21386, Seaborn 
21387, Pygal 
21388, Matplotlib 
21389, Matplotlib 
21389, Seaborn 
21390, Seaborn 
21391, Matplotlib 
21392, Matplotlib 
21392, Ggplot / ggplot2 
21392, Seaborn 
21392, Plotly / Plotly Express 
21393, Plotly / Plotly Express 
21393, Matplotlib 
21393, Seaborn 
21394, Seaborn 
21394, Matplotlib 
21396, Matplotlib 
21396, Seaborn 
21399, Shiny 
21399, Ggplot / ggplot2 
21403, Matplotlib 
21405, Matplotlib 
21405, Seaborn 
21406, Leaflet / Folium 
21406, Seaborn 
21406, Matplotlib 
21406, Plotly / Plotly Express 
21407, Matplotlib 
21407, Seaborn 
21409, Seaborn 
21409, Matplotlib 
21411, Matplotlib 
21411, D3 js 
21411, Seaborn 
21412, Bokeh 
21412, Plotly / Plotly Express 
21412, Seaborn 
21412, Matplotlib 
21414, Matplotlib 
21414, Seaborn 
21414, Plotly / Plotly Express 
21416, Matplotlib 
21420, Matplotlib 
21422, Seaborn 
21422, Plotly / Plotly Express 
21422, Ggplot / ggplot2 
21422, Matplotlib 
21423, Matplotlib 
21423, Seaborn 
21424, Seaborn 
21424, Matplotlib 
21425, Matplotlib 
21426, Matplotlib 
21426, Seaborn 
21427, Seaborn 
21427, Matplotlib 
21428,Other
21431, Plotly / Plotly Express 
21431,Other
21431, Matplotlib 
21431, Seaborn 
21432, Ggplot / ggplot2 
21435, Matplotlib 
21435, Seaborn 
21436,Other
21437, Matplotlib 
21437, Plotly / Plotly Express 
21437, Seaborn 
21438, Altair 
21438, Seaborn 
21438, Plotly / Plotly Express 
21438, Matplotlib 
21439, Matplotlib 
21444, Matplotlib 
21444, Highcharter 
21444, Seaborn 
21444, Bokeh 
21447, Seaborn 
21447, Matplotlib 
21448, Altair 
21449, Matplotlib 
21450, Matplotlib 
21450, Plotly / Plotly Express 
21450, Seaborn 
21450, Ggplot / ggplot2 
21451, Matplotlib 
21452, Matplotlib 
21452, Seaborn 
21453, Seaborn 
21453, Highcharter 
21453, Matplotlib 
21454, Matplotlib 
21455, Seaborn 
21455, Matplotlib 
21456, Matplotlib 
21456, Plotly / Plotly Express 
21456, Seaborn 
21457, Matplotlib 
21458, Matplotlib 
21459, Matplotlib 
21459, Seaborn 
21460, Matplotlib 
21460, Shiny 
21460, Leaflet / Folium 
21461, Seaborn 
21461, Plotly / Plotly Express 
21461, Matplotlib 
21461, Ggplot / ggplot2 
21463, Plotly / Plotly Express 
21463, Seaborn 
21463, Matplotlib 
21464, Ggplot / ggplot2 
21464, Leaflet / Folium 
21464, Plotly / Plotly Express 
21465, Ggplot / ggplot2 
21465, Shiny 
21465, Plotly / Plotly Express 
21465, Matplotlib 
21465, Seaborn 
21469, Seaborn 
21469, Matplotlib 
21471, Ggplot / ggplot2 
21471, Matplotlib 
21471, Plotly / Plotly Express 
21472, Seaborn 
21472, Plotly / Plotly Express 
21472, Ggplot / ggplot2 
21474, Matplotlib 
21474, Ggplot / ggplot2 
21474, Geoplotlib 
21474, Plotly / Plotly Express 
21474, Leaflet / Folium 
21474, Seaborn 
21474, Shiny 
21475, Seaborn 
21475, Matplotlib 
21477, Matplotlib 
21477, Plotly / Plotly Express 
21477, Shiny 
21477, Seaborn 
21477, Ggplot / ggplot2 
21479, Seaborn 
21479, Plotly / Plotly Express 
21479, Matplotlib 
21481, Seaborn 
21481, Matplotlib 
21484, Matplotlib 
21484, Seaborn 
21485, Matplotlib 
21485, Ggplot / ggplot2 
21485, Plotly / Plotly Express 
21486, Ggplot / ggplot2 
21486, Seaborn 
21486, Matplotlib 
21487, Matplotlib 
21488, Plotly / Plotly Express 
21488, Matplotlib 
21488, Seaborn 
21489, Seaborn 
21489, Matplotlib 
21489, Plotly / Plotly Express 
21489, Bokeh 
21489, Ggplot / ggplot2 
21490, Matplotlib 
21490, Ggplot / ggplot2 
21490, Seaborn 
21491, Seaborn 
21491, Ggplot / ggplot2 
21491, Matplotlib 
21492, Plotly / Plotly Express 
21492, Matplotlib 
21492, Shiny 
21492, Seaborn 
21493, Plotly / Plotly Express 
21493, Matplotlib 
21493, Ggplot / ggplot2 
21494, Matplotlib 
21494, Seaborn 
21498, Seaborn 
21498, Matplotlib 
21499, Matplotlib 
21503, Ggplot / ggplot2 
21503, Matplotlib 
21503, Seaborn 
21503, Plotly / Plotly Express 
21504, Matplotlib 
21505, Seaborn 
21505, Matplotlib 
21507, Matplotlib 
21507, Seaborn 
21509, Matplotlib 
21510, Seaborn 
21510, Matplotlib 
21511, Plotly / Plotly Express 
21511, Seaborn 
21511, Matplotlib 
21513, Plotly / Plotly Express 
21513, Matplotlib 
21514, Matplotlib 
21514, Plotly / Plotly Express 
21515, Matplotlib 
21515, Seaborn 
21516, Matplotlib 
21517, Matplotlib 
21517, Seaborn 
21522, D3 js 
21522, Seaborn 
21522, Plotly / Plotly Express 
21522, Shiny 
21522, Ggplot / ggplot2 
21522, Matplotlib 
21524, Plotly / Plotly Express 
21524, Seaborn 
21524, Matplotlib 
21524, Ggplot / ggplot2 
21524, Shiny 
21525, Pygal 
21525, Seaborn 
21525, Matplotlib 
21525, Plotly / Plotly Express 
21525, Leaflet / Folium 
21526, Matplotlib 
21526, Seaborn 
21527, Matplotlib 
21528, Matplotlib 
21530, Bokeh 
21531, Matplotlib 
21531, Plotly / Plotly Express 
21533, Seaborn 
21533, Ggplot / ggplot2 
21533, Plotly / Plotly Express 
21533, Matplotlib 
21534, Seaborn 
21534, Matplotlib 
21535, Plotly / Plotly Express 
21535, Shiny 
21535, Leaflet / Folium 
21535, Seaborn 
21535, Bokeh 
21536, Matplotlib 
21536, Seaborn 
21536, Geoplotlib 
21536, Ggplot / ggplot2 
21537, Seaborn 
21537, Matplotlib 
21537, Plotly / Plotly Express 
21539, Seaborn 
21539, Matplotlib 
21540, Seaborn 
21540, Matplotlib 
21541, Seaborn 
21541, Geoplotlib 
21541, Plotly / Plotly Express 
21541, Matplotlib 
21544, D3 js 
21546, Plotly / Plotly Express 
21546, Matplotlib 
21546, Seaborn 
21547, Seaborn 
21547, Matplotlib 
21547, Plotly / Plotly Express 
21548, Matplotlib 
21548, Geoplotlib 
21548, Seaborn 
21548, Plotly / Plotly Express 
21549, Plotly / Plotly Express 
21549, Altair 
21549, Seaborn 
21549, Matplotlib 
21550, Matplotlib 
21551, Plotly / Plotly Express 
21551, Seaborn 
21551, Matplotlib 
21552, Seaborn 
21552, Matplotlib 
21552, Plotly / Plotly Express 
21552, Ggplot / ggplot2 
21553, Highcharter 
21554, Ggplot / ggplot2 
21554, Seaborn 
21555, Seaborn 
21555, Matplotlib 
21556, Matplotlib 
21556, Ggplot / ggplot2 
21556, Seaborn 
21557, Seaborn 
21557, Matplotlib 
21557, Plotly / Plotly Express 
21558, Plotly / Plotly Express 
21559, Bokeh 
21559, Matplotlib 
21561, Matplotlib 
21561, Seaborn 
21562, Seaborn 
21562, Matplotlib 
21567, Matplotlib 
21567, Seaborn 
21568, Matplotlib 
21568, Seaborn 
21569, Matplotlib 
21570, Seaborn 
21570, Matplotlib 
21571, Ggplot / ggplot2 
21571, Plotly / Plotly Express 
21571, Matplotlib 
21571, Seaborn 
21573, Plotly / Plotly Express 
21573, Seaborn 
21573, Ggplot / ggplot2 
21573, Matplotlib 
21574, Matplotlib 
21575, Matplotlib 
21575, Bokeh 
21575, D3 js 
21575, Plotly / Plotly Express 
21576, Geoplotlib 
21576, Seaborn 
21576, Matplotlib 
21578, Matplotlib 
21579, Pygal 
21579, Dygraphs 
21579, Ggplot / ggplot2 
21579, Plotly / Plotly Express 
21579, Matplotlib 
21579, Geoplotlib 
21580, Seaborn 
21580, Matplotlib 
21581, Matplotlib 
21581, Plotly / Plotly Express 
21581, Seaborn 
21584, Matplotlib 
21585, Seaborn 
21585, Matplotlib 
21587, Matplotlib 
21587, Seaborn 
21587, Plotly / Plotly Express 
21587, Ggplot / ggplot2 
21588, Matplotlib 
21588, Seaborn 
21589, Matplotlib 
21590, Ggplot / ggplot2 
21591, Plotly / Plotly Express 
21591, Matplotlib 
21591, Ggplot / ggplot2 
21591, Seaborn 
21592,Other
21593, Matplotlib 
21593, Seaborn 
21595, Matplotlib 
21595, Seaborn 
21597, Plotly / Plotly Express 
21597, Seaborn 
21597, Matplotlib 
21598, Seaborn 
21598, Matplotlib 
21599, Matplotlib 
21599, Geoplotlib 
21600, Matplotlib 
21600, Seaborn 
21602, Ggplot / ggplot2 
21603, Matplotlib 
21604, Ggplot / ggplot2 
21604, Plotly / Plotly Express 
21604, Matplotlib 
21604, Seaborn 
21604, Geoplotlib 
21606, Seaborn 
21606, Matplotlib 
21607, Matplotlib 
21609, Seaborn 
21609, Matplotlib 
21610, Seaborn 
21610, Ggplot / ggplot2 
21610, Matplotlib 
21612, Ggplot / ggplot2 
21612, Seaborn 
21612, Matplotlib 
21613, Matplotlib 
21613, Seaborn 
21614, Matplotlib 
21614, Plotly / Plotly Express 
21614, Seaborn 
21615, Ggplot / ggplot2 
21615, Matplotlib 
21616, Plotly / Plotly Express 
21616, Seaborn 
21616, Matplotlib 
21617, Matplotlib 
21617, Seaborn 
21618,Other
21618, Plotly / Plotly Express 
21618, Matplotlib 
21618, Ggplot / ggplot2 
21618, Seaborn 
21619, Seaborn 
21619, Matplotlib 
21621, Matplotlib 
21622, Matplotlib 
21622, Seaborn 
21623, Matplotlib 
21624, Matplotlib 
21624, Seaborn 
21624, D3 js 
21625, Matplotlib 
21625, Seaborn 
21627, Plotly / Plotly Express 
21627, Matplotlib 
21629, D3 js 
21630, Ggplot / ggplot2 
21630, Plotly / Plotly Express 
21630, Leaflet / Folium 
21630, Seaborn 
21630, Matplotlib 
21631, Seaborn 
21631, Ggplot / ggplot2 
21632, Matplotlib 
21633, Seaborn 
21633, Matplotlib 
21634, Ggplot / ggplot2 
21635, Matplotlib 
21635, Seaborn 
21636, Ggplot / ggplot2 
21637, Seaborn 
21637, Matplotlib 
21638, Seaborn 
21638, Matplotlib 
21638, Plotly / Plotly Express 
21639, Matplotlib 
21640, Altair 
21640, Matplotlib 
21640, Leaflet / Folium 
21640, Geoplotlib 
21640, Seaborn 
21644, Matplotlib 
21645, Plotly / Plotly Express 
21645, Seaborn 
21645, Matplotlib 
21646, Matplotlib 
21648, Seaborn 
21648, Matplotlib 
21649, Matplotlib 
21649, Seaborn 
21650, Plotly / Plotly Express 
21650, Matplotlib 
21650, Seaborn 
21651, Matplotlib 
21652, Seaborn 
21652, Matplotlib 
21653, Matplotlib 
21654,Other
21656, Matplotlib 
21657, Matplotlib 
21657, Seaborn 
21657, Plotly / Plotly Express 
21658, Seaborn 
21658, Matplotlib 
21659, Seaborn 
21659, Matplotlib 
21661, Plotly / Plotly Express 
21661, Matplotlib 
21661, Seaborn 
21664, Seaborn 
21664, Matplotlib 
21664, Plotly / Plotly Express 
21665, Plotly / Plotly Express 
21665, Matplotlib 
21665, Seaborn 
21668, Matplotlib 
21669, D3 js 
21670, Plotly / Plotly Express 
21670, Matplotlib 
21671, Seaborn 
21671, Ggplot / ggplot2 
21671, Matplotlib 
21672, Matplotlib 
21672, Seaborn 
21674, Matplotlib 
21676, Matplotlib 
21676, Seaborn 
21677, Ggplot / ggplot2 
21677, Plotly / Plotly Express 
21677, Matplotlib 
21677, Seaborn 
21678, Plotly / Plotly Express 
21678, Seaborn 
21678, Matplotlib 
21679, Matplotlib 
21679, Plotly / Plotly Express 
21679, Seaborn 
21681, Shiny 
21681, Plotly / Plotly Express 
21681, Highcharter 
21681, Leaflet / Folium 
21681, D3 js 
21682, Matplotlib 
21682, Seaborn 
21684, Bokeh 
21684,Other
21684, D3 js 
21686, Matplotlib 
21686, Seaborn 
21687, Matplotlib 
21687, Seaborn 
21688, Matplotlib 
21688, Seaborn 
21689, Matplotlib 
21691, Ggplot / ggplot2 
21693, Seaborn 
21693, Matplotlib 
21694, Geoplotlib 
21694, Matplotlib 
21695, Seaborn 
21695, Matplotlib 
21697, Seaborn 
21697, Ggplot / ggplot2 
21697, Matplotlib 
21698, Matplotlib 
21699, Matplotlib 
21701, Seaborn 
21701, Matplotlib 
21701, Plotly / Plotly Express 
21703, Matplotlib 
21704, Matplotlib 
21704, Seaborn 
21706, Seaborn 
21706, Bokeh 
21707, Matplotlib 
21707, Seaborn 
21708, Matplotlib 
21708, Plotly / Plotly Express 
21710, Seaborn 
21711, Seaborn 
21711, Matplotlib 
21711, D3 js 
21711, Leaflet / Folium 
21713, Seaborn 
21713, Matplotlib 
21713, Ggplot / ggplot2 
21714, Ggplot / ggplot2 
21714,Other
21715, Matplotlib 
21716, Matplotlib 
21717, Seaborn 
21717, Matplotlib 
21718, Matplotlib 
21718, Bokeh 
21718, Ggplot / ggplot2 
21719, Seaborn 
21720, Seaborn 
21721, Ggplot / ggplot2 
21721, Seaborn 
21721, D3 js 
21721, Plotly / Plotly Express 
21721, Matplotlib 
21721, Geoplotlib 
21722, Plotly / Plotly Express 
21722, Seaborn 
21722, Matplotlib 
21724, Seaborn 
21724, Matplotlib 
21726, D3 js 
21726, Matplotlib 
21726, Leaflet / Folium 
21727, Seaborn 
21727, Matplotlib 
21727, Shiny 
21727, Plotly / Plotly Express 
21727, Ggplot / ggplot2 
21728, Ggplot / ggplot2 
21728, D3 js 
21728, Bokeh 
21728, Plotly / Plotly Express 
21728, Seaborn 
21729, Seaborn 
21729, Matplotlib 
21731, Ggplot / ggplot2 
21731, Matplotlib 
21731, Seaborn 
21732, Plotly / Plotly Express 
21732, Shiny 
21732, Matplotlib 
21732, Ggplot / ggplot2 
21732, Seaborn 
21732, Geoplotlib 
21734, Plotly / Plotly Express 
21734, Matplotlib 
21735, Matplotlib 
21737, Ggplot / ggplot2 
21738, Matplotlib 
21740, Matplotlib 
21741, Seaborn 
21741, Matplotlib 
21742, Plotly / Plotly Express 
21742, Matplotlib 
21742, Seaborn 
21743, Matplotlib 
21743, Seaborn 
21744, Matplotlib 
21746, Seaborn 
21746, Matplotlib 
21746, Plotly / Plotly Express 
21748, Matplotlib 
21748, Seaborn 
21749, Seaborn 
21749, Plotly / Plotly Express 
21749, Matplotlib 
21750, Ggplot / ggplot2 
21751, Matplotlib 
21751, Seaborn 
21752, Matplotlib 
21752, Plotly / Plotly Express 
21752, Seaborn 
21753, Matplotlib 
21753, Seaborn 
21754,Other
21755, Seaborn 
21755, Matplotlib 
21755, Plotly / Plotly Express 
21756, Seaborn 
21756, Matplotlib 
21757, Seaborn 
21757, Matplotlib 
21758, Seaborn 
21758, Ggplot / ggplot2 
21758, Matplotlib 
21759, Matplotlib 
21759, Geoplotlib 
21759, Bokeh 
21760, D3 js 
21760, Plotly / Plotly Express 
21760, Seaborn 
21760, Matplotlib 
21760, Bokeh 
21762, Seaborn 
21762, Plotly / Plotly Express 
21762, Geoplotlib 
21762, Matplotlib 
21763, Seaborn 
21763, Geoplotlib 
21763, Shiny 
21764, Matplotlib 
21764, Dygraphs 
21766, Matplotlib 
21767, Seaborn 
21767, Matplotlib 
21769, Matplotlib 
21769, Seaborn 
21770, Matplotlib 
21771, Plotly / Plotly Express 
21771, Seaborn 
21771, Matplotlib 
21771, Ggplot / ggplot2 
21773, Matplotlib 
21773, Seaborn 
21774, Plotly / Plotly Express 
21776, Seaborn 
21776, D3 js 
21776, Matplotlib 
21778, Matplotlib 
21780, Ggplot / ggplot2 
21781, Seaborn 
21781, Ggplot / ggplot2 
21781, Matplotlib 
21781, Plotly / Plotly Express 
21782, Matplotlib 
21783, Matplotlib 
21783, Seaborn 
21784, Matplotlib 
21787,Other
21789, Matplotlib 
21790, Plotly / Plotly Express 
21790, Seaborn 
21790, Matplotlib 
21791, Ggplot / ggplot2 
21792, Seaborn 
21792, Matplotlib 
21793, Ggplot / ggplot2 
21793, Plotly / Plotly Express 
21793, Matplotlib 
21794, Seaborn 
21794, Matplotlib 
21795, Ggplot / ggplot2 
21795, D3 js 
21795, Shiny 
21795, Plotly / Plotly Express 
21795, Matplotlib 
21796, Matplotlib 
21796, Seaborn 
21797, Plotly / Plotly Express 
21797, Matplotlib 
21798, Seaborn 
21798, Matplotlib 
21799,Other
21799, Ggplot / ggplot2 
21799, Matplotlib 
21801, Seaborn 
21801, Matplotlib 
21801, Plotly / Plotly Express 
21802, Seaborn 
21802, Matplotlib 
21803, Plotly / Plotly Express 
21803, Matplotlib 
21803, Seaborn 
21804, Matplotlib 
21804, Seaborn 
21805,Other
21807, Plotly / Plotly Express 
21807, Seaborn 
21809, Seaborn 
21809, Matplotlib 
21811, Seaborn 
21811, D3 js 
21811, Matplotlib 
21811, Geoplotlib 
21811, Ggplot / ggplot2 
21812, Matplotlib 
21812, Geoplotlib 
21812, Ggplot / ggplot2 
21812, Shiny 
21812, Plotly / Plotly Express 
21812, Seaborn 
21813, Seaborn 
21813, Matplotlib 
21815, Ggplot / ggplot2 
21815, Matplotlib 
21815, Seaborn 
21815, Plotly / Plotly Express 
21817, Seaborn 
21817, Plotly / Plotly Express 
21817, Matplotlib 
21818, Geoplotlib 
21818, Seaborn 
21818, Matplotlib 
21818, Plotly / Plotly Express 
21819, Matplotlib 
21819, Seaborn 
21820, Matplotlib 
21820, Seaborn 
21821, Matplotlib 
21821, Seaborn 
21822,Other
21823, Matplotlib 
21824, Seaborn 
21824, Matplotlib 
21824, Ggplot / ggplot2 
21825, Matplotlib 
21826, Ggplot / ggplot2 
21826, Seaborn 
21826, Matplotlib 
21828, Matplotlib 
21828, Ggplot / ggplot2 
21828, Seaborn 
21828, Geoplotlib 
21830, Matplotlib 
21830, Seaborn 
21831, Matplotlib 
21831, Seaborn 
21831,Other
21834, Matplotlib 
21835, Ggplot / ggplot2 
21835, Matplotlib 
21835, Seaborn 
21835, Plotly / Plotly Express 
21836, Matplotlib 
21836, Seaborn 
21837, Seaborn 
21837, Matplotlib 
21838, Plotly / Plotly Express 
21838, Matplotlib 
21838, Ggplot / ggplot2 
21839, Matplotlib 
21839, Seaborn 
21840, Seaborn 
21840, Matplotlib 
21841, Matplotlib 
21842, Matplotlib 
21842, Seaborn 
21844, Seaborn 
21844, Matplotlib 
21845, Seaborn 
21845, Matplotlib 
21847, Matplotlib 
21847, Seaborn 
21848, Shiny 
21848, Plotly / Plotly Express 
21848, Ggplot / ggplot2 
21848, Matplotlib 
21849, Matplotlib 
21849, Ggplot / ggplot2 
21850, Seaborn 
21850, Matplotlib 
21851, Seaborn 
21851, Matplotlib 
21852, Matplotlib 
21852, Shiny 
21852, Ggplot / ggplot2 
21852, Seaborn 
21852, Plotly / Plotly Express 
21852, Bokeh 
21853, Seaborn 
21853, Matplotlib 
21853,Other
21854, Ggplot / ggplot2 
21856, Seaborn 
21856, Ggplot / ggplot2 
21856, Matplotlib 
21857, Matplotlib 
21857, Seaborn 
21860, Matplotlib 
21860, Seaborn 
21861, Geoplotlib 
21861, Matplotlib 
21861, Ggplot / ggplot2 
21863, Plotly / Plotly Express 
21863, Matplotlib 
21864, Matplotlib 
21865, Matplotlib 
21869, Ggplot / ggplot2 
21869, Matplotlib 
21869, Geoplotlib 
21871, Matplotlib 
21871, Seaborn 
21872, Seaborn 
21872, Matplotlib 
21873, Seaborn 
21873, Matplotlib 
21874, Matplotlib 
21875, Seaborn 
21875, Matplotlib 
21876, Matplotlib 
21876, Seaborn 
21877, Matplotlib 
21877, Seaborn 
21878, Seaborn 
21878, Matplotlib 
21879, Matplotlib 
21879, Seaborn 
21880, Matplotlib 
21880, Seaborn 
21880, Ggplot / ggplot2 
21880, Plotly / Plotly Express 
21881, Highcharter 
21882, Ggplot / ggplot2 
21882, Shiny 
21882, Bokeh 
21883, Matplotlib 
21883, Plotly / Plotly Express 
21883, Seaborn 
21884, Matplotlib 
21887, Matplotlib 
21887, Seaborn 
21888, Seaborn 
21888, Altair 
21888, Ggplot / ggplot2 
21888, Matplotlib 
21888, Plotly / Plotly Express 
21891, Seaborn 
21893, Seaborn 
21893, Plotly / Plotly Express 
21893, Matplotlib 
21896, Matplotlib 
21897, Matplotlib 
21897, Seaborn 
21898, Ggplot / ggplot2 
21898, Shiny 
21901, Seaborn 
21901, Ggplot / ggplot2 
21901, Geoplotlib 
21901, Plotly / Plotly Express 
21901, Matplotlib 
21902, Seaborn 
21902, Matplotlib 
21903, Matplotlib 
21903, Seaborn 
21904, Seaborn 
21904, Matplotlib 
21904, Ggplot / ggplot2 
21904, Pygal 
21904, Geoplotlib 
21905, Seaborn 
21905, Matplotlib 
21907, Geoplotlib 
21907, Plotly / Plotly Express 
21907, Matplotlib 
21909, Plotly / Plotly Express 
21909, Matplotlib 
21909, Seaborn 
21910, Dygraphs 
21910, Matplotlib 
21910, Geoplotlib 
21910, Seaborn 
21911, Ggplot / ggplot2 
21912, Plotly / Plotly Express 
21912, Seaborn 
21912, Matplotlib 
21912, Geoplotlib 
21913, Matplotlib 
21913, Seaborn 
21914, Seaborn 
21914, Matplotlib 
21914, Plotly / Plotly Express 
21915, Matplotlib 
21916, Shiny 
21916, Leaflet / Folium 
21916, Ggplot / ggplot2 
21917, Ggplot / ggplot2 
21917, Plotly / Plotly Express 
21917, Seaborn 
21921, Plotly / Plotly Express 
21921, Geoplotlib 
21921, Seaborn 
21921, Matplotlib 
21922, Ggplot / ggplot2 
21923, Geoplotlib 
21923, Plotly / Plotly Express 
21923, Ggplot / ggplot2 
21923, Matplotlib 
21923, Seaborn 
21925, Matplotlib 
21925, Geoplotlib 
21925, Leaflet / Folium 
21925, Plotly / Plotly Express 
21928, Plotly / Plotly Express 
21928, Matplotlib 
21928, Ggplot / ggplot2 
21928, Seaborn 
21929, Matplotlib 
21930, Seaborn 
21930,Other
21930, Ggplot / ggplot2 
21930, Matplotlib 
21931, Matplotlib 
21931, Seaborn 
21933, Matplotlib 
21934, Matplotlib 
21934, Seaborn 
21935, Altair 
21935, Matplotlib 
21935, Seaborn 
21935, Ggplot / ggplot2 
21935, Geoplotlib 
21935, Leaflet / Folium 
21935, Plotly / Plotly Express 
21935, Bokeh 
21935, D3 js 
21935, Pygal 
21935, Dygraphs 
21936, Matplotlib 
21938, Matplotlib 
21939, Plotly / Plotly Express 
21939, Matplotlib 
21939, Seaborn 
21940, Matplotlib 
21940, Seaborn 
21940, Plotly / Plotly Express 
21941, Matplotlib 
21941, Ggplot / ggplot2 
21941, Shiny 
21941, Plotly / Plotly Express 
21943, Leaflet / Folium 
21943, Ggplot / ggplot2 
21943, Highcharter 
21943, Matplotlib 
21943, Plotly / Plotly Express 
21943, Geoplotlib 
21943, Shiny 
21945, Matplotlib 
21945, Seaborn 
21947, Matplotlib 
21947, Ggplot / ggplot2 
21947, Plotly / Plotly Express 
21949, Ggplot / ggplot2 
21949, Seaborn 
21949, Matplotlib 
21950, Seaborn 
21950, Matplotlib 
21951, Matplotlib 
21951, Seaborn 
21952, Seaborn 
21952, Matplotlib 
21953, D3 js 
21953, Seaborn 
21953, Matplotlib 
21953, Plotly / Plotly Express 
21959, Matplotlib 
21959, Seaborn 
21960, Matplotlib 
21960, Seaborn 
21961, Matplotlib 
21961, Seaborn 
21964, Shiny 
21964, Matplotlib 
21964, Ggplot / ggplot2 
21964, Plotly / Plotly Express 
21964, Seaborn 
21965, Seaborn 
21965, Matplotlib 
21966, Matplotlib 
21966, Seaborn 
21968, Seaborn 
21968, Plotly / Plotly Express 
21968, Matplotlib 
21969, Matplotlib 
21969, Seaborn 
21969, Ggplot / ggplot2 
21969, Plotly / Plotly Express 
21971, Matplotlib 
21971, Ggplot / ggplot2 
21973, Seaborn 
21974, Seaborn 
21974, Matplotlib 
21975, Plotly / Plotly Express 
21975, Matplotlib 
21975, Seaborn 
21976, Matplotlib 
21976, Seaborn 
21977, Plotly / Plotly Express 
21977, Shiny 
21977, Ggplot / ggplot2 
21978, Geoplotlib 
21978, Matplotlib 
21978, Altair 
21978, Shiny 
21978, Seaborn 
21978, D3 js 
21978, Ggplot / ggplot2 
21978, Leaflet / Folium 
21978, Plotly / Plotly Express 
21978, Bokeh 
21978, Pygal 
21978, Dygraphs 
21978, Highcharter 
21980, Matplotlib 
21981, Matplotlib 
21982, Seaborn 
21982, Matplotlib 
21982, Plotly / Plotly Express 
21983, Seaborn 
21983, Matplotlib 
21985, Plotly / Plotly Express 
21985, Seaborn 
21985, Matplotlib 
21986,Other
21986, Matplotlib 
21986, Ggplot / ggplot2 
21988,Other
21989, Matplotlib 
21989, Seaborn 
21991, Seaborn 
21991, Matplotlib 
21992, Ggplot / ggplot2 
21993, Matplotlib 
21993, Seaborn 
21994, Matplotlib 
21994, Seaborn 
21994, Plotly / Plotly Express 
21996, Matplotlib 
21996, Seaborn 
21997, Seaborn 
21997, Matplotlib 
21998, Matplotlib 
21999, Matplotlib 
21999, Seaborn 
22002, Matplotlib 
22002, Seaborn 
22004, Plotly / Plotly Express 
22004, Seaborn 
22004, Matplotlib 
22004, Ggplot / ggplot2 
22006, Plotly / Plotly Express 
22006, Matplotlib 
22006, Seaborn 
22007, Matplotlib 
22009, Matplotlib 
22010, Seaborn 
22010, Matplotlib 
22011, Matplotlib 
22011, Seaborn 
22013, Seaborn 
22013, Matplotlib 
22016, Matplotlib 
22016, Geoplotlib 
22016, Plotly / Plotly Express 
22017, Seaborn 
22017, Matplotlib 
22018,Other
22019, Matplotlib 
22019, Ggplot / ggplot2 
22020, Seaborn 
22020, Plotly / Plotly Express 
22020, Ggplot / ggplot2 
22020, Geoplotlib 
22020, Matplotlib 
22022, Seaborn 
22022, Ggplot / ggplot2 
22022, Matplotlib 
22026, Matplotlib 
22026, Seaborn 
22026, Plotly / Plotly Express 
22028, Plotly / Plotly Express 
22029, Plotly / Plotly Express 
22029, Matplotlib 
22031, Ggplot / ggplot2 
22031, Seaborn 
22032, Matplotlib 
22033, Matplotlib 
22033, Seaborn 
22034, Matplotlib 
22034, Plotly / Plotly Express 
22034, Seaborn 
22036, Ggplot / ggplot2 
22036, Shiny 
22036, Matplotlib 
22038, Ggplot / ggplot2 
22038, Shiny 
22038, Seaborn 
22038, Matplotlib 
22038, Geoplotlib 
22038, Plotly / Plotly Express 
22039,Other
22039, Ggplot / ggplot2 
22039, Matplotlib 
22039, Seaborn 
22040, Matplotlib 
22041, Matplotlib 
22041, Seaborn 
22046, Matplotlib 
22046, Seaborn 
22047, Matplotlib 
22048, Seaborn 
22048, Matplotlib 
22049, Matplotlib 
22051, Matplotlib 
22054, Matplotlib 
22054, Seaborn 
22054, Plotly / Plotly Express 
22055, D3 js 
22056, Dygraphs 
22056, Highcharter 
22056, Matplotlib 
22056, Seaborn 
22056, Plotly / Plotly Express 
22056, Pygal 
22057, Matplotlib 
22057, Seaborn 
22059, Seaborn 
22059, Matplotlib 
22061, Matplotlib 
22062, Seaborn 
22063, Matplotlib 
22065, Geoplotlib 
22065, Seaborn 
22065, Matplotlib 
22067, Seaborn 
22067, Matplotlib 
22068, Matplotlib 
22068, Plotly / Plotly Express 
22068, Seaborn 
22069, Matplotlib 
22069, Seaborn 
22069, Geoplotlib 
22070, Matplotlib 
22070, Seaborn 
22071, Seaborn 
22071, Matplotlib 
22073, Bokeh 
22073, Ggplot / ggplot2 
22073, Matplotlib 
22073, Plotly / Plotly Express 
22074, Matplotlib 
22074, Seaborn 
22074, Plotly / Plotly Express 
22075, Matplotlib 
22075, Seaborn 
22075, Plotly / Plotly Express 
22076, Matplotlib 
22076, Leaflet / Folium 
22076, Seaborn 
22076, Plotly / Plotly Express 
22077, Plotly / Plotly Express 
22077, Matplotlib 
22077, Seaborn 
22078, Matplotlib 
22078, Seaborn 
22079, Seaborn 
22079, Matplotlib 
22082, Plotly / Plotly Express 
22082, Matplotlib 
22083, Seaborn 
22083, Plotly / Plotly Express 
22083, Matplotlib 
22084, Ggplot / ggplot2 
22087, Seaborn 
22087, Ggplot / ggplot2 
22087, Plotly / Plotly Express 
22087, Matplotlib 
22088, Seaborn 
22088, Matplotlib 
22088, Plotly / Plotly Express 
22089, Seaborn 
22089, Matplotlib 
22092, Seaborn 
22092, Matplotlib 
22093, Seaborn 
22095, Matplotlib 
22095, Plotly / Plotly Express 
22095, Ggplot / ggplot2 
22095, Bokeh 
22096, Seaborn 
22096, Matplotlib 
22098, Seaborn 
22098, Matplotlib 
22098, Ggplot / ggplot2 
22098, Plotly / Plotly Express 
22099, Seaborn 
22099, Plotly / Plotly Express 
22099, Ggplot / ggplot2 
22101, Seaborn 
22101, Shiny 
22101, Matplotlib 
22101, Ggplot / ggplot2 
22102, Matplotlib 
22102, Seaborn 
22103, Seaborn 
22103, D3 js 
22103, Matplotlib 
22103, Plotly / Plotly Express 
22104, Ggplot / ggplot2 
22106, Matplotlib 
22106, Seaborn 
22110, Seaborn 
22110, Matplotlib 
22110, Plotly / Plotly Express 
22112, D3 js 
22112, Matplotlib 
22112, Seaborn 
22114, Seaborn 
22114, Plotly / Plotly Express 
22114, Matplotlib 
22115, Altair 
22115, Plotly / Plotly Express 
22115, Seaborn 
22115, Ggplot / ggplot2 
22116, Seaborn 
22116, Matplotlib 
22117, Seaborn 
22117, Plotly / Plotly Express 
22118, Matplotlib 
22118, Seaborn 
22119, Geoplotlib 
22119, Altair 
22119, D3 js 
22119, Matplotlib 
22119, Ggplot / ggplot2 
22119, Seaborn 
22119, Plotly / Plotly Express 
22122, Matplotlib 
22122, Plotly / Plotly Express 
22122, Seaborn 
22123, Matplotlib 
22123, Seaborn 
22124, Matplotlib 
22124, Plotly / Plotly Express 
22124, Seaborn 
22125, Plotly / Plotly Express 
22125, Seaborn 
22125, Matplotlib 
22125, Geoplotlib 
22128,Other
22128, Matplotlib 
22130, Seaborn 
22131, Matplotlib 
22131, Seaborn 
22131, Plotly / Plotly Express 
22132, Matplotlib 
22134, Matplotlib 
22134, Bokeh 
22134, Seaborn 
22135, Seaborn 
22135, Matplotlib 
22136, Ggplot / ggplot2 
22137,Other
22140, Seaborn 
22140, Matplotlib 
22141, Matplotlib 
22141, Seaborn 
22141, Ggplot / ggplot2 
22142, Matplotlib 
22142, Seaborn 
22143, Shiny 
22143, Leaflet / Folium 
22143, Plotly / Plotly Express 
22143, Matplotlib 
22144, Matplotlib 
22144, Seaborn 
22146, Matplotlib 
22147, Matplotlib 
22147, Seaborn 
22148, Ggplot / ggplot2 
22148, Matplotlib 
22148, Plotly / Plotly Express 
22148, Bokeh 
22148, Seaborn 
22152, D3 js 
22153, Matplotlib 
22153, Plotly / Plotly Express 
22153, Seaborn 
22154, Matplotlib 
22154, Plotly / Plotly Express 
22155, Matplotlib 
22155, Seaborn 
22157, Plotly / Plotly Express 
22157, Leaflet / Folium 
22157, Seaborn 
22157, Matplotlib 
22158, Plotly / Plotly Express 
22158, Geoplotlib 
22158, Seaborn 
22158, Matplotlib 
22158, Ggplot / ggplot2 
22160, Seaborn 
22160, Matplotlib 
22162, Matplotlib 
22162, Seaborn 
22163, Matplotlib 
22168, Seaborn 
22168, Matplotlib 
22171, Seaborn 
22171, Altair 
22171, Matplotlib 
22171, Plotly / Plotly Express 
22173, Seaborn 
22173, Matplotlib 
22174, Matplotlib 
22174, Geoplotlib 
22175, Seaborn 
22175, Matplotlib 
22175, Plotly / Plotly Express 
22176, Seaborn 
22176, Matplotlib 
22178, Ggplot / ggplot2 
22178, Shiny 
22179, Matplotlib 
22179, Seaborn 
22182, Matplotlib 
22182, Ggplot / ggplot2 
22183, Matplotlib 
22183, Ggplot / ggplot2 
22183, Seaborn 
22184, Matplotlib 
22185, Ggplot / ggplot2 
22186, Seaborn 
22186, Matplotlib 
22186, Ggplot / ggplot2 
22187, Matplotlib 
22187, Seaborn 
22189, Matplotlib 
22190, Ggplot / ggplot2 
22190, Matplotlib 
22190, Seaborn 
22190, Bokeh 
22191, Matplotlib 
22192, Matplotlib 
22192, Seaborn 
22195, Matplotlib 
22195, Seaborn 
22196, Seaborn 
22196, Matplotlib 
22197, Plotly / Plotly Express 
22197, Shiny 
22197, Geoplotlib 
22197, Matplotlib 
22197, Seaborn 
22198, Seaborn 
22198, Matplotlib 
22198, Plotly / Plotly Express 
22200, Matplotlib 
22201,Other
22201, Seaborn 
22201, Matplotlib 
22202, Plotly / Plotly Express 
22202, Seaborn 
22203, Seaborn 
22203, Matplotlib 
22204, Matplotlib 
22204, Seaborn 
22206, Geoplotlib 
22206, Matplotlib 
22206, Seaborn 
22207, Seaborn 
22207, Matplotlib 
22211, Matplotlib 
22212, Shiny 
22212, Ggplot / ggplot2 
22212, Plotly / Plotly Express 
22212, Leaflet / Folium 
22213, Seaborn 
22213, Matplotlib 
22215, Seaborn 
22215, Matplotlib 
22216, Matplotlib 
22216, Ggplot / ggplot2 
22217, Seaborn 
22217, Matplotlib 
22217, Plotly / Plotly Express 
22218, Matplotlib 
22218, Seaborn 
22220, Matplotlib 
22222, Matplotlib 
22222, Ggplot / ggplot2 
22223, Seaborn 
22223, Matplotlib 
22224,Other
22225, Matplotlib 
22225, Seaborn 
22225, Ggplot / ggplot2 
22227, Ggplot / ggplot2 
22227, Plotly / Plotly Express 
22227, Matplotlib 
22228,Other
22231, Matplotlib 
22231, Seaborn 
22233, Matplotlib 
22235, Seaborn 
22235, Matplotlib 
22237, Matplotlib 
22238, Ggplot / ggplot2 
22238, Matplotlib 
22238, Shiny 
22239, Matplotlib 
22241, Seaborn 
22243, Seaborn 
22243, Matplotlib 
22244, Seaborn 
22244, Matplotlib 
22248, Ggplot / ggplot2 
22248, D3 js 
22248, Leaflet / Folium 
22248, Shiny 
22248, Matplotlib 
22248, Plotly / Plotly Express 
22252, Matplotlib 
22252,Other
22252, D3 js 
22253, Seaborn 
22253, Matplotlib 
22254, Seaborn 
22256, Matplotlib 
22256, Plotly / Plotly Express 
22257, Seaborn 
22257, Matplotlib 
22258, Plotly / Plotly Express 
22258, Bokeh 
22258, Matplotlib 
22258, Seaborn 
22260, Ggplot / ggplot2 
22260,Other
22262, Matplotlib 
22262, Seaborn 
22263, Matplotlib 
22263, Seaborn 
22264, Matplotlib 
22267, Bokeh 
22267, Plotly / Plotly Express 
22267, Seaborn 
22267, Matplotlib 
22268, Matplotlib 
22268, Seaborn 
22268, Plotly / Plotly Express 
22268, Bokeh 
22270, Geoplotlib 
22270, Matplotlib 
22270, Bokeh 
22270, Seaborn 
22272, Matplotlib 
22272, Plotly / Plotly Express 
22273, Matplotlib 
22273,Other
22273, Seaborn 
22274, Ggplot / ggplot2 
22275, Ggplot / ggplot2 
22276, Bokeh 
22276, Plotly / Plotly Express 
22276, Ggplot / ggplot2 
22276, Matplotlib 
22276, Leaflet / Folium 
22277, Geoplotlib 
22277, Pygal 
22279, Geoplotlib 
22279, Leaflet / Folium 
22279, Plotly / Plotly Express 
22279, Pygal 
22279, Matplotlib 
22279, Seaborn 
22281, Matplotlib 
22282, Seaborn 
22282, Ggplot / ggplot2 
22282, Matplotlib 
22285, Seaborn 
22285, Matplotlib 
22285, Plotly / Plotly Express 
22286,Other
22288, Matplotlib 
22290, Matplotlib 
22290, Ggplot / ggplot2 
22291, Matplotlib 
22291, Seaborn 
22294, Seaborn 
22294, Matplotlib 
22295, Matplotlib 
22296, Matplotlib 
22296, Seaborn 
22297, Seaborn 
22299, Seaborn 
22299, Matplotlib 
22302, Seaborn 
22302, Matplotlib 
22304, Plotly / Plotly Express 
22304, Seaborn 
22304, Ggplot / ggplot2 
22304, Shiny 
22305, Matplotlib 
22306, Seaborn 
22306, Matplotlib 
22307, Matplotlib 
22307, Seaborn 
22307, Geoplotlib 
22307, Leaflet / Folium 
22311, Matplotlib 
22311, Seaborn 
22312, Matplotlib 
22313, Matplotlib 
22315, Seaborn 
22315, Matplotlib 
22316, Plotly / Plotly Express 
22316, Matplotlib 
22316, Ggplot / ggplot2 
22316, Seaborn 
22317, Seaborn 
22317, Ggplot / ggplot2 
22317, Matplotlib 
22317, Plotly / Plotly Express 
22318, Matplotlib 
22318, Seaborn 
22320, Seaborn 
22320, Matplotlib 
22323, Matplotlib 
22324,Other
22325, Matplotlib 
22325, Seaborn 
22326, Seaborn 
22326, Matplotlib 
22326, Shiny 
22326, Ggplot / ggplot2 
22329, Matplotlib 
22329, Plotly / Plotly Express 
22330, Matplotlib 
22330, Shiny 
22331, Plotly / Plotly Express 
22331, Seaborn 
22331, Bokeh 
22331, Matplotlib 
22332, Seaborn 
22332, Matplotlib 
22333, Ggplot / ggplot2 
22333, Seaborn 
22333, Plotly / Plotly Express 
22333, Matplotlib 
22334, Matplotlib 
22334, Seaborn 
22336, Plotly / Plotly Express 
22336, Shiny 
22337, Matplotlib 
22340, Matplotlib 
22342, Matplotlib 
22342, Seaborn 
22342, Plotly / Plotly Express 
22343,Other
22344, Seaborn 
22344, Plotly / Plotly Express 
22344, Shiny 
22344, Ggplot / ggplot2 
22344, Matplotlib 
22345, Matplotlib 
22345, Seaborn 
22346, Seaborn 
22346, Matplotlib 
22347, Ggplot / ggplot2 
22347, Seaborn 
22347,Other
22347, Plotly / Plotly Express 
22349, Seaborn 
22349, Matplotlib 
22349, Ggplot / ggplot2 
22350, Seaborn 
22350, Matplotlib 
22351, Shiny 
22352, Matplotlib 
22352, Plotly / Plotly Express 
22352, Ggplot / ggplot2 
22352, Seaborn 
22356, Matplotlib 
22357, Plotly / Plotly Express 
22357, Seaborn 
22357, Matplotlib 
22358, Plotly / Plotly Express 
22358, Matplotlib 
22359, Seaborn 
22359, Matplotlib 
22359, Ggplot / ggplot2 
22360, Matplotlib 
22361, Matplotlib 
22362, Seaborn 
22362, Ggplot / ggplot2 
22362, Matplotlib 
22363, Shiny 
22363, Ggplot / ggplot2 
22363, Seaborn 
22363, Matplotlib 
22367, Geoplotlib 
22369, Seaborn 
22369, Matplotlib 
22371, D3 js 
22371, Shiny 
22371, Matplotlib 
22371, Seaborn 
22374, Matplotlib 
22374, Seaborn 
22375, Seaborn 
22375, Matplotlib 
22376, Seaborn 
22376, Ggplot / ggplot2 
22376, Matplotlib 
22378, Seaborn 
22378, Ggplot / ggplot2 
22378, Shiny 
22378, Matplotlib 
22378, Plotly / Plotly Express 
22382, Matplotlib 
22383, Matplotlib 
22383, Seaborn 
22383, Plotly / Plotly Express 
22384, Seaborn 
22384, D3 js 
22384, Ggplot / ggplot2 
22385, Ggplot / ggplot2 
22386, Pygal 
22386, Dygraphs 
22387, Seaborn 
22387, Matplotlib 
22389, Seaborn 
22389, Pygal 
22389, Matplotlib 
22389, Geoplotlib 
22392, Matplotlib 
22394, Seaborn 
22394, Matplotlib 
22395, Seaborn 
22395, Ggplot / ggplot2 
22395, Matplotlib 
22397, Matplotlib 
22399, Matplotlib 
22399, Seaborn 
22399, Plotly / Plotly Express 
22400, Plotly / Plotly Express 
22400, Matplotlib 
22400, Seaborn 
22402, Seaborn 
22402, Matplotlib 
22402, Plotly / Plotly Express 
22404, Seaborn 
22404, Matplotlib 
22405, Matplotlib 
22405, Seaborn 
22407, Geoplotlib 
22407, Seaborn 
22407, Plotly / Plotly Express 
22407, Leaflet / Folium 
22407, Ggplot / ggplot2 
22407, Matplotlib 
22407, Bokeh 
22410, Ggplot / ggplot2 
22410, Seaborn 
22410, Geoplotlib 
22410, Matplotlib 
22411, Geoplotlib 
22411, Seaborn 
22411, Matplotlib 
22411, Ggplot / ggplot2 
22411, Plotly / Plotly Express 
22412, Matplotlib 
22414, Matplotlib 
22415, Matplotlib 
22415, Seaborn 
22416, Plotly / Plotly Express 
22416, Matplotlib 
22416, Seaborn 
22418, Plotly / Plotly Express 
22418, Matplotlib 
22418, Seaborn 
22423, Seaborn 
22423, Ggplot / ggplot2 
22423, Matplotlib 
22425, Plotly / Plotly Express 
22425,Other
22425, Ggplot / ggplot2 
22426, Seaborn 
22426, Matplotlib 
22427, Matplotlib 
22427, Seaborn 
22428, Matplotlib 
22429, Matplotlib 
22429, Leaflet / Folium 
22429, Geoplotlib 
22429, Seaborn 
22429, Ggplot / ggplot2 
22429, Plotly / Plotly Express 
22430, Matplotlib 
22430, Bokeh 
22430, Plotly / Plotly Express 
22430, Seaborn 
22431,Other
22431, D3 js 
22431, Matplotlib 
22432, Matplotlib 
22433, Matplotlib 
22433, Seaborn 
22434, Seaborn 
22434, Matplotlib 
22436, Matplotlib 
22436, Seaborn 
22437, Plotly / Plotly Express 
22437, D3 js 
22437, Seaborn 
22437, Matplotlib 
22438, Seaborn 
22438, Matplotlib 
22440, Ggplot / ggplot2 
22440, Seaborn 
22440, Matplotlib 
22440, Leaflet / Folium 
22440, Plotly / Plotly Express 
22441, Plotly / Plotly Express 
22441, Geoplotlib 
22441, Pygal 
22441, Matplotlib 
22443, Matplotlib 
22443, Seaborn 
22443, Ggplot / ggplot2 
22443, Plotly / Plotly Express 
22444, Seaborn 
22445, Matplotlib 
22447, Shiny 
22448, Matplotlib 
22448, Seaborn 
22450, Seaborn 
22450, Matplotlib 
22452, Matplotlib 
22452, Plotly / Plotly Express 
22452, Ggplot / ggplot2 
22452, Seaborn 
22453, Matplotlib 
22453, Seaborn 
22454, Seaborn 
22454, Plotly / Plotly Express 
22454, Matplotlib 
22457, Matplotlib 
22457, Seaborn 
22459, Matplotlib 
22460, Plotly / Plotly Express 
22460, Matplotlib 
22460, Seaborn 
22460, Ggplot / ggplot2 
22460, Geoplotlib 
22462, Matplotlib 
22464, Leaflet / Folium 
22464, Plotly / Plotly Express 
22464, Bokeh 
22464, Matplotlib 
22464, Seaborn 
22465, Ggplot / ggplot2 
22465, Shiny 
22465, Plotly / Plotly Express 
22466, Seaborn 
22466, Matplotlib 
22466, Ggplot / ggplot2 
22466, Plotly / Plotly Express 
22468, Matplotlib 
22468, D3 js 
22468, Seaborn 
22468, Plotly / Plotly Express 
22469, Matplotlib 
22472, Ggplot / ggplot2 
22472, Matplotlib 
22472, Seaborn 
22473, Matplotlib 
22473, Seaborn 
22474, Matplotlib 
22474, Seaborn 
22474, Ggplot / ggplot2 
22475, Seaborn 
22475, Matplotlib 
22477, Matplotlib 
22477, Seaborn 
22479, Matplotlib 
22479, Highcharter 
22481, Seaborn 
22481, Matplotlib 
22481, Plotly / Plotly Express 
22483, Bokeh 
22483, Shiny 
22483, Matplotlib 
22483, Seaborn 
22483, Ggplot / ggplot2 
22483, D3 js 
22483, Plotly / Plotly Express 
22486, Ggplot / ggplot2 
22486, Matplotlib 
22486, Shiny 
22486, Plotly / Plotly Express 
22487, Geoplotlib 
22489, Matplotlib 
22489, Seaborn 
22490, Ggplot / ggplot2 
22490, Matplotlib 
22490, Leaflet / Folium 
22490, Plotly / Plotly Express 
22490, Seaborn 
22490, Shiny 
22491, Matplotlib 
22493, Matplotlib 
22494,Other
22494, Matplotlib 
22496, Matplotlib 
22496, Seaborn 
22496, Bokeh 
22496, Plotly / Plotly Express 
22496, D3 js 
22497, Matplotlib 
22497, Plotly / Plotly Express 
22497, Seaborn 
22498, Seaborn 
22498, Matplotlib 
22498, Geoplotlib 
22498, Bokeh 
22499, Matplotlib 
22499, Plotly / Plotly Express 
22499, Seaborn 
22500, Seaborn 
22500, Matplotlib 
22502, Seaborn 
22502, Matplotlib 
22503, Matplotlib 
22503, Seaborn 
22503, Plotly / Plotly Express 
22504, Matplotlib 
22504, Ggplot / ggplot2 
22505, D3 js 
22505,Other
22505, Matplotlib 
22508, Matplotlib 
22508, Seaborn 
22509, Seaborn 
22510, Seaborn 
22510, Plotly / Plotly Express 
22510, Matplotlib 
22511, Matplotlib 
22511, Plotly / Plotly Express 
22513, Leaflet / Folium 
22513, D3 js 
22513, Matplotlib 
22513, Shiny 
22513, Ggplot / ggplot2 
22513, Plotly / Plotly Express 
22513, Seaborn 
22515, Matplotlib 
22515, Seaborn 
22517, Shiny 
22517, Seaborn 
22517, Plotly / Plotly Express 
22517, Matplotlib 
22518, Seaborn 
22518, Matplotlib 
22518, Bokeh 
22519, Seaborn 
22519, Matplotlib 
22521, Matplotlib 
22522, Plotly / Plotly Express 
22522, Matplotlib 
22523, Plotly / Plotly Express 
22523, Seaborn 
22523, Matplotlib 
22524, Ggplot / ggplot2 
22526, Bokeh 
22526, Matplotlib 
22526, Seaborn 
22528, Seaborn 
22528, Matplotlib 
22529, Seaborn 
22532, Seaborn 
22532, Matplotlib 
22534, Matplotlib 
22534, Seaborn 
22535, Seaborn 
22536, Matplotlib 
22536, Seaborn 
22537, Seaborn 
22537, Matplotlib 
22537, Plotly / Plotly Express 
22540, Matplotlib 
22541, Matplotlib 
22541, Seaborn 
22542, Pygal 
22542, Dygraphs 
22542, Seaborn 
22542, Matplotlib 
22543, Ggplot / ggplot2 
22544, Matplotlib 
22544, D3 js 
22544, Bokeh 
22544, Geoplotlib 
22544, Seaborn 
22545, Matplotlib 
22545, Seaborn 
22545, Plotly / Plotly Express 
22546, Matplotlib 
22547, Seaborn 
22547, Matplotlib 
22548, Matplotlib 
22549, Matplotlib 
22550, Seaborn 
22550, Pygal 
22550, Matplotlib 
22550, Plotly / Plotly Express 
22551, D3 js 
22553, Seaborn 
22553, Matplotlib 
22554, Seaborn 
22554, Matplotlib 
22556, Seaborn 
22558, Matplotlib 
22558, Plotly / Plotly Express 
22558, Seaborn 
22559, Seaborn 
22559, Matplotlib 
22560, Matplotlib 
22560, Seaborn 
22561, Matplotlib 
22561, Highcharter 
22561, Seaborn 
22562,Other
22563, Matplotlib 
22563, Seaborn 
22564, Seaborn 
22564, Matplotlib 
22565, Plotly / Plotly Express 
22565, Seaborn 
22565, Matplotlib 
22565, Shiny 
22565, Ggplot / ggplot2 
22566, Matplotlib 
22566, Geoplotlib 
22568, Matplotlib 
22570, Matplotlib 
22570, Plotly / Plotly Express 
22570, Seaborn 
22570, Ggplot / ggplot2 
22571, Ggplot / ggplot2 
22571, Matplotlib 
22571, Seaborn 
22572, Matplotlib 
22573, Matplotlib 
22573, Ggplot / ggplot2 
22573, Seaborn 
22573, Plotly / Plotly Express 
22575, Seaborn 
22575, Matplotlib 
22576, Matplotlib 
22576, Seaborn 
22577,Other
22578, Ggplot / ggplot2 
22579, Matplotlib 
22579, Ggplot / ggplot2 
22580, Seaborn 
22580, Matplotlib 
22581, Matplotlib 
22581, Shiny 
22581, D3 js 
22581, Seaborn 
22581, Plotly / Plotly Express 
22581, Ggplot / ggplot2 
22582, Matplotlib 
22585, Matplotlib 
22585, Seaborn 
22586, Matplotlib 
22586, Seaborn 
22588, Matplotlib 
22590, Matplotlib 
22590, Seaborn 
22592, Bokeh 
22592, Matplotlib 
22592, Seaborn 
22593, Matplotlib 
22593, Seaborn 
22593, Geoplotlib 
22594, Matplotlib 
22594, Seaborn 
22595, Seaborn 
22595, Matplotlib 
22595, Plotly / Plotly Express 
22596, Seaborn 
22596, Matplotlib 
22597, Shiny 
22599, Ggplot / ggplot2 
22599, Matplotlib 
22602, Ggplot / ggplot2 
22603, Plotly / Plotly Express 
22603, Matplotlib 
22603, Seaborn 
22604, Matplotlib 
22605, Seaborn 
22605, Matplotlib 
22605, Plotly / Plotly Express 
22606, Matplotlib 
22606, D3 js 
22608, Matplotlib 
22608, Seaborn 
22609, Matplotlib 
22609, Seaborn 
22609, Ggplot / ggplot2 
22609, Plotly / Plotly Express 
22610, Seaborn 
22610, Matplotlib 
22613, Matplotlib 
22613, Geoplotlib 
22613, Seaborn 
22613, Ggplot / ggplot2 
22613, Plotly / Plotly Express 
22615, Ggplot / ggplot2 
22616, Matplotlib 
22616, Seaborn 
22618, Matplotlib 
22618, Seaborn 
22618, Plotly / Plotly Express 
22619, Matplotlib 
22620, Matplotlib 
22622, Matplotlib 
22622, Seaborn 
22623, Seaborn 
22623, Plotly / Plotly Express 
22623, Matplotlib 
22624, Matplotlib 
22624, Seaborn 
22624, Ggplot / ggplot2 
22624, Plotly / Plotly Express 
22625, Matplotlib 
22625, Seaborn 
22625, Plotly / Plotly Express 
22626, Matplotlib 
22626, Seaborn 
22627, Seaborn 
22627, Matplotlib 
22628, Matplotlib 
22631, Matplotlib 
22632, Ggplot / ggplot2 
22633, Matplotlib 
22633,Other
22639, Matplotlib 
22639, Seaborn 
22640, Matplotlib 
22642, Matplotlib 
22643, Seaborn 
22643, Matplotlib 
22644, Matplotlib 
22644, Plotly / Plotly Express 
22644, Ggplot / ggplot2 
22645, Seaborn 
22645, Matplotlib 
22647, Seaborn 
22647, Matplotlib 
22648, Seaborn 
22649, Seaborn 
22649, Matplotlib 
22651, Matplotlib 
22652, Plotly / Plotly Express 
22652, Altair 
22652, Geoplotlib 
22652, Matplotlib 
22652, Leaflet / Folium 
22652, Shiny 
22652, Bokeh 
22652, Seaborn 
22653, Matplotlib 
22653, Seaborn 
22654, Plotly / Plotly Express 
22654, Ggplot / ggplot2 
22654, Matplotlib 
22654, Seaborn 
22655, Plotly / Plotly Express 
22655, Ggplot / ggplot2 
22657, Matplotlib 
22658, Seaborn 
22658, Matplotlib 
22659, Plotly / Plotly Express 
22659, Ggplot / ggplot2 
22659, Seaborn 
22659, Matplotlib 
22662, Matplotlib 
22662, Seaborn 
22664, Matplotlib 
22664, Seaborn 
22664, Plotly / Plotly Express 
22666, Matplotlib 
22666, Seaborn 
22667, Matplotlib 
22667, Seaborn 
22668,Other
22669, D3 js 
22669, Seaborn 
22669, Matplotlib 
22670, Matplotlib 
22670, Plotly / Plotly Express 
22670, Seaborn 
22670, Altair 
22671, Seaborn 
22671, Matplotlib 
22672, Seaborn 
22672, Plotly / Plotly Express 
22672, Matplotlib 
22672, Ggplot / ggplot2 
22675, Matplotlib 
22675, Bokeh 
22675, Seaborn 
22679, Matplotlib 
22680, Matplotlib 
22680, Shiny 
22680,Other
22681, Seaborn 
22681, Plotly / Plotly Express 
22681, Matplotlib 
22682, Matplotlib 
22682, Ggplot / ggplot2 
22682, Seaborn 
22683, Matplotlib 
22684, Matplotlib 
22686, Ggplot / ggplot2 
22687, Geoplotlib 
22687, Ggplot / ggplot2 
22688, Matplotlib 
22690, Matplotlib 
22690, Bokeh 
22690, Ggplot / ggplot2 
22693, Seaborn 
22693, Matplotlib 
22694, Matplotlib 
22694, Seaborn 
22695, Matplotlib 
22695,Other
22695, Seaborn 
22696, Matplotlib 
22696, Plotly / Plotly Express 
22696, Seaborn 
22697, Matplotlib 
22697, Seaborn 
22700, Matplotlib 
22700, Seaborn 
22701, Seaborn 
22701, Matplotlib 
22701, Plotly / Plotly Express 
22703, Seaborn 
22703, Matplotlib 
22704, Seaborn 
22704, Matplotlib 
22705, Matplotlib 
22705, Seaborn 
22709, Matplotlib 
22709, Geoplotlib 
22709, Plotly / Plotly Express 
22709, Seaborn 
22710, Ggplot / ggplot2 
22710, Seaborn 
22710, Plotly / Plotly Express 
22710, Matplotlib 
22711, Matplotlib 
22711, Seaborn 
22711, Plotly / Plotly Express 
22711, Shiny 
22712,Other
22713, Matplotlib 
22713, Seaborn 
22713, Plotly / Plotly Express 
22715, Matplotlib 
22715, Seaborn 
22716, Matplotlib 
22716, Seaborn 
22719, Seaborn 
22719, Matplotlib 
22721, Ggplot / ggplot2 
22722, Seaborn 
22722, Matplotlib 
22725, Seaborn 
22725, Plotly / Plotly Express 
22725, Matplotlib 
22726, Plotly / Plotly Express 
22726, Seaborn 
22726, Matplotlib 
22728, Ggplot / ggplot2 
22728, Seaborn 
22728, Matplotlib 
22729, Matplotlib 
22730, Matplotlib 
22730, Ggplot / ggplot2 
22731, Seaborn 
22731, Matplotlib 
22731, Plotly / Plotly Express 
22734, Seaborn 
22734, Matplotlib 
22735, Matplotlib 
22735, Seaborn 
22736, Ggplot / ggplot2 
22736, Matplotlib 
22736, Seaborn 
22737, Ggplot / ggplot2 
22738,Other
22739, Matplotlib 
22739, Ggplot / ggplot2 
22739, Bokeh 
22739, Dygraphs 
22740, Matplotlib 
22740, Ggplot / ggplot2 
22741, Bokeh 
22741, Matplotlib 
22743, Dygraphs 
22743, Matplotlib 
22743, Shiny 
22743, Highcharter 
22743, Ggplot / ggplot2 
22744, Seaborn 
22744, Plotly / Plotly Express 
22744, Matplotlib 
22745, Matplotlib 
22746, Matplotlib 
22747,Other
22747, Matplotlib 
22747, Seaborn 
22748, Matplotlib 
22752, Seaborn 
22752, Matplotlib 
22753, Seaborn 
22753, Matplotlib 
22757, Seaborn 
22757, Ggplot / ggplot2 
22757, Matplotlib 
22758, Seaborn 
22758, Ggplot / ggplot2 
22758, Matplotlib 
22759, Seaborn 
22759, Matplotlib 
22763,Other
22763, Matplotlib 
22764, Geoplotlib 
22764, Seaborn 
22764, Matplotlib 
22765, Matplotlib 
22765, Seaborn 
22767, Matplotlib 
22768, Matplotlib 
22768, Seaborn 
22769, Seaborn 
22769, Matplotlib 
22770, Seaborn 
22770, Matplotlib 
22770, Ggplot / ggplot2 
22773, Seaborn 
22773, Matplotlib 
22774, Seaborn 
22774, Geoplotlib 
22774, Matplotlib 
22775, Matplotlib 
22775, Seaborn 
22776, Matplotlib 
22776, Plotly / Plotly Express 
22776, Seaborn 
22777, Matplotlib 
22777, Seaborn 
22779, Ggplot / ggplot2 
22779, Leaflet / Folium 
22779, Shiny 
22779, Plotly / Plotly Express 
22779, Matplotlib 
22779, Geoplotlib 
22780, Seaborn 
22780, Matplotlib 
22780, Bokeh 
22780, Ggplot / ggplot2 
22782, Matplotlib 
22782, Seaborn 
22783, Matplotlib 
22786, Matplotlib 
22790, Seaborn 
22790, Matplotlib 
22791, Matplotlib 
22792, Ggplot / ggplot2 
22792, Matplotlib 
22792, Plotly / Plotly Express 
22794, Matplotlib 
22794, Seaborn 
22795, Matplotlib 
22795,Other
22798, Seaborn 
22798, Matplotlib 
22799, Ggplot / ggplot2 
22799, Shiny 
22800, Matplotlib 
22801, Matplotlib 
22802, Matplotlib 
22802, Seaborn 
22803, Matplotlib 
22803, Plotly / Plotly Express 
22803, Seaborn 
22804, Seaborn 
22804, Matplotlib 
22806, Matplotlib 
22806, Shiny 
22806, Seaborn 
22806, Ggplot / ggplot2 
22806, Plotly / Plotly Express 
22807, Plotly / Plotly Express 
22807, Seaborn 
22807, Matplotlib 
22809, Matplotlib 
22810, Matplotlib 
22813, Seaborn 
22813, Matplotlib 
22814, Seaborn 
22816, Matplotlib 
22816, Seaborn 
22817, Matplotlib 
22817, Seaborn 
22817, Plotly / Plotly Express 
22818,Other
22818, Matplotlib 
22818, Seaborn 
22821, Matplotlib 
22821, Seaborn 
22822, Matplotlib 
22822, Plotly / Plotly Express 
22823, Plotly / Plotly Express 
22823,Other
22823, Matplotlib 
22825, Matplotlib 
22825, Plotly / Plotly Express 
22826, Matplotlib 
22827, Matplotlib 
22827, Seaborn 
22828, Seaborn 
22828, Matplotlib 
22829, Matplotlib 
22832, Seaborn 
22832, Matplotlib 
22832, Plotly / Plotly Express 
22835, Seaborn 
22835, Plotly / Plotly Express 
22835, Matplotlib 
22836,Other
22837, Matplotlib 
22837, Seaborn 
22838, Matplotlib 
22838, Seaborn 
22840, Matplotlib 
22840, Seaborn 
22841, Seaborn 
22843,Other
22843, Leaflet / Folium 
22844, Matplotlib 
22844, Seaborn 
22846, Matplotlib 
22846, Plotly / Plotly Express 
22847,Other
22847, Matplotlib 
22848, Matplotlib 
22848, Plotly / Plotly Express 
22848, Seaborn 
22852, Bokeh 
22852, Seaborn 
22852, Matplotlib 
22853, Seaborn 
22854, Matplotlib 
22855, Ggplot / ggplot2 
22855, Shiny 
22856, Plotly / Plotly Express 
22856, Matplotlib 
22857, Plotly / Plotly Express 
22857, Seaborn 
22857, Matplotlib 
22859, Matplotlib 
22860, Ggplot / ggplot2 
22861, Matplotlib 
22862, Matplotlib 
22863, Matplotlib 
22865, Ggplot / ggplot2 
22866, Plotly / Plotly Express 
22866, Matplotlib 
22866, Seaborn 
22867, Seaborn 
22867, Matplotlib 
22867, Plotly / Plotly Express 
22867, Ggplot / ggplot2 
22869, Ggplot / ggplot2 
22870, Matplotlib 
22871, Matplotlib 
22872, Plotly / Plotly Express 
22872, Matplotlib 
22873, Matplotlib 
22873, Seaborn 
22874, Seaborn 
22874, Matplotlib 
22874, Plotly / Plotly Express 
22874, Ggplot / ggplot2 
22875, Bokeh 
22875, Plotly / Plotly Express 
22875, Seaborn 
22875, Matplotlib 
22875, Ggplot / ggplot2 
22876, Geoplotlib 
22876, Shiny 
22876, Matplotlib 
22876, Ggplot / ggplot2 
22876, Plotly / Plotly Express 
22877, Matplotlib 
22877, Seaborn 
22880, Seaborn 
22880, Matplotlib 
22880, Ggplot / ggplot2 
22881, Plotly / Plotly Express 
22881, Seaborn 
22881, Matplotlib 
22881, Altair 
22882, Seaborn 
22882, Dygraphs 
22882, Geoplotlib 
22882, Matplotlib 
22883, Ggplot / ggplot2 
22883, Matplotlib 
22884, Matplotlib 
22885, Matplotlib 
22885, Ggplot / ggplot2 
22885, Seaborn 
22886, Matplotlib 
22886, Plotly / Plotly Express 
22888, Matplotlib 
22890, Seaborn 
22890, Matplotlib 
22890, Ggplot / ggplot2 
22891, Matplotlib 
22892, Matplotlib 
22893, Matplotlib 
22893, Ggplot / ggplot2 
22893, Seaborn 
22894, Seaborn 
22894, Ggplot / ggplot2 
22894, Matplotlib 
22894, Plotly / Plotly Express 
22895, Seaborn 
22895, Matplotlib 
22896, Ggplot / ggplot2 
22896, Matplotlib 
22897, Matplotlib 
22897, Plotly / Plotly Express 
22897, Seaborn 
22897, Ggplot / ggplot2 
22898, Ggplot / ggplot2 
22898, Bokeh 
22898, Seaborn 
22898, Matplotlib 
22898, Plotly / Plotly Express 
22900, Matplotlib 
22901, Seaborn 
22901, Bokeh 
22901, Matplotlib 
22901, Plotly / Plotly Express 
22902, Seaborn 
22902, Ggplot / ggplot2 
22902, Shiny 
22902, Matplotlib 
22903, D3 js 
22904, Seaborn 
22904, Geoplotlib 
22904, Ggplot / ggplot2 
22904, D3 js 
22904, Matplotlib 
22905, Matplotlib 
22906,Other
22906, Matplotlib 
22907, Matplotlib 
22907, Seaborn 
22908, Seaborn 
22908, Matplotlib 
22909, Matplotlib 
22909, Seaborn 
22909, Plotly / Plotly Express 
22910, Geoplotlib 
22910, Ggplot / ggplot2 
22911, Matplotlib 
22911, Seaborn 
22912, Seaborn 
22912, Matplotlib 
22914, Matplotlib 
22914, Plotly / Plotly Express 
22914, Seaborn 
22915, Seaborn 
22915, Matplotlib 
22915, Ggplot / ggplot2 
22917, Seaborn 
22918,Other
22919, Matplotlib 
22921, Matplotlib 
22921, Plotly / Plotly Express 
22921, Seaborn 
22922, Leaflet / Folium 
22922, Matplotlib 
22922, Ggplot / ggplot2 
22922, Plotly / Plotly Express 
22923, Matplotlib 
22923, Plotly / Plotly Express 
22923, Highcharter 
22926, Seaborn 
22926, Matplotlib 
22928, Matplotlib 
22928, Plotly / Plotly Express 
22928, Seaborn 
22931, Seaborn 
22931, Matplotlib 
22931, Plotly / Plotly Express 
22935, Geoplotlib 
22935, Ggplot / ggplot2 
22935, Plotly / Plotly Express 
22935, Seaborn 
22935, Matplotlib 
22937, Seaborn 
22937, Matplotlib 
22938, Matplotlib 
22938, Seaborn 
22939, Matplotlib 
22939, Plotly / Plotly Express 
22939, D3 js 
22940, Seaborn 
22940, Plotly / Plotly Express 
22940, Matplotlib 
22941, Seaborn 
22941, Matplotlib 
22941, Plotly / Plotly Express 
22942, Plotly / Plotly Express 
22942, Matplotlib 
22942, Seaborn 
22943, Matplotlib 
22943, Plotly / Plotly Express 
22943, Seaborn 
22944, Seaborn 
22944, Matplotlib 
22945, Seaborn 
22945, Geoplotlib 
22945, Plotly / Plotly Express 
22945, Matplotlib 
22946, Matplotlib 
22947, Matplotlib 
22947, Geoplotlib 
22947, Leaflet / Folium 
22947, Highcharter 
22947, Dygraphs 
22947, Seaborn 
22947, Plotly / Plotly Express 
22948, Ggplot / ggplot2 
22950, Seaborn 
22950, Matplotlib 
22951, Matplotlib 
22951, Plotly / Plotly Express 
22951, Seaborn 
22951, Ggplot / ggplot2 
22952, Plotly / Plotly Express 
22952, Ggplot / ggplot2 
22952, Seaborn 
22953, Plotly / Plotly Express 
22953, Seaborn 
22953, Matplotlib 
22954, Seaborn 
22954, Ggplot / ggplot2 
22955, Matplotlib 
22955, Ggplot / ggplot2 
22956, Seaborn 
22958, Plotly / Plotly Express 
22958, Ggplot / ggplot2 
22958, Matplotlib 
22958, Seaborn 
22959, Plotly / Plotly Express 
22959, Seaborn 
22959, Dygraphs 
22959, Matplotlib 
22960, Matplotlib 
22960, Seaborn 
22963, Matplotlib 
22963, Seaborn 
22964, Seaborn 
22964, Ggplot / ggplot2 
22964, Matplotlib 
22966, Matplotlib 
22967, Seaborn 
22967, Matplotlib 
22967, Ggplot / ggplot2 
22968, Matplotlib 
22968, Plotly / Plotly Express 
22969, Matplotlib 
22969, Seaborn 
22970, Matplotlib 
22972, Seaborn 
22972, Matplotlib 
22975, Matplotlib 
22975, Ggplot / ggplot2 
22977, Matplotlib 
22977, Seaborn 
22978, Seaborn 
22978, Matplotlib 
22979, Bokeh 
22979, Shiny 
22979, Matplotlib 
22979, Ggplot / ggplot2 
22979, Geoplotlib 
22979, Pygal 
22979, Plotly / Plotly Express 
22980, Matplotlib 
22980, Seaborn 
22981, Matplotlib 
22981, Altair 
22981, Seaborn 
22981, Plotly / Plotly Express 
22982, Plotly / Plotly Express 
22982, Bokeh 
22983, Ggplot / ggplot2 
22985, Matplotlib 
22986, Seaborn 
22988, Matplotlib 
22988, Seaborn 
22989, D3 js 
22990, Seaborn 
22990, Matplotlib 
22990, Plotly / Plotly Express 
22992, Matplotlib 
22992, Highcharter 
22992, Seaborn 
22993, Geoplotlib 
22994, Ggplot / ggplot2 
22995, Matplotlib 
22995, Seaborn 
22996, Matplotlib 
22996, Seaborn 
22997, Seaborn 
22997, Matplotlib 
23001, Seaborn 
23002, Matplotlib 
23002, Seaborn 
23003, Matplotlib 
23003, Shiny 
23003, Ggplot / ggplot2 
23003, Seaborn 
23004, Seaborn 
23004, Matplotlib 
23004, Ggplot / ggplot2 
23005, Matplotlib 
23007, Matplotlib 
23008, Plotly / Plotly Express 
23008, Leaflet / Folium 
23008, Geoplotlib 
23008, Shiny 
23008, Ggplot / ggplot2 
23009, Matplotlib 
23010, Matplotlib 
23016, Matplotlib 
23016, Seaborn 
23018, Matplotlib 
23019, Seaborn 
23019, Matplotlib 
23019, Ggplot / ggplot2 
23020, Seaborn 
23020, Matplotlib 
23022, Matplotlib 
23023, Shiny 
23027, Matplotlib 
23027, Seaborn 
23028, Seaborn 
23028, Matplotlib 
23029, D3 js 
23030, Plotly / Plotly Express 
23030, Ggplot / ggplot2 
23030, Shiny 
23031, Pygal 
23031, Altair 
23031, Highcharter 
23031, Dygraphs 
23031, D3 js 
23032, Matplotlib 
23033, Seaborn 
23036, Ggplot / ggplot2 
23036, Leaflet / Folium 
23036, Plotly / Plotly Express 
23036, Matplotlib 
23036, D3 js 
23037, Matplotlib 
23037, Seaborn 
23038, Matplotlib 
23038, Seaborn 
23039, Matplotlib 
23040, Matplotlib 
23042, Seaborn 
23042, Matplotlib 
23042, Plotly / Plotly Express 
23044, Plotly / Plotly Express 
23044, Matplotlib 
23044, Geoplotlib 
23044, Seaborn 
23045, Seaborn 
23045, Plotly / Plotly Express 
23045, Matplotlib 
23046, Matplotlib 
23047, Ggplot / ggplot2 
23048, Matplotlib 
23048, Seaborn 
23051, Seaborn 
23051, Plotly / Plotly Express 
23052, Matplotlib 
23053, Matplotlib 
23053, Seaborn 
23053, Geoplotlib 
23054, Matplotlib 
23054, Seaborn 
23055, Seaborn 
23055, Matplotlib 
23056, Matplotlib 
23057, Ggplot / ggplot2 
23057, Seaborn 
23057, Matplotlib 
23057, Plotly / Plotly Express 
23058, Seaborn 
23058, Bokeh 
23058, D3 js 
23058, Matplotlib 
23058, Plotly / Plotly Express 
23059, Seaborn 
23059, Matplotlib 
23060, Matplotlib 
23060, Plotly / Plotly Express 
23060, Seaborn 
23062, Matplotlib 
23062, Seaborn 
23063, Matplotlib 
23063, Ggplot / ggplot2 
23065, Seaborn 
23065, Matplotlib 
23067, Ggplot / ggplot2 
23067, Plotly / Plotly Express 
23067, Matplotlib 
23068, Matplotlib 
23068, Seaborn 
23069, Seaborn 
23069, Matplotlib 
23069, Plotly / Plotly Express 
23070, Matplotlib 
23070, Ggplot / ggplot2 
23070, Seaborn 
23071, Matplotlib 
23072, Seaborn 
23072, Matplotlib 
23072, Plotly / Plotly Express 
23073, Matplotlib 
23073, Seaborn 
23074, Matplotlib 
23074, Seaborn 
23077, Seaborn 
23077, Matplotlib 
23078, Matplotlib 
23078, Seaborn 
23079, Matplotlib 
23079, Seaborn 
23080, Geoplotlib 
23080, Plotly / Plotly Express 
23080, Seaborn 
23080, Matplotlib 
23081, Ggplot / ggplot2 
23083, Matplotlib 
23083, Seaborn 
23084, Plotly / Plotly Express 
23084, Matplotlib 
23084, Altair 
23085, Seaborn 
23085, Matplotlib 
23086, Matplotlib 
23086, Seaborn 
23086, Plotly / Plotly Express 
23087, Matplotlib 
23090, Geoplotlib 
23090, Seaborn 
23090, Matplotlib 
23091, Matplotlib 
23091, Seaborn 
23095,Other
23096, Seaborn 
23096, Matplotlib 
23097, Matplotlib 
23098, Ggplot / ggplot2 
23098, Seaborn 
23098, Matplotlib 
23099, Matplotlib 
23099, Seaborn 
23101, Seaborn 
23101, Matplotlib 
23102, Matplotlib 
23102, Seaborn 
23103, Ggplot / ggplot2 
23104, Matplotlib 
23105, Seaborn 
23105, Matplotlib 
23105, Ggplot / ggplot2 
23107, Matplotlib 
23108, Plotly / Plotly Express 
23108, Matplotlib 
23108, Seaborn 
23110, Matplotlib 
23111, Plotly / Plotly Express 
23111, Shiny 
23111, Matplotlib 
23111, Seaborn 
23111, Ggplot / ggplot2 
23112, Seaborn 
23112, Matplotlib 
23113, Seaborn 
23113, Plotly / Plotly Express 
23113, Matplotlib 
23114, Seaborn 
23114, Pygal 
23114, Matplotlib 
23115, Plotly / Plotly Express 
23115, Matplotlib 
23115, Seaborn 
23115, Bokeh 
23116, Ggplot / ggplot2 
23117, Geoplotlib 
23117, Plotly / Plotly Express 
23117, Seaborn 
23117, Matplotlib 
23118, Matplotlib 
23118, Seaborn 
23119, Seaborn 
23120, Matplotlib 
23121, Seaborn 
23121, Plotly / Plotly Express 
23121, Matplotlib 
23122, Matplotlib 
23123, Ggplot / ggplot2 
23123, Matplotlib 
23123, Seaborn 
23123, D3 js 
23126, Matplotlib 
23126, Seaborn 
23127, Matplotlib 
23127, Seaborn 
23128, Seaborn 
23128, Matplotlib 
23129, D3 js 
23129, Matplotlib 
23129, Seaborn 
23130, Matplotlib 
23130, Seaborn 
23133, Seaborn 
23133, Matplotlib 
23134, Seaborn 
23134, Matplotlib 
23135, Matplotlib 
23135, Seaborn 
23136, Seaborn 
23136, Matplotlib 
23137, Matplotlib 
23137, Seaborn 
23138, Plotly / Plotly Express 
23138, Matplotlib 
23139, Matplotlib 
23141, Seaborn 
23141, Matplotlib 
23141, Plotly / Plotly Express 
23142, D3 js 
23143, Matplotlib 
23143, Plotly / Plotly Express 
23143, Ggplot / ggplot2 
23144, Seaborn 
23144, Leaflet / Folium 
23144, Geoplotlib 
23144, Matplotlib 
23145, Matplotlib 
23148, Matplotlib 
23148, Seaborn 
23149, Matplotlib 
23149, Ggplot / ggplot2 
23150, Matplotlib 
23151, Bokeh 
23151, Plotly / Plotly Express 
23151, Seaborn 
23152, Matplotlib 
23154, Seaborn 
23154, Matplotlib 
23154, Plotly / Plotly Express 
23155, Matplotlib 
23155, Ggplot / ggplot2 
23155, Seaborn 
23156, Matplotlib 
23157, Matplotlib 
23158, Seaborn 
23158, Plotly / Plotly Express 
23158, Matplotlib 
23159, Ggplot / ggplot2 
23159, Matplotlib 
23159, Seaborn 
23159, Plotly / Plotly Express 
23159, Altair 
23160, Plotly / Plotly Express 
23160, Shiny 
23160, Ggplot / ggplot2 
23164, Matplotlib 
23165, Seaborn 
23165, Geoplotlib 
23165, Matplotlib 
23165, Plotly / Plotly Express 
23166, Matplotlib 
23166, Plotly / Plotly Express 
23169, Plotly / Plotly Express 
23169, Seaborn 
23169, Matplotlib 
23169, Ggplot / ggplot2 
23170, Matplotlib 
23171, Matplotlib 
23172, Geoplotlib 
23172, Matplotlib 
23172, Ggplot / ggplot2 
23172, Seaborn 
23172, Plotly / Plotly Express 
23173, Matplotlib 
23174, Plotly / Plotly Express 
23174, Matplotlib 
23176, Seaborn 
23176, Matplotlib 
23177, Matplotlib 
23177, Seaborn 
23178, Matplotlib 
23179, Matplotlib 
23179, Seaborn 
23180, Seaborn 
23180, Matplotlib 
23181, Matplotlib 
23183, Seaborn 
23183, Ggplot / ggplot2 
23183, Matplotlib 
23184, Plotly / Plotly Express 
23184, Matplotlib 
23184, Seaborn 
23186, Ggplot / ggplot2 
23186, Plotly / Plotly Express 
23186, Matplotlib 
23186, Seaborn 
23188, Plotly / Plotly Express 
23188, Ggplot / ggplot2 
23188, Bokeh 
23188, Geoplotlib 
23188, Matplotlib 
23188, Seaborn 
23188, Shiny 
23190, D3 js 
23191, Ggplot / ggplot2 
23191, Seaborn 
23191, Matplotlib 
23193, Geoplotlib 
23193, Ggplot / ggplot2 
23193, Seaborn 
23193, Plotly / Plotly Express 
23193, Matplotlib 
23198, Seaborn 
23198, Plotly / Plotly Express 
23198, Matplotlib 
23198, Ggplot / ggplot2 
23199, Matplotlib 
23199, Seaborn 
23199, Plotly / Plotly Express 
23201, Matplotlib 
23202, Seaborn 
23202, Matplotlib 
23203, Ggplot / ggplot2 
23203, Seaborn 
23203, Matplotlib 
23204, Matplotlib 
23204, Seaborn 
23207, Matplotlib 
23207, Seaborn 
23208, Geoplotlib 
23208, Ggplot / ggplot2 
23208,Other
23208, Matplotlib 
23208, Seaborn 
23209, Matplotlib 
23209, Seaborn 
23210, Seaborn 
23210, Plotly / Plotly Express 
23210, Matplotlib 
23210, Ggplot / ggplot2 
23211, Matplotlib 
23211, Seaborn 
23212, Seaborn 
23212, Matplotlib 
23213, Plotly / Plotly Express 
23213, Bokeh 
23213, Matplotlib 
23213, D3 js 
23215, Matplotlib 
23215, Ggplot / ggplot2 
23217, Matplotlib 
23217, Seaborn 
23218, Ggplot / ggplot2 
23218, Seaborn 
23218, Matplotlib 
23219, Plotly / Plotly Express 
23219, Seaborn 
23219, Matplotlib 
23219, Ggplot / ggplot2 
23220, Ggplot / ggplot2 
23220, Matplotlib 
23221, Seaborn 
23221, Matplotlib 
23223, Matplotlib 
23223, Seaborn 
23224, Seaborn 
23224, Matplotlib 
23225, Matplotlib 
23225, Seaborn 
23225, Plotly / Plotly Express 
23227, Matplotlib 
23228, Matplotlib 
23228, Pygal 
23228, D3 js 
23228, Leaflet / Folium 
23228, Highcharter 
23228, Bokeh 
23228, Dygraphs 
23228, Seaborn 
23228, Plotly / Plotly Express 
23228, Ggplot / ggplot2 
23230, Matplotlib 
23231, Ggplot / ggplot2 
23231, Shiny 
23231, Geoplotlib 
23231, Matplotlib 
23231, Plotly / Plotly Express 
23231, Seaborn 
23232, Matplotlib 
23232, Seaborn 
23233, Seaborn 
23235, Seaborn 
23236, Matplotlib 
23239, Plotly / Plotly Express 
23240, Matplotlib 
23240, Seaborn 
23241, Matplotlib 
23241, Seaborn 
23242, Plotly / Plotly Express 
23242, Matplotlib 
23242, Ggplot / ggplot2 
23242, Seaborn 
23243, Seaborn 
23243, Matplotlib 
23243, Plotly / Plotly Express 
23244, Ggplot / ggplot2 
23244, Seaborn 
23245, Pygal 
23246, Ggplot / ggplot2 
23246, Seaborn 
23246, Plotly / Plotly Express 
23246, Matplotlib 
23247, Plotly / Plotly Express 
23247, Matplotlib 
23247, Seaborn 
23250, Matplotlib 
23250, Ggplot / ggplot2 
23250, Plotly / Plotly Express 
23250, Bokeh 
23252, Matplotlib 
23252, Seaborn 
23256, Matplotlib 
23257, Plotly / Plotly Express 
23261, Matplotlib 
23261, Seaborn 
23261, Plotly / Plotly Express 
23262,Other
23263, Seaborn 
23263, Plotly / Plotly Express 
23263, Matplotlib 
23267, Seaborn 
23267, Matplotlib 
23268, Matplotlib 
23268, Seaborn 
23269, Matplotlib 
23271, Matplotlib 
23274, Ggplot / ggplot2 
23274, Matplotlib 
23274, Plotly / Plotly Express 
23274, Seaborn 
23276, Matplotlib 
23276, Seaborn 
23278, Matplotlib 
23278, Leaflet / Folium 
23278, Plotly / Plotly Express 
23278, Ggplot / ggplot2 
23279, Shiny 
23280, Matplotlib 
23280, Seaborn 
23280,Other
23285, Ggplot / ggplot2 
23286, Matplotlib 
23287, Ggplot / ggplot2 
23289, Matplotlib 
23289, Seaborn 
23290, Seaborn 
23290, Matplotlib 
23290, Plotly / Plotly Express 
23290, Bokeh 
23290, Ggplot / ggplot2 
23291, Matplotlib 
23292, Ggplot / ggplot2 
23292, Matplotlib 
23293, Matplotlib 
23293, Seaborn 
23294, Seaborn 
23294, Plotly / Plotly Express 
23295, Matplotlib 
23295, Seaborn 
23297, Matplotlib 
23297, Plotly / Plotly Express 
23297, Seaborn 
23298, Matplotlib 
23298, Seaborn 
23299, Matplotlib 
23300, Matplotlib 
23300, Ggplot / ggplot2 
23300, Plotly / Plotly Express 
23301, Ggplot / ggplot2 
23301, Seaborn 
23301, Matplotlib 
23302, Geoplotlib 
23302, Seaborn 
23302, Shiny 
23302, Ggplot / ggplot2 
23302, Matplotlib 
23303, Plotly / Plotly Express 
23303, Matplotlib 
23303, Seaborn 
23305, Matplotlib 
23305, Seaborn 
23306, Matplotlib 
23306, Leaflet / Folium 
23306, Shiny 
23307, Shiny 
23307, Seaborn 
23308, Matplotlib 
23309, Ggplot / ggplot2 
23309, Matplotlib 
23309, Seaborn 
23310, Matplotlib 
23311, Ggplot / ggplot2 
23311, Plotly / Plotly Express 
23311, Matplotlib 
23312, Matplotlib 
23313, Ggplot / ggplot2 
23314, Matplotlib 
23314, Seaborn 
23315, Matplotlib 
23316, Plotly / Plotly Express 
23316, Matplotlib 
23316, Seaborn 
23317, Seaborn 
23317, Matplotlib 
23318, Matplotlib 
23318, D3 js 
23318, Shiny 
23319, Matplotlib 
23319, Seaborn 
23319, Leaflet / Folium 
23320, Matplotlib 
23322, Matplotlib 
23322, Seaborn 
23322, Ggplot / ggplot2 
23322, Plotly / Plotly Express 
23323, D3 js 
23323, Plotly / Plotly Express 
23323, Shiny 
23323, Seaborn 
23324, Plotly / Plotly Express 
23324, Matplotlib 
23324, Bokeh 
23324, Shiny 
23324, Seaborn 
23325, Matplotlib 
23325, Plotly / Plotly Express 
23325, Ggplot / ggplot2 
23325, Shiny 
23327, Matplotlib 
23328, Seaborn 
23328, Matplotlib 
23329, Plotly / Plotly Express 
23329, Matplotlib 
23329, Ggplot / ggplot2 
23331, Matplotlib 
23331, Seaborn 
23331, Plotly / Plotly Express 
23331, Altair 
23336, Ggplot / ggplot2 
23336, Matplotlib 
23336, D3 js 
23337, Matplotlib 
23337, Seaborn 
23338, Matplotlib 
23339, Matplotlib 
23339, Seaborn 
23341, Seaborn 
23341, Bokeh 
23341, Matplotlib 
23341, Plotly / Plotly Express 
23342, D3 js 
23343, Ggplot / ggplot2 
23343, Shiny 
23345, Ggplot / ggplot2 
23345, Seaborn 
23345, Plotly / Plotly Express 
23345, Matplotlib 
23347, Ggplot / ggplot2 
23348, Ggplot / ggplot2 
23348, Matplotlib 
23348, Seaborn 
23350, Matplotlib 
23350, Seaborn 
23351, Ggplot / ggplot2 
23351, Seaborn 
23352, D3 js 
23352, Ggplot / ggplot2 
23353, Seaborn 
23353, Plotly / Plotly Express 
23353, Matplotlib 
23354, Matplotlib 
23355, Matplotlib 
23355, Seaborn 
23356, Matplotlib 
23356, Seaborn 
23358, Plotly / Plotly Express 
23358, Seaborn 
23358, Matplotlib 
23360, Plotly / Plotly Express 
23360, Matplotlib 
23360, Ggplot / ggplot2 
23361, Plotly / Plotly Express 
23361, Seaborn 
23361, Matplotlib 
23361,Other
23362, Matplotlib 
23363, Matplotlib 
23363, Ggplot / ggplot2 
23364, Matplotlib 
23365, Matplotlib 
23365, Seaborn 
23366, Seaborn 
23366, Matplotlib 
23367, Matplotlib 
23367, Seaborn 
23368, Matplotlib 
23368, Seaborn 
23369, Matplotlib 
23370, Seaborn 
23370, Matplotlib 
23371, Plotly / Plotly Express 
23371, Matplotlib 
23371, Seaborn 
23372, Matplotlib 
23372, Seaborn 
23372, Bokeh 
23374, Matplotlib 
23375, Matplotlib 
23376, Seaborn 
23376, Shiny 
23378, Seaborn 
23378, Matplotlib 
23379, Seaborn 
23379, Matplotlib 
23379, Ggplot / ggplot2 
23380, Leaflet / Folium 
23380, Matplotlib 
23382, Matplotlib 
23383, Matplotlib 
23386, Plotly / Plotly Express 
23386, Ggplot / ggplot2 
23386, Geoplotlib 
23386, Seaborn 
23388, Seaborn 
23388, Matplotlib 
23392, Plotly / Plotly Express 
23392, Seaborn 
23395, Ggplot / ggplot2 
23395, Seaborn 
23395, Matplotlib 
23395, Plotly / Plotly Express 
23396, D3 js 
23396, Highcharter 
23396, Pygal 
23396, Dygraphs 
23396, Shiny 
23396, Plotly / Plotly Express 
23396, Leaflet / Folium 
23396,Other
23396, Bokeh 
23396, Matplotlib 
23396, Altair 
23396, Geoplotlib 
23396, Seaborn 
23396, Ggplot / ggplot2 
23397, Matplotlib 
23397, Ggplot / ggplot2 
23398, Seaborn 
23398, Matplotlib 
23399, Seaborn 
23399, Matplotlib 
23401, Seaborn 
23401, Matplotlib 
23402, Matplotlib 
23402, Seaborn 
23404, Seaborn 
23404, Plotly / Plotly Express 
23404, Matplotlib 
23405, Matplotlib 
23406, Matplotlib 
23406, Plotly / Plotly Express 
23407, Matplotlib 
23408, Matplotlib 
23408, Seaborn 
23410, Matplotlib 
23410, Shiny 
23410, Ggplot / ggplot2 
23410, Seaborn 
23410, Plotly / Plotly Express 
23412, Seaborn 
23412, Matplotlib 
23414, Matplotlib 
23415, Plotly / Plotly Express 
23415, Seaborn 
23415, Matplotlib 
23415, Ggplot / ggplot2 
23418,Other
23418, Plotly / Plotly Express 
23418, Seaborn 
23418, Matplotlib 
23419, Plotly / Plotly Express 
23419, Seaborn 
23419, Matplotlib 
23419, D3 js 
23419, Geoplotlib 
23420, Matplotlib 
23421, Matplotlib 
23422, Seaborn 
23422, Plotly / Plotly Express 
23422, Matplotlib 
23424, Matplotlib 
23425, Plotly / Plotly Express 
23425, Seaborn 
23427, Ggplot / ggplot2 
23427, Seaborn 
23427, Matplotlib 
23429, Matplotlib 
23429, Seaborn 
23430, Matplotlib 
23430, Seaborn 
23430, Plotly / Plotly Express 
23431, Matplotlib 
23431, Seaborn 
23432, Matplotlib 
23432, Plotly / Plotly Express 
23435,Other
23435, Ggplot / ggplot2 
23436, Matplotlib 
23436, Ggplot / ggplot2 
23436, Seaborn 
23437, Seaborn 
23437, Matplotlib 
23438, Seaborn 
23438, Plotly / Plotly Express 
23438, Matplotlib 
23439, Seaborn 
23439, Matplotlib 
23440, Seaborn 
23440, Plotly / Plotly Express 
23441, Matplotlib 
23441, Seaborn 
23442, Seaborn 
23442, Matplotlib 
23442, Plotly / Plotly Express 
23442, Shiny 
23442, Ggplot / ggplot2 
23443, Ggplot / ggplot2 
23443, Bokeh 
23443, Matplotlib 
23443, Seaborn 
23445, Matplotlib 
23445, Ggplot / ggplot2 
23446, Matplotlib 
23446, Seaborn 
23449, Ggplot / ggplot2 
23450, Plotly / Plotly Express 
23450, Seaborn 
23450, Matplotlib 
23452, Matplotlib 
23452, Seaborn 
23453, Plotly / Plotly Express 
23453, Matplotlib 
23453, Ggplot / ggplot2 
23453, Seaborn 
23454, Pygal 
23454, Seaborn 
23454, Ggplot / ggplot2 
23454, Plotly / Plotly Express 
23454, Matplotlib 
23456, Leaflet / Folium 
23456, Matplotlib 
23456, Seaborn 
23457, Matplotlib 
23458, Plotly / Plotly Express 
23458, Seaborn 
23458, Matplotlib 
23459, Plotly / Plotly Express 
23459, Seaborn 
23459, Matplotlib 
23460, Seaborn 
23460, Matplotlib 
23463, Plotly / Plotly Express 
23463, Seaborn 
23463, Matplotlib 
23463, Bokeh 
23464, Geoplotlib 
23464, Ggplot / ggplot2 
23464, Seaborn 
23464, Matplotlib 
23465, Matplotlib 
23465, Ggplot / ggplot2 
23468, Ggplot / ggplot2 
23468, Seaborn 
23468, Geoplotlib 
23469, Seaborn 
23469, Matplotlib 
23470, Plotly / Plotly Express 
23470, Matplotlib 
23470, Seaborn 
23471, Plotly / Plotly Express 
23471, Matplotlib 
23471, Seaborn 
23471, Ggplot / ggplot2 
23472, Matplotlib 
23472, Geoplotlib 
23472, Seaborn 
23472, Ggplot / ggplot2 
23473, Matplotlib 
23473, Seaborn 
23474, Matplotlib 
23475, Ggplot / ggplot2 
23475, Matplotlib 
23475, Seaborn 
23476, Matplotlib 
23479, Matplotlib 
23479, Seaborn 
23481, Seaborn 
23481, Matplotlib 
23482, Matplotlib 
23483, Matplotlib 
23484, Matplotlib 
23484, Seaborn 
23485, Seaborn 
23485, Matplotlib 
23485, Geoplotlib 
23485, Plotly / Plotly Express 
23485, Ggplot / ggplot2 
23488, Seaborn 
23488, Matplotlib 
23489, Matplotlib 
23489, D3 js 
23489, Seaborn 
23489, Plotly / Plotly Express 
23491,Other
23491, Ggplot / ggplot2 
23491, Plotly / Plotly Express 
23493, Altair 
23493, Matplotlib 
23494, Seaborn 
23494, Matplotlib 
23495, Seaborn 
23495, D3 js 
23495, Geoplotlib 
23495, Bokeh 
23495, Plotly / Plotly Express 
23495, Leaflet / Folium 
23495, Dygraphs 
23495, Ggplot / ggplot2 
23495, Shiny 
23495, Highcharter 
23495, Matplotlib 
23495, Pygal 
23497, Ggplot / ggplot2 
23497, Matplotlib 
23497, Seaborn 
23500, Matplotlib 
23500, Seaborn 
23500, Plotly / Plotly Express 
23500, Ggplot / ggplot2 
23501, Matplotlib 
23501, Seaborn 
23502, Seaborn 
23502, Ggplot / ggplot2 
23503, Matplotlib 
23505, Matplotlib 
23505, Seaborn 
23509, Ggplot / ggplot2 
23509, Seaborn 
23509, Matplotlib 
23510, Shiny 
23510, Plotly / Plotly Express 
23510, Ggplot / ggplot2 
23511, Pygal 
23512, Seaborn 
23512, Bokeh 
23512, Plotly / Plotly Express 
23513, Matplotlib 
23515, Seaborn 
23515, Matplotlib 
23516, Matplotlib 
23516, Seaborn 
23517, Seaborn 
23517, Matplotlib 
23520, Plotly / Plotly Express 
23520, Ggplot / ggplot2 
23520, Leaflet / Folium 
23520, Shiny 
23521, Seaborn 
23521, Matplotlib 
23522, Matplotlib 
23522, Seaborn 
23523, Matplotlib 
23523, Ggplot / ggplot2 
23524, Ggplot / ggplot2 
23524, Matplotlib 
23525, Matplotlib 
23525, Seaborn 
23526, Seaborn 
23526, Matplotlib 
23527, Geoplotlib 
23527, Seaborn 
23527, Matplotlib 
23527, Bokeh 
23527, Leaflet / Folium 
23527, Plotly / Plotly Express 
23528, Matplotlib 
23528,Other
23529, Matplotlib 
23532, Matplotlib 
23532, Seaborn 
23534, Seaborn 
23534, Matplotlib 
23535, Matplotlib 
23536, Matplotlib 
23537, Pygal 
23537, Matplotlib 
23538, Plotly / Plotly Express 
23538, Seaborn 
23538, Ggplot / ggplot2 
23538, Matplotlib 
23539, Plotly / Plotly Express 
23539, Seaborn 
23539, Matplotlib 
23540, Matplotlib 
23540, Geoplotlib 
23540, Ggplot / ggplot2 
23541, Seaborn 
23541, Matplotlib 
23545, Plotly / Plotly Express 
23545, Matplotlib 
23545, Seaborn 
23546, Ggplot / ggplot2 
23546, Seaborn 
23546, Plotly / Plotly Express 
23546, Matplotlib 
23547, Matplotlib 
23547, Ggplot / ggplot2 
23547, Plotly / Plotly Express 
23548, Matplotlib 
23548, Geoplotlib 
23550, Ggplot / ggplot2 
23551, Geoplotlib 
23552, Matplotlib 
23552, Bokeh 
23552, Seaborn 
23552, Pygal 
23552, Ggplot / ggplot2 
23554, Plotly / Plotly Express 
23554, Ggplot / ggplot2 
23554, Seaborn 
23554, Geoplotlib 
23554, Matplotlib 
23555, Matplotlib 
23557, Seaborn 
23557, Matplotlib 
23557, D3 js 
23558, Leaflet / Folium 
23558, Matplotlib 
23558, Seaborn 
23558, Bokeh 
23558, Plotly / Plotly Express 
23558, Geoplotlib 
23558, Altair 
23558, Shiny 
23560, Matplotlib 
23560, Seaborn 
23561, Matplotlib 
23562, Seaborn 
23562, Matplotlib 
23566, Seaborn 
23566, Ggplot / ggplot2 
23566, Matplotlib 
23567, Altair 
23567, Plotly / Plotly Express 
23567, Matplotlib 
23567, Seaborn 
23568, Matplotlib 
23569, Leaflet / Folium 
23569, Seaborn 
23569, Plotly / Plotly Express 
23569, Matplotlib 
23572, Seaborn 
23572, Matplotlib 
23573, Matplotlib 
23573,Other
23576,Other
23576, Matplotlib 
23576, Plotly / Plotly Express 
23576, Seaborn 
23577, Matplotlib 
23577, Plotly / Plotly Express 
23578, Seaborn 
23578, Matplotlib 
23579, Ggplot / ggplot2 
23579, Shiny 
23583, Ggplot / ggplot2 
23585, Matplotlib 
23585, Seaborn 
23587, Seaborn 
23587, Matplotlib 
23588, Ggplot / ggplot2 
23588, Matplotlib 
23588, Seaborn 
23588, Plotly / Plotly Express 
23589, Seaborn 
23589, Shiny 
23589, Plotly / Plotly Express 
23589, Matplotlib 
23589, Ggplot / ggplot2 
23591, Matplotlib 
23591, Seaborn 
23592, Matplotlib 
23593, Seaborn 
23593, Matplotlib 
23593, Plotly / Plotly Express 
23596, Matplotlib 
23596, Seaborn 
23602, Matplotlib 
23602, Seaborn 
23602, Plotly / Plotly Express 
23604, Seaborn 
23604, Matplotlib 
23604, Plotly / Plotly Express 
23606, D3 js 
23607, Matplotlib 
23610, Matplotlib 
23613, Ggplot / ggplot2 
23614, Seaborn 
23614, Matplotlib 
23615, Matplotlib 
23615, Seaborn 
23618, Highcharter 
23618, Leaflet / Folium 
23618, Dygraphs 
23618, Shiny 
23618,Other
23618, Ggplot / ggplot2 
23618, Plotly / Plotly Express 
23618, D3 js 
23619, D3 js 
23619, Plotly / Plotly Express 
23620, Seaborn 
23620, Matplotlib 
23620, Ggplot / ggplot2 
23622, Seaborn 
23622, Matplotlib 
23625, Plotly / Plotly Express 
23625, Matplotlib 
23625, Seaborn 
23625,Other
23629, Ggplot / ggplot2 
23630, Matplotlib 
23630, Seaborn 
23633, Matplotlib 
23633, Seaborn 
23633, Plotly / Plotly Express 
23633, Ggplot / ggplot2 
23637, Plotly / Plotly Express 
23637, Seaborn 
23637, Matplotlib 
23637, Bokeh 
23640, Matplotlib 
23641, Matplotlib 
23642, D3 js 
23642, Matplotlib 
23642, Leaflet / Folium 
23642, Plotly / Plotly Express 
23642, Seaborn 
23643, Matplotlib 
23645, Seaborn 
23645, Matplotlib 
23646, Matplotlib 
23647, Ggplot / ggplot2 
23648, Seaborn 
23648, Matplotlib 
23649, Matplotlib 
23651, Matplotlib 
23651, Seaborn 
23652, Matplotlib 
23652, Ggplot / ggplot2 
23652, Plotly / Plotly Express 
23652, Seaborn 
23653, Matplotlib 
23653, Seaborn 
23655, Ggplot / ggplot2 
23655, Seaborn 
23655, Plotly / Plotly Express 
23655, Altair 
23655, Matplotlib 
23655, Bokeh 
23656, Matplotlib 
23656, Plotly / Plotly Express 
23656, Seaborn 
23657, Matplotlib 
23657, Plotly / Plotly Express 
23657, Seaborn 
23658, Matplotlib 
23659, Matplotlib 
23659, Shiny 
23659, Geoplotlib 
23663, Seaborn 
23663, Plotly / Plotly Express 
23663, Matplotlib 
23664, Matplotlib 
23665, Matplotlib 
23665, Seaborn 
23666, Matplotlib 
23667, Pygal 
23669, Matplotlib 
23669, Seaborn 
23669, Plotly / Plotly Express 
23669, Ggplot / ggplot2 
23670, Bokeh 
23670, Plotly / Plotly Express 
23670, Seaborn 
23670, Matplotlib 
23671, Matplotlib 
23674, Matplotlib 
23674, Seaborn 
23676, Matplotlib 
23676, Ggplot / ggplot2 
23676, Seaborn 
23678, Matplotlib 
23683, Geoplotlib 
23683, Plotly / Plotly Express 
23683, Seaborn 
23683, Dygraphs 
23683, Ggplot / ggplot2 
23683, Shiny 
23683, Matplotlib 
23683, Pygal 
23686, Matplotlib 
23686, Ggplot / ggplot2 
23686, Plotly / Plotly Express 
23687, Matplotlib 
23688, Ggplot / ggplot2 
23688, Matplotlib 
23689, Ggplot / ggplot2 
23689, Shiny 
23690, Shiny 
23690, Ggplot / ggplot2 
23693, D3 js 
23693, Altair 
23693, Pygal 
23694, Matplotlib 
23694, Seaborn 
23695, Matplotlib 
23696, Matplotlib 
23696, Seaborn 
23697, Bokeh 
23697, Seaborn 
23697, Matplotlib 
23697, Ggplot / ggplot2 
23703, Ggplot / ggplot2 
23703,Other
23703, Seaborn 
23703, Matplotlib 
23706, Seaborn 
23706, Matplotlib 
23707, Matplotlib 
23712, Seaborn 
23712, Ggplot / ggplot2 
23712, Plotly / Plotly Express 
23712, Matplotlib 
23713, Plotly / Plotly Express 
23713, Matplotlib 
23714, Matplotlib 
23714, Seaborn 
23715, Matplotlib 
23715, Seaborn 
23715, Plotly / Plotly Express 
23717, Seaborn 
23717, Matplotlib 
23719, Ggplot / ggplot2 
23719, Matplotlib 
23719, Shiny 
23721, Matplotlib 
23722, Seaborn 
23722, Matplotlib 
23723, Matplotlib 
23723, Seaborn 
23724, Geoplotlib 
23724, Ggplot / ggplot2 
23725, Altair 
23727, Plotly / Plotly Express 
23727, Leaflet / Folium 
23727, Ggplot / ggplot2 
23727, Dygraphs 
23727, Geoplotlib 
23727, Shiny 
23727, Pygal 
23727, Highcharter 
23727, Altair 
23727, Matplotlib 
23729, Matplotlib 
23730, Matplotlib 
23730, Shiny 
23730, Seaborn 
23730, Ggplot / ggplot2 
23730, Plotly / Plotly Express 
23731, Matplotlib 
23733, Shiny 
23733, Matplotlib 
23733, Ggplot / ggplot2 
23736, Seaborn 
23736, Plotly / Plotly Express 
23736, Matplotlib 
23739, Matplotlib 
23740, Seaborn 
23740, Matplotlib 
23742, Matplotlib 
23742, Seaborn 
23747, Matplotlib 
23747, Seaborn 
23748, Plotly / Plotly Express 
23748, Matplotlib 
23748, Seaborn 
23749, Plotly / Plotly Express 
23749, Seaborn 
23749, Matplotlib 
23752,Other
23753, Matplotlib 
23754, Matplotlib 
23756, Shiny 
23756, Ggplot / ggplot2 
23756, Leaflet / Folium 
23756, Plotly / Plotly Express 
23756, Seaborn 
23759, Plotly / Plotly Express 
23759, Seaborn 
23759, Geoplotlib 
23759, Matplotlib 
23760, D3 js 
23760, Leaflet / Folium 
23761, Seaborn 
23761, Matplotlib 
23764, Seaborn 
23764, Matplotlib 
23766, Matplotlib 
23766, Plotly / Plotly Express 
23766, Ggplot / ggplot2 
23766, Geoplotlib 
23766, Seaborn 
23768, Matplotlib 
23768, Plotly / Plotly Express 
23768, Seaborn 
23769, D3 js 
23769, Seaborn 
23769, Ggplot / ggplot2 
23770, Matplotlib 
23770, Seaborn 
23771, Plotly / Plotly Express 
23771, Ggplot / ggplot2 
23771, D3 js 
23771, Matplotlib 
23772, Seaborn 
23772, Plotly / Plotly Express 
23772, Matplotlib 
23773, Matplotlib 
23775, Matplotlib 
23776, Matplotlib 
23778, Matplotlib 
23778, Plotly / Plotly Express 
23778, Seaborn 
23779, Seaborn 
23779, Plotly / Plotly Express 
23779, Leaflet / Folium 
23779, Ggplot / ggplot2 
23779, Matplotlib 
23780, Seaborn 
23780, Ggplot / ggplot2 
23780, Matplotlib 
23780, Plotly / Plotly Express 
23781, Ggplot / ggplot2 
23781, Altair 
23781, Matplotlib 
23781, Seaborn 
23782, Seaborn 
23782, Matplotlib 
23783, Seaborn 
23783, Plotly / Plotly Express 
23783, Matplotlib 
23784, Geoplotlib 
23784, Matplotlib 
23784, Ggplot / ggplot2 
23784, Plotly / Plotly Express 
23784, Seaborn 
23787, Seaborn 
23787, Geoplotlib 
23787, Plotly / Plotly Express 
23787, Matplotlib 
23788, Matplotlib 
23789, Seaborn 
23789, Matplotlib 
23789, Ggplot / ggplot2 
23790, Matplotlib 
23790, Seaborn 
23791, Matplotlib 
23791, Seaborn 
23792, Matplotlib 
23794, Matplotlib 
23794, Plotly / Plotly Express 
23794, Bokeh 
23794, Seaborn 
23795, Matplotlib 
23795, Seaborn 
23795, Plotly / Plotly Express 
23796, Matplotlib 
23797, Seaborn 
23797, Plotly / Plotly Express 
23799,Other
23800, Matplotlib 
23800, Seaborn 
23800, Plotly / Plotly Express 
23801, Plotly / Plotly Express 
23801, Matplotlib 
23801, Seaborn 
23803, Seaborn 
23803, Matplotlib 
23805, Matplotlib 
23805, Seaborn 
23806, Seaborn 
23806, Matplotlib 
23807, Matplotlib 
23808, Matplotlib 
23810, Plotly / Plotly Express 
23811, Seaborn 
23811, Matplotlib 
23812, Matplotlib 
23815, Matplotlib 
23815, Ggplot / ggplot2 
23815, Seaborn 
23816, Seaborn 
23816, Plotly / Plotly Express 
23817, Matplotlib 
23818, Matplotlib 
23818, Seaborn 
23819, Seaborn 
23819, Bokeh 
23819, Matplotlib 
23819, D3 js 
23819, Shiny 
23819, Plotly / Plotly Express 
23820, Matplotlib 
23820, Seaborn 
23822, Seaborn 
23822, Matplotlib 
23822, Bokeh 
23823, Matplotlib 
23823, Seaborn 
23824, Matplotlib 
23825, Matplotlib 
23825, Seaborn 
23827, Matplotlib 
23830, Matplotlib 
23830, Seaborn 
23830, Ggplot / ggplot2 
23831, Ggplot / ggplot2 
23831,Other
23832, Matplotlib 
23833, Seaborn 
23833, Matplotlib 
23834, Geoplotlib 
23834, Seaborn 
23834, Matplotlib 
23835, Matplotlib 
23835, Seaborn 
23837, D3 js 
23838, Plotly / Plotly Express 
23838, Pygal 
23838, Geoplotlib 
23838,Other
23838, Ggplot / ggplot2 
23839, Matplotlib 
23839,Other
23839, Plotly / Plotly Express 
23840, Matplotlib 
23840, Seaborn 
23841, Plotly / Plotly Express 
23841, Ggplot / ggplot2 
23841, Bokeh 
23841, Matplotlib 
23841, Seaborn 
23844, Plotly / Plotly Express 
23844, Matplotlib 
23844, Seaborn 
23845, Plotly / Plotly Express 
23845, Matplotlib 
23846, Ggplot / ggplot2 
23846, Seaborn 
23846, Matplotlib 
23847, Matplotlib 
23847, Seaborn 
23848, Matplotlib 
23849, Matplotlib 
23850, Seaborn 
23850, Matplotlib 
23850, Plotly / Plotly Express 
23851, Matplotlib 
23851, Ggplot / ggplot2 
23851, Geoplotlib 
23853, Matplotlib 
23853, Plotly / Plotly Express 
23853, Ggplot / ggplot2 
23855, Ggplot / ggplot2 
23855, Matplotlib 
23856,Other
23857,Other
23858, Seaborn 
23858, Matplotlib 
23860, Matplotlib 
23861, Seaborn 
23861, Plotly / Plotly Express 
23861, Matplotlib 
23863, Seaborn 
23863, Leaflet / Folium 
23863, Matplotlib 
23863, Geoplotlib 
23863, Plotly / Plotly Express 
23864, Plotly / Plotly Express 
23864, Matplotlib 
23864, Seaborn 
23865, Seaborn 
23865, Plotly / Plotly Express 
23865, Matplotlib 
23866, Geoplotlib 
23866, Matplotlib 
23866, Seaborn 
23866, Ggplot / ggplot2 
23867, Seaborn 
23867, Matplotlib 
23868, Ggplot / ggplot2 
23869, Matplotlib 
23869, Plotly / Plotly Express 
23872, Ggplot / ggplot2 
23872, Geoplotlib 
23872, Seaborn 
23872, Matplotlib 
23873, Matplotlib 
23873, Seaborn 
23874, Matplotlib 
23874, Seaborn 
23874,Other
23876, Matplotlib 
23876, Ggplot / ggplot2 
23876, D3 js 
23876, Plotly / Plotly Express 
23876, Seaborn 
23878, Ggplot / ggplot2 
23878, Matplotlib 
23881, Matplotlib 
23882, Matplotlib 
23882, Seaborn 
23884, Plotly / Plotly Express 
23884, Matplotlib 
23884, Seaborn 
23885, Matplotlib 
23885, Seaborn 
23886, Seaborn 
23886, Matplotlib 
23887, Matplotlib 
23887, Plotly / Plotly Express 
23887, Seaborn 
23888, Matplotlib 
23891,Other
23892, Ggplot / ggplot2 
23892, Seaborn 
23892, Matplotlib 
23893, Plotly / Plotly Express 
23893, Matplotlib 
23893, Ggplot / ggplot2 
23893, Seaborn 
23896, Seaborn 
23896, Matplotlib 
23897, Matplotlib 
23897, Seaborn 
23899, Seaborn 
23899, Matplotlib 
23899, Ggplot / ggplot2 
23900, Seaborn 
23900, Matplotlib 
23901, Matplotlib 
23902, Seaborn 
23902, Geoplotlib 
23902, Matplotlib 
23903, Seaborn 
23903, Matplotlib 
23904, Matplotlib 
23906, Shiny 
23906, Plotly / Plotly Express 
23906, Seaborn 
23906, Ggplot / ggplot2 
23906, Matplotlib 
23908, Seaborn 
23908, Matplotlib 
23908, Plotly / Plotly Express 
23909, Seaborn 
23909, Matplotlib 
23910, Plotly / Plotly Express 
23910, Seaborn 
23910, Matplotlib 
23912, Geoplotlib 
23912, Seaborn 
23912, Matplotlib 
23913, Seaborn 
23913, Geoplotlib 
23913, Matplotlib 
23915, Matplotlib 
23915, Ggplot / ggplot2 
23916, Highcharter 
23918, Seaborn 
23918, Matplotlib 
23918, Geoplotlib 
23920, Plotly / Plotly Express 
23920, Matplotlib 
23920, Seaborn 
23921, Plotly / Plotly Express 
23921, Matplotlib 
23921, Seaborn 
23921, Ggplot / ggplot2 
23923, Plotly / Plotly Express 
23924, Matplotlib 
23924, Seaborn 
23926, Matplotlib 
23926, Ggplot / ggplot2 
23926, Plotly / Plotly Express 
23926, Seaborn 
23929, Matplotlib 
23929, Seaborn 
23929, Geoplotlib 
23929, Plotly / Plotly Express 
23930, Matplotlib 
23930, Seaborn 
23931, Matplotlib 
23932, Plotly / Plotly Express 
23932, Matplotlib 
23932, Seaborn 
23934, Seaborn 
23934, Matplotlib 
23935, Ggplot / ggplot2 
23935, Matplotlib 
23936, Matplotlib 
23936, Ggplot / ggplot2 
23936, Seaborn 
23939,Other
23940, Seaborn 
23940, Leaflet / Folium 
23940, Matplotlib 
23940, Plotly / Plotly Express 
23942, Ggplot / ggplot2 
23942, Matplotlib 
23943, Plotly / Plotly Express 
23943, Ggplot / ggplot2 
23943, Matplotlib 
23943, Seaborn 
23947, Matplotlib 
23947, Ggplot / ggplot2 
23949, Plotly / Plotly Express 
23949, Seaborn 
23949, Matplotlib 
23952,Other
23953, Ggplot / ggplot2 
23953, Shiny 
23953, Seaborn 
23953, Matplotlib 
23955, Matplotlib 
23955, Seaborn 
23955, Ggplot / ggplot2 
23956, Matplotlib 
23956, Shiny 
23956, Plotly / Plotly Express 
23956, Seaborn 
23957, Seaborn 
23957, Plotly / Plotly Express 
23957, Ggplot / ggplot2 
23958, Matplotlib 
23958, Plotly / Plotly Express 
23958, Seaborn 
23960, Matplotlib 
23960, Plotly / Plotly Express 
23960, Bokeh 
23961, Matplotlib 
23961, Seaborn 
23962, Seaborn 
23964, Seaborn 
23965, Seaborn 
23965, Geoplotlib 
23965, Matplotlib 
23966, Leaflet / Folium 
23966, Ggplot / ggplot2 
23966, Matplotlib 
23966, Seaborn 
23967, Matplotlib 
23969, Matplotlib 
23969, Seaborn 
23970, Pygal 
23970, Plotly / Plotly Express 
23970, Matplotlib 
23971, Seaborn 
23971, Plotly / Plotly Express 
23971, Matplotlib 
23971, Ggplot / ggplot2 
23973, Ggplot / ggplot2 
23973, Seaborn 
23973, Plotly / Plotly Express 
23973, Matplotlib 
23974, Matplotlib 
23975, Matplotlib 
23975, Seaborn 
23976, Matplotlib 
23978, Ggplot / ggplot2 
23978, Matplotlib 
23978, Seaborn 
23979, Seaborn 
23979, Matplotlib 
23980,Other
23983, Matplotlib 
23984, Ggplot / ggplot2 
23984, Geoplotlib 
23984, Seaborn 
23984, Matplotlib 
23984, Shiny 
23984, D3 js 
23984, Bokeh 
23985, Seaborn 
23985, Matplotlib 
23985, Plotly / Plotly Express 
23986, Matplotlib 
23986, Seaborn 
23987, Seaborn 
23987, Matplotlib 
23988, Matplotlib 
23989, Matplotlib 
23989, Plotly / Plotly Express 
23989, Seaborn 
23990, Matplotlib 
23990, Seaborn 
23991, Matplotlib 
23991, Seaborn 
23993, Ggplot / ggplot2 
23993, Matplotlib 
23993, Seaborn 
23995, Seaborn 
23996, Ggplot / ggplot2 
23996, Matplotlib 
23997, Matplotlib 
23997, Plotly / Plotly Express 
23997, Seaborn 
